timestamp,Fecha_Satelite_UTC,Fecha_Captura_Chile,Volcan,Sensor,VRP_MW,Distancia_km,Tipo_Registro,Clasificacion Mirova,Ruta Foto,Fecha_Proceso_GitHub,Ultima_Actualizacion,Editado,Color_Punto_Dist,Confianza_Validacion,Requiere_Verificacion,Metodo_Validacion,Nota_Validacion,Version_OCR,Zenith_Sat_deg,Azimut_Sat_deg,Nivel_Anomalia_MIROVA,Confianza_Geometria
1786943881,2026-08-17 05:18:01,2026-08-17 01:18:01,Lascar,VIIRS375,0.19,1.22,ALERTA_TERMICA_OCR,Muy Bajo,imagenes_satelitales/Lascar/2026-08-17/05-18-01_Lascar_VIIRS375_VRP.png,2026-08-17 04:01:34,2026-08-17 04:01:34,NO,mixto,alta,False,roi_temporal_v26,"Grupo píxeles rojos Y=286 (área=17 px², dist≈1.22 km, geometría medida)",30.0,40,101,VERY_LOW,alta
1786942800,2026-08-17 05:00:00,2026-08-17 01:00:00,Lascar,VIIRS375,0.6,3.24,ALERTA_TERMICA_OCR,Muy Bajo,imagenes_satelitales/Lascar/2026-08-17/05-00-00_Lascar_VIIRS375_VRP.png,2026-08-17 04:01:34,2026-08-17 04:01:34,NO,mixto,alta,False,roi_temporal_v26,"Estrella verde en Y=271 -> 3.24 km (límite 5.0 km, geometría medida)",30.0,63,104,,alta
1786858921,2026-08-16 05:42:01,2026-08-16 01:42:01,Tupungatito,VIIRS375,0.04,1.35,ALERTA_TERMICA_OCR,Muy Bajo,imagenes_satelitales/Tupungatito/2026-08-16/05-42-01_Tupungatito_VIIRS375_VRP.png,2026-08-16 04:31:28,2026-08-16 04:31:28,NO,mixto,alta,False,roi_temporal_v26,"Grupo píxeles rojos Y=285 (área=31 px², dist≈1.35 km, geometría medida)",30.0,5.0,99.0,NONE,alta
1786814642,2026-08-15 17:24:02,2026-08-15 13:24:02,Tupungatito,VIIRS375,0.39,1.35,ALERTA_TERMICA_OCR,Muy Bajo,imagenes_satelitales/Tupungatito/2026-08-15/17-24-02_Tupungatito_VIIRS375_VRP.png,2026-08-16 03:39:57,2026-08-16 03:39:57,NO,mixto,alta,False,roi_temporal_v26,"Grupo píxeles rojos Y=285 (área=31 px², dist≈1.35 km, geometría medida)",30.0,66.0,87.0,,alta
1786729322,2026-08-14 17:42:02,2026-08-14 13:42:02,PlanchonPeteroa,VIIRS,2.0,2.43,ALERTA_TERMICA_OCR,Bajo,imagenes_satelitales/PlanchonPeteroa/2026-08-14/17-42-02_PlanchonPeteroa_VIIRS750_VRP.png,2026-08-15 04:01:38,2026-08-15 04:01:38,NO,mixto,media,False,roi_temporal_v26,"Estrella gris en Y=277 -> 2.43 km (límite 3.0 km, geometría medida) | detección débil sub-umbral MIROVA | ⚠️ VRP truncado por MIROVA en VIIRS: real ∈ [2, 3) MW (±1)",30.0,56.0,85.0,,alta
1786686840,2026-08-14 05:54:00,2026-08-14 01:54:00,Isluga,VIIRS375,0.15,0.54,ALERTA_TERMICA_OCR,Muy Bajo,imagenes_satelitales/Isluga/2026-08-14/05-54-00_Isluga_VIIRS375_VRP.png,2026-08-14 15:01:15,2026-08-14 15:01:15,NO,mixto,alta,False,roi_temporal_v26,"Estrella verde en Y=291 -> 0.54 km (límite 5.0 km, geometría medida)",30.0,,,,
1786682161,2026-08-14 04:36:01,2026-08-14 00:36:01,PlanchonPeteroa,VIIRS375,0.02,1.76,ALERTA_TERMICA_OCR,Muy Bajo,imagenes_satelitales/PlanchonPeteroa/2026-08-14/04-36-01_PlanchonPeteroa_VIIRS375_VRP.png,2026-08-14 12:31:34,2026-08-14 12:31:34,NO,mixto,alta,False,roi_temporal_v26,"Grupo píxeles rojos Y=282 (área=31 px², dist≈1.76 km, geometría medida)",30.0,68.0,110.0,,alta
1786601880,2026-08-13 06:18:00,2026-08-13 02:18:00,Tupungatito,VIIRS375,0.07,2.7,ALERTA_TERMICA_OCR,Muy Bajo,imagenes_satelitales/Tupungatito/2026-08-13/06-18-00_Tupungatito_VIIRS375_VRP.png,2026-08-13 06:01:40,2026-08-13 06:01:40,NO,mixto,alta,False,roi_temporal_v26,"Grupo píxeles rojos Y=275 (área=33 px², dist≈2.70 km, geometría medida)",30.0,42.0,-83.0,,alta
1786599722,2026-08-13 05:42:02,2026-08-13 01:42:02,Puyehue-Cordon Caulle,VIIRS375,0.17,3.51,ALERTA_TERMICA_OCR,Muy Bajo,imagenes_satelitales/Puyehue_Cordon_Caulle/2026-08-13/05-42-02_Puyehue_Cordon_Caulle_VIIRS375_VRP.png,2026-08-13 04:32:35,2026-08-13 04:32:35,NO,mixto,alta,False,roi_temporal_v26,"Grupo píxeles rojos Y=269 (área=50 px², dist≈3.51 km, geometría medida)",30.0,3.0,-82.0,VERY_LOW,alta
1786599722,2026-08-13 05:42:02,2026-08-13 01:42:02,Tupungatito,VIIRS375,0.14,2.03,ALERTA_TERMICA_OCR,Muy Bajo,imagenes_satelitales/Tupungatito/2026-08-13/05-42-02_Tupungatito_VIIRS375_VRP.png,2026-08-13 04:32:10,2026-08-13 04:32:10,NO,mixto,alta,False,roi_temporal_v26,"Grupo píxeles rojos Y=280 (área=29 px², dist≈2.03 km, geometría medida)",30.0,4.0,-82.0,VERY_LOW,alta
1786597201,2026-08-13 05:00:01,2026-08-13 01:00:01,Puyehue-Cordon Caulle,VIIRS375,0.22,8.24,ALERTA_TERMICA_OCR,Muy Bajo,imagenes_satelitales/Puyehue_Cordon_Caulle/2026-08-13/05-00-01_Puyehue_Cordon_Caulle_VIIRS375_VRP.png,2026-08-13 03:32:09,2026-08-13 03:32:09,NO,mixto,alta,False,roi_temporal_v26,"Estrella verde en Y=234 -> 8.24 km (límite 20.0 km, geometría medida)",30.0,54.0,109.0,VERY_LOW,alta
1786341241,2026-08-10 05:54:01,2026-08-10 01:54:01,Chaiten,VIIRS375,0.07,0.41,ALERTA_TERMICA_OCR,Muy Bajo,imagenes_satelitales/Chaiten/2026-08-10/05-54-01_Chaiten_VIIRS375_VRP.png,2026-08-10 04:02:03,2026-08-10 04:02:03,NO,mixto,alta,False,roi_temporal_v26,"Estrella verde en Y=292 -> 0.41 km (límite 5.0 km, geometría medida)",30.0,15.0,-79.0,VERY_LOW,alta
1786341241,2026-08-10 05:54:01,2026-08-10 01:54:01,Puyehue-Cordon Caulle,VIIRS375,0.07,7.7,ALERTA_TERMICA_OCR,Muy Bajo,imagenes_satelitales/Puyehue_Cordon_Caulle/2026-08-10/05-54-01_Puyehue_Cordon_Caulle_VIIRS375_VRP.png,2026-08-10 04:01:56,2026-08-10 04:01:56,NO,mixto,alta,False,roi_temporal_v26,"Estrella verde en Y=238 -> 7.70 km (límite 20.0 km, geometría medida)",30.0,14.0,-79.0,VERY_LOW,alta
1786255921,2026-08-09 06:12:01,2026-08-09 02:12:01,Lastarria,VIIRS375,0.08,0.81,ALERTA_TERMICA_OCR,Muy Bajo,imagenes_satelitales/Lastarria/2026-08-09/06-12-01_Lastarria_VIIRS375_VRP.png,2026-08-09 05:01:31,2026-08-09 05:01:31,NO,mixto,alta,False,roi_temporal_v26,"Grupo píxeles rojos Y=289 (área=11 px², dist≈0.81 km, geometría medida)",30.0,40.0,-82.0,VERY_LOW,alta
1786255561,2026-08-09 06:06:01,2026-08-09 02:06:01,Lascar,VIIRS375,0.21,1.22,ALERTA_TERMICA_OCR,Muy Bajo,imagenes_satelitales/Lascar/2026-08-09/06-06-01_Lascar_VIIRS375_VRP.png,2026-08-09 05:01:23,2026-08-09 05:01:23,NO,mixto,alta,False,roi_temporal_v26,"Estrella verde en Y=286 -> 1.22 km (límite 5.0 km, geometría medida)",30.0,42.0,-82.0,VERY_LOW,alta
1786169160,2026-08-08 06:06:00,2026-08-08 02:06:00,Lascar,VIIRS375,0.3,0.95,ALERTA_TERMICA_OCR,Muy Bajo,imagenes_satelitales/Lascar/2026-08-08/06-06-00_Lascar_VIIRS375_VRP.png,2026-08-08 05:50:20,2026-08-08 05:50:20,NO,mixto,alta,False,roi_temporal_v26,"Grupo píxeles rojos Y=288 (área=31 px², dist≈0.95 km, geometría medida)",30.0,34.0,-82.0,,alta
1786169160,2026-08-08 06:06:00,2026-08-08 02:06:00,Isluga,VIIRS375,0.07,0.54,ALERTA_TERMICA_OCR,Muy Bajo,imagenes_satelitales/Isluga/2026-08-08/06-06-00_Isluga_VIIRS375_VRP.png,2026-08-08 05:50:13,2026-08-08 05:50:13,NO,mixto,alta,False,roi_temporal_v26,"Grupo píxeles rojos Y=291 (área=29 px², dist≈0.54 km, geometría medida)",30.0,21.0,-81.0,,alta
1786082042,2026-08-07 05:54:02,2026-08-07 01:54:02,Lastarria,VIIRS375,0.07,2.43,ALERTA_TERMICA_OCR,Muy Bajo,imagenes_satelitales/Lastarria/2026-08-07/05-54-02_Lastarria_VIIRS375_VRP.png,2026-08-07 08:31:31,2026-08-07 08:31:31,NO,mixto,alta,False,roi_temporal_v26,"Estrella verde en Y=277 -> 2.43 km (límite 3.0 km, geometría medida)",30.0,21.0,-82.0,VERY_LOW,alta
1786079161,2026-08-07 05:06:01,2026-08-07 01:06:01,Lascar,VIIRS375,0.34,1.22,ALERTA_TERMICA_OCR,Muy Bajo,imagenes_satelitales/Lascar/2026-08-07/05-06-01_Lascar_VIIRS375_VRP.png,2026-08-07 11:05:35,2026-08-07 11:05:35,NO,mixto,alta,False,roi_temporal_v26,"Estrella verde en Y=286 -> 1.22 km (límite 5.0 km, geometría medida)",30.0,53.0,103.0,,alta
1786079161,2026-08-07 05:06:01,2026-08-07 01:06:01,Isluga,VIIRS375,0.46,0.54,ALERTA_TERMICA_OCR,Muy Bajo,imagenes_satelitales/Isluga/2026-08-07/05-06-01_Isluga_VIIRS375_VRP.png,2026-08-07 11:05:28,2026-08-07 11:05:28,NO,mixto,alta,False,roi_temporal_v26,"Estrella verde en Y=291 -> 0.54 km (límite 5.0 km, geometría medida)",30.0,61.0,103.0,,alta
1785998880,2026-08-06 06:48:00,2026-08-06 02:48:00,Tupungatito,VIIRS375,0.02,6.22,ALERTA_TERMICA_OCR,Muy Bajo,imagenes_satelitales/Tupungatito/2026-08-06/06-48-00_Tupungatito_VIIRS375_VRP.png,2026-08-06 07:31:39,2026-08-06 07:31:39,NO,mixto,media,False,roi_temporal_v26,"Estrella gris en Y=249 -> 6.22 km (límite 7.0 km, geometría medida) | detección débil sub-umbral MIROVA",30.0,66.0,-87.0,NONE,alta
1785993841,2026-08-06 05:24:01,2026-08-06 01:24:01,Isluga,VIIRS375,0.49,0.95,ALERTA_TERMICA_OCR,Muy Bajo,imagenes_satelitales/Isluga/2026-08-06/05-24-01_Isluga_VIIRS375_VRP.png,2026-08-06 04:31:06,2026-08-06 04:31:06,NO,mixto,alta,False,roi_temporal_v26,"Estrella verde en Y=288 -> 0.95 km (límite 5.0 km, geometría medida)",30.0,44.0,101.0,VERY_LOW,alta
1785993841,2026-08-06 05:24:01,2026-08-06 01:24:01,Lascar,VIIRS375,0.12,0.41,ALERTA_TERMICA_OCR,Muy Bajo,imagenes_satelitales/Lascar/2026-08-06/05-24-01_Lascar_VIIRS375_VRP.png,2026-08-06 04:31:13,2026-08-06 04:31:13,NO,mixto,alta,False,roi_temporal_v26,"Grupo píxeles rojos Y=292 (área=5 px², dist≈0.41 km, geometría medida)",30.0,32.0,101.0,VERY_LOW,alta
1785823201,2026-08-04 06:00:01,2026-08-04 02:00:01,Lastarria,VIIRS375,0.05,1.62,ALERTA_TERMICA_OCR,Muy Bajo,imagenes_satelitales/Lastarria/2026-08-04/06-00-01_Lastarria_VIIRS375_VRP.png,2026-08-04 06:31:24,2026-08-04 06:31:24,NO,mixto,alta,False,roi_temporal_v26,"Estrella verde en Y=283 -> 1.62 km (límite 3.0 km, geometría medida)",29.2,,,,
1785823201,2026-08-04 06:00:01,2026-08-04 02:00:01,Lascar,VIIRS375,0.36,1.22,ALERTA_TERMICA_OCR,Muy Bajo,imagenes_satelitales/Lascar/2026-08-04/06-00-01_Lascar_VIIRS375_VRP.png,2026-08-04 06:31:18,2026-08-04 06:31:18,NO,mixto,alta,False,roi_temporal_v26,"Estrella verde en Y=286 -> 1.22 km (límite 5.0 km, geometría medida)",29.2,,,,
1785819962,2026-08-04 05:06:02,2026-08-04 01:06:02,Lascar,VIIRS375,0.26,1.22,ALERTA_TERMICA_OCR,Muy Bajo,imagenes_satelitales/Lascar/2026-08-04/05-06-02_Lascar_VIIRS375_VRP.png,2026-08-04 07:01:22,2026-08-04 07:01:22,NO,mixto,alta,False,roi_temporal_v26,"Estrella verde en Y=286 -> 1.22 km (límite 5.0 km, geometría medida)",29.2,,,,
1785819962,2026-08-04 05:06:02,2026-08-04 01:06:02,Lastarria,VIIRS375,0.2,1.62,ALERTA_TERMICA_OCR,Muy Bajo,imagenes_satelitales/Lastarria/2026-08-04/05-06-02_Lastarria_VIIRS375_VRP.png,2026-08-04 07:01:28,2026-08-04 07:01:28,NO,mixto,alta,False,roi_temporal_v26,"Estrella verde en Y=283 -> 1.62 km (límite 3.0 km, geometría medida)",29.2,,,,
1785738241,2026-08-03 06:24:01,2026-08-03 02:24:01,Lastarria,VIIRS375,0.03,0.81,ALERTA_TERMICA_OCR,Muy Bajo,imagenes_satelitales/Lastarria/2026-08-03/06-24-01_Lastarria_VIIRS375_VRP.png,2026-08-03 06:01:37,2026-08-03 06:01:37,NO,mixto,alta,False,roi_temporal_v26,"Grupo píxeles rojos Y=289 (área=10 px², dist≈0.81 km, geometría medida)",29.2,,,,
1785734642,2026-08-03 05:24:02,2026-08-03 01:24:02,Lascar,VIIRS375,0.55,1.22,ALERTA_TERMICA_OCR,Muy Bajo,imagenes_satelitales/Lascar/2026-08-03/05-24-02_Lascar_VIIRS375_VRP.png,2026-08-03 05:31:25,2026-08-03 05:31:25,NO,mixto,alta,False,roi_temporal_v26,"Estrella verde en Y=286 -> 1.22 km (límite 5.0 km, geometría medida)",29.2,,,,
1785651480,2026-08-02 06:18:00,2026-08-02 02:18:00,Lascar,VIIRS375,0.22,0.95,ALERTA_TERMICA_OCR,Muy Bajo,imagenes_satelitales/Lascar/2026-08-02/06-18-00_Lascar_VIIRS375_VRP.png,2026-08-02 10:31:16,2026-08-02 10:31:16,NO,mixto,alta,False,roi_temporal_v26,"Grupo píxeles rojos Y=288 (área=32 px², dist≈0.95 km, geometría medida)",29.2,,,,
1785649682,2026-08-02 05:48:02,2026-08-02 01:48:02,Chaiten,VIIRS375,0.22,3.78,ALERTA_TERMICA_OCR,Muy Bajo,imagenes_satelitales/Chaiten/2026-08-02/05-48-02_Chaiten_VIIRS375_VRP.png,2026-08-02 06:01:39,2026-08-02 06:01:39,NO,mixto,alta,False,roi_temporal_v26,"Estrella verde en Y=267 -> 3.78 km (límite 5.0 km, geometría medida)",29.2,,,,
1785564362,2026-08-01 06:06:02,2026-08-01 02:06:02,Tupungatito,VIIRS375,0.04,5.41,ALERTA_TERMICA_OCR,Muy Bajo,imagenes_satelitales/Tupungatito/2026-08-01/06-06-02_Tupungatito_VIIRS375_VRP.png,2026-08-01 06:01:26,2026-08-01 06:01:26,NO,mixto,media,False,roi_temporal_v26,"Estrella gris en Y=255 -> 5.41 km (límite 7.0 km, geometría medida) | detección débil sub-umbral MIROVA",29.2,,,,
1785564362,2026-08-01 06:06:02,2026-08-01 02:06:02,Lascar,VIIRS375,0.53,24.4,FALSO_POSITIVO_OCR,Muy Bajo,imagenes_satelitales/Lascar/2026-08-01/06-06-02_Lascar_VIIRS375_VRP.png,2026-08-01 06:01:12,2026-08-01 06:01:12,AUTO,mixto,baja,False,roi_temporal_v26,"Grupo píxeles rojos Y=287 (área=40 px², dist≈1.08 km, geometría medida) | RECONCILIADO 2026-08-01: latest.php (MIROVA) = FALSO_POSITIVO @ 24.4 km (el OCR lo tenía como ALERTA por mala ubicación).",29.2,,,,
1785564362,2026-08-01 06:06:02,2026-08-01 02:06:02,Lastarria,VIIRS375,0.06,1.62,ALERTA_TERMICA_OCR,Muy Bajo,imagenes_satelitales/Lastarria/2026-08-01/06-06-02_Lastarria_VIIRS375_VRP.png,2026-08-01 06:01:19,2026-08-01 06:01:19,NO,mixto,alta,False,roi_temporal_v26,"Estrella verde en Y=283 -> 1.62 km (límite 3.0 km, geometría medida)",29.2,,,,
1785560400,2026-08-01 05:00:00,2026-08-01 01:00:00,Lascar,VIIRS375,0.04,24.32,FALSO_POSITIVO_OCR,Muy Bajo,imagenes_satelitales/Lascar/2026-08-01/05-00-00_Lascar_VIIRS375_VRP.png,2026-08-01 06:08:23,2026-08-01 06:08:23,AUTO,mixto,baja,False,roi_temporal_v26,"Estrella verde en Y=364 -> 0.00 km (límite 5.0 km, geometría medida) | RECLASIFICADO (auditoria 2026-08-04): la estrella se habia leido del panel Last Year (Y=364) en vez del Last Month; releida con el detector corregido da 24.32 km, FUERA del limite del volcan. Era un foco termico real pero lejano, no del crater.",29.2,,,,
1785560400,2026-08-01 05:00:00,2026-08-01 01:00:00,Lastarria,VIIRS375,0.57,1.62,ALERTA_TERMICA_OCR,Muy Bajo,imagenes_satelitales/Lastarria/2026-08-01/05-00-00_Lastarria_VIIRS375_VRP.png,2026-08-01 06:08:29,2026-08-01 06:08:29,NO,mixto,alta,False,roi_temporal_v26,"Estrella verde en Y=283 -> 1.62 km (límite 3.0 km, geometría medida)",29.2,,,,
1785560400,2026-08-01 05:00:00,2026-08-01 01:00:00,Tupungatito,VIIRS375,1.25,5.41,ALERTA_TERMICA_OCR,Bajo,imagenes_satelitales/Tupungatito/2026-08-01/05-00-00_Tupungatito_VIIRS375_VRP.png,2026-08-01 06:31:23,2026-08-01 06:31:23,NO,mixto,media,False,roi_temporal_v26,"Estrella gris en Y=255 -> 5.41 km (límite 7.0 km, geometría medida) | detección débil sub-umbral MIROVA",29.2,,,,
1785305881,2026-07-29 06:18:01,2026-07-29 02:18:01,Puyehue-Cordon Caulle,VIIRS375,0.31,3.78,ALERTA_TERMICA_OCR,Muy Bajo,imagenes_satelitales/Puyehue_Cordon_Caulle/2026-07-29/06-18-01_Puyehue_Cordon_Caulle_VIIRS375_VRP.png,2026-07-29 07:01:44,2026-07-29 07:01:44,NO,mixto,alta,False,roi_temporal_v26,"Grupo píxeles rojos Y=267 (área=54 px², dist≈3.78 km, geometría medida)",29.2,,,,
1785305521,2026-07-29 06:12:01,2026-07-29 02:12:01,Lascar,VIIRS375,0.27,1.22,ALERTA_TERMICA_OCR,Muy Bajo,imagenes_satelitales/Lascar/2026-07-29/06-12-01_Lascar_VIIRS375_VRP.png,2026-07-29 07:01:15,2026-07-29 07:01:15,NO,mixto,alta,False,roi_temporal_v26,"Estrella verde en Y=286 -> 1.22 km (límite 5.0 km, geometría medida)",29.2,,,,
1785304800,2026-07-29 06:00:00,2026-07-29 02:00:00,Puyehue-Cordon Caulle,VIIRS375,0.29,8.24,ALERTA_TERMICA_OCR,Muy Bajo,imagenes_satelitales/Puyehue_Cordon_Caulle/2026-07-29/06-00-00_Puyehue_Cordon_Caulle_VIIRS375_VRP.png,2026-07-29 08:31:58,2026-07-29 08:31:58,NO,mixto,alta,False,roi_temporal_v26,"Estrella verde en Y=234 -> 8.24 km (límite 20.0 km, geometría medida)",29.2,,,,
1785304440,2026-07-29 05:54:00,2026-07-29 01:54:00,Lascar,VIIRS375,0.67,1.22,ALERTA_TERMICA_OCR,Muy Bajo,imagenes_satelitales/Lascar/2026-07-29/05-54-00_Lascar_VIIRS375_VRP.png,2026-07-29 09:01:20,2026-07-29 09:01:20,NO,mixto,alta,False,roi_temporal_v26,"Estrella verde en Y=286 -> 1.22 km (límite 5.0 km, geometría medida)",29.2,,,,
1785304440,2026-07-29 05:54:00,2026-07-29 01:54:00,Isluga,VIIRS375,0.22,0.54,ALERTA_TERMICA_OCR,Muy Bajo,imagenes_satelitales/Isluga/2026-07-29/05-54-00_Isluga_VIIRS375_VRP.png,2026-07-29 09:01:14,2026-07-29 09:01:14,NO,mixto,alta,False,roi_temporal_v26,"Grupo píxeles rojos Y=291 (área=30 px², dist≈0.54 km, geometría medida)",29.2,,,,
1785263760,2026-07-28 18:36:00,2026-07-28 14:36:00,Chaiten,VIIRS375,0.51,4.59,ALERTA_TERMICA_OCR,Muy Bajo,imagenes_satelitales/Chaiten/2026-07-28/18-36-00_Chaiten_VIIRS375_VRP.png,2026-07-28 19:32:08,2026-07-28 19:32:08,NO,mixto,alta,False,roi_temporal_v26,"Estrella verde en Y=261 -> 4.59 km (límite 5.0 km, geometría medida)",29.2,,,,
1785219120,2026-07-28 06:12:00,2026-07-28 02:12:00,Isluga,VIIRS375,0.74,0.81,ALERTA_TERMICA_OCR,Muy Bajo,imagenes_satelitales/Isluga/2026-07-28/06-12-00_Isluga_VIIRS375_VRP.png,2026-07-28 18:01:09,2026-07-28 18:01:09,NO,mixto,alta,False,roi_temporal_v26,"Grupo píxeles rojos Y=289 (área=35 px², dist≈0.81 km, geometría medida)",29.2,,,,
1785047042,2026-07-26 06:24:02,2026-07-26 02:24:02,Puyehue-Cordon Caulle,VIIRS375,0.13,3.51,ALERTA_TERMICA_OCR,Muy Bajo,imagenes_satelitales/Puyehue_Cordon_Caulle/2026-07-26/06-24-02_Puyehue_Cordon_Caulle_VIIRS375_VRP.png,2026-07-26 10:43:45,2026-07-26 10:43:45,NO,mixto,alta,False,roi_temporal_v26,"Grupo píxeles rojos Y=269 (área=50 px², dist≈3.51 km, geometría medida)",29.2,,,,
1785042720,2026-07-26 05:12:00,2026-07-26 01:12:00,Lascar,VIIRS375,0.13,1.22,ALERTA_TERMICA_OCR,Muy Bajo,imagenes_satelitales/Lascar/2026-07-26/05-12-00_Lascar_VIIRS375_VRP.png,2026-07-26 13:01:23,2026-07-26 13:01:23,NO,mixto,alta,False,roi_temporal_v26,"Estrella verde en Y=286 -> 1.22 km (límite 5.0 km, geometría medida)",29.2,,,,
1785042720,2026-07-26 05:12:00,2026-07-26 01:12:00,Isluga,VIIRS375,0.58,0.41,ALERTA_TERMICA_OCR,Muy Bajo,imagenes_satelitales/Isluga/2026-07-26/05-12-00_Isluga_VIIRS375_VRP.png,2026-07-26 13:01:18,2026-07-26 13:01:18,NO,mixto,alta,False,roi_temporal_v26,"Estrella verde en Y=292 -> 0.41 km (límite 5.0 km, geometría medida)",29.2,,,,
1785040922,2026-07-26 04:42:02,2026-07-26 00:42:02,Puyehue-Cordon Caulle,VIIRS375,0.19,8.24,ALERTA_TERMICA_OCR,Muy Bajo,imagenes_satelitales/Puyehue_Cordon_Caulle/2026-07-26/04-42-02_Puyehue_Cordon_Caulle_VIIRS375_VRP.png,2026-07-26 10:02:01,2026-07-26 10:02:01,NO,mixto,alta,False,roi_temporal_v26,"Estrella verde en Y=234 -> 8.24 km (límite 20.0 km, geometría medida)",29.2,,,,
1785000242,2026-07-25 17:24:02,2026-07-25 13:24:02,Isluga,VIIRS375,1.37,0.68,ALERTA_TERMICA_OCR,Bajo,imagenes_satelitales/Isluga/2026-07-25/17-24-02_Isluga_VIIRS375_VRP.png,2026-07-26 01:31:18,2026-07-26 01:31:18,NO,mixto,alta,False,roi_temporal_v26,"Grupo píxeles rojos Y=289 (área=4 px², dist≈0.68 km, geometría medida)",29.2,,,,
1784955242,2026-07-25 04:54:02,2026-07-25 00:54:02,Isluga,VIIRS375,0.39,0.54,ALERTA_TERMICA_OCR,Muy Bajo,imagenes_satelitales/Isluga/2026-07-25/04-54-02_Isluga_VIIRS375_VRP.png,2026-07-25 09:01:15,2026-07-25 09:01:15,NO,mixto,alta,False,roi_temporal_v26,"Estrella verde en Y=291 -> 0.54 km (límite 5.0 km, geometría medida)",29.2,,,,
1784917801,2026-07-24 18:30:01,2026-07-24 14:30:01,Puyehue-Cordon Caulle,VIIRS375,0.46,17.97,ALERTA_TERMICA_OCR,Muy Bajo,imagenes_satelitales/Puyehue_Cordon_Caulle/2026-07-24/18-30-01_Puyehue_Cordon_Caulle_VIIRS375_VRP.png,2026-07-24 19:31:51,2026-07-24 19:31:51,NO,mixto,alta,False,roi_temporal_v26,"Estrella verde en Y=162 -> 17.97 km (límite 20.0 km, geometría medida)",29.2,,,,
1784873161,2026-07-24 06:06:01,2026-07-24 02:06:01,Lastarria,VIIRS375,0.08,2.43,ALERTA_TERMICA_OCR,Muy Bajo,imagenes_satelitales/Lastarria/2026-07-24/06-06-01_Lastarria_VIIRS375_VRP.png,2026-07-24 06:31:22,2026-07-24 06:31:22,NO,mixto,alta,False,roi_temporal_v26,"Estrella verde en Y=277 -> 2.43 km (límite 3.0 km, geometría medida)",29.2,,,,
1784873161,2026-07-24 06:06:01,2026-07-24 02:06:01,Isluga,VIIRS375,0.19,0.54,ALERTA_TERMICA_OCR,Muy Bajo,imagenes_satelitales/Isluga/2026-07-24/06-06-01_Isluga_VIIRS375_VRP.png,2026-07-24 06:31:08,2026-07-24 06:31:08,NO,mixto,alta,False,roi_temporal_v26,"Estrella verde en Y=291 -> 0.54 km (límite 5.0 km, geometría medida)",29.2,,,,
1784873161,2026-07-24 06:06:01,2026-07-24 02:06:01,Lascar,VIIRS375,0.05,0.81,ALERTA_TERMICA_OCR,Muy Bajo,imagenes_satelitales/Lascar/2026-07-24/06-06-01_Lascar_VIIRS375_VRP.png,2026-07-24 06:31:15,2026-07-24 06:31:15,NO,mixto,alta,False,roi_temporal_v26,"Estrella verde en Y=289 -> 0.81 km (límite 5.0 km, geometría medida)",29.2,,,,
1784872440,2026-07-24 05:54:00,2026-07-24 01:54:00,PlanchonPeteroa,VIIRS375,0.04,1.35,ALERTA_TERMICA_OCR,Muy Bajo,imagenes_satelitales/PlanchonPeteroa/2026-07-24/05-54-00_PlanchonPeteroa_VIIRS375_VRP.png,2026-07-24 07:52:32,2026-07-24 07:52:32,NO,mixto,alta,False,roi_temporal_v26,"Grupo píxeles rojos Y=285 (área=43 px², dist≈1.35 km, geometría medida)",29.2,,,,
1784872080,2026-07-24 05:48:00,2026-07-24 01:48:00,Isluga,VIIRS375,0.3,0.54,ALERTA_TERMICA_OCR,Muy Bajo,imagenes_satelitales/Isluga/2026-07-24/05-48-00_Isluga_VIIRS375_VRP.png,2026-07-24 07:52:12,2026-07-24 07:52:12,NO,mixto,alta,False,roi_temporal_v26,"Estrella verde en Y=291 -> 0.54 km (límite 5.0 km, geometría medida)",29.2,,,,
1784872080,2026-07-24 05:48:00,2026-07-24 01:48:00,Lascar,VIIRS375,0.61,0.81,ALERTA_TERMICA_OCR,Muy Bajo,imagenes_satelitales/Lascar/2026-07-24/05-48-00_Lascar_VIIRS375_VRP.png,2026-07-24 07:52:17,2026-07-24 07:52:17,NO,mixto,alta,False,roi_temporal_v26,"Estrella verde en Y=289 -> 0.81 km (límite 5.0 km, geometría medida)",29.2,,,,
1784872080,2026-07-24 05:48:00,2026-07-24 01:48:00,Lastarria,VIIRS375,0.04,2.43,ALERTA_TERMICA_OCR,Muy Bajo,imagenes_satelitales/Lastarria/2026-07-24/05-48-00_Lastarria_VIIRS375_VRP.png,2026-07-24 07:52:23,2026-07-24 07:52:23,NO,mixto,alta,False,roi_temporal_v26,"Estrella verde en Y=277 -> 2.43 km (límite 3.0 km, geometría medida)",29.2,,,,
1784869922,2026-07-24 05:12:02,2026-07-24 01:12:02,Isluga,VIIRS375,0.41,1.08,ALERTA_TERMICA_OCR,Muy Bajo,imagenes_satelitales/Isluga/2026-07-24/05-12-02_Isluga_VIIRS375_VRP.png,2026-07-24 05:01:28,2026-07-24 05:01:28,NO,mixto,alta,False,roi_temporal_v26,"Estrella verde en Y=287 -> 1.08 km (límite 5.0 km, geometría medida)",29.2,,,,
1784616480,2026-07-21 06:48:00,2026-07-21 02:48:00,Puyehue-Cordon Caulle,VIIRS375,0.28,3.65,ALERTA_TERMICA_OCR,Muy Bajo,imagenes_satelitales/Puyehue_Cordon_Caulle/2026-07-21/06-48-00_Puyehue_Cordon_Caulle_VIIRS375_VRP.png,2026-07-21 16:31:53,2026-07-21 16:31:53,NO,mixto,alta,False,roi_temporal_v26,"Grupo píxeles rojos Y=268 (área=105 px², dist≈3.65 km, geometría medida)",29.2,,,,
1784611801,2026-07-21 05:30:01,2026-07-21 01:30:01,Puyehue-Cordon Caulle,VIIRS375,0.34,8.24,ALERTA_TERMICA_OCR,Muy Bajo,imagenes_satelitales/Puyehue_Cordon_Caulle/2026-07-21/05-30-01_Puyehue_Cordon_Caulle_VIIRS375_VRP.png,2026-07-21 11:31:49,2026-07-21 11:31:49,NO,mixto,alta,False,roi_temporal_v26,"Estrella verde en Y=234 -> 8.24 km (límite 20.0 km, geometría medida)",29.2,,,,
1784611441,2026-07-21 05:24:01,2026-07-21 01:24:01,Isluga,VIIRS375,0.18,0.81,ALERTA_TERMICA_OCR,Muy Bajo,imagenes_satelitales/Isluga/2026-07-21/05-24-01_Isluga_VIIRS375_VRP.png,2026-07-21 11:13:14,2026-07-21 11:13:14,NO,mixto,alta,False,roi_temporal_v26,"Estrella verde en Y=289 -> 0.81 km (límite 5.0 km, geometría medida)",29.2,,,,
1784610720,2026-07-21 05:12:00,2026-07-21 01:12:00,Puyehue-Cordon Caulle,VIIRS375,0.17,8.24,ALERTA_TERMICA_OCR,Muy Bajo,imagenes_satelitales/Puyehue_Cordon_Caulle/2026-07-21/05-12-00_Puyehue_Cordon_Caulle_VIIRS375_VRP.png,2026-07-21 15:32:00,2026-07-21 15:32:00,NO,mixto,alta,False,roi_temporal_v26,"Estrella verde en Y=234 -> 8.24 km (límite 20.0 km, geometría medida)",29.2,,,,
1784608562,2026-07-21 04:36:02,2026-07-21 00:36:02,Puyehue-Cordon Caulle,VIIRS375,0.06,8.38,ALERTA_TERMICA_OCR,Muy Bajo,imagenes_satelitales/Puyehue_Cordon_Caulle/2026-07-21/04-36-02_Puyehue_Cordon_Caulle_VIIRS375_VRP.png,2026-07-21 07:02:13,2026-07-21 07:02:13,NO,mixto,alta,False,roi_temporal_v26,"Estrella verde en Y=233 -> 8.38 km (límite 20.0 km, geometría medida)",29.2,,,,
1784529362,2026-07-20 06:36:02,2026-07-20 02:36:02,Puyehue-Cordon Caulle,VIIRS375,0.13,3.51,ALERTA_TERMICA_OCR,Muy Bajo,imagenes_satelitales/Puyehue_Cordon_Caulle/2026-07-20/06-36-02_Puyehue_Cordon_Caulle_VIIRS375_VRP.png,2026-07-20 07:01:42,2026-07-20 07:01:42,NO,mixto,alta,False,roi_temporal_v26,"Grupo píxeles rojos Y=269 (área=50 px², dist≈3.51 km, geometría medida)",29.2,,,,
1784526481,2026-07-20 05:48:01,2026-07-20 01:48:01,Chaiten,VIIRS375,0.07,0.41,ALERTA_TERMICA_OCR,Muy Bajo,imagenes_satelitales/Chaiten/2026-07-20/05-48-01_Chaiten_VIIRS375_VRP.png,2026-07-20 05:31:48,2026-07-20 05:31:48,NO,mixto,alta,False,roi_temporal_v26,"Estrella verde en Y=292 -> 0.41 km (límite 5.0 km, geometría medida)",29.2,,,,
1784525400,2026-07-20 05:30:00,2026-07-20 01:30:00,Puyehue-Cordon Caulle,VIIRS375,0.38,7.7,ALERTA_TERMICA_OCR,Muy Bajo,imagenes_satelitales/Puyehue_Cordon_Caulle/2026-07-20/05-30-00_Puyehue_Cordon_Caulle_VIIRS375_VRP.png,2026-07-20 07:31:34,2026-07-20 07:31:34,NO,mixto,alta,False,roi_temporal_v26,"Estrella verde en Y=238 -> 7.70 km (límite 20.0 km, geometría medida)",29.2,,,,
1784441161,2026-07-19 06:06:01,2026-07-19 02:06:01,Chaiten,VIIRS375,0.06,0.41,ALERTA_TERMICA_OCR,Muy Bajo,imagenes_satelitales/Chaiten/2026-07-19/06-06-01_Chaiten_VIIRS375_VRP.png,2026-07-19 07:20:19,2026-07-19 07:20:19,NO,mixto,alta,False,roi_temporal_v26,"Estrella verde en Y=292 -> 0.41 km (límite 5.0 km, geometría medida)",29.2,,,,
1784440801,2026-07-19 06:00:01,2026-07-19 02:00:01,Isluga,VIIRS375,0.06,0.54,ALERTA_TERMICA_OCR,Muy Bajo,imagenes_satelitales/Isluga/2026-07-19/06-00-01_Isluga_VIIRS375_VRP.png,2026-07-19 07:19:34,2026-07-19 07:19:34,NO,mixto,alta,False,roi_temporal_v26,"Estrella verde en Y=291 -> 0.54 km (límite 5.0 km, geometría medida)",29.2,,,,
1784437562,2026-07-19 05:06:02,2026-07-19 01:06:02,Isluga,VIIRS375,0.27,0.54,ALERTA_TERMICA_OCR,Muy Bajo,imagenes_satelitales/Isluga/2026-07-19/05-06-02_Isluga_VIIRS375_VRP.png,2026-07-19 09:01:11,2026-07-19 09:01:11,NO,mixto,alta,False,roi_temporal_v26,"Estrella verde en Y=291 -> 0.54 km (límite 5.0 km, geometría medida)",29.2,,,,
1784355841,2026-07-18 06:24:01,2026-07-18 02:24:01,Puyehue-Cordon Caulle,VIIRS375,0.05,3.51,ALERTA_TERMICA_OCR,Muy Bajo,imagenes_satelitales/Puyehue_Cordon_Caulle/2026-07-18/06-24-01_Puyehue_Cordon_Caulle_VIIRS375_VRP.png,2026-07-18 08:01:52,2026-07-18 08:01:52,NO,mixto,alta,False,roi_temporal_v26,"Grupo píxeles rojos Y=269 (área=50 px², dist≈3.51 km, geometría medida)",29.2,,,,
1784354760,2026-07-18 06:06:00,2026-07-18 02:06:00,Puyehue-Cordon Caulle,VIIRS375,0.27,7.7,ALERTA_TERMICA_OCR,Muy Bajo,imagenes_satelitales/Puyehue_Cordon_Caulle/2026-07-18/06-06-00_Puyehue_Cordon_Caulle_VIIRS375_VRP.png,2026-07-18 11:01:42,2026-07-18 11:01:42,NO,mixto,alta,False,roi_temporal_v26,"Estrella verde en Y=238 -> 7.70 km (límite 20.0 km, geometría medida)",29.2,,,,
1784352602,2026-07-18 05:30:02,2026-07-18 01:30:02,Puyehue-Cordon Caulle,VIIRS375,0.22,7.7,ALERTA_TERMICA_OCR,Muy Bajo,imagenes_satelitales/Puyehue_Cordon_Caulle/2026-07-18/05-30-02_Puyehue_Cordon_Caulle_VIIRS375_VRP.png,2026-07-18 09:01:45,2026-07-18 09:01:45,NO,mixto,alta,False,roi_temporal_v26,"Estrella verde en Y=238 -> 7.70 km (límite 20.0 km, geometría medida)",29.2,,,,
1784269080,2026-07-17 06:18:00,2026-07-17 02:18:00,Lastarria,VIIRS375,0.03,1.49,ALERTA_TERMICA_OCR,Muy Bajo,imagenes_satelitales/Lastarria/2026-07-17/06-18-00_Lastarria_VIIRS375_VRP.png,2026-07-17 18:01:14,2026-07-17 18:01:14,NO,mixto,alta,False,roi_temporal_v26,"Grupo píxeles rojos Y=284 (área=45 px², dist≈1.49 km, geometría medida)",29.2,,,,
1784093761,2026-07-15 05:36:01,2026-07-15 01:36:01,Lastarria,VIIRS375,0.04,1.35,ALERTA_TERMICA_OCR,Muy Bajo,imagenes_satelitales/Lastarria/2026-07-15/05-36-01_Lastarria_VIIRS375_VRP.png,2026-07-15 04:01:37,2026-07-15 04:01:37,NO,mixto,media,False,roi_temporal_v26,"Estrella gris en Y=285 -> 1.35 km (límite 3.0 km, geometría medida) | detección débil sub-umbral MIROVA",29.2,,,,
1784053441,2026-07-14 18:24:01,2026-07-14 14:24:01,Lastarria,VIIRS375,2.27,10.3,FALSO_POSITIVO_OCR,Bajo,imagenes_satelitales/Lastarria/2026-07-14/18-24-01_Lastarria_VIIRS375_VRP.png,2026-07-14 17:31:22,2026-07-14 17:31:22,AUTO,mixto,baja,False,roi_temporal_v26,"Grupo píxeles rojos Y=284 (área=44 px², dist≈1.49 km, geometría medida) | RECONCILIADO 2026-07-14: latest.php (MIROVA) = FALSO_POSITIVO @ 10.3 km (el OCR lo tenía como ALERTA por mala ubicación).",29.2,,,,
1784005202,2026-07-14 05:00:02,2026-07-14 01:00:02,Lascar,VIIRS375,0.09,1.62,ALERTA_TERMICA_OCR,Muy Bajo,imagenes_satelitales/Lascar/2026-07-14/05-00-02_Lascar_VIIRS375_VRP.png,2026-07-14 04:01:19,2026-07-14 04:01:19,NO,mixto,alta,False,roi_temporal_v26,"Estrella verde en Y=283 -> 1.62 km (límite 5.0 km, geometría medida)",29.2,,,,
1784005202,2026-07-14 05:00:02,2026-07-14 01:00:02,Isluga,VIIRS375,0.2,0.81,ALERTA_TERMICA_OCR,Muy Bajo,imagenes_satelitales/Isluga/2026-07-14/05-00-02_Isluga_VIIRS375_VRP.png,2026-07-14 04:01:13,2026-07-14 04:01:13,NO,mixto,alta,False,roi_temporal_v26,"Estrella verde en Y=289 -> 0.81 km (límite 5.0 km, geometría medida)",29.2,,,,
1783968121,2026-07-13 18:42:01,2026-07-13 14:42:01,Lastarria,VIIRS375,1.16,10.3,FALSO_POSITIVO_OCR,Bajo,imagenes_satelitales/Lastarria/2026-07-13/18-42-01_Lastarria_VIIRS375_VRP.png,2026-07-13 19:07:39,2026-07-13 19:07:39,AUTO,mixto,baja,False,roi_temporal_v26,"Grupo píxeles rojos Y=284 (área=47 px², dist≈1.49 km, geometría medida) | RECONCILIADO 2026-07-13: latest.php (MIROVA) = FALSO_POSITIVO @ 10.3 km (el OCR lo tenía como ALERTA por mala ubicación).",29.2,,,,
1783923121,2026-07-13 06:12:01,2026-07-13 02:12:01,Isluga,VIIRS375,0.13,0.95,ALERTA_TERMICA_OCR,Muy Bajo,imagenes_satelitales/Isluga/2026-07-13/06-12-01_Isluga_VIIRS375_VRP.png,2026-07-13 05:31:15,2026-07-13 05:31:15,NO,mixto,alta,False,roi_temporal_v26,"Estrella verde en Y=288 -> 0.95 km (límite 5.0 km, geometría medida)",29.2,,,,
1783923121,2026-07-13 06:12:01,2026-07-13 02:12:01,Lastarria,VIIRS375,0.17,2.43,ALERTA_TERMICA_OCR,Muy Bajo,imagenes_satelitales/Lastarria/2026-07-13/06-12-01_Lastarria_VIIRS375_VRP.png,2026-07-13 05:31:26,2026-07-13 05:31:26,NO,mixto,alta,False,roi_temporal_v26,"Estrella verde en Y=277 -> 2.43 km (límite 3.0 km, geometría medida)",29.2,,,,
1783923121,2026-07-13 06:12:01,2026-07-13 02:12:01,Lascar,VIIRS375,0.38,1.62,ALERTA_TERMICA_OCR,Muy Bajo,imagenes_satelitales/Lascar/2026-07-13/06-12-01_Lascar_VIIRS375_VRP.png,2026-07-13 05:31:21,2026-07-13 05:31:21,NO,mixto,alta,False,roi_temporal_v26,"Estrella verde en Y=283 -> 1.62 km (límite 5.0 km, geometría medida)",29.2,,,,
1783661401,2026-07-10 05:30:01,2026-07-10 01:30:01,Isluga,VIIRS375,0.36,0.54,ALERTA_TERMICA_OCR,Muy Bajo,imagenes_satelitales/Isluga/2026-07-10/05-30-01_Isluga_VIIRS375_VRP.png,2026-07-10 15:01:16,2026-07-10 15:01:16,NO,mixto,alta,False,roi_temporal_v26,"Grupo píxeles rojos Y=291 (área=30 px², dist≈0.54 km, geometría medida)",29.2,,,,
1783661401,2026-07-10 05:30:01,2026-07-10 01:30:01,Lascar,VIIRS375,0.44,1.22,ALERTA_TERMICA_OCR,Muy Bajo,imagenes_satelitales/Lascar/2026-07-10/05-30-01_Lascar_VIIRS375_VRP.png,2026-07-10 15:01:21,2026-07-10 15:01:21,NO,mixto,alta,False,roi_temporal_v26,"Estrella verde en Y=286 -> 1.22 km (límite 5.0 km, geometría medida)",29.2,,,,
1783661401,2026-07-10 05:30:01,2026-07-10 01:30:01,Lastarria,VIIRS375,0.09,1.49,ALERTA_TERMICA_OCR,Muy Bajo,imagenes_satelitales/Lastarria/2026-07-10/05-30-01_Lastarria_VIIRS375_VRP.png,2026-07-10 15:01:27,2026-07-10 15:01:27,NO,mixto,alta,False,roi_temporal_v26,"Grupo píxeles rojos Y=284 (área=31 px², dist≈1.49 km, geometría medida)",29.2,,,,
1783660320,2026-07-10 05:12:00,2026-07-10 01:12:00,Lascar,VIIRS375,0.23,1.22,ALERTA_TERMICA_OCR,Muy Bajo,imagenes_satelitales/Lascar/2026-07-10/05-12-00_Lascar_VIIRS375_VRP.png,2026-07-10 20:31:08,2026-07-10 20:31:08,NO,mixto,alta,False,roi_temporal_v26,"Estrella verde en Y=286 -> 1.22 km (límite 5.0 km, geometría medida)",29.2,,,,
1783617842,2026-07-09 17:24:02,2026-07-09 13:24:02,Lastarria,VIIRS375,2.62,19.4,FALSO_POSITIVO_OCR,Bajo,imagenes_satelitales/Lastarria/2026-07-09/17-24-02_Lastarria_VIIRS375_VRP.png,2026-07-09 18:01:42,2026-07-09 18:01:42,AUTO,mixto,baja,False,roi_temporal_v26,"Grupo píxeles rojos Y=283 (área=31 px², dist≈1.62 km, geometría medida) | RECONCILIADO 2026-07-09: latest.php (MIROVA) = FALSO_POSITIVO @ 19.4 km (el OCR lo tenía como ALERTA por mala ubicación).",29.2,,,,
1783572842,2026-07-09 04:54:02,2026-07-09 00:54:02,Isluga,VIIRS375,0.19,0.95,ALERTA_TERMICA_OCR,Muy Bajo,imagenes_satelitales/Isluga/2026-07-09/04-54-02_Isluga_VIIRS375_VRP.png,2026-07-09 04:06:39,2026-07-09 04:06:39,NO,mixto,alta,False,roi_temporal_v26,"Estrella verde en Y=288 -> 0.95 km (límite 5.0 km, geometría medida)",29.2,,,,
1783572842,2026-07-09 04:54:02,2026-07-09 00:54:02,Lascar,VIIRS375,0.06,0.81,ALERTA_TERMICA_OCR,Muy Bajo,imagenes_satelitales/Lascar/2026-07-09/04-54-02_Lascar_VIIRS375_VRP.png,2026-07-09 04:06:45,2026-07-09 04:06:45,NO,mixto,alta,False,roi_temporal_v26,"Estrella verde en Y=289 -> 0.81 km (límite 5.0 km, geometría medida)",29.2,,,,
1783532162,2026-07-08 17:36:02,2026-07-08 13:36:02,Tupungatito,VIIRS375,1357.39,24.86,FALSO_POSITIVO_OCR,Muy Alto,imagenes_satelitales/Tupungatito/2026-07-08/17-36-02_Tupungatito_VIIRS375_VRP.png,2026-07-08 18:31:46,2026-07-08 18:31:46,AUTO,mixto,baja,False,roi_temporal_v26,"Estrella verde en Y=360 -> 0.00 km (límite 7.0 km, geometría medida) | RECLASIFICADO (auditoria 2026-08-04): la estrella se habia leido del panel Last Year (Y=360) en vez del Last Month; releida con el detector corregido da 24.86 km, FUERA del limite del volcan. Era un foco termico real pero lejano, no del crater.",29.2,,,,
1783489680,2026-07-08 05:48:00,2026-07-08 01:48:00,Isluga,VIIRS375,0.27,0.81,ALERTA_TERMICA_OCR,Muy Bajo,imagenes_satelitales/Isluga/2026-07-08/05-48-00_Isluga_VIIRS375_VRP.png,2026-07-08 17:20:44,2026-07-08 17:20:44,NO,mixto,alta,False,roi_temporal_v26,"Grupo píxeles rojos Y=289 (área=43 px², dist≈0.81 km, geometría medida)",29.2,,,,
1783450441,2026-07-07 18:54:01,2026-07-07 14:54:01,Lastarria,VIIRS375,1.35,10.3,FALSO_POSITIVO_OCR,Bajo,imagenes_satelitales/Lastarria/2026-07-07/18-54-01_Lastarria_VIIRS375_VRP.png,2026-07-07 21:31:40,2026-07-07 21:31:40,AUTO,mixto,baja,False,roi_temporal_v26,"Grupo píxeles rojos Y=284 (área=16 px², dist≈1.36 km, geometría medida) | RECONCILIADO 2026-07-08: latest.php (MIROVA) = FALSO_POSITIVO @ 10.3 km (el OCR lo tenía como ALERTA por mala ubicación).",29.2,,,,
1783404720,2026-07-07 06:12:00,2026-07-07 02:12:00,PlanchonPeteroa,VIIRS375,0.15,1.22,ALERTA_TERMICA_OCR,Muy Bajo,imagenes_satelitales/PlanchonPeteroa/2026-07-07/06-12-00_PlanchonPeteroa_VIIRS375_VRP.png,2026-07-07 16:56:27,2026-07-07 16:56:27,NO,mixto,alta,False,roi_temporal_v26,"Grupo píxeles rojos Y=286 (área=31 px², dist≈1.22 km, geometría medida)",29.2,,,,
1783404360,2026-07-07 06:06:00,2026-07-07 02:06:00,Isluga,VIIRS375,0.08,0.54,ALERTA_TERMICA_OCR,Muy Bajo,imagenes_satelitales/Isluga/2026-07-07/06-06-00_Isluga_VIIRS375_VRP.png,2026-07-07 16:56:07,2026-07-07 16:56:07,NO,mixto,alta,False,roi_temporal_v26,"Estrella verde en Y=291 -> 0.54 km (límite 5.0 km, geometría medida)",29.2,,,,
1783404360,2026-07-07 06:06:00,2026-07-07 02:06:00,Lastarria,VIIRS375,0.06,1.49,ALERTA_TERMICA_OCR,Muy Bajo,imagenes_satelitales/Lastarria/2026-07-07/06-06-00_Lastarria_VIIRS375_VRP.png,2026-07-07 16:56:18,2026-07-07 16:56:18,NO,mixto,alta,False,roi_temporal_v26,"Grupo píxeles rojos Y=284 (área=45 px², dist≈1.49 km, geometría medida)",29.2,,,,
1783404360,2026-07-07 06:06:00,2026-07-07 02:06:00,Lascar,VIIRS375,0.45,1.08,ALERTA_TERMICA_OCR,Muy Bajo,imagenes_satelitales/Lascar/2026-07-07/06-06-00_Lascar_VIIRS375_VRP.png,2026-07-07 16:56:12,2026-07-07 16:56:12,NO,mixto,alta,False,roi_temporal_v26,"Grupo píxeles rojos Y=287 (área=31 px², dist≈1.08 km, geometría medida)",29.2,,,,
1783364040,2026-07-06 18:54:00,2026-07-06 14:54:00,Lastarria,VIIRS375,5.58,24.46,FALSO_POSITIVO_OCR,Bajo,imagenes_satelitales/Lastarria/2026-07-06/18-54-00_Lastarria_VIIRS375_VRP.png,2026-07-07 06:01:29,2026-07-07 06:01:29,AUTO,mixto,baja,False,roi_temporal_v26,"Estrella verde en Y=363 -> 0.00 km (límite 3.0 km, geometría medida) | RECLASIFICADO (auditoria 2026-08-04): la estrella se habia leido del panel Last Year (Y=363) en vez del Last Month; releida con el detector corregido da 24.46 km, FUERA del limite del volcan. Era un foco termico real pero lejano, no del crater.",29.2,,,,
1783319400,2026-07-06 06:30:00,2026-07-06 02:30:00,PlanchonPeteroa,VIIRS375,0.14,1.22,ALERTA_TERMICA_OCR,Muy Bajo,imagenes_satelitales/PlanchonPeteroa/2026-07-06/06-30-00_PlanchonPeteroa_VIIRS375_VRP.png,2026-07-06 11:31:33,2026-07-06 11:31:33,NO,mixto,alta,False,roi_temporal_v26,"Grupo píxeles rojos Y=286 (área=48 px², dist≈1.22 km, geometría medida)",29.2,,,,
1783319400,2026-07-06 06:30:00,2026-07-06 02:30:00,Tupungatito,VIIRS375,0.14,2.97,ALERTA_TERMICA_OCR,Muy Bajo,imagenes_satelitales/Tupungatito/2026-07-06/06-30-00_Tupungatito_VIIRS375_VRP.png,2026-07-06 11:31:27,2026-07-06 11:31:27,NO,mixto,alta,False,roi_temporal_v26,"Grupo píxeles rojos Y=273 (área=74 px², dist≈2.97 km, geometría medida)",29.2,,,,
1783317242,2026-07-06 05:54:02,2026-07-06 01:54:02,Puyehue-Cordon Caulle,VIIRS,1.0,7.84,ALERTA_TERMICA_OCR,Bajo,imagenes_satelitales/Puyehue-Cordon_Caulle/2026-07-06/05-54-02_Puyehue-Cordon_Caulle_VIIRS750_VRP.png,2026-07-06 05:31:49,2026-07-06 05:31:49,NO,mixto,alta,False,roi_temporal_v26,"Estrella verde en Y=237 -> 7.84 km (límite 20.0 km, geometría medida) | ⚠️ VRP truncado por MIROVA en VIIRS: real ∈ [1, 2) MW (±1)",29.2,,,,
1783143000,2026-07-04 05:30:00,2026-07-04 01:30:00,Puyehue-Cordon Caulle,VIIRS375,0.63,7.3,ALERTA_TERMICA_OCR,Muy Bajo,imagenes_satelitales/Puyehue-Cordon_Caulle/2026-07-04/05-30-00_Puyehue-Cordon_Caulle_VIIRS375_VRP.png,2026-07-04 19:31:49,2026-07-04 19:31:49,NO,mixto,alta,False,roi_temporal_v26,"Estrella verde en Y=241 -> 7.30 km (límite 20.0 km, geometría medida)",29.2,,,,
1783140842,2026-07-04 04:54:02,2026-07-04 00:54:02,Puyehue-Cordon Caulle,VIIRS375,0.26,7.84,ALERTA_TERMICA_OCR,Muy Bajo,imagenes_satelitales/Puyehue-Cordon_Caulle/2026-07-04/04-54-02_Puyehue-Cordon_Caulle_VIIRS375_VRP.png,2026-07-04 14:01:54,2026-07-04 14:01:54,NO,mixto,alta,False,roi_temporal_v26,"Estrella verde en Y=237 -> 7.84 km (límite 20.0 km, geometría medida)",29.2,,,,
1783140842,2026-07-04 04:54:02,2026-07-04 00:54:02,Chaiten,VIIRS375,0.06,0.41,ALERTA_TERMICA_OCR,Muy Bajo,imagenes_satelitales/Chaiten/2026-07-04/04-54-02_Chaiten_VIIRS375_VRP.png,2026-07-04 14:02:00,2026-07-04 14:02:00,NO,mixto,alta,False,roi_temporal_v26,"Estrella verde en Y=292 -> 0.41 km (límite 5.0 km, geometría medida)",29.2,,,,
1783103041,2026-07-03 18:24:01,2026-07-03 14:24:01,Puyehue-Cordon Caulle,VIIRS375,0.96,29.34,FALSO_POSITIVO_OCR,Muy Bajo,imagenes_satelitales/Puyehue-Cordon_Caulle/2026-07-03/18-24-01_Puyehue-Cordon_Caulle_VIIRS375_VRP.png,2026-07-03 19:01:51,2026-07-03 19:01:51,AUTO,mixto,baja,False,roi_temporal_v26,"Grupo píxeles rojos Y=263 (área=94 px², dist≈4.32 km, geometría medida) | RECONCILIADO 2026-07-03: latest.php (MIROVA) = FALSO_POSITIVO @ 29.34 km (el OCR lo tenía como ALERTA por mala ubicación).",29.2,,,,
1783058761,2026-07-03 06:06:01,2026-07-03 02:06:01,Puyehue-Cordon Caulle,VIIRS375,0.38,3.51,ALERTA_TERMICA_OCR,Muy Bajo,imagenes_satelitales/Puyehue-Cordon_Caulle/2026-07-03/06-06-01_Puyehue-Cordon_Caulle_VIIRS375_VRP.png,2026-07-03 06:01:47,2026-07-03 06:01:47,NO,mixto,alta,False,roi_temporal_v26,"Grupo píxeles rojos Y=269 (área=50 px², dist≈3.51 km, geometría medida)",29.2,,,,
1783058761,2026-07-03 06:06:01,2026-07-03 02:06:01,Chaiten,VIIRS375,0.08,0.41,ALERTA_TERMICA_OCR,Muy Bajo,imagenes_satelitales/Chaiten/2026-07-03/06-06-01_Chaiten_VIIRS375_VRP.png,2026-07-03 06:01:54,2026-07-03 06:01:54,NO,mixto,alta,False,roi_temporal_v26,"Estrella verde en Y=292 -> 0.41 km (límite 5.0 km, geometría medida)",29.2,,,,
1783057680,2026-07-03 05:48:00,2026-07-03 01:48:00,Tupungatito,VIIRS375,0.05,5.27,ALERTA_TERMICA_OCR,Muy Bajo,imagenes_satelitales/Tupungatito/2026-07-03/05-48-00_Tupungatito_VIIRS375_VRP.png,2026-07-03 07:31:31,2026-07-03 07:31:31,NO,mixto,alta,False,roi_temporal_v26,"Estrella verde en Y=256 -> 5.27 km (límite 7.0 km, geometría medida)",29.2,,,,
1783057680,2026-07-03 05:48:00,2026-07-03 01:48:00,Puyehue-Cordon Caulle,VIIRS,1.0,4.59,ALERTA_TERMICA_OCR,Bajo,imagenes_satelitales/Puyehue-Cordon_Caulle/2026-07-03/05-48-00_Puyehue-Cordon_Caulle_VIIRS750_VRP.png,2026-07-03 17:31:52,2026-07-03 17:31:52,NO,mixto,alta,False,roi_temporal_v26,"Grupo píxeles rojos Y=261 (área=31 px², dist≈4.59 km, geometría medida) | ⚠️ VRP truncado por MIROVA en VIIRS: real ∈ [1, 2) MW (±1)",29.2,,,,
1783057680,2026-07-03 05:48:00,2026-07-03 01:48:00,PlanchonPeteroa,VIIRS375,0.27,2.3,ALERTA_TERMICA_OCR,Muy Bajo,imagenes_satelitales/PlanchonPeteroa/2026-07-03/05-48-00_PlanchonPeteroa_VIIRS375_VRP.png,2026-07-03 07:31:38,2026-07-03 07:31:38,NO,mixto,alta,False,roi_temporal_v26,"Estrella verde en Y=278 -> 2.30 km (límite 3.0 km, geometría medida)",29.2,,,,
1782888121,2026-07-01 06:42:01,2026-07-01 02:42:01,Lastarria,VIIRS375,0.04,1.22,ALERTA_TERMICA_OCR,Muy Bajo,imagenes_satelitales/Lastarria/2026-07-01/06-42-01_Lastarria_VIIRS375_VRP.png,2026-07-01 17:01:23,2026-07-01 17:01:23,NO,mixto,media,False,roi_temporal_v26,"Estrella gris en Y=286 -> 1.22 km (límite 3.0 km, geometría medida) | detección débil sub-umbral MIROVA",29.2,,,,
1782886680,2026-07-01 06:18:00,2026-07-01 02:18:00,Lastarria,VIIRS375,0.06,1.22,ALERTA_TERMICA_OCR,Muy Bajo,imagenes_satelitales/Lastarria/2026-07-01/06-18-00_Lastarria_VIIRS375_VRP.png,2026-07-02 00:17:32,2026-07-02 00:17:32,NO,mixto,media,False,roi_temporal_v26,"Estrella gris en Y=285 -> 1.22 km (límite 3.0 km, geometría medida) | detección débil sub-umbral MIROVA",29.2,,,,
1782884882,2026-07-01 05:48:02,2026-07-01 01:48:02,Lastarria,VIIRS375,0.07,1.49,ALERTA_TERMICA_OCR,Muy Bajo,imagenes_satelitales/Lastarria/2026-07-01/05-48-02_Lastarria_VIIRS375_VRP.png,2026-07-01 10:01:23,2026-07-01 10:01:23,NO,mixto,alta,False,roi_temporal_v26,"Estrella verde en Y=283 -> 1.49 km (límite 3.0 km, geometría medida)",29.2,,,,
1782884522,2026-07-01 05:42:02,2026-07-01 01:42:02,Isluga,VIIRS375,0.1,0.81,ALERTA_TERMICA_OCR,Muy Bajo,imagenes_satelitales/Isluga/2026-07-01/05-42-02_Isluga_VIIRS375_VRP.png,2026-07-01 10:01:12,2026-07-01 10:01:12,NO,mixto,alta,False,roi_temporal_v26,"Estrella verde en Y=289 -> 0.81 km (límite 5.0 km, geometría medida)",29.2,,,,
1782840240,2026-06-30 17:24:00,2026-06-30 13:24:00,Lastarria,VIIRS375,5.31,1.49,ALERTA_TERMICA_OCR,Bajo,imagenes_satelitales/Lastarria/2026-06-30/17-24-00_Lastarria_VIIRS375_VRP.png,2026-07-01 10:01:23,2026-07-01 10:01:23,NO,mixto,alta,False,roi_temporal_v26,"Estrella verde en Y=283 -> 1.49 km (límite 3.0 km, geometría medida)",29.2,,,,
1782801720,2026-06-30 06:42:00,2026-06-30 02:42:00,Lastarria,VIIRS375,0.07,1.62,ALERTA_TERMICA_OCR,Muy Bajo,imagenes_satelitales/Lastarria/2026-06-30/06-42-00_Lastarria_VIIRS375_VRP.png,2026-06-30 16:01:25,2026-06-30 16:01:25,NO,mixto,alta,False,roi_temporal_v26,"Estrella verde en Y=283 -> 1.62 km (límite 3.0 km, geometría medida)",29.2,,,,
1782795600,2026-06-30 05:00:00,2026-06-30 01:00:00,Tupungatito,VIIRS375,0.23,4.86,ALERTA_TERMICA_OCR,Muy Bajo,imagenes_satelitales/Tupungatito/2026-06-30/05-00-00_Tupungatito_VIIRS375_VRP.png,2026-06-30 10:31:14,2026-06-30 10:31:14,NO,mixto,alta,False,roi_temporal_v26,"Estrella verde en Y=259 -> 4.86 km (límite 7.0 km, geometría medida)",29.2,,,,
1782754920,2026-06-29 17:42:00,2026-06-29 13:42:00,Lastarria,VIIRS375,4.01,2.7,ALERTA_TERMICA_OCR,Bajo,imagenes_satelitales/Lastarria/2026-06-29/17-42-00_Lastarria_VIIRS375_VRP.png,2026-06-30 09:01:15,2026-06-30 09:01:15,NO,mixto,alta,False,roi_temporal_v26,"Estrella verde en Y=275 -> 2.70 km (límite 3.0 km, geometría medida)",29.2,,,,
1782710640,2026-06-29 05:24:00,2026-06-29 01:24:00,Puyehue-Cordon Caulle,VIIRS375,0.15,4.05,ALERTA_TERMICA_OCR,Muy Bajo,imagenes_satelitales/Puyehue-Cordon_Caulle/2026-06-29/05-24-00_Puyehue-Cordon_Caulle_VIIRS375_VRP.png,2026-06-29 10:02:25,2026-06-29 10:02:25,NO,mixto,alta,False,roi_temporal_v26,"Grupo píxeles rojos Y=265 (área=31 px², dist≈4.05 km, geometría medida)",29.2,,,,
1782708122,2026-06-29 04:42:02,2026-06-29 00:42:02,Lastarria,VIIRS,1.0,24.42,FALSO_POSITIVO_OCR,Bajo,imagenes_satelitales/Lastarria/2026-06-29/04-42-02_Lastarria_VIIRS750_VRP.png,2026-06-29 05:31:21,2026-06-29 05:31:21,AUTO,mixto,baja,False,roi_temporal_v26,"Estrella verde en Y=364 -> 0.00 km (límite 3.0 km, geometría medida) | ⚠️ VRP truncado por MIROVA en VIIRS: real ∈ [1, 2) MW (±1) | RECONCILIADO 2026-06-29: latest.php (MIROVA) = FALSO_POSITIVO @ 24.42 km (el OCR lo tenía como ALERTA por mala ubicación).",29.2,,,,
1782671041,2026-06-28 18:24:01,2026-06-28 14:24:01,Lastarria,VIIRS375,4.31,1.62,ALERTA_TERMICA_OCR,Bajo,imagenes_satelitales/Lastarria/2026-06-28/18-24-01_Lastarria_VIIRS375_VRP.png,2026-06-28 18:31:21,2026-06-28 18:31:21,NO,mixto,alta,False,roi_temporal_v26,"Grupo píxeles rojos Y=283 (área=31 px², dist≈1.62 km, geometría medida)",29.2,,,,
1782671041,2026-06-28 18:24:01,2026-06-28 14:24:01,Lascar,VIIRS375,1.29,1.08,ALERTA_TERMICA_OCR,Bajo,imagenes_satelitales/Lascar/2026-06-28/18-24-01_Lascar_VIIRS375_VRP.png,2026-06-28 18:31:14,2026-06-28 18:31:14,NO,mixto,alta,False,roi_temporal_v26,"Grupo píxeles rojos Y=287 (área=39 px², dist≈1.08 km, geometría medida)",29.2,,,,
1782669960,2026-06-28 18:06:00,2026-06-28 14:06:00,Lastarria,VIIRS375,1.51,2.31,ALERTA_TERMICA_OCR,Bajo,imagenes_satelitales/Lastarria/2026-06-28/18-06-00_Lastarria_VIIRS375_VRP.png,2026-06-29 10:01:57,2026-06-29 10:01:57,NO,mixto,alta,False,roi_temporal_v26,"Estrella verde en Y=277 -> 2.31 km (límite 3.0 km, geometría medida)",29.2,,,,
1782667802,2026-06-28 17:30:02,2026-06-28 13:30:02,Lastarria,VIIRS375,4.58,2.31,ALERTA_TERMICA_OCR,Bajo,imagenes_satelitales/Lastarria/2026-06-28/17-30-02_Lastarria_VIIRS375_VRP.png,2026-06-29 10:01:57,2026-06-29 10:01:57,NO,mixto,alta,False,roi_temporal_v26,"Estrella verde en Y=277 -> 2.31 km (límite 3.0 km, geometría medida)",29.2,,,,
1782667802,2026-06-28 17:30:02,2026-06-28 13:30:02,Lascar,VIIRS375,5.05,1.62,ALERTA_TERMICA_OCR,Bajo,imagenes_satelitales/Lascar/2026-06-28/17-30-02_Lascar_VIIRS375_VRP.png,2026-06-29 09:01:20,2026-06-29 09:01:20,NO,mixto,alta,False,roi_temporal_v26,"Estrella verde en Y=283 -> 1.62 km (límite 5.0 km, geometría medida)",29.2,,,,
1782626401,2026-06-28 06:00:01,2026-06-28 02:00:01,Puyehue-Cordon Caulle,VIIRS375,0.03,7.84,ALERTA_TERMICA_OCR,Muy Bajo,imagenes_satelitales/Puyehue-Cordon_Caulle/2026-06-28/06-00-01_Puyehue-Cordon_Caulle_VIIRS375_VRP.png,2026-06-28 06:35:02,2026-06-28 06:35:02,NO,mixto,media,False,roi_temporal_v26,"Estrella gris en Y=237 -> 7.84 km (límite 20.0 km, geometría medida) | detección débil sub-umbral MIROVA",29.2,,,,
1782626401,2026-06-28 06:00:01,2026-06-28 02:00:01,PlanchonPeteroa,VIIRS375,0.29,0.68,ALERTA_TERMICA_OCR,Muy Bajo,imagenes_satelitales/PlanchonPeteroa/2026-06-28/06-00-01_PlanchonPeteroa_VIIRS375_VRP.png,2026-06-28 06:34:43,2026-06-28 06:34:43,NO,mixto,alta,False,roi_temporal_v26,"Grupo píxeles rojos Y=290 (área=8 px², dist≈0.68 km, geometría medida)",29.2,,,,
1782626401,2026-06-28 06:00:01,2026-06-28 02:00:01,Tupungatito,VIIRS375,0.15,5.27,ALERTA_TERMICA_OCR,Muy Bajo,imagenes_satelitales/Tupungatito/2026-06-28/06-00-01_Tupungatito_VIIRS375_VRP.png,2026-06-28 06:34:37,2026-06-28 06:34:37,NO,mixto,alta,False,roi_temporal_v26,"Estrella verde en Y=256 -> 5.27 km (límite 7.0 km, geometría medida)",29.2,,,,
1782626041,2026-06-28 05:54:01,2026-06-28 01:54:01,Isluga,VIIRS375,0.24,0.95,ALERTA_TERMICA_OCR,Muy Bajo,imagenes_satelitales/Isluga/2026-06-28/05-54-01_Isluga_VIIRS375_VRP.png,2026-06-28 06:34:19,2026-06-28 06:34:19,NO,mixto,alta,False,roi_temporal_v26,"Estrella verde en Y=288 -> 0.95 km (límite 5.0 km, geometría medida)",29.2,,,,
1782626041,2026-06-28 05:54:01,2026-06-28 01:54:01,Lastarria,VIIRS375,0.09,2.7,ALERTA_TERMICA_OCR,Muy Bajo,imagenes_satelitales/Lastarria/2026-06-28/05-54-01_Lastarria_VIIRS375_VRP.png,2026-06-28 06:34:31,2026-06-28 06:34:31,NO,mixto,alta,False,roi_temporal_v26,"Estrella verde en Y=275 -> 2.70 km (límite 3.0 km, geometría medida)",29.2,,,,
1782626041,2026-06-28 05:54:01,2026-06-28 01:54:01,Lascar,VIIRS375,0.59,1.62,ALERTA_TERMICA_OCR,Muy Bajo,imagenes_satelitales/Lascar/2026-06-28/05-54-01_Lascar_VIIRS375_VRP.png,2026-06-28 06:34:25,2026-06-28 06:34:25,NO,mixto,alta,False,roi_temporal_v26,"Estrella verde en Y=283 -> 1.62 km (límite 5.0 km, geometría medida)",29.2,,,,
1782624960,2026-06-28 05:36:00,2026-06-28 01:36:00,Lascar,VIIRS375,0.75,1.62,ALERTA_TERMICA_OCR,Muy Bajo,imagenes_satelitales/Lascar/2026-06-28/05-36-00_Lascar_VIIRS375_VRP.png,2026-06-28 07:56:50,2026-06-28 07:56:50,NO,mixto,alta,False,roi_temporal_v26,"Estrella verde en Y=283 -> 1.62 km (límite 5.0 km, geometría medida)",29.2,,,,
1782624960,2026-06-28 05:36:00,2026-06-28 01:36:00,Lastarria,VIIRS375,0.48,2.7,ALERTA_TERMICA_OCR,Muy Bajo,imagenes_satelitales/Lastarria/2026-06-28/05-36-00_Lastarria_VIIRS375_VRP.png,2026-06-28 07:56:57,2026-06-28 07:56:57,NO,mixto,alta,False,roi_temporal_v26,"Estrella verde en Y=275 -> 2.70 km (límite 3.0 km, geometría medida)",29.2,,,,
1782623162,2026-06-28 05:06:02,2026-06-28 01:06:02,Puyehue-Cordon Caulle,VIIRS375,0.5,8.24,ALERTA_TERMICA_OCR,Muy Bajo,imagenes_satelitales/Puyehue-Cordon_Caulle/2026-06-28/05-06-02_Puyehue-Cordon_Caulle_VIIRS375_VRP.png,2026-06-28 04:31:38,2026-06-28 04:31:38,NO,mixto,alta,False,roi_temporal_v26,"Estrella verde en Y=234 -> 8.24 km (límite 20.0 km, geometría medida)",29.2,,,,
1782539640,2026-06-27 05:54:00,2026-06-27 01:54:00,Lastarria,VIIRS375,0.05,1.22,ALERTA_TERMICA_OCR,Muy Bajo,imagenes_satelitales/Lastarria/2026-06-27/05-54-00_Lastarria_VIIRS375_VRP.png,2026-06-27 09:01:20,2026-06-27 09:01:20,NO,mixto,media,False,roi_temporal_v26,"Estrella gris en Y=286 -> 1.22 km (límite 3.0 km, geometría medida) | detección débil sub-umbral MIROVA",29.2,,,,
1782539640,2026-06-27 05:54:00,2026-06-27 01:54:00,Isluga,VIIRS375,0.25,0.81,ALERTA_TERMICA_OCR,Muy Bajo,imagenes_satelitales/Isluga/2026-06-27/05-54-00_Isluga_VIIRS375_VRP.png,2026-06-27 09:01:07,2026-06-27 09:01:07,NO,mixto,alta,False,roi_temporal_v26,"Grupo píxeles rojos Y=289 (área=32 px², dist≈0.81 km, geometría medida)",29.2,,,,
1782539640,2026-06-27 05:54:00,2026-06-27 01:54:00,Lascar,VIIRS375,0.91,1.62,ALERTA_TERMICA_OCR,Muy Bajo,imagenes_satelitales/Lascar/2026-06-27/05-54-00_Lascar_VIIRS375_VRP.png,2026-06-27 09:01:14,2026-06-27 09:01:14,NO,mixto,alta,False,roi_temporal_v26,"Estrella verde en Y=283 -> 1.62 km (límite 5.0 km, geometría medida)",29.2,,,,
1782539640,2026-06-27 05:54:00,2026-06-27 01:54:00,Lascar,VIIRS,1.0,1.08,ALERTA_TERMICA_OCR,Bajo,imagenes_satelitales/Lascar/2026-06-27/05-54-00_Lascar_VIIRS750_VRP.png,2026-06-27 08:31:22,2026-06-27 08:31:22,NO,mixto,alta,False,roi_temporal_v26,"Grupo píxeles rojos Y=287 (área=37 px², dist≈1.08 km, geometría medida) | ⚠️ VRP truncado por MIROVA en VIIRS: real ∈ [1, 2) MW (±1)",29.2,,,,
1782524100,2026-06-27 01:35:00,2026-06-26 21:35:00,Lascar,MODIS,1.0,1.49,ALERTA_TERMICA_OCR,Bajo,imagenes_satelitales/Lascar/2026-06-27/01-35-00_Lascar_MODIS_VRP.png,2026-06-27 00:01:18,2026-06-27 00:01:18,NO,mixto,alta,False,roi_temporal_v26,"Estrella verde en Y=284 -> 1.49 km (límite 5.0 km, geometría medida) | ⚠️ VRP truncado por MIROVA en MODIS: real ∈ [1, 2) MW (±1)",29.2,,,,
1782367202,2026-06-25 06:00:02,2026-06-25 02:00:02,Tupungatito,VIIRS375,0.16,4.86,ALERTA_TERMICA_OCR,Muy Bajo,imagenes_satelitales/Tupungatito/2026-06-25/06-00-02_Tupungatito_VIIRS375_VRP.png,2026-06-25 12:01:26,2026-06-25 12:01:26,NO,mixto,alta,False,roi_temporal_v26,"Estrella verde en Y=259 -> 4.86 km (límite 7.0 km, geometría medida)",29.2,,,,
1782367202,2026-06-25 06:00:02,2026-06-25 02:00:02,Lascar,VIIRS375,1.18,1.62,ALERTA_TERMICA_OCR,Bajo,imagenes_satelitales/Lascar/2026-06-25/06-00-02_Lascar_VIIRS375_VRP.png,2026-06-25 12:01:15,2026-06-25 12:01:15,NO,mixto,alta,False,roi_temporal_v26,"Estrella verde en Y=283 -> 1.62 km (límite 5.0 km, geometría medida)",29.2,,,,
1782367202,2026-06-25 06:00:02,2026-06-25 02:00:02,PlanchonPeteroa,VIIRS375,0.32,2.03,ALERTA_TERMICA_OCR,Muy Bajo,imagenes_satelitales/PlanchonPeteroa/2026-06-25/06-00-02_PlanchonPeteroa_VIIRS375_VRP.png,2026-06-25 12:01:31,2026-06-25 12:01:31,NO,mixto,alta,False,roi_temporal_v26,"Estrella verde en Y=280 -> 2.03 km (límite 3.0 km, geometría medida)",29.2,,,,
1782367202,2026-06-25 06:00:02,2026-06-25 02:00:02,Lastarria,VIIRS375,0.11,2.31,ALERTA_TERMICA_OCR,Muy Bajo,imagenes_satelitales/Lastarria/2026-06-25/06-00-02_Lastarria_VIIRS375_VRP.png,2026-06-25 12:01:21,2026-06-25 12:01:21,NO,mixto,alta,False,roi_temporal_v26,"Estrella verde en Y=277 -> 2.31 km (límite 3.0 km, geometría medida)",29.2,,,,
1782363240,2026-06-25 04:54:00,2026-06-25 00:54:00,Lascar,VIIRS375,0.51,1.62,ALERTA_TERMICA_OCR,Muy Bajo,imagenes_satelitales/Lascar/2026-06-25/04-54-00_Lascar_VIIRS375_VRP.png,2026-06-25 13:01:08,2026-06-25 13:01:08,NO,mixto,alta,False,roi_temporal_v26,"Estrella verde en Y=283 -> 1.62 km (límite 5.0 km, geometría medida)",29.2,,,,
1782363240,2026-06-25 04:54:00,2026-06-25 00:54:00,Tupungatito,VIIRS375,0.69,4.86,ALERTA_TERMICA_OCR,Muy Bajo,imagenes_satelitales/Tupungatito/2026-06-25/04-54-00_Tupungatito_VIIRS375_VRP.png,2026-06-25 13:01:18,2026-06-25 13:01:18,NO,mixto,alta,False,roi_temporal_v26,"Estrella verde en Y=259 -> 4.86 km (límite 7.0 km, geometría medida)",29.2,,,,
1782324001,2026-06-24 18:00:01,2026-06-24 14:00:01,Lascar,VIIRS375,1.96,1.89,ALERTA_TERMICA_OCR,Bajo,imagenes_satelitales/Lascar/2026-06-24/18-00-01_Lascar_VIIRS375_VRP.png,2026-06-25 09:01:10,2026-06-25 09:01:10,NO,mixto,alta,False,roi_temporal_v26,"Estrella verde en Y=281 -> 1.89 km (límite 5.0 km, geometría medida)",29.2,,,,
1782322560,2026-06-24 17:36:00,2026-06-24 13:36:00,Lascar,VIIRS375,5.09,1.89,ALERTA_TERMICA_OCR,Bajo,imagenes_satelitales/Lascar/2026-06-24/17-36-00_Lascar_VIIRS375_VRP.png,2026-06-25 09:01:10,2026-06-25 09:01:10,NO,mixto,alta,False,roi_temporal_v26,"Estrella verde en Y=281 -> 1.89 km (límite 5.0 km, geometría medida)",29.2,,,,
1782277920,2026-06-24 05:12:00,2026-06-24 01:12:00,Lascar,VIIRS375,0.72,1.62,ALERTA_TERMICA_OCR,Muy Bajo,imagenes_satelitales/Lascar/2026-06-24/05-12-00_Lascar_VIIRS375_VRP.png,2026-06-24 07:01:14,2026-06-24 07:01:14,NO,mixto,alta,False,roi_temporal_v26,"Estrella verde en Y=283 -> 1.62 km (límite 5.0 km, geometría medida)",29.2,,,,
1782238681,2026-06-23 18:18:01,2026-06-23 14:18:01,Lascar,VIIRS375,1.4,29.78,FALSO_POSITIVO_OCR,Bajo,imagenes_satelitales/Lascar/2026-06-23/18-18-01_Lascar_VIIRS375_VRP.png,2026-06-23 19:01:08,2026-06-23 19:01:08,AUTO,mixto,baja,False,roi_temporal_v26,"Grupo píxeles rojos Y=287 (área=10 px², dist≈1.08 km, geometría medida) | RECONCILIADO 2026-06-23: latest.php (MIROVA) = FALSO_POSITIVO @ 29.78 km (el OCR lo tenía como ALERTA por mala ubicación).",29.2,,,,
1782238681,2026-06-23 18:18:01,2026-06-23 14:18:01,Isluga,VIIRS375,2.41,18.62,FALSO_POSITIVO_OCR,Bajo,imagenes_satelitales/Isluga/2026-06-23/18-18-01_Isluga_VIIRS375_VRP.png,2026-06-23 19:01:02,2026-06-23 19:01:02,AUTO,mixto,baja,False,roi_temporal_v26,"Grupo píxeles rojos Y=290 (área=8 px², dist≈0.68 km, geometría medida) | RECONCILIADO 2026-06-23: latest.php (MIROVA) = FALSO_POSITIVO @ 18.62 km (el OCR lo tenía como ALERTA por mala ubicación).",29.2,,,,
1782237600,2026-06-23 18:00:00,2026-06-23 14:00:00,Lascar,VIIRS375,2.13,30.0,FALSO_POSITIVO_OCR,Bajo,imagenes_satelitales/Lascar/2026-06-23/18-00-00_Lascar_VIIRS375_VRP.png,2026-06-23 18:23:38,2026-06-23 18:23:38,AUTO,mixto,baja,False,roi_temporal_v26,"Grupo píxeles rojos Y=287 (área=31 px², dist≈1.08 km, geometría medida) | RECONCILIADO 2026-06-23: latest.php (MIROVA) = FALSO_POSITIVO @ 30.0 km (el OCR lo tenía como ALERTA por mala ubicación).",29.2,,,,
1782237240,2026-06-23 17:54:00,2026-06-23 13:54:00,Lastarria,VIIRS375,2.3,10.67,FALSO_POSITIVO_OCR,Bajo,imagenes_satelitales/Lastarria/2026-06-23/17-54-00_Lastarria_VIIRS375_VRP.png,2026-06-23 18:23:43,2026-06-23 18:23:43,AUTO,mixto,baja,False,roi_temporal_v26,"Grupo píxeles rojos Y=288 (área=37 px², dist≈0.95 km, geometría medida) | RECONCILIADO 2026-06-23: latest.php (MIROVA) = FALSO_POSITIVO @ 10.67 km (el OCR lo tenía como ALERTA por mala ubicación).",29.2,,,,
1782194041,2026-06-23 05:54:01,2026-06-23 01:54:01,PlanchonPeteroa,VIIRS375,0.23,1.22,ALERTA_TERMICA_OCR,Muy Bajo,imagenes_satelitales/PlanchonPeteroa/2026-06-23/05-54-01_PlanchonPeteroa_VIIRS375_VRP.png,2026-06-23 06:01:27,2026-06-23 06:01:27,NO,mixto,alta,False,roi_temporal_v26,"Grupo píxeles rojos Y=286 (área=30 px², dist≈1.22 km, geometría medida)",29.2,,,,
1782193681,2026-06-23 05:48:01,2026-06-23 01:48:01,Lastarria,VIIRS375,0.05,0.95,ALERTA_TERMICA_OCR,Muy Bajo,imagenes_satelitales/Lastarria/2026-06-23/05-48-01_Lastarria_VIIRS375_VRP.png,2026-06-23 05:31:21,2026-06-23 05:31:21,NO,mixto,alta,False,roi_temporal_v26,"Grupo píxeles rojos Y=288 (área=32 px², dist≈0.95 km, geometría medida)",29.2,,,,
1782066960,2026-06-21 18:36:00,2026-06-21 14:36:00,Isluga,VIIRS,37.0,0.81,ALERTA_TERMICA_OCR,Moderado,imagenes_satelitales/Isluga/2026-06-21/18-36-00_Isluga_VIIRS750_VRP.png,2026-06-22 06:31:13,2026-06-22 06:31:13,NO,mixto,alta,False,roi_temporal_v26,"Estrella verde en Y=289 -> 0.81 km (límite 5.0 km, geometría medida) | ⚠️ VRP truncado por MIROVA en VIIRS: real ∈ [37, 38) MW (±1)",29.2,,,,
1782019802,2026-06-21 05:30:02,2026-06-21 01:30:02,Lascar,VIIRS,1.0,1.76,ALERTA_TERMICA_OCR,Bajo,imagenes_satelitales/Lascar/2026-06-21/05-30-02_Lascar_VIIRS750_VRP.png,2026-06-21 05:31:10,2026-06-21 05:31:10,NO,mixto,alta,False,roi_temporal_v26,"Estrella verde en Y=282 -> 1.76 km (límite 5.0 km, geometría medida) | ⚠️ VRP truncado por MIROVA en VIIRS: real ∈ [1, 2) MW (±1)",29.2,,,,
1781845560,2026-06-19 05:06:00,2026-06-19 01:06:00,Tupungatito,VIIRS375,0.28,4.86,ALERTA_TERMICA_OCR,Muy Bajo,imagenes_satelitales/Tupungatito/2026-06-19/05-06-00_Tupungatito_VIIRS375_VRP.png,2026-06-19 13:01:15,2026-06-19 13:01:15,NO,mixto,alta,False,roi_temporal_v26,"Estrella verde en Y=259 -> 4.86 km (límite 7.0 km, geometría medida)",29.2,,,,
1781843762,2026-06-19 04:36:02,2026-06-19 00:36:02,Puyehue-Cordon Caulle,VIIRS375,0.03,4.32,ALERTA_TERMICA_OCR,Muy Bajo,imagenes_satelitales/Puyehue-Cordon_Caulle/2026-06-19/04-36-02_Puyehue-Cordon_Caulle_VIIRS375_VRP.png,2026-06-19 10:31:32,2026-06-19 10:31:32,NO,mixto,alta,False,roi_temporal_v26,"Grupo píxeles rojos Y=263 (área=31 px², dist≈4.32 km, geometría medida)",29.2,,,,
1781761321,2026-06-18 05:42:01,2026-06-18 01:42:01,Isluga,VIIRS375,0.15,0.41,ALERTA_TERMICA_OCR,Muy Bajo,imagenes_satelitales/Isluga/2026-06-18/05-42-01_Isluga_VIIRS375_VRP.png,2026-06-18 10:31:56,2026-06-18 10:31:56,NO,mixto,alta,False,roi_temporal_v26,"Estrella verde en Y=292 -> 0.41 km (límite 5.0 km, geometría medida)",29.2,,,,
1781721001,2026-06-17 18:30:01,2026-06-17 14:30:01,Lascar,VIIRS375,0.5,29.78,FALSO_POSITIVO_OCR,Muy Bajo,imagenes_satelitales/Lascar/2026-06-17/18-30-01_Lascar_VIIRS375_VRP.png,2026-06-17 23:31:12,2026-06-17 23:31:12,AUTO,mixto,baja,False,roi_temporal_v26,"Grupo píxeles rojos Y=287 (área=4 px², dist≈0.95 km, geometría medida) | RECONCILIADO 2026-06-18: latest.php (MIROVA) = FALSO_POSITIVO @ 29.78 km (el OCR lo tenía como ALERTA por mala ubicación).",29.2,,,,
1781676361,2026-06-17 06:06:01,2026-06-17 02:06:01,Chaiten,VIIRS375,0.08,0.41,ALERTA_TERMICA_OCR,Muy Bajo,imagenes_satelitales/Chaiten/2026-06-17/06-06-01_Chaiten_VIIRS375_VRP.png,2026-06-17 07:15:30,2026-06-17 07:15:30,NO,mixto,alta,False,roi_temporal_v26,"Estrella verde en Y=292 -> 0.41 km (límite 5.0 km, geometría medida)",29.2,,,,
1781676001,2026-06-17 06:00:01,2026-06-17 02:00:01,Lascar,VIIRS,1.0,1.62,ALERTA_TERMICA_OCR,Bajo,imagenes_satelitales/Lascar/2026-06-17/06-00-01_Lascar_VIIRS750_VRP.png,2026-06-17 10:01:36,2026-06-17 10:01:36,NO,mixto,alta,False,roi_temporal_v26,"Estrella verde en Y=283 -> 1.62 km (límite 5.0 km, geometría medida) | ⚠️ VRP truncado por MIROVA en VIIRS: real ∈ [1, 2) MW (±1)",29.2,,,,
1781675280,2026-06-17 05:48:00,2026-06-17 01:48:00,PlanchonPeteroa,VIIRS375,0.38,2.03,ALERTA_TERMICA_OCR,Muy Bajo,imagenes_satelitales/PlanchonPeteroa/2026-06-17/05-48-00_PlanchonPeteroa_VIIRS375_VRP.png,2026-06-17 18:31:25,2026-06-17 18:31:25,NO,mixto,alta,False,roi_temporal_v26,"Estrella verde en Y=280 -> 2.03 km (límite 3.0 km, geometría medida)",29.2,,,,
1781674920,2026-06-17 05:42:00,2026-06-17 01:42:00,Lascar,VIIRS375,0.82,1.62,ALERTA_TERMICA_OCR,Muy Bajo,imagenes_satelitales/Lascar/2026-06-17/05-42-00_Lascar_VIIRS375_VRP.png,2026-06-17 18:01:21,2026-06-17 18:01:21,NO,mixto,alta,False,roi_temporal_v26,"Estrella verde en Y=283 -> 1.62 km (límite 5.0 km, geometría medida)",29.2,,,,
1781674920,2026-06-17 05:42:00,2026-06-17 01:42:00,Isluga,VIIRS375,0.33,0.95,ALERTA_TERMICA_OCR,Muy Bajo,imagenes_satelitales/Isluga/2026-06-17/05-42-00_Isluga_VIIRS375_VRP.png,2026-06-17 18:31:09,2026-06-17 18:31:09,NO,mixto,alta,False,roi_temporal_v26,"Estrella verde en Y=288 -> 0.95 km (límite 5.0 km, geometría medida)",29.2,,,,
1781674920,2026-06-17 05:42:00,2026-06-17 01:42:00,Lastarria,VIIRS375,0.09,2.43,ALERTA_TERMICA_OCR,Muy Bajo,imagenes_satelitales/Lastarria/2026-06-17/05-42-00_Lastarria_VIIRS375_VRP.png,2026-06-17 18:01:27,2026-06-17 18:01:27,NO,mixto,alta,False,roi_temporal_v26,"Estrella verde en Y=277 -> 2.43 km (límite 3.0 km, geometría medida)",29.2,,,,
1781673122,2026-06-17 05:12:02,2026-06-17 01:12:02,Chaiten,VIIRS375,0.19,0.41,ALERTA_TERMICA_OCR,Muy Bajo,imagenes_satelitales/Chaiten/2026-06-17/05-12-02_Chaiten_VIIRS375_VRP.png,2026-06-17 09:02:15,2026-06-17 09:02:15,NO,mixto,alta,False,roi_temporal_v26,"Estrella verde en Y=292 -> 0.41 km (límite 5.0 km, geometría medida)",29.2,,,,
1781673122,2026-06-17 05:12:02,2026-06-17 01:12:02,Puyehue-Cordon Caulle,VIIRS375,0.53,7.84,ALERTA_TERMICA_OCR,Muy Bajo,imagenes_satelitales/Puyehue-Cordon_Caulle/2026-06-17/05-12-02_Puyehue-Cordon_Caulle_VIIRS375_VRP.png,2026-06-17 09:02:09,2026-06-17 09:02:09,NO,mixto,alta,False,roi_temporal_v26,"Estrella verde en Y=237 -> 7.84 km (límite 20.0 km, geometría medida)",29.2,,,,
1781673122,2026-06-17 05:12:02,2026-06-17 01:12:02,PlanchonPeteroa,VIIRS375,0.04,2.03,ALERTA_TERMICA_OCR,Muy Bajo,imagenes_satelitales/PlanchonPeteroa/2026-06-17/05-12-02_PlanchonPeteroa_VIIRS375_VRP.png,2026-06-17 09:01:49,2026-06-17 09:01:49,NO,mixto,alta,False,roi_temporal_v26,"Estrella verde en Y=280 -> 2.03 km (límite 3.0 km, geometría medida)",29.2,,,,
1781672762,2026-06-17 05:06:02,2026-06-17 01:06:02,Lastarria,VIIRS375,0.46,2.43,ALERTA_TERMICA_OCR,Muy Bajo,imagenes_satelitales/Lastarria/2026-06-17/05-06-02_Lastarria_VIIRS375_VRP.png,2026-06-17 09:01:40,2026-06-17 09:01:40,NO,mixto,alta,False,roi_temporal_v26,"Estrella verde en Y=277 -> 2.43 km (límite 3.0 km, geometría medida)",29.2,,,,
1781672762,2026-06-17 05:06:02,2026-06-17 01:06:02,Lascar,VIIRS375,0.58,1.62,ALERTA_TERMICA_OCR,Muy Bajo,imagenes_satelitales/Lascar/2026-06-17/05-06-02_Lascar_VIIRS375_VRP.png,2026-06-17 09:01:34,2026-06-17 09:01:34,NO,mixto,alta,False,roi_temporal_v26,"Estrella verde en Y=283 -> 1.62 km (límite 5.0 km, geometría medida)",29.2,,,,
1781672762,2026-06-17 05:06:02,2026-06-17 01:06:02,Isluga,VIIRS375,1.64,0.95,ALERTA_TERMICA_OCR,Bajo,imagenes_satelitales/Isluga/2026-06-17/05-06-02_Isluga_VIIRS375_VRP.png,2026-06-17 09:01:27,2026-06-17 09:01:27,NO,mixto,alta,False,roi_temporal_v26,"Estrella verde en Y=288 -> 0.95 km (límite 5.0 km, geometría medida)",29.2,,,,
1781632442,2026-06-16 17:54:02,2026-06-16 13:54:02,Lastarria,VIIRS375,0.81,2.43,ALERTA_TERMICA_OCR,Muy Bajo,imagenes_satelitales/Lastarria/2026-06-16/17-54-02_Lastarria_VIIRS375_VRP.png,2026-06-17 07:15:00,2026-06-17 07:15:00,NO,mixto,alta,False,roi_temporal_v26,"Estrella verde en Y=277 -> 2.43 km (límite 3.0 km, geometría medida)",29.2,,,,
1781589960,2026-06-16 06:06:00,2026-06-16 02:06:00,Villarrica,VIIRS375,0.46,0.95,ALERTA_TERMICA_OCR,Muy Bajo,imagenes_satelitales/Villarrica/2026-06-16/06-06-00_Villarrica_VIIRS375_VRP.png,2026-06-16 10:31:55,2026-06-16 10:31:55,NO,mixto,alta,False,roi_temporal_v26,"Grupo píxeles rojos Y=288 (área=31 px², dist≈0.95 km, geometría medida)",29.2,,,,
1781589960,2026-06-16 06:06:00,2026-06-16 02:06:00,Puyehue-Cordon Caulle,VIIRS375,0.19,7.7,ALERTA_TERMICA_OCR,Muy Bajo,imagenes_satelitales/Puyehue-Cordon_Caulle/2026-06-16/06-06-00_Puyehue-Cordon_Caulle_VIIRS375_VRP.png,2026-06-16 10:32:00,2026-06-16 10:32:00,NO,mixto,alta,False,roi_temporal_v26,"Estrella verde en Y=238 -> 7.70 km (límite 20.0 km, geometría medida)",29.2,,,,
1781589960,2026-06-16 06:06:00,2026-06-16 02:06:00,PlanchonPeteroa,VIIRS375,0.74,2.03,ALERTA_TERMICA_OCR,Muy Bajo,imagenes_satelitales/PlanchonPeteroa/2026-06-16/06-06-00_PlanchonPeteroa_VIIRS375_VRP.png,2026-06-16 10:31:40,2026-06-16 10:31:40,NO,mixto,media,False,roi_temporal_v26,"Estrella gris en Y=280 -> 2.03 km (límite 3.0 km, geometría medida) | detección débil sub-umbral MIROVA",29.2,,,,
1781589600,2026-06-16 06:00:00,2026-06-16 02:00:00,Lascar,VIIRS375,0.73,1.08,ALERTA_TERMICA_OCR,Muy Bajo,imagenes_satelitales/Lascar/2026-06-16/06-00-00_Lascar_VIIRS375_VRP.png,2026-06-16 10:31:24,2026-06-16 10:31:24,NO,mixto,alta,False,roi_temporal_v26,"Grupo píxeles rojos Y=287 (área=31 px², dist≈1.08 km, geometría medida)",29.2,,,,
1781589600,2026-06-16 06:00:00,2026-06-16 02:00:00,Lastarria,VIIRS375,0.04,0.95,ALERTA_TERMICA_OCR,Muy Bajo,imagenes_satelitales/Lastarria/2026-06-16/06-00-00_Lastarria_VIIRS375_VRP.png,2026-06-16 10:31:30,2026-06-16 10:31:30,NO,mixto,alta,False,roi_temporal_v26,"Grupo píxeles rojos Y=287 (área=31 px², dist≈0.95 km, geometría medida)",29.2,,,,
1781589600,2026-06-16 06:00:00,2026-06-16 02:00:00,Isluga,VIIRS375,0.15,2.3,ALERTA_TERMICA_OCR,Muy Bajo,imagenes_satelitales/Isluga/2026-06-16/06-00-00_Isluga_VIIRS375_VRP.png,2026-06-16 10:31:18,2026-06-16 10:31:18,NO,mixto,alta,False,roi_temporal_v26,"Grupo píxeles rojos Y=278 (área=63 px², dist≈2.30 km, geometría medida)",29.2,,,,
1781587442,2026-06-16 05:24:02,2026-06-16 01:24:02,Lascar,VIIRS375,0.61,1.62,ALERTA_TERMICA_OCR,Muy Bajo,imagenes_satelitales/Lascar/2026-06-16/05-24-02_Lascar_VIIRS375_VRP.png,2026-06-16 06:31:13,2026-06-16 06:31:13,NO,mixto,alta,False,roi_temporal_v26,"Estrella verde en Y=283 -> 1.62 km (límite 5.0 km, geometría medida)",29.2,,,,
1781587442,2026-06-16 05:24:02,2026-06-16 01:24:02,Isluga,VIIRS375,0.52,4.19,ALERTA_TERMICA_OCR,Muy Bajo,imagenes_satelitales/Isluga/2026-06-16/05-24-02_Isluga_VIIRS375_VRP.png,2026-06-16 06:31:07,2026-06-16 06:31:07,NO,mixto,alta,False,roi_temporal_v26,"Estrella verde en Y=264 -> 4.19 km (límite 5.0 km, geometría medida)",29.2,,,,
1781547122,2026-06-15 18:12:02,2026-06-15 14:12:02,Lastarria,VIIRS375,2.79,10.67,FALSO_POSITIVO_OCR,Bajo,imagenes_satelitales/Lastarria/2026-06-15/18-12-02_Lastarria_VIIRS375_VRP.png,2026-06-15 18:31:44,2026-06-15 18:31:44,AUTO,mixto,baja,False,roi_temporal_v26,"Grupo píxeles rojos Y=284 (área=31 px², dist≈1.49 km, geometría medida) | RECONCILIADO 2026-06-15: latest.php (MIROVA) = FALSO_POSITIVO @ 10.67 km (el OCR lo tenía como ALERTA por mala ubicación).",29.2,,,,
1781544241,2026-06-15 17:24:01,2026-06-15 13:24:01,Lastarria,VIIRS375,19.26,1.49,ALERTA_TERMICA_OCR,Moderado,imagenes_satelitales/Lastarria/2026-06-15/17-24-01_Lastarria_VIIRS375_VRP.png,2026-06-15 17:01:25,2026-06-15 17:01:25,NO,mixto,alta,False,roi_temporal_v26,"Grupo píxeles rojos Y=284 (área=31 px², dist≈1.49 km, geometría medida)",29.2,,,,
1781544241,2026-06-15 17:24:01,2026-06-15 13:24:01,Lascar,VIIRS375,760.6,1.08,ALERTA_TERMICA_OCR,Alto,imagenes_satelitales/Lascar/2026-06-15/17-24-01_Lascar_VIIRS375_VRP.png,2026-06-15 17:01:18,2026-06-15 17:01:18,NO,mixto,alta,False,roi_temporal_v26,"Grupo píxeles rojos Y=287 (área=59 px², dist≈1.08 km, geometría medida)",29.2,,,,
1781504640,2026-06-15 06:24:00,2026-06-15 02:24:00,Puyehue-Cordon Caulle,VIIRS375,0.2,4.19,ALERTA_TERMICA_OCR,Muy Bajo,imagenes_satelitales/Puyehue-Cordon_Caulle/2026-06-15/06-24-00_Puyehue-Cordon_Caulle_VIIRS375_VRP.png,2026-06-15 18:32:20,2026-06-15 18:32:20,NO,mixto,alta,False,roi_temporal_v26,"Grupo píxeles rojos Y=264 (área=37 px², dist≈4.19 km, geometría medida)",29.2,,,,
1781502482,2026-06-15 05:48:02,2026-06-15 01:48:02,Villarrica,VIIRS375,0.54,0.81,ALERTA_TERMICA_OCR,Muy Bajo,imagenes_satelitales/Villarrica/2026-06-15/05-48-02_Villarrica_VIIRS375_VRP.png,2026-06-15 18:32:13,2026-06-15 18:32:13,NO,mixto,alta,False,roi_temporal_v26,"Grupo píxeles rojos Y=289 (área=31 px², dist≈0.81 km, geometría medida)",29.2,,,,
1781502482,2026-06-15 05:48:02,2026-06-15 01:48:02,PlanchonPeteroa,VIIRS375,0.29,1.35,ALERTA_TERMICA_OCR,Muy Bajo,imagenes_satelitales/PlanchonPeteroa/2026-06-15/05-48-02_PlanchonPeteroa_VIIRS375_VRP.png,2026-06-15 18:31:56,2026-06-15 18:31:56,NO,mixto,alta,False,roi_temporal_v26,"Grupo píxeles rojos Y=285 (área=43 px², dist≈1.35 km, geometría medida)",29.2,,,,
1781502122,2026-06-15 05:42:02,2026-06-15 01:42:02,Isluga,VIIRS375,0.26,0.54,ALERTA_TERMICA_OCR,Muy Bajo,imagenes_satelitales/Isluga/2026-06-15/05-42-02_Isluga_VIIRS375_VRP.png,2026-06-15 17:01:12,2026-06-15 17:01:12,NO,mixto,alta,False,roi_temporal_v26,"Grupo píxeles rojos Y=291 (área=36 px², dist≈0.54 km, geometría medida)",29.2,,,,
1781419320,2026-06-14 06:42:00,2026-06-14 02:42:00,Puyehue-Cordon Caulle,VIIRS375,0.1,3.51,ALERTA_TERMICA_OCR,Muy Bajo,imagenes_satelitales/Puyehue-Cordon_Caulle/2026-06-14/06-42-00_Puyehue-Cordon_Caulle_VIIRS375_VRP.png,2026-06-14 20:01:30,2026-06-14 20:01:30,NO,mixto,alta,False,roi_temporal_v26,"Grupo píxeles rojos Y=269 (área=50 px², dist≈3.51 km, geometría medida)",29.2,,,,
1781417162,2026-06-14 06:06:02,2026-06-14 02:06:02,Puyehue-Cordon Caulle,VIIRS375,0.12,3.51,ALERTA_TERMICA_OCR,Muy Bajo,imagenes_satelitales/Puyehue-Cordon_Caulle/2026-06-14/06-06-02_Puyehue-Cordon_Caulle_VIIRS375_VRP.png,2026-06-14 15:31:37,2026-06-14 15:31:37,NO,mixto,alta,False,roi_temporal_v26,"Grupo píxeles rojos Y=269 (área=50 px², dist≈3.51 km, geometría medida)",29.2,,,,
1781414641,2026-06-14 05:24:01,2026-06-14 01:24:01,Puyehue-Cordon Caulle,VIIRS375,0.32,8.24,ALERTA_TERMICA_OCR,Muy Bajo,imagenes_satelitales/Puyehue-Cordon_Caulle/2026-06-14/05-24-01_Puyehue-Cordon_Caulle_VIIRS375_VRP.png,2026-06-14 11:31:44,2026-06-14 11:31:44,NO,mixto,alta,False,roi_temporal_v26,"Estrella verde en Y=234 -> 8.24 km (límite 20.0 km, geometría medida)",29.2,,,,
1781413200,2026-06-14 05:00:00,2026-06-14 01:00:00,Lascar,VIIRS375,0.04,1.62,ALERTA_TERMICA_OCR,Muy Bajo,imagenes_satelitales/Lascar/2026-06-14/05-00-00_Lascar_VIIRS375_VRP.png,2026-06-14 18:31:12,2026-06-14 18:31:12,NO,mixto,alta,False,roi_temporal_v26,"Estrella verde en Y=283 -> 1.62 km (límite 5.0 km, geometría medida)",29.2,,,,
1781328961,2026-06-13 05:36:01,2026-06-13 01:36:01,Isluga,VIIRS375,0.3,0.0,ALERTA_TERMICA_OCR,Muy Bajo,imagenes_satelitales/Isluga/2026-06-13/05-36-01_Isluga_VIIRS375_VRP.png,2026-06-13 13:01:14,2026-06-13 13:01:14,NO,mixto,alta,False,roi_temporal_v26,"Estrella verde en Y=291 -> 0.54 km (límite 5.0 km, geometría medida)",29.1,,,,
1781328961,2026-06-13 05:36:01,2026-06-13 01:36:01,Lascar,VIIRS375,0.81,0.0,ALERTA_TERMICA_OCR,Muy Bajo,imagenes_satelitales/Lascar/2026-06-13/05-36-01_Lascar_VIIRS375_VRP.png,2026-06-13 13:01:20,2026-06-13 13:01:20,NO,mixto,alta,False,roi_temporal_v26,"Estrella verde en Y=283 -> 1.62 km (límite 5.0 km, geometría medida)",29.1,,,,
1781328961,2026-06-13 05:36:01,2026-06-13 01:36:01,Lastarria,VIIRS375,0.06,0.0,ALERTA_TERMICA_OCR,Muy Bajo,imagenes_satelitales/Lastarria/2026-06-13/05-36-01_Lastarria_VIIRS375_VRP.png,2026-06-13 13:01:27,2026-06-13 13:01:27,NO,mixto,alta,False,roi_temporal_v26,"Estrella verde en Y=278 -> 2.17 km (límite 3.0 km, geometría medida)",29.1,,,,
1781288281,2026-06-12 18:18:01,2026-06-12 14:18:01,Nevados de Chillan,VIIRS375,0.32,0.0,ALERTA_TERMICA_OCR,Muy Bajo,imagenes_satelitales/Nevados_de_Chillan/2026-06-12/18-18-01_Nevados_de_Chillan_VIIRS375_VRP.png,2026-06-13 00:31:31,2026-06-13 00:31:31,NO,mixto,alta,False,roi_temporal_v26,"Estrella verde en Y=264 -> 4.19 km (límite 5.0 km, geometría medida)",21.0,,,,
1781287200,2026-06-12 18:00:00,2026-06-12 14:00:00,Lastarria,VIIRS375,1.52,0.0,ALERTA_TERMICA_OCR,Bajo,imagenes_satelitales/Lastarria/2026-06-12/18-00-00_Lastarria_VIIRS375_VRP.png,2026-06-13 13:01:27,2026-06-13 13:01:27,NO,mixto,alta,False,roi_temporal_v26,"Estrella verde en Y=278 -> 2.17 km (límite 3.0 km, geometría medida)",29.1,,,,
1781242560,2026-06-12 05:36:00,2026-06-12 01:36:00,Lastarria,VIIRS375,0.06,0.0,ALERTA_TERMICA_OCR,Muy Bajo,imagenes_satelitales/Lastarria/2026-06-12/05-36-00_Lastarria_VIIRS375_VRP.png,2026-06-12 12:01:30,2026-06-12 12:01:30,NO,mixto,alta,False,roi_temporal_v26,"Estrella verde en Y=277 -> 2.31 km (lÃ­mite 3.0 km, geometrÃ­a medida)",21.0,,,,
1781242560,2026-06-12 05:36:00,2026-06-12 01:36:00,Lascar,VIIRS375,0.53,0.0,ALERTA_TERMICA_OCR,Muy Bajo,imagenes_satelitales/Lascar/2026-06-12/05-36-00_Lascar_VIIRS375_VRP.png,2026-06-12 12:01:22,2026-06-12 12:01:22,NO,mixto,alta,False,roi_temporal_v26,"Estrella verde en Y=283 -> 1.62 km (lÃ­mite 5.0 km, geometrÃ­a medida)",21.0,,,,
1781240762,2026-06-12 05:06:02,2026-06-12 01:06:02,Puyehue-Cordon Caulle,VIIRS375,0.12,0.0,ALERTA_TERMICA_OCR,Muy Bajo,imagenes_satelitales/Puyehue-Cordon_Caulle/2026-06-12/05-06-02_Puyehue-Cordon_Caulle_VIIRS375_VRP.png,2026-06-12 11:31:38,2026-06-12 11:31:38,NO,mixto,alta,False,roi_temporal_v26,"Grupo pÃ­xeles rojos Y=222 (Ã¡rea=31 pxÂ², distâ‰ˆ9.86 km, geometrÃ­a medida)",21.0,,,,
1781240402,2026-06-12 05:00:02,2026-06-12 01:00:02,Lascar,VIIRS375,1.04,0.0,ALERTA_TERMICA_OCR,Bajo,imagenes_satelitales/Lascar/2026-06-12/05-00-02_Lascar_VIIRS375_VRP.png,2026-06-12 12:01:22,2026-06-12 12:01:22,NO,mixto,alta,False,roi_temporal_v26,"Estrella verde en Y=283 -> 1.62 km (lÃ­mite 5.0 km, geometrÃ­a medida)",21.0,,,,
1781158681,2026-06-11 06:18:01,2026-06-11 02:18:01,PlanchonPeteroa,VIIRS375,1.34,22.01,FALSO_POSITIVO_OCR,Medio,imagenes_satelitales/PlanchonPeteroa/2026-06-11/06-18-01_PlanchonPeteroa_VIIRS375_VRP.png,2026-06-11 12:18:38,2026-06-11 12:18:38,SI,mixto,baja,False,roi_temporal_v26,"Grupo pÃ­xeles rojos Y=286 (Ã¡rea=41 pxÂ², distâ‰ˆ1.17 km) | RECLASIFICADO 2026-06-15: latest.php (MIROVA) confirma FALSO_POSITIVO @ 22.01 km; el OCR lo ubicó dentro de radio (error de estrella, pre-V29). Conservado como referencia MIROVA.",21.0,,,,
1781158321,2026-06-11 06:12:01,2026-06-11 02:12:01,Isluga,VIIRS375,0.06,0.0,ALERTA_TERMICA_OCR,Muy Bajo,imagenes_satelitales/Isluga/2026-06-11/06-12-01_Isluga_VIIRS375_VRP.png,2026-06-11 12:18:23,2026-06-11 12:18:23,NO,mixto,alta,False,roi_temporal_v26,"Estrella en Y=292 (dentro lÃ­mite Y=257, distâ‰ˆ0.39 km)",21.0,,,,
1781157240,2026-06-11 05:54:00,2026-06-11 01:54:00,Isluga,VIIRS375,0.21,0.0,ALERTA_TERMICA_OCR,Bajo,imagenes_satelitales/Isluga/2026-06-11/05-54-00_Isluga_VIIRS375_VRP.png,2026-06-11 15:41:46,2026-06-11 15:41:46,NO,mixto,alta,False,roi_temporal_v26,"Estrella en Y=292 (dentro lÃ­mite Y=257, distâ‰ˆ0.39 km)",21.0,,,,
1781072280,2026-06-10 06:18:00,2026-06-10 02:18:00,Puyehue-Cordon Caulle,VIIRS375,0.1,0.0,ALERTA_TERMICA_OCR,Muy Bajo,imagenes_satelitales/Puyehue-Cordon_Caulle/2026-06-10/06-18-00_Puyehue-Cordon_Caulle_VIIRS375_VRP.png,2026-06-10 12:01:45,2026-06-10 12:01:45,NO,mixto,alta,False,roi_temporal_v26,"Grupo pÃ­xeles rojos Y=265 (Ã¡rea=90 pxÂ², distâ‰ˆ12.51 km)",21.0,,,,
1781070122,2026-06-10 05:42:02,2026-06-10 01:42:02,Puyehue-Cordon Caulle,VIIRS375,0.06,0.0,ALERTA_TERMICA_OCR,Muy Bajo,imagenes_satelitales/Puyehue-Cordon_Caulle/2026-06-10/05-42-02_Puyehue-Cordon_Caulle_VIIRS375_VRP.png,2026-06-10 08:37:30,2026-06-10 08:37:30,NO,mixto,alta,False,roi_temporal_v26,"Grupo pÃ­xeles rojos Y=265 (Ã¡rea=31 pxÂ², distâ‰ˆ12.51 km)",21.0,,,,
1781069762,2026-06-10 05:36:02,2026-06-10 01:36:02,Isluga,VIIRS375,0.21,0.0,ALERTA_TERMICA_OCR,Bajo,imagenes_satelitales/Isluga/2026-06-10/05-36-02_Isluga_VIIRS375_VRP.png,2026-06-10 08:37:10,2026-06-10 08:37:10,NO,mixto,alta,False,roi_temporal_v26,"Grupo pÃ­xeles rojos Y=279 (Ã¡rea=31 pxÂ², distâ‰ˆ1.41 km)",21.0,,,,
1781066881,2026-06-10 04:48:01,2026-06-10 00:48:01,Isluga,VIIRS375,2.15,0.0,ALERTA_TERMICA_OCR,Medio,imagenes_satelitales/Isluga/2026-06-10/04-48-01_Isluga_VIIRS375_VRP.png,2026-06-10 06:31:26,2026-06-10 06:31:26,NO,mixto,alta,False,roi_temporal_v26,"Estrella en Y=267 (dentro lÃ­mite Y=257, distâ‰ˆ4.36 km)",21.0,,,,
1781066160,2026-06-10 04:36:00,2026-06-10 00:36:00,Copahue,VIIRS375,0.05,0.0,ALERTA_TERMICA_OCR,Muy Bajo,imagenes_satelitales/Copahue/2026-06-10/04-36-00_Copahue_VIIRS375_VRP.png,2026-06-10 10:01:49,2026-06-10 10:01:49,NO,mixto,alta,False,roi_temporal_v26,"Grupo pÃ­xeles rojos Y=278 (Ã¡rea=31 pxÂ², distâ‰ˆ0.70 km)",21.0,,,,
1780984442,2026-06-09 05:54:02,2026-06-09 01:54:02,Isluga,VIIRS375,0.08,0.0,ALERTA_TERMICA_OCR,Muy Bajo,imagenes_satelitales/Isluga/2026-06-09/05-54-02_Isluga_VIIRS375_VRP.png,2026-06-09 17:01:35,2026-06-09 17:01:35,NO,mixto,alta,False,roi_temporal_v26,"Grupo pÃ­xeles rojos Y=291 (Ã¡rea=30 pxÂ², distâ‰ˆ2.18 km)",21.0,,,,
1780899842,2026-06-08 06:24:02,2026-06-08 02:24:02,Puyehue-Cordon Caulle,VIIRS375,0.23,0.0,ALERTA_TERMICA_OCR,Bajo,imagenes_satelitales/Puyehue-Cordon_Caulle/2026-06-08/06-24-02_Puyehue-Cordon_Caulle_VIIRS375_VRP.png,2026-06-08 12:04:09,2026-06-08 12:04:09,NO,mixto,alta,False,roi_temporal_v26,"Grupo pÃ­xeles rojos Y=268 (Ã¡rea=49 pxÂ², distâ‰ˆ12.83 km)",21.0,,,,
1780899482,2026-06-08 06:18:02,2026-06-08 02:18:02,Lastarria,VIIRS375,0.17,0.0,ALERTA_TERMICA_OCR,Muy Bajo,imagenes_satelitales/Lastarria/2026-06-08/06-18-02_Lastarria_VIIRS375_VRP.png,2026-06-08 12:03:39,2026-06-08 12:03:39,NO,mixto,alta,False,roi_temporal_v26,"Estrella en Y=277 (dentro lÃ­mite Y=272, distâ‰ˆ2.76 km)",21.0,,,,
1780899482,2026-06-08 06:18:02,2026-06-08 02:18:02,Isluga,VIIRS375,0.37,0.0,ALERTA_TERMICA_OCR,Bajo,imagenes_satelitales/Isluga/2026-06-08/06-18-02_Isluga_VIIRS375_VRP.png,2026-06-08 12:03:48,2026-06-08 12:03:48,NO,mixto,alta,False,roi_temporal_v26,"Grupo pÃ­xeles rojos Y=285 (Ã¡rea=32 pxÂ², distâ‰ˆ1.79 km)",21.0,,,,
1780896961,2026-06-08 05:36:01,2026-06-08 01:36:01,Chaiten,VIIRS375,0.07,0.0,ALERTA_TERMICA_OCR,Muy Bajo,imagenes_satelitales/Chaiten/2026-06-08/05-36-01_Chaiten_VIIRS375_VRP.png,2026-06-08 09:31:50,2026-06-08 09:31:50,NO,mixto,alta,False,roi_temporal_v26,"Estrella en Y=289 (dentro lÃ­mite Y=257, distâ‰ˆ2.95 km)",21.0,,,,
1780895880,2026-06-08 05:18:00,2026-06-08 01:18:00,Puyehue-Cordon Caulle,VIIRS375,0.57,0.0,ALERTA_TERMICA_OCR,Bajo,imagenes_satelitales/Puyehue-Cordon_Caulle/2026-06-08/05-18-00_Puyehue-Cordon_Caulle_VIIRS375_VRP.png,2026-06-08 14:01:50,2026-06-08 14:01:50,NO,mixto,alta,False,roi_temporal_v26,"Estrella en Y=238 (dentro lÃ­mite Y=148, distâ‰ˆ10.37 km)",21.0,,,,
1780893722,2026-06-08 04:42:02,2026-06-08 00:42:02,Puyehue-Cordon Caulle,VIIRS375,0.45,0.0,ALERTA_TERMICA_OCR,Bajo,imagenes_satelitales/Puyehue-Cordon_Caulle/2026-06-08/04-42-02_Puyehue-Cordon_Caulle_VIIRS375_VRP.png,2026-06-08 11:01:55,2026-06-08 11:01:55,NO,mixto,alta,False,roi_temporal_v26,"Estrella en Y=237 (dentro lÃ­mite Y=148, distâ‰ˆ10.48 km)",21.0,,,,
1780854840,2026-06-07 17:54:00,2026-06-07 13:54:00,Lascar,VIIRS375,2.11,0.0,ALERTA_TERMICA_OCR,Medio,imagenes_satelitales/Lascar/2026-06-07/17-54-00_Lascar_VIIRS375_VRP.png,2026-06-08 11:01:29,2026-06-08 11:01:29,NO,mixto,alta,False,roi_temporal_v26,"Estrella en Y=283 (dentro lÃ­mite Y=257, distâ‰ˆ3.33 km)",21.0,,,,
1780853042,2026-06-07 17:24:02,2026-06-07 13:24:02,Lascar,VIIRS375,4.24,0.0,ALERTA_TERMICA_OCR,Medio,imagenes_satelitales/Lascar/2026-06-07/17-24-02_Lascar_VIIRS375_VRP.png,2026-06-08 11:01:29,2026-06-08 11:01:29,NO,mixto,alta,False,roi_temporal_v26,"Estrella en Y=283 (dentro lÃ­mite Y=257, distâ‰ˆ3.33 km)",21.0,,,,
1780853042,2026-06-07 17:24:02,2026-06-07 13:24:02,Lastarria,VIIRS375,3.32,0.0,ALERTA_TERMICA_OCR,Medio,imagenes_satelitales/Lastarria/2026-06-07/17-24-02_Lastarria_VIIRS375_VRP.png,2026-06-08 12:03:39,2026-06-08 12:03:39,NO,mixto,alta,False,roi_temporal_v26,"Estrella en Y=277 (dentro lÃ­mite Y=272, distâ‰ˆ2.76 km)",21.0,,,,
1780853042,2026-06-07 17:24:02,2026-06-07 13:24:02,Isluga,VIIRS375,1.05,0.0,ALERTA_TERMICA_OCR,Medio,imagenes_satelitales/Isluga/2026-06-07/17-24-02_Isluga_VIIRS375_VRP.png,2026-06-07 20:01:27,2026-06-07 20:01:27,NO,mixto,alta,False,roi_temporal_v26,"Grupo pÃ­xeles rojos Y=290 (Ã¡rea=6 pxÂ², distâ‰ˆ2.12 km)",21.0,,,,
1780811641,2026-06-07 05:54:01,2026-06-07 01:54:01,Puyehue-Cordon Caulle,VIIRS,1.0,0.0,ALERTA_TERMICA_OCR,Medio,imagenes_satelitales/Puyehue-Cordon_Caulle/2026-06-07/05-54-01_Puyehue-Cordon_Caulle_VIIRS750_VRP.png,2026-06-07 05:01:46,2026-06-07 05:01:46,NO,mixto,alta,False,roi_temporal_v26,"Estrella en Y=237 (dentro lÃ­mite Y=148, distâ‰ˆ10.48 km)",21.0,,,,
1780811281,2026-06-07 05:48:01,2026-06-07 01:48:01,Lascar,VIIRS,1.0,0.0,ALERTA_TERMICA_OCR,Medio,imagenes_satelitales/Lascar/2026-06-07/05-48-01_Lascar_VIIRS750_VRP.png,2026-06-07 05:01:20,2026-06-07 05:01:20,NO,mixto,alta,False,roi_temporal_v26,"Estrella en Y=283 (dentro lÃ­mite Y=257, distâ‰ˆ3.33 km)",21.0,,,,
1780810560,2026-06-07 05:36:00,2026-06-07 01:36:00,Puyehue-Cordon Caulle,VIIRS375,0.83,0.0,ALERTA_TERMICA_OCR,Bajo,imagenes_satelitales/Puyehue-Cordon_Caulle/2026-06-07/05-36-00_Puyehue-Cordon_Caulle_VIIRS375_VRP.png,2026-06-07 05:32:35,2026-06-07 05:32:35,NO,mixto,alta,False,roi_temporal_v26,"Estrella en Y=234 (dentro lÃ­mite Y=148, distâ‰ˆ10.80 km)",21.0,,,,
1780810560,2026-06-07 05:36:00,2026-06-07 01:36:00,Chaiten,VIIRS375,0.15,0.0,ALERTA_TERMICA_OCR,Muy Bajo,imagenes_satelitales/Chaiten/2026-06-07/05-36-00_Chaiten_VIIRS375_VRP.png,2026-06-07 05:01:51,2026-06-07 05:01:51,NO,mixto,alta,False,roi_temporal_v26,"Estrella en Y=292 (dentro lÃ­mite Y=257, distâ‰ˆ2.76 km)",21.0,,,,
1780808402,2026-06-07 05:00:02,2026-06-07 01:00:02,Puyehue-Cordon Caulle,VIIRS375,0.27,0.0,ALERTA_TERMICA_OCR,Bajo,imagenes_satelitales/Puyehue-Cordon_Caulle/2026-06-07/05-00-02_Puyehue-Cordon_Caulle_VIIRS375_VRP.png,2026-06-07 03:31:48,2026-06-07 03:31:48,NO,mixto,alta,False,roi_temporal_v26,"Estrella en Y=234 (dentro lÃ­mite Y=148, distâ‰ˆ10.80 km)",21.0,,,,
1780808402,2026-06-07 05:00:02,2026-06-07 01:00:02,Tupungatito,VIIRS375,0.35,0.0,ALERTA_TERMICA_OCR,Bajo,imagenes_satelitales/Tupungatito/2026-06-07/05-00-02_Tupungatito_VIIRS375_VRP.png,2026-06-07 03:32:00,2026-06-07 03:32:00,NO,mixto,alta,False,roi_temporal_v26,"Estrella en Y=257 (dentro lÃ­mite Y=257, distâ‰ˆ7.00 km)",21.0,,,,
1780725240,2026-06-06 05:54:00,2026-06-06 01:54:00,Puyehue-Cordon Caulle,VIIRS375,0.08,0.0,ALERTA_TERMICA_OCR,Muy Bajo,imagenes_satelitales/Puyehue-Cordon_Caulle/2026-06-06/05-54-00_Puyehue-Cordon_Caulle_VIIRS375_VRP.png,2026-06-06 08:01:45,2026-06-06 08:01:45,NO,mixto,alta,False,roi_temporal_v26,"Estrella en Y=234 (dentro lÃ­mite Y=148, distâ‰ˆ10.80 km)",21.0,,,,
1780725240,2026-06-06 05:54:00,2026-06-06 01:54:00,Villarrica,VIIRS375,0.28,0.0,ALERTA_TERMICA_OCR,Bajo,imagenes_satelitales/Villarrica/2026-06-06/05-54-00_Villarrica_VIIRS375_VRP.png,2026-06-06 08:01:29,2026-06-06 08:01:29,NO,mixto,alta,False,roi_temporal_v26,"Grupo pÃ­xeles rojos Y=289 (Ã¡rea=31 pxÂ², distâ‰ˆ2.05 km)",21.0,,,,
1780724880,2026-06-06 05:48:00,2026-06-06 01:48:00,Lascar,VIIRS375,0.89,0.0,ALERTA_TERMICA_OCR,Bajo,imagenes_satelitales/Lascar/2026-06-06/05-48-00_Lascar_VIIRS375_VRP.png,2026-06-06 07:31:15,2026-06-06 07:31:15,NO,mixto,alta,False,roi_temporal_v26,"Estrella en Y=283 (dentro lÃ­mite Y=257, distâ‰ˆ3.33 km)",21.0,,,,
1780724880,2026-06-06 05:48:00,2026-06-06 01:48:00,Lascar,VIIRS,1.0,0.0,ALERTA_TERMICA_OCR,Medio,imagenes_satelitales/Lascar/2026-06-06/05-48-00_Lascar_VIIRS750_VRP.png,2026-06-06 07:01:22,2026-06-06 07:01:22,NO,mixto,alta,False,roi_temporal_v26,"Estrella en Y=283 (dentro lÃ­mite Y=257, distâ‰ˆ3.33 km)",21.0,,,,
1780724880,2026-06-06 05:48:00,2026-06-06 01:48:00,Isluga,VIIRS375,0.57,0.0,ALERTA_TERMICA_OCR,Bajo,imagenes_satelitales/Isluga/2026-06-06/05-48-00_Isluga_VIIRS375_VRP.png,2026-06-06 07:31:23,2026-06-06 07:31:23,NO,mixto,alta,False,roi_temporal_v26,"Estrella en Y=286 (dentro lÃ­mite Y=257, distâ‰ˆ3.14 km)",21.0,,,,
1780684560,2026-06-05 18:36:00,2026-06-05 14:36:00,Lastarria,VIIRS375,3.3,10.67,FALSO_POSITIVO_OCR,Medio,imagenes_satelitales/Lastarria/2026-06-05/18-36-00_Lastarria_VIIRS375_VRP.png,2026-06-05 19:01:18,2026-06-05 19:01:18,SI,mixto,baja,False,roi_temporal_v26,"Grupo pÃ­xeles rojos Y=284 (Ã¡rea=71 pxÂ², distâ‰ˆ0.57 km) | RECLASIFICADO 2026-06-15: latest.php (MIROVA) confirma FALSO_POSITIVO @ 10.67 km; el OCR lo ubicó dentro de radio (error de estrella, pre-V29). Conservado como referencia MIROVA.",21.0,,,,
1780641001,2026-06-05 06:30:01,2026-06-05 02:30:01,Puyehue-Cordon Caulle,VIIRS375,0.37,0.0,ALERTA_TERMICA_OCR,Bajo,imagenes_satelitales/Puyehue-Cordon_Caulle/2026-06-05/06-30-01_Puyehue-Cordon_Caulle_VIIRS375_VRP.png,2026-06-05 06:01:48,2026-06-05 06:01:48,NO,mixto,alta,False,roi_temporal_v26,"Grupo pÃ­xeles rojos Y=267 (Ã¡rea=50 pxÂ², distâ‰ˆ12.73 km)",21.0,,,,
1780639920,2026-06-05 06:12:00,2026-06-05 02:12:00,Tupungatito,VIIRS375,0.03,0.0,ALERTA_TERMICA_OCR,Muy Bajo,imagenes_satelitales/Tupungatito/2026-06-05/06-12-00_Tupungatito_VIIRS375_VRP.png,2026-06-05 07:31:57,2026-06-05 07:31:57,NO,mixto,alta,False,roi_temporal_v26,"Grupo pÃ­xeles rojos Y=266 (Ã¡rea=101 pxÂ², distâ‰ˆ0.81 km)",21.0,,,,
1780639920,2026-06-05 06:12:00,2026-06-05 02:12:00,PlanchonPeteroa,VIIRS375,0.29,0.0,ALERTA_TERMICA_OCR,Bajo,imagenes_satelitales/PlanchonPeteroa/2026-06-05/06-12-00_PlanchonPeteroa_VIIRS375_VRP.png,2026-06-05 07:02:11,2026-06-05 07:02:11,NO,mixto,alta,False,roi_temporal_v26,"Estrella en Y=280 (dentro lÃ­mite Y=272, distâ‰ˆ2.62 km)",21.0,,,,
1780639920,2026-06-05 06:12:00,2026-06-05 02:12:00,Puyehue-Cordon Caulle,VIIRS375,0.41,0.0,ALERTA_TERMICA_OCR,Bajo,imagenes_satelitales/Puyehue-Cordon_Caulle/2026-06-05/06-12-00_Puyehue-Cordon_Caulle_VIIRS375_VRP.png,2026-06-05 07:31:45,2026-06-05 07:31:45,NO,mixto,alta,False,roi_temporal_v26,"Estrella en Y=238 (dentro lÃ­mite Y=148, distâ‰ˆ10.37 km)",21.0,,,,
1780639560,2026-06-05 06:06:00,2026-06-05 02:06:00,Isluga,VIIRS375,0.18,0.0,ALERTA_TERMICA_OCR,Muy Bajo,imagenes_satelitales/Isluga/2026-06-05/06-06-00_Isluga_VIIRS375_VRP.png,2026-06-05 07:01:45,2026-06-05 07:01:45,NO,mixto,alta,False,roi_temporal_v26,"Grupo pÃ­xeles rojos Y=288 (Ã¡rea=42 pxÂ², distâ‰ˆ1.99 km)",21.0,,,,
1780639560,2026-06-05 06:06:00,2026-06-05 02:06:00,Lascar,VIIRS375,0.64,0.0,ALERTA_TERMICA_OCR,Bajo,imagenes_satelitales/Lascar/2026-06-05/06-06-00_Lascar_VIIRS375_VRP.png,2026-06-05 07:01:33,2026-06-05 07:01:33,NO,mixto,alta,False,roi_temporal_v26,"Grupo pÃ­xeles rojos Y=287 (Ã¡rea=19 pxÂ², distâ‰ˆ1.92 km)",21.0,,,,
1780639560,2026-06-05 06:06:00,2026-06-05 02:06:00,Lastarria,VIIRS375,0.04,0.0,ALERTA_TERMICA_OCR,Muy Bajo,imagenes_satelitales/Lastarria/2026-06-05/06-06-00_Lastarria_VIIRS375_VRP.png,2026-06-05 07:01:39,2026-06-05 07:01:39,NO,mixto,alta,False,roi_temporal_v26,"Estrella en Y=281 (dentro lÃ­mite Y=272, distâ‰ˆ2.57 km)",21.0,,,,
1780637762,2026-06-05 05:36:02,2026-06-05 01:36:02,PlanchonPeteroa,VIIRS375,0.27,0.0,ALERTA_TERMICA_OCR,Bajo,imagenes_satelitales/PlanchonPeteroa/2026-06-05/05-36-02_PlanchonPeteroa_VIIRS375_VRP.png,2026-06-05 04:32:29,2026-06-05 04:32:29,NO,mixto,alta,False,roi_temporal_v26,"Estrella en Y=280 (dentro lÃ­mite Y=272, distâ‰ˆ2.62 km)",21.0,,,,
1780637762,2026-06-05 05:36:02,2026-06-05 01:36:02,Puyehue-Cordon Caulle,VIIRS,1.0,0.0,ALERTA_TERMICA_OCR,Medio,imagenes_satelitales/Puyehue-Cordon_Caulle/2026-06-05/05-36-02_Puyehue-Cordon_Caulle_VIIRS750_VRP.png,2026-06-05 04:32:20,2026-06-05 04:32:20,NO,mixto,alta,False,roi_temporal_v26,"Estrella en Y=237 (dentro lÃ­mite Y=148, distâ‰ˆ10.48 km)",21.0,,,,
1780637762,2026-06-05 05:36:02,2026-06-05 01:36:02,Puyehue-Cordon Caulle,VIIRS375,0.91,0.0,ALERTA_TERMICA_OCR,Bajo,imagenes_satelitales/Puyehue-Cordon_Caulle/2026-06-05/05-36-02_Puyehue-Cordon_Caulle_VIIRS375_VRP.png,2026-06-05 04:32:14,2026-06-05 04:32:14,NO,mixto,alta,False,roi_temporal_v26,"Estrella en Y=234 (dentro lÃ­mite Y=148, distâ‰ˆ10.80 km)",21.0,,,,
1780637762,2026-06-05 05:36:02,2026-06-05 01:36:02,Tupungatito,VIIRS375,0.2,0.0,ALERTA_TERMICA_OCR,Bajo,imagenes_satelitales/Tupungatito/2026-06-05/05-36-02_Tupungatito_VIIRS375_VRP.png,2026-06-05 04:32:35,2026-06-05 04:32:35,NO,mixto,alta,False,roi_temporal_v26,"Grupo pÃ­xeles rojos Y=280 (Ã¡rea=29 pxÂ², distâ‰ˆ2.06 km)",21.0,,,,
1780637402,2026-06-05 05:30:02,2026-06-05 01:30:02,Isluga,VIIRS375,0.36,0.0,ALERTA_TERMICA_OCR,Bajo,imagenes_satelitales/Isluga/2026-06-05/05-30-02_Isluga_VIIRS375_VRP.png,2026-06-05 04:31:53,2026-06-05 04:31:53,NO,mixto,alta,False,roi_temporal_v26,"Estrella en Y=289 (dentro lÃ­mite Y=257, distâ‰ˆ2.95 km)",21.0,,,,
1780637402,2026-06-05 05:30:02,2026-06-05 01:30:02,Lastarria,VIIRS375,0.14,0.0,ALERTA_TERMICA_OCR,Muy Bajo,imagenes_satelitales/Lastarria/2026-06-05/05-30-02_Lastarria_VIIRS375_VRP.png,2026-06-05 04:31:44,2026-06-05 04:31:44,NO,mixto,alta,False,roi_temporal_v26,"Estrella en Y=277 (dentro lÃ­mite Y=272, distâ‰ˆ2.76 km)",21.0,,,,
1780637402,2026-06-05 05:30:02,2026-06-05 01:30:02,Lascar,VIIRS375,0.75,0.0,ALERTA_TERMICA_OCR,Bajo,imagenes_satelitales/Lascar/2026-06-05/05-30-02_Lascar_VIIRS375_VRP.png,2026-06-05 04:31:38,2026-06-05 04:31:38,NO,mixto,alta,False,roi_temporal_v26,"Estrella en Y=286 (dentro lÃ­mite Y=257, distâ‰ˆ3.14 km)",21.0,,,,
1780634881,2026-06-05 04:48:01,2026-06-05 00:48:01,Tupungatito,VIIRS375,0.27,0.0,ALERTA_TERMICA_OCR,Bajo,imagenes_satelitales/Tupungatito/2026-06-05/04-48-01_Tupungatito_VIIRS375_VRP.png,2026-06-05 04:32:35,2026-06-05 04:32:35,NO,mixto,alta,False,roi_temporal_v26,"Estrella en Y=259 (dentro lÃ­mite Y=257, distâ‰ˆ6.82 km)",21.0,,,,
1780634881,2026-06-05 04:48:01,2026-06-05 00:48:01,Puyehue-Cordon Caulle,VIIRS375,0.08,0.0,ALERTA_TERMICA_OCR,Muy Bajo,imagenes_satelitales/Puyehue-Cordon_Caulle/2026-06-05/04-48-01_Puyehue-Cordon_Caulle_VIIRS375_VRP.png,2026-06-05 04:32:14,2026-06-05 04:32:14,NO,mixto,alta,False,roi_temporal_v26,"Estrella en Y=234 (dentro lÃ­mite Y=148, distâ‰ˆ10.80 km)",21.0,,,,
1780599240,2026-06-04 18:54:00,2026-06-04 14:54:00,Lastarria,VIIRS375,2.05,0.0,ALERTA_TERMICA_OCR,Medio,imagenes_satelitales/Lastarria/2026-06-04/18-54-00_Lastarria_VIIRS375_VRP.png,2026-06-05 04:31:44,2026-06-05 04:31:44,NO,mixto,alta,False,roi_temporal_v26,"Estrella en Y=277 (dentro lÃ­mite Y=272, distâ‰ˆ2.76 km)",21.0,,,,
1780554600,2026-06-04 06:30:00,2026-06-04 02:30:00,Puyehue-Cordon Caulle,VIIRS375,0.06,0.0,ALERTA_TERMICA_OCR,Muy Bajo,imagenes_satelitales/Puyehue-Cordon_Caulle/2026-06-04/06-30-00_Puyehue-Cordon_Caulle_VIIRS375_VRP.png,2026-06-04 14:32:22,2026-06-04 14:32:22,NO,mixto,alta,False,roi_temporal_v26,"Grupo pÃ­xeles rojos Y=263 (Ã¡rea=175 pxÂ², distâ‰ˆ12.30 km)",21.0,,,,
1780554240,2026-06-04 06:24:00,2026-06-04 02:24:00,Isluga,VIIRS375,0.29,0.0,ALERTA_TERMICA_OCR,Bajo,imagenes_satelitales/Isluga/2026-06-04/06-24-00_Isluga_VIIRS375_VRP.png,2026-06-04 14:32:00,2026-06-04 14:32:00,NO,mixto,alta,False,roi_temporal_v26,"Grupo pÃ­xeles rojos Y=289 (Ã¡rea=58 pxÂ², distâ‰ˆ2.05 km)",21.0,,,,
1780554240,2026-06-04 06:24:00,2026-06-04 02:24:00,Lastarria,VIIRS375,0.13,0.0,ALERTA_TERMICA_OCR,Muy Bajo,imagenes_satelitales/Lastarria/2026-06-04/06-24-00_Lastarria_VIIRS375_VRP.png,2026-06-04 14:31:53,2026-06-04 14:31:53,NO,mixto,alta,False,roi_temporal_v26,"Grupo pÃ­xeles rojos Y=289 (Ã¡rea=11 pxÂ², distâ‰ˆ0.81 km)",21.0,,,,
1780552442,2026-06-04 05:54:02,2026-06-04 01:54:02,Puyehue-Cordon Caulle,VIIRS,1.0,0.0,ALERTA_TERMICA_OCR,Medio,imagenes_satelitales/Puyehue-Cordon_Caulle/2026-06-04/05-54-02_Puyehue-Cordon_Caulle_VIIRS750_VRP.png,2026-06-04 10:33:30,2026-06-04 10:33:30,NO,mixto,alta,False,roi_temporal_v26,"Grupo pÃ­xeles rojos Y=264 (Ã¡rea=31 pxÂ², distâ‰ˆ12.41 km)",21.0,,,,
1780552442,2026-06-04 05:54:02,2026-06-04 01:54:02,Lastarria,VIIRS375,0.16,0.0,ALERTA_TERMICA_OCR,Muy Bajo,imagenes_satelitales/Lastarria/2026-06-04/05-54-02_Lastarria_VIIRS375_VRP.png,2026-06-04 11:31:22,2026-06-04 11:31:22,NO,mixto,alta,False,roi_temporal_v26,"Estrella en Y=277 (dentro lÃ­mite Y=272, distâ‰ˆ2.76 km)",21.0,,,,
1780552442,2026-06-04 05:54:02,2026-06-04 01:54:02,Tupungatito,VIIRS375,0.12,0.0,ALERTA_TERMICA_OCR,Muy Bajo,imagenes_satelitales/Tupungatito/2026-06-04/05-54-02_Tupungatito_VIIRS375_VRP.png,2026-06-04 12:02:08,2026-06-04 12:02:08,NO,mixto,alta,False,roi_temporal_v26,"Grupo pÃ­xeles rojos Y=274 (Ã¡rea=31 pxÂ², distâ‰ˆ1.53 km)",21.0,,,,
1780552442,2026-06-04 05:54:02,2026-06-04 01:54:02,Lascar,VIIRS375,1.77,11.34,FALSO_POSITIVO_OCR,Medio,imagenes_satelitales/Lascar/2026-06-04/05-54-02_Lascar_VIIRS375_VRP.png,2026-06-04 11:31:16,2026-06-04 11:31:16,SI,mixto,baja,False,roi_temporal_v26,"Grupo pÃ­xeles rojos Y=286 (Ã¡rea=32 pxÂ², distâ‰ˆ1.86 km) | RECLASIFICADO 2026-06-15: latest.php (MIROVA) confirma FALSO_POSITIVO @ 11.34 km; el OCR lo ubicó dentro de radio (error de estrella, pre-V29). Conservado como referencia MIROVA.",21.0,,,,
1780552442,2026-06-04 05:54:02,2026-06-04 01:54:02,Puyehue-Cordon Caulle,VIIRS375,0.39,0.0,ALERTA_TERMICA_OCR,Bajo,imagenes_satelitales/Puyehue-Cordon_Caulle/2026-06-04/05-54-02_Puyehue-Cordon_Caulle_VIIRS375_VRP.png,2026-06-04 12:01:55,2026-06-04 12:01:55,NO,mixto,alta,False,roi_temporal_v26,"Grupo pÃ­xeles rojos Y=263 (Ã¡rea=56 pxÂ², distâ‰ˆ12.30 km)",21.0,,,,
1780552082,2026-06-04 05:48:02,2026-06-04 01:48:02,Isluga,VIIRS375,0.25,0.0,ALERTA_TERMICA_OCR,Bajo,imagenes_satelitales/Isluga/2026-06-04/05-48-02_Isluga_VIIRS375_VRP.png,2026-06-04 11:31:28,2026-06-04 11:31:28,NO,mixto,alta,False,roi_temporal_v26,"Grupo pÃ­xeles rojos Y=289 (Ã¡rea=58 pxÂ², distâ‰ˆ2.05 km)",21.0,,,,
1780549561,2026-06-04 05:06:01,2026-06-04 01:06:01,Lascar,VIIRS375,0.33,0.0,ALERTA_TERMICA_OCR,Bajo,imagenes_satelitales/Lascar/2026-06-04/05-06-01_Lascar_VIIRS375_VRP.png,2026-06-04 09:08:45,2026-06-04 09:08:45,NO,mixto,alta,False,roi_temporal_v26,"Estrella en Y=281 (dentro lÃ­mite Y=257, distâ‰ˆ3.46 km)",21.0,,,,
1780549201,2026-06-04 05:00:01,2026-06-04 01:00:01,Isluga,VIIRS375,0.69,0.0,ALERTA_TERMICA_OCR,Bajo,imagenes_satelitales/Isluga/2026-06-04/05-00-01_Isluga_VIIRS375_VRP.png,2026-06-04 09:08:55,2026-06-04 09:08:55,NO,mixto,alta,False,roi_temporal_v26,"Estrella en Y=286 (dentro lÃ­mite Y=257, distâ‰ˆ3.14 km)",21.0,,,,
1780513560,2026-06-03 19:06:00,2026-06-03 15:06:00,Villarrica,VIIRS375,0.39,0.0,ALERTA_TERMICA_OCR,Bajo,imagenes_satelitales/Villarrica/2026-06-03/19-06-00_Villarrica_VIIRS375_VRP.png,2026-06-04 01:03:13,2026-06-04 01:03:13,NO,mixto,alta,False,roi_temporal_v26,"Grupo pÃ­xeles rojos Y=291 (Ã¡rea=30 pxÂ², distâ‰ˆ2.18 km)",21.0,,,,
1780472700,2026-06-03 07:45:00,2026-06-03 03:45:00,Lascar,MODIS,1.0,0.0,ALERTA_TERMICA_OCR,Medio,imagenes_satelitales/Lascar/2026-06-03/07-45-00_Lascar_MODIS_VRP.png,2026-06-03 06:01:27,2026-06-03 06:01:27,NO,mixto,alta,False,roi_temporal_v26,"Estrella en Y=287 (dentro lÃ­mite Y=257, distâ‰ˆ3.08 km)",21.0,,,,
1780468920,2026-06-03 06:42:00,2026-06-03 02:42:00,Lascar,VIIRS375,6.31,22.01,FALSO_POSITIVO_OCR,Alto,imagenes_satelitales/Lascar/2026-06-03/06-42-00_Lascar_VIIRS375_VRP.png,2026-06-03 08:01:18,2026-06-03 08:01:18,SI,mixto,baja,False,roi_temporal_v26,"Grupo pÃ­xeles rojos Y=281 (Ã¡rea=71 pxÂ², distâ‰ˆ1.54 km) | RECLASIFICADO 2026-06-15: latest.php (MIROVA) confirma FALSO_POSITIVO @ 22.01 km; el OCR lo ubicó dentro de radio (error de estrella, pre-V29). Conservado como referencia MIROVA.",21.0,,,,
1780463160,2026-06-03 05:06:00,2026-06-03 01:06:00,Lascar,VIIRS375,0.51,0.0,ALERTA_TERMICA_OCR,Bajo,imagenes_satelitales/Lascar/2026-06-03/05-06-00_Lascar_VIIRS375_VRP.png,2026-06-03 05:01:25,2026-06-03 05:01:25,NO,mixto,alta,False,roi_temporal_v26,"Estrella en Y=272 (dentro lÃ­mite Y=257, distâ‰ˆ4.04 km)",21.0,,,,
1780462800,2026-06-03 05:00:00,2026-06-03 01:00:00,Isluga,VIIRS375,0.51,0.0,ALERTA_TERMICA_OCR,Bajo,imagenes_satelitales/Isluga/2026-06-03/05-00-00_Isluga_VIIRS375_VRP.png,2026-06-03 06:31:21,2026-06-03 06:31:21,NO,mixto,alta,False,roi_temporal_v26,"Estrella en Y=292 (dentro lÃ­mite Y=257, distâ‰ˆ2.76 km)",21.0,,,,
1780420682,2026-06-02 17:18:02,2026-06-02 13:18:02,Lascar,VIIRS375,4.24,30.0,FALSO_POSITIVO_OCR,Medio,imagenes_satelitales/Lascar/2026-06-02/17-18-02_Lascar_VIIRS375_VRP.png,2026-06-02 16:01:22,2026-06-02 16:01:22,SI,mixto,baja,False,roi_temporal_v26,"Grupo pÃ­xeles rojos Y=287 (Ã¡rea=50 pxÂ², distâ‰ˆ1.92 km) | RECLASIFICADO 2026-06-15: latest.php (MIROVA) confirma FALSO_POSITIVO @ 30.0 km; el OCR lo ubicó dentro de radio (error de estrella, pre-V29). Conservado como referencia MIROVA.",21.0,,,,
1780381802,2026-06-02 06:30:02,2026-06-02 02:30:02,Lascar,VIIRS375,1.91,17.3,FALSO_POSITIVO_OCR,Medio,imagenes_satelitales/Lascar/2026-06-02/06-30-02_Lascar_VIIRS375_VRP.png,2026-06-02 06:53:28,2026-06-02 06:53:28,SI,mixto,baja,False,roi_temporal_v26,"Grupo pÃ­xeles rojos Y=287 (Ã¡rea=28 pxÂ², distâ‰ˆ1.92 km) | RECLASIFICADO 2026-06-15: latest.php (MIROVA) confirma FALSO_POSITIVO @ 17.3 km; el OCR lo ubicó dentro de radio (error de estrella, pre-V29). Conservado como referencia MIROVA.",21.0,,,,
1780378921,2026-06-02 05:42:01,2026-06-02 01:42:01,Lascar,VIIRS,1.0,0.0,ALERTA_TERMICA_OCR,Medio,imagenes_satelitales/Lascar/2026-06-02/05-42-01_Lascar_VIIRS750_VRP.png,2026-06-02 05:31:21,2026-06-02 05:31:21,NO,mixto,alta,False,roi_temporal_v26,"Estrella en Y=283 (dentro lÃ­mite Y=257, distâ‰ˆ3.33 km)",21.0,,,,
1780378921,2026-06-02 05:42:01,2026-06-02 01:42:01,Isluga,VIIRS375,0.33,0.0,ALERTA_TERMICA_OCR,Bajo,imagenes_satelitales/Isluga/2026-06-02/05-42-01_Isluga_VIIRS375_VRP.png,2026-06-02 05:31:29,2026-06-02 05:31:29,NO,mixto,alta,False,roi_temporal_v26,"Estrella en Y=289 (dentro lÃ­mite Y=257, distâ‰ˆ2.95 km)",21.0,,,,
1780378921,2026-06-02 05:42:01,2026-06-02 01:42:01,PlanchonPeteroa,VIIRS375,0.34,0.0,ALERTA_TERMICA_OCR,Bajo,imagenes_satelitales/PlanchonPeteroa/2026-06-02/05-42-01_PlanchonPeteroa_VIIRS375_VRP.png,2026-06-02 06:02:01,2026-06-02 06:02:01,NO,mixto,alta,False,roi_temporal_v26,"Estrella en Y=280 (dentro lÃ­mite Y=272, distâ‰ˆ2.62 km)",21.0,,,,
1780378921,2026-06-02 05:42:01,2026-06-02 01:42:01,Lascar,VIIRS375,1.8,0.0,ALERTA_TERMICA_OCR,Medio,imagenes_satelitales/Lascar/2026-06-02/05-42-01_Lascar_VIIRS375_VRP.png,2026-06-02 05:31:18,2026-06-02 05:31:18,NO,mixto,alta,False,roi_temporal_v26,"Estrella en Y=283 (dentro lÃ­mite Y=257, distâ‰ˆ3.33 km)",21.0,,,,
1780375682,2026-06-02 04:48:02,2026-06-02 00:48:02,Lascar,VIIRS375,0.17,0.0,ALERTA_TERMICA_OCR,Muy Bajo,imagenes_satelitales/Lascar/2026-06-02/04-48-02_Lascar_VIIRS375_VRP.png,2026-06-02 06:01:22,2026-06-02 06:01:22,NO,mixto,alta,False,roi_temporal_v26,"Estrella en Y=283 (dentro lÃ­mite Y=257, distâ‰ˆ3.33 km)",21.0,,,,
1780290722,2026-06-01 05:12:02,2026-06-01 01:12:02,Puyehue-Cordon Caulle,VIIRS375,0.08,0.0,ALERTA_TERMICA_OCR,Muy Bajo,imagenes_satelitales/Puyehue-Cordon_Caulle/2026-06-01/05-12-02_Puyehue-Cordon_Caulle_VIIRS375_VRP.png,2026-06-01 07:01:42,2026-06-01 07:01:42,NO,mixto,alta,False,roi_temporal_v26,"Grupo pÃ­xeles rojos Y=265 (Ã¡rea=3 pxÂ², distâ‰ˆ12.51 km)",21.0,,,,
1780290722,2026-06-01 05:12:02,2026-06-01 01:12:02,PlanchonPeteroa,VIIRS375,0.05,0.0,ALERTA_TERMICA_OCR,Muy Bajo,imagenes_satelitales/PlanchonPeteroa/2026-06-01/05-12-02_PlanchonPeteroa_VIIRS375_VRP.png,2026-06-01 07:01:50,2026-06-01 07:01:50,NO,mixto,alta,False,roi_temporal_v26,"Estrella en Y=280 (dentro lÃ­mite Y=272, distâ‰ˆ2.62 km)",21.0,,,,
1780290362,2026-06-01 05:06:02,2026-06-01 01:06:02,Lascar,VIIRS375,0.87,0.0,ALERTA_TERMICA_OCR,Bajo,imagenes_satelitales/Lascar/2026-06-01/05-06-02_Lascar_VIIRS375_VRP.png,2026-06-01 07:31:14,2026-06-01 07:31:14,NO,mixto,alta,False,roi_temporal_v26,"Estrella en Y=283 (dentro lÃ­mite Y=257, distâ‰ˆ3.33 km)",21.0,,,,
1780290362,2026-06-01 05:06:02,2026-06-01 01:06:02,Isluga,VIIRS375,0.42,0.0,ALERTA_TERMICA_OCR,Bajo,imagenes_satelitales/Isluga/2026-06-01/05-06-02_Isluga_VIIRS375_VRP.png,2026-06-01 07:01:23,2026-06-01 07:01:23,NO,mixto,alta,False,roi_temporal_v26,"Estrella en Y=291 (dentro lÃ­mite Y=257, distâ‰ˆ2.82 km)",21.0,,,,
1780290362,2026-06-01 05:06:02,2026-06-01 01:06:02,Lastarria,VIIRS375,0.53,0.0,ALERTA_TERMICA_OCR,Bajo,imagenes_satelitales/Lastarria/2026-06-01/05-06-02_Lastarria_VIIRS375_VRP.png,2026-06-01 07:31:19,2026-06-01 07:31:19,NO,mixto,alta,False,roi_temporal_v26,"Estrella en Y=277 (dentro lÃ­mite Y=272, distâ‰ˆ2.76 km)",21.0,,,,
1780252200,2026-05-31 18:30:00,2026-05-31 14:30:00,Lastarria,VIIRS375,4.43,0.0,ALERTA_TERMICA_OCR,Medio,imagenes_satelitales/Lastarria/2026-05-31/18-30-00_Lastarria_VIIRS375_VRP.png,2026-06-01 06:31:20,2026-06-01 06:31:20,NO,mixto,alta,False,roi_temporal_v26,"Estrella en Y=277 (dentro lÃ­mite Y=272, distâ‰ˆ2.76 km)",21.0,,,,
1780250042,2026-05-31 17:54:02,2026-05-31 13:54:02,Lastarria,VIIRS375,1.98,0.0,ALERTA_TERMICA_OCR,Medio,imagenes_satelitales/Lastarria/2026-05-31/17-54-02_Lastarria_VIIRS375_VRP.png,2026-06-01 06:31:20,2026-06-01 06:31:20,NO,mixto,alta,False,roi_temporal_v26,"Estrella en Y=277 (dentro lÃ­mite Y=272, distâ‰ˆ2.76 km)",21.0,,,,
1780208281,2026-05-31 06:18:01,2026-05-31 02:18:01,Lastarria,VIIRS375,0.12,0.0,ALERTA_TERMICA_OCR,Muy Bajo,imagenes_satelitales/Lastarria/2026-05-31/06-18-01_Lastarria_VIIRS375_VRP.png,2026-05-31 10:08:35,2026-05-31 10:08:35,NO,mixto,alta,False,roi_temporal_v26,"Estrella en Y=286 (dentro lÃ­mite Y=272, distâ‰ˆ2.33 km)",21.0,,,,
1780208281,2026-05-31 06:18:01,2026-05-31 02:18:01,Lascar,VIIRS375,0.14,0.0,ALERTA_TERMICA_OCR,Muy Bajo,imagenes_satelitales/Lascar/2026-05-31/06-18-01_Lascar_VIIRS375_VRP.png,2026-05-31 10:08:30,2026-05-31 10:08:30,NO,mixto,alta,False,roi_temporal_v26,"Estrella en Y=286 (dentro lÃ­mite Y=257, distâ‰ˆ3.14 km)",21.0,,,,
1780207560,2026-05-31 06:06:00,2026-05-31 02:06:00,PlanchonPeteroa,VIIRS375,0.26,0.0,ALERTA_TERMICA_OCR,Bajo,imagenes_satelitales/PlanchonPeteroa/2026-05-31/06-06-00_PlanchonPeteroa_VIIRS375_VRP.png,2026-05-31 13:02:10,2026-05-31 13:02:10,NO,mixto,alta,False,roi_temporal_v26,"Grupo pÃ­xeles rojos Y=285 (Ã¡rea=43 pxÂ², distâ‰ˆ0.62 km)",21.0,,,,
1780207560,2026-05-31 06:06:00,2026-05-31 02:06:00,Villarrica,VIIRS375,0.22,0.0,ALERTA_TERMICA_OCR,Bajo,imagenes_satelitales/Villarrica/2026-05-31/06-06-00_Villarrica_VIIRS375_VRP.png,2026-05-31 13:31:27,2026-05-31 13:31:27,NO,mixto,alta,False,roi_temporal_v26,"Grupo pÃ­xeles rojos Y=289 (Ã¡rea=31 pxÂ², distâ‰ˆ2.05 km)",21.0,,,,
1780207560,2026-05-31 06:06:00,2026-05-31 02:06:00,Puyehue-Cordon Caulle,VIIRS375,0.1,0.0,ALERTA_TERMICA_OCR,Muy Bajo,imagenes_satelitales/Puyehue-Cordon_Caulle/2026-05-31/06-06-00_Puyehue-Cordon_Caulle_VIIRS375_VRP.png,2026-05-31 13:02:03,2026-05-31 13:02:03,NO,mixto,alta,False,roi_temporal_v26,"Estrella en Y=238 (dentro lÃ­mite Y=148, distâ‰ˆ10.37 km)",21.0,,,,
1780207200,2026-05-31 06:00:00,2026-05-31 02:00:00,Lascar,VIIRS375,0.76,0.0,ALERTA_TERMICA_OCR,Bajo,imagenes_satelitales/Lascar/2026-05-31/06-00-00_Lascar_VIIRS375_VRP.png,2026-05-31 13:01:38,2026-05-31 13:01:38,NO,mixto,alta,False,roi_temporal_v26,"Estrella en Y=286 (dentro lÃ­mite Y=257, distâ‰ˆ3.14 km)",21.0,,,,
1780207200,2026-05-31 06:00:00,2026-05-31 02:00:00,Lastarria,VIIRS375,0.19,0.0,ALERTA_TERMICA_OCR,Muy Bajo,imagenes_satelitales/Lastarria/2026-05-31/06-00-00_Lastarria_VIIRS375_VRP.png,2026-05-31 13:01:42,2026-05-31 13:01:42,NO,mixto,alta,False,roi_temporal_v26,"Estrella en Y=286 (dentro lÃ­mite Y=272, distâ‰ˆ2.33 km)",21.0,,,,
1780205042,2026-05-31 05:24:02,2026-05-31 01:24:02,Lastarria,VIIRS375,0.05,0.0,ALERTA_TERMICA_OCR,Muy Bajo,imagenes_satelitales/Lastarria/2026-05-31/05-24-02_Lastarria_VIIRS375_VRP.png,2026-05-31 11:31:20,2026-05-31 11:31:20,NO,mixto,alta,False,roi_temporal_v26,"Estrella en Y=286 (dentro lÃ­mite Y=272, distâ‰ˆ2.33 km)",21.0,,,,
1780205042,2026-05-31 05:24:02,2026-05-31 01:24:02,Lascar,VIIRS375,0.59,0.0,ALERTA_TERMICA_OCR,Bajo,imagenes_satelitales/Lascar/2026-05-31/05-24-02_Lascar_VIIRS375_VRP.png,2026-05-31 11:31:15,2026-05-31 11:31:15,NO,mixto,alta,False,roi_temporal_v26,"Estrella en Y=286 (dentro lÃ­mite Y=257, distâ‰ˆ3.14 km)",21.0,,,,
1780167961,2026-05-30 19:06:01,2026-05-30 15:06:01,Lastarria,VIIRS375,1.54,10.3,FALSO_POSITIVO_OCR,Medio,imagenes_satelitales/Lastarria/2026-05-30/19-06-01_Lastarria_VIIRS375_VRP.png,2026-05-30 23:01:18,2026-05-30 23:01:18,SI,mixto,baja,False,roi_temporal_v26,"Grupo pÃ­xeles rojos Y=284 (Ã¡rea=8 pxÂ², distâ‰ˆ0.57 km) | RECLASIFICADO 2026-06-15: latest.php (MIROVA) confirma FALSO_POSITIVO @ 10.3 km; el OCR lo ubicó dentro de radio (error de estrella, pre-V29). Conservado como referencia MIROVA.",21.0,,,,
1780166880,2026-05-30 18:48:00,2026-05-30 14:48:00,Lastarria,VIIRS375,3.41,0.0,ALERTA_TERMICA_OCR,Medio,imagenes_satelitales/Lastarria/2026-05-30/18-48-00_Lastarria_VIIRS375_VRP.png,2026-05-31 10:08:35,2026-05-31 10:08:35,NO,mixto,alta,False,roi_temporal_v26,"Estrella en Y=286 (dentro lÃ­mite Y=272, distâ‰ˆ2.33 km)",21.0,,,,
1780166880,2026-05-30 18:48:00,2026-05-30 14:48:00,Isluga,VIIRS,129.0,19.96,FALSO_POSITIVO_OCR,Alto,imagenes_satelitales/Isluga/2026-05-30/18-48-00_Isluga_VIIRS750_VRP.png,2026-05-31 06:31:23,2026-05-31 06:31:23,SI,mixto,baja,False,roi_temporal_v26,"Estrella en Y=287 (el OCR la ubicó mal a ~3 km) | RECLASIFICADO 2026-06-15 (NMendoza): detección MIROVA real VIIRS750 pero FUERA de radio (~20 km; cross-ref latest.php VIIRS375 = 7.11 MW @ 19.96 km, FALSO_POSITIVO). Se conserva como referencia MIROVA para comparar con nuestras capturas.",21.0,,,,
1780164722,2026-05-30 18:12:02,2026-05-30 14:12:02,Isluga,VIIRS,194.0,19.96,FALSO_POSITIVO_OCR,Alto,imagenes_satelitales/Isluga/2026-05-30/18-12-02_Isluga_VIIRS750_VRP.png,2026-05-31 06:31:23,2026-05-31 06:31:23,SI,mixto,baja,False,roi_temporal_v26,"Estrella en Y=287 (el OCR la ubicó mal a ~3 km) | RECLASIFICADO 2026-06-15 (NMendoza): detección MIROVA real VIIRS750 pero FUERA de radio (~20 km; cross-ref latest.php VIIRS375 = 7.11 MW @ 19.96 km, FALSO_POSITIVO). Se conserva como referencia MIROVA para comparar con nuestras capturas.",21.0,,,,
1780164722,2026-05-30 18:12:02,2026-05-30 14:12:02,Lastarria,VIIRS375,1.5,10.3,FALSO_POSITIVO_OCR,Medio,imagenes_satelitales/Lastarria/2026-05-30/18-12-02_Lastarria_VIIRS375_VRP.png,2026-05-30 20:01:20,2026-05-30 20:01:20,SI,mixto,baja,False,roi_temporal_v26,"Grupo pÃ­xeles rojos Y=284 (Ã¡rea=42 pxÂ², distâ‰ˆ0.57 km) | RECLASIFICADO 2026-06-15: latest.php (MIROVA) confirma FALSO_POSITIVO @ 10.3 km; el OCR lo ubicó dentro de radio (error de estrella, pre-V29). Conservado como referencia MIROVA.",21.0,,,,
1780161841,2026-05-30 17:24:01,2026-05-30 13:24:01,Isluga,VIIRS375,3.96,19.96,FALSO_POSITIVO_OCR,Medio,imagenes_satelitales/Isluga/2026-05-30/17-24-01_Isluga_VIIRS375_VRP.png,2026-05-30 18:10:45,2026-05-30 18:10:45,SI,mixto,baja,False,roi_temporal_v26,"Grupo pÃ­xeles rojos Y=291 (Ã¡rea=33 pxÂ², distâ‰ˆ2.18 km) | RECLASIFICADO 2026-06-15: latest.php (MIROVA) confirma FALSO_POSITIVO @ 19.96 km; el OCR lo ubicó dentro de radio (error de estrella, pre-V29). Conservado como referencia MIROVA.",21.0,,,,
1780161841,2026-05-30 17:24:01,2026-05-30 13:24:01,Lascar,VIIRS375,1.77,29.56,FALSO_POSITIVO_OCR,Medio,imagenes_satelitales/Lascar/2026-05-30/17-24-01_Lascar_VIIRS375_VRP.png,2026-05-30 18:10:34,2026-05-30 18:10:34,SI,mixto,baja,False,roi_temporal_v26,"Grupo pÃ­xeles rojos Y=287 (Ã¡rea=32 pxÂ², distâ‰ˆ1.92 km) | RECLASIFICADO 2026-06-15: latest.php (MIROVA) confirma FALSO_POSITIVO @ 29.56 km; el OCR lo ubicó dentro de radio (error de estrella, pre-V29). Conservado como referencia MIROVA.",21.0,,,,
1780161841,2026-05-30 17:24:01,2026-05-30 13:24:01,Lastarria,VIIRS375,2.0,10.3,FALSO_POSITIVO_OCR,Medio,imagenes_satelitales/Lastarria/2026-05-30/17-24-01_Lastarria_VIIRS375_VRP.png,2026-05-30 18:10:39,2026-05-30 18:10:39,SI,mixto,baja,False,roi_temporal_v26,"Grupo pÃ­xeles rojos Y=284 (Ã¡rea=72 pxÂ², distâ‰ˆ0.57 km) | RECLASIFICADO 2026-06-15: latest.php (MIROVA) confirma FALSO_POSITIVO @ 10.3 km; el OCR lo ubicó dentro de radio (error de estrella, pre-V29). Conservado como referencia MIROVA.",21.0,,,,
1780122961,2026-05-30 06:36:01,2026-05-30 02:36:01,Lastarria,VIIRS375,0.08,0.0,ALERTA_TERMICA_OCR,Muy Bajo,imagenes_satelitales/Lastarria/2026-05-30/06-36-01_Lastarria_VIIRS375_VRP.png,2026-05-30 09:01:21,2026-05-30 09:01:21,NO,mixto,alta,False,roi_temporal_v26,"Estrella en Y=286 (dentro lÃ­mite Y=272, distâ‰ˆ2.33 km)",21.0,,,,
1780122240,2026-05-30 06:24:00,2026-05-30 02:24:00,Puyehue-Cordon Caulle,VIIRS375,0.15,0.0,ALERTA_TERMICA_OCR,Muy Bajo,imagenes_satelitales/Puyehue-Cordon_Caulle/2026-05-30/06-24-00_Puyehue-Cordon_Caulle_VIIRS375_VRP.png,2026-05-30 12:13:52,2026-05-30 12:13:52,NO,mixto,alta,False,roi_temporal_v26,"Estrella en Y=238 (dentro lÃ­mite Y=148, distâ‰ˆ10.37 km)",21.0,,,,
1780122240,2026-05-30 06:24:00,2026-05-30 02:24:00,Tupungatito,VIIRS375,0.14,0.0,ALERTA_TERMICA_OCR,Muy Bajo,imagenes_satelitales/Tupungatito/2026-05-30/06-24-00_Tupungatito_VIIRS375_VRP.png,2026-05-30 12:14:04,2026-05-30 12:14:04,NO,mixto,alta,False,roi_temporal_v26,"Grupo pÃ­xeles rojos Y=272 (Ã¡rea=106 pxÂ², distâ‰ˆ1.35 km)",21.0,,,,
1780121880,2026-05-30 06:18:00,2026-05-30 02:18:00,Lastarria,VIIRS375,2.33,0.0,ALERTA_TERMICA_OCR,Medio,imagenes_satelitales/Lastarria/2026-05-30/06-18-00_Lastarria_VIIRS375_VRP.png,2026-05-30 12:13:28,2026-05-30 12:13:28,NO,mixto,alta,False,roi_temporal_v26,"Estrella en Y=284 (dentro lÃ­mite Y=272, distâ‰ˆ2.43 km)",21.0,,,,
1780121880,2026-05-30 06:18:00,2026-05-30 02:18:00,Lascar,VIIRS375,0.35,0.0,ALERTA_TERMICA_OCR,Bajo,imagenes_satelitales/Lascar/2026-05-30/06-18-00_Lascar_VIIRS375_VRP.png,2026-05-30 12:13:23,2026-05-30 12:13:23,NO,mixto,alta,False,roi_temporal_v26,"Grupo pÃ­xeles rojos Y=287 (Ã¡rea=45 pxÂ², distâ‰ˆ1.92 km)",21.0,,,,
1780121880,2026-05-30 06:18:00,2026-05-30 02:18:00,Isluga,VIIRS375,0.53,0.0,ALERTA_TERMICA_OCR,Bajo,imagenes_satelitales/Isluga/2026-05-30/06-18-00_Isluga_VIIRS375_VRP.png,2026-05-30 12:13:33,2026-05-30 12:13:33,NO,mixto,alta,False,roi_temporal_v26,"Grupo pÃ­xeles rojos Y=289 (Ã¡rea=37 pxÂ², distâ‰ˆ2.05 km)",21.0,,,,
1780120082,2026-05-30 05:48:02,2026-05-30 01:48:02,Villarrica,VIIRS375,0.22,0.0,ALERTA_TERMICA_OCR,Bajo,imagenes_satelitales/Villarrica/2026-05-30/05-48-02_Villarrica_VIIRS375_VRP.png,2026-05-30 10:31:20,2026-05-30 10:31:20,NO,mixto,alta,False,roi_temporal_v26,"Grupo pÃ­xeles rojos Y=289 (Ã¡rea=31 pxÂ², distâ‰ˆ2.05 km)",21.0,,,,
1780120082,2026-05-30 05:48:02,2026-05-30 01:48:02,Tupungatito,VIIRS375,0.24,0.0,ALERTA_TERMICA_OCR,Bajo,imagenes_satelitales/Tupungatito/2026-05-30/05-48-02_Tupungatito_VIIRS375_VRP.png,2026-05-30 10:31:48,2026-05-30 10:31:48,NO,mixto,alta,False,roi_temporal_v26,"Grupo pÃ­xeles rojos Y=272 (Ã¡rea=55 pxÂ², distâ‰ˆ1.35 km)",21.0,,,,
1780120082,2026-05-30 05:48:02,2026-05-30 01:48:02,Puyehue-Cordon Caulle,VIIRS375,0.4,0.0,ALERTA_TERMICA_OCR,Bajo,imagenes_satelitales/Puyehue-Cordon_Caulle/2026-05-30/05-48-02_Puyehue-Cordon_Caulle_VIIRS375_VRP.png,2026-05-30 10:31:36,2026-05-30 10:31:36,NO,mixto,alta,False,roi_temporal_v26,"Estrella en Y=238 (dentro lÃ­mite Y=148, distâ‰ˆ10.37 km)",21.0,,,,
1780120082,2026-05-30 05:48:02,2026-05-30 01:48:02,Lastarria,VIIRS375,0.12,0.0,ALERTA_TERMICA_OCR,Muy Bajo,imagenes_satelitales/Lastarria/2026-05-30/05-48-02_Lastarria_VIIRS375_VRP.png,2026-05-30 10:01:18,2026-05-30 10:01:18,NO,mixto,alta,False,roi_temporal_v26,"Estrella en Y=286 (dentro lÃ­mite Y=272, distâ‰ˆ2.33 km)",21.0,,,,
1780119722,2026-05-30 05:42:02,2026-05-30 01:42:02,Isluga,VIIRS375,0.33,0.0,ALERTA_TERMICA_OCR,Bajo,imagenes_satelitales/Isluga/2026-05-30/05-42-02_Isluga_VIIRS375_VRP.png,2026-05-30 10:01:24,2026-05-30 10:01:24,NO,mixto,alta,False,roi_temporal_v26,"Grupo pÃ­xeles rojos Y=291 (Ã¡rea=30 pxÂ², distâ‰ˆ2.18 km)",21.0,,,,
1780117201,2026-05-30 05:00:01,2026-05-30 01:00:01,Puyehue-Cordon Caulle,VIIRS375,0.32,0.0,ALERTA_TERMICA_OCR,Bajo,imagenes_satelitales/Puyehue-Cordon_Caulle/2026-05-30/05-00-01_Puyehue-Cordon_Caulle_VIIRS375_VRP.png,2026-05-30 08:01:38,2026-05-30 08:01:38,NO,mixto,alta,False,roi_temporal_v26,"Estrella en Y=232 (dentro lÃ­mite Y=148, distâ‰ˆ11.02 km)",21.0,,,,
1780117201,2026-05-30 05:00:01,2026-05-30 01:00:01,Lascar,VIIRS375,0.17,0.0,ALERTA_TERMICA_OCR,Muy Bajo,imagenes_satelitales/Lascar/2026-05-30/05-00-01_Lascar_VIIRS375_VRP.png,2026-05-30 08:01:11,2026-05-30 08:01:11,NO,mixto,alta,False,roi_temporal_v26,"Estrella en Y=283 (dentro lÃ­mite Y=257, distâ‰ˆ3.33 km)",21.0,,,,
1780116841,2026-05-30 04:54:01,2026-05-30 00:54:01,Isluga,VIIRS375,0.34,0.0,ALERTA_TERMICA_OCR,Bajo,imagenes_satelitales/Isluga/2026-05-30/04-54-01_Isluga_VIIRS375_VRP.png,2026-05-30 08:01:19,2026-05-30 08:01:19,NO,mixto,alta,False,roi_temporal_v26,"Estrella en Y=291 (dentro lÃ­mite Y=257, distâ‰ˆ2.82 km)",21.0,,,,
1780084500,2026-05-29 19:55:00,2026-05-29 15:55:00,Villarrica,MODIS,1.0,0.0,ALERTA_TERMICA_OCR,Medio,imagenes_satelitales/Villarrica/2026-05-29/19-55-00_Villarrica_MODIS_VRP.png,2026-05-29 18:02:23,2026-05-29 18:02:23,NO,mixto,alta,False,roi_temporal_v26,"Estrella en Y=280 (dentro lÃ­mite Y=257, distâ‰ˆ3.53 km)",21.0,,,,
1780075440,2026-05-29 17:24:00,2026-05-29 13:24:00,Lastarria,VIIRS375,0.73,0.0,ALERTA_TERMICA_OCR,Bajo,imagenes_satelitales/Lastarria/2026-05-29/17-24-00_Lastarria_VIIRS375_VRP.png,2026-05-30 09:01:21,2026-05-30 09:01:21,NO,mixto,alta,False,roi_temporal_v26,"Estrella en Y=286 (dentro lÃ­mite Y=272, distâ‰ˆ2.33 km)",21.0,,,,
1780031881,2026-05-29 05:18:01,2026-05-29 01:18:01,PlanchonPeteroa,VIIRS375,0.09,0.0,ALERTA_TERMICA_OCR,Muy Bajo,imagenes_satelitales/PlanchonPeteroa/2026-05-29/05-18-01_PlanchonPeteroa_VIIRS375_VRP.png,2026-05-29 05:31:52,2026-05-29 05:31:52,NO,mixto,alta,False,roi_temporal_v26,"Estrella en Y=280 (dentro lÃ­mite Y=272, distâ‰ˆ2.62 km)",21.0,,,,
1780030800,2026-05-29 05:00:00,2026-05-29 01:00:00,Tupungatito,VIIRS375,0.46,0.0,ALERTA_TERMICA_OCR,Bajo,imagenes_satelitales/Tupungatito/2026-05-29/05-00-00_Tupungatito_VIIRS375_VRP.png,2026-05-29 08:26:45,2026-05-29 08:26:45,NO,mixto,alta,False,roi_temporal_v26,"Estrella en Y=259 (dentro lÃ­mite Y=257, distâ‰ˆ6.82 km)",21.0,,,,
1780030800,2026-05-29 05:00:00,2026-05-29 01:00:00,Llaima,VIIRS375,0.99,0.0,ALERTA_TERMICA_OCR,Bajo,imagenes_satelitales/Llaima/2026-05-29/05-00-00_Llaima_VIIRS375_VRP.png,2026-05-29 08:26:23,2026-05-29 08:26:23,NO,mixto,alta,False,roi_temporal_v26,"Grupo pÃ­xeles rojos Y=283 (Ã¡rea=31 pxÂ², distâ‰ˆ1.67 km)",21.0,,,,
1780030800,2026-05-29 05:00:00,2026-05-29 01:00:00,Lastarria,VIIRS375,0.27,0.0,ALERTA_TERMICA_OCR,Bajo,imagenes_satelitales/Lastarria/2026-05-29/05-00-00_Lastarria_VIIRS375_VRP.png,2026-05-29 08:01:15,2026-05-29 08:01:15,NO,mixto,alta,False,roi_temporal_v26,"Estrella en Y=277 (dentro lÃ­mite Y=272, distâ‰ˆ2.76 km)",21.0,,,,
1780030440,2026-05-29 04:54:00,2026-05-29 00:54:00,Isluga,VIIRS375,0.86,0.0,ALERTA_TERMICA_OCR,Bajo,imagenes_satelitales/Isluga/2026-05-29/04-54-00_Isluga_VIIRS375_VRP.png,2026-05-29 08:01:20,2026-05-29 08:01:20,NO,mixto,alta,False,roi_temporal_v26,"Estrella en Y=291 (dentro lÃ­mite Y=257, distâ‰ˆ2.82 km)",21.0,,,,
1779991201,2026-05-28 18:00:01,2026-05-28 14:00:01,Lastarria,VIIRS375,3.45,10.67,FALSO_POSITIVO_OCR,Medio,imagenes_satelitales/Lastarria/2026-05-28/18-00-01_Lastarria_VIIRS375_VRP.png,2026-05-28 18:31:18,2026-05-28 18:31:18,SI,mixto,baja,False,roi_temporal_v26,"Grupo pÃ­xeles rojos Y=288 (Ã¡rea=38 pxÂ², distâ‰ˆ0.76 km) | RECLASIFICADO 2026-06-15: latest.php (MIROVA) confirma FALSO_POSITIVO @ 10.67 km; el OCR lo ubicó dentro de radio (error de estrella, pre-V29). Conservado como referencia MIROVA.",21.0,,,,
1779990120,2026-05-28 17:42:00,2026-05-28 13:42:00,Lastarria,VIIRS375,5.11,0.0,ALERTA_TERMICA_OCR,Alto,imagenes_satelitales/Lastarria/2026-05-28/17-42-00_Lastarria_VIIRS375_VRP.png,2026-05-29 07:01:18,2026-05-29 07:01:18,NO,mixto,alta,False,roi_temporal_v26,"Estrella en Y=277 (dentro lÃ­mite Y=272, distâ‰ˆ2.76 km)",21.0,,,,
1779945480,2026-05-28 05:18:00,2026-05-28 01:18:00,Lascar,VIIRS375,0.18,0.0,ALERTA_TERMICA_OCR,Muy Bajo,imagenes_satelitales/Lascar/2026-05-28/05-18-00_Lascar_VIIRS375_VRP.png,2026-05-28 07:01:14,2026-05-28 07:01:14,NO,mixto,alta,False,roi_temporal_v26,"Estrella en Y=283 (dentro lÃ­mite Y=257, distâ‰ˆ3.33 km)",21.0,,,,
1779903002,2026-05-27 17:30:02,2026-05-27 13:30:02,Isluga,VIIRS375,3.06,24.07,FALSO_POSITIVO_OCR,Medio,imagenes_satelitales/Isluga/2026-05-27/17-30-02_Isluga_VIIRS375_VRP.png,2026-05-27 17:13:29,2026-05-27 17:13:29,SI,mixto,baja,False,roi_temporal_v26,"Grupo pÃ­xeles rojos Y=291 (Ã¡rea=30 pxÂ², distâ‰ˆ2.18 km) | RECLASIFICADO 2026-06-15: latest.php (MIROVA) confirma FALSO_POSITIVO @ 24.07 km; el OCR lo ubicó dentro de radio (error de estrella, pre-V29). Conservado como referencia MIROVA.",21.0,,,,
1779861241,2026-05-27 05:54:01,2026-05-27 01:54:01,Tupungatito,VIIRS375,0.22,0.0,ALERTA_TERMICA_OCR,Bajo,imagenes_satelitales/Tupungatito/2026-05-27/05-54-01_Tupungatito_VIIRS375_VRP.png,2026-05-27 17:14:00,2026-05-27 17:14:00,NO,mixto,alta,False,roi_temporal_v26,"Grupo pÃ­xeles rojos Y=274 (Ã¡rea=72 pxÂ², distâ‰ˆ1.53 km)",21.0,,,,
1779860160,2026-05-27 05:36:00,2026-05-27 01:36:00,PlanchonPeteroa,VIIRS375,0.17,0.0,ALERTA_TERMICA_OCR,Muy Bajo,imagenes_satelitales/PlanchonPeteroa/2026-05-27/05-36-00_PlanchonPeteroa_VIIRS375_VRP.png,2026-05-27 17:13:55,2026-05-27 17:13:55,NO,mixto,alta,False,roi_temporal_v26,"Grupo pÃ­xeles rojos Y=284 (Ã¡rea=31 pxÂ², distâ‰ˆ0.57 km)",21.0,,,,
1779775200,2026-05-26 06:00:00,2026-05-26 02:00:00,Villarrica,VIIRS375,0.11,0.0,ALERTA_TERMICA_OCR,Muy Bajo,imagenes_satelitales/Villarrica/2026-05-26/06-00-00_Villarrica_VIIRS375_VRP.png,2026-05-26 18:31:24,2026-05-26 18:31:24,NO,mixto,alta,False,roi_temporal_v26,"Grupo pÃ­xeles rojos Y=291 (Ã¡rea=30 pxÂ², distâ‰ˆ2.18 km)",21.0,,,,
1779775200,2026-05-26 06:00:00,2026-05-26 02:00:00,Chaiten,VIIRS375,0.11,0.0,ALERTA_TERMICA_OCR,Muy Bajo,imagenes_satelitales/Chaiten/2026-05-26/06-00-00_Chaiten_VIIRS375_VRP.png,2026-05-26 18:01:42,2026-05-26 18:01:42,NO,mixto,alta,False,roi_temporal_v26,"Grupo pÃ­xeles rojos Y=290 (Ã¡rea=42 pxÂ², distâ‰ˆ2.12 km)",21.0,,,,
1779774840,2026-05-26 05:54:00,2026-05-26 01:54:00,Isluga,VIIRS375,0.45,0.0,ALERTA_TERMICA_OCR,Bajo,imagenes_satelitales/Isluga/2026-05-26/05-54-00_Isluga_VIIRS375_VRP.png,2026-05-26 18:31:18,2026-05-26 18:31:18,NO,mixto,alta,False,roi_temporal_v26,"Grupo pÃ­xeles rojos Y=289 (Ã¡rea=32 pxÂ², distâ‰ˆ2.05 km)",21.0,,,,
1779773042,2026-05-26 05:24:02,2026-05-26 01:24:02,Tupungatito,VIIRS375,0.18,0.0,ALERTA_TERMICA_OCR,Muy Bajo,imagenes_satelitales/Tupungatito/2026-05-26/05-24-02_Tupungatito_VIIRS375_VRP.png,2026-05-26 18:31:51,2026-05-26 18:31:51,NO,mixto,alta,False,roi_temporal_v26,"Grupo pÃ­xeles rojos Y=274 (Ã¡rea=31 pxÂ², distâ‰ˆ1.53 km)",21.0,,,,
1779773042,2026-05-26 05:24:02,2026-05-26 01:24:02,PlanchonPeteroa,VIIRS375,0.18,0.0,ALERTA_TERMICA_OCR,Muy Bajo,imagenes_satelitales/PlanchonPeteroa/2026-05-26/05-24-02_PlanchonPeteroa_VIIRS375_VRP.png,2026-05-26 18:01:47,2026-05-26 18:01:47,NO,mixto,alta,False,roi_temporal_v26,"Grupo pÃ­xeles rojos Y=286 (Ã¡rea=31 pxÂ², distâ‰ˆ0.67 km)",21.0,,,,
1779690961,2026-05-25 06:36:01,2026-05-25 02:36:01,Puyehue-Cordon Caulle,VIIRS375,0.32,0.0,ALERTA_TERMICA_OCR,Bajo,imagenes_satelitales/Puyehue-Cordon_Caulle/2026-05-25/06-36-01_Puyehue-Cordon_Caulle_VIIRS375_VRP.png,2026-05-25 11:01:36,2026-05-25 11:01:36,NO,mixto,alta,False,roi_temporal_v26,"Grupo pÃ­xeles rojos Y=269 (Ã¡rea=50 pxÂ², distâ‰ˆ12.94 km)",21.0,,,,
1779690601,2026-05-25 06:30:01,2026-05-25 02:30:01,Lastarria,VIIRS375,0.07,0.0,ALERTA_TERMICA_OCR,Muy Bajo,imagenes_satelitales/Lastarria/2026-05-25/06-30-01_Lastarria_VIIRS375_VRP.png,2026-05-25 11:01:15,2026-05-25 11:01:15,NO,mixto,alta,False,roi_temporal_v26,"Estrella en Y=277 (dentro lÃ­mite Y=272, distâ‰ˆ2.76 km)",21.0,,,,
1779689880,2026-05-25 06:18:00,2026-05-25 02:18:00,Puyehue-Cordon Caulle,VIIRS375,0.71,0.0,ALERTA_TERMICA_OCR,Bajo,imagenes_satelitales/Puyehue-Cordon_Caulle/2026-05-25/06-18-00_Puyehue-Cordon_Caulle_VIIRS375_VRP.png,2026-05-25 15:01:39,2026-05-25 15:01:39,NO,mixto,alta,False,roi_temporal_v26,"Estrella en Y=238 (dentro lÃ­mite Y=148, distâ‰ˆ10.37 km)",21.0,,,,
1779689880,2026-05-25 06:18:00,2026-05-25 02:18:00,PlanchonPeteroa,VIIRS375,0.04,0.0,ALERTA_TERMICA_OCR,Muy Bajo,imagenes_satelitales/PlanchonPeteroa/2026-05-25/06-18-00_PlanchonPeteroa_VIIRS375_VRP.png,2026-05-25 15:01:47,2026-05-25 15:01:47,NO,mixto,alta,False,roi_temporal_v26,"Grupo pÃ­xeles rojos Y=285 (Ã¡rea=54 pxÂ², distâ‰ˆ0.62 km)",21.0,,,,
1779689520,2026-05-25 06:12:00,2026-05-25 02:12:00,Lascar,VIIRS375,0.54,0.0,ALERTA_TERMICA_OCR,Bajo,imagenes_satelitales/Lascar/2026-05-25/06-12-00_Lascar_VIIRS375_VRP.png,2026-05-25 15:01:14,2026-05-25 15:01:14,NO,mixto,alta,False,roi_temporal_v26,"Grupo pÃ­xeles rojos Y=286 (Ã¡rea=32 pxÂ², distâ‰ˆ1.86 km)",21.0,,,,
1779687722,2026-05-25 05:42:02,2026-05-25 01:42:02,Puyehue-Cordon Caulle,VIIRS375,0.53,0.0,ALERTA_TERMICA_OCR,Bajo,imagenes_satelitales/Puyehue-Cordon_Caulle/2026-05-25/05-42-02_Puyehue-Cordon_Caulle_VIIRS375_VRP.png,2026-05-25 12:31:38,2026-05-25 12:31:38,NO,mixto,alta,False,roi_temporal_v26,"Estrella en Y=238 (dentro lÃ­mite Y=148, distâ‰ˆ10.37 km)",21.0,,,,
1779687722,2026-05-25 05:42:02,2026-05-25 01:42:02,PlanchonPeteroa,VIIRS375,0.3,0.0,ALERTA_TERMICA_OCR,Bajo,imagenes_satelitales/PlanchonPeteroa/2026-05-25/05-42-02_PlanchonPeteroa_VIIRS375_VRP.png,2026-05-25 12:31:46,2026-05-25 12:31:46,NO,mixto,alta,False,roi_temporal_v26,"Grupo pÃ­xeles rojos Y=285 (Ã¡rea=31 pxÂ², distâ‰ˆ0.62 km)",21.0,,,,
1779687722,2026-05-25 05:42:02,2026-05-25 01:42:02,Lastarria,VIIRS375,0.64,0.0,ALERTA_TERMICA_OCR,Bajo,imagenes_satelitales/Lastarria/2026-05-25/05-42-02_Lastarria_VIIRS375_VRP.png,2026-05-25 12:31:15,2026-05-25 12:31:15,NO,mixto,alta,False,roi_temporal_v26,"Estrella en Y=277 (dentro lÃ­mite Y=272, distâ‰ˆ2.76 km)",21.0,,,,
1779687362,2026-05-25 05:36:02,2026-05-25 01:36:02,Lascar,VIIRS375,0.45,0.0,ALERTA_TERMICA_OCR,Bajo,imagenes_satelitales/Lascar/2026-05-25/05-36-02_Lascar_VIIRS375_VRP.png,2026-05-25 12:31:10,2026-05-25 12:31:10,NO,mixto,alta,False,roi_temporal_v26,"Grupo pÃ­xeles rojos Y=289 (Ã¡rea=31 pxÂ², distâ‰ˆ2.05 km)",21.0,,,,
1779684841,2026-05-25 04:54:01,2026-05-25 00:54:01,Puyehue-Cordon Caulle,VIIRS375,0.48,0.0,ALERTA_TERMICA_OCR,Bajo,imagenes_satelitales/Puyehue-Cordon_Caulle/2026-05-25/04-54-01_Puyehue-Cordon_Caulle_VIIRS375_VRP.png,2026-05-25 09:31:36,2026-05-25 09:31:36,NO,mixto,alta,False,roi_temporal_v26,"Estrella en Y=232 (dentro lÃ­mite Y=148, distâ‰ˆ11.02 km)",21.0,,,,
1779652800,2026-05-24 20:00:00,2026-05-24 16:00:00,Copahue,MODIS,2.0,24.35,FALSO_POSITIVO_OCR,Medio,imagenes_satelitales/Copahue/2026-05-24/20-00-00_Copahue_MODIS_VRP.png,2026-05-24 18:01:40,2026-05-24 18:01:40,SI,mixto,baja,False,roi_temporal_v26,"Estrella en Y=364 (dentro lÃ­mite Y=266, distâ‰ˆ0.00 km) | RECLASIFICADO 2026-06-15: latest.php (MIROVA) confirma FALSO_POSITIVO @ 24.35 km; el OCR lo ubicó dentro de radio (error de estrella, pre-V29). Conservado como referencia MIROVA.",21.0,,,,
1779649200,2026-05-24 19:00:00,2026-05-24 15:00:00,Lastarria,VIIRS375,4.98,0.0,ALERTA_TERMICA_OCR,Medio,imagenes_satelitales/Lastarria/2026-05-24/19-00-00_Lastarria_VIIRS375_VRP.png,2026-05-24 22:31:09,2026-05-24 22:31:09,NO,mixto,alta,False,roi_temporal_v26,"Grupo pÃ­xeles rojos Y=282 (Ã¡rea=4 pxÂ², distâ‰ˆ0.48 km)",21.0,,,,
1779647042,2026-05-24 18:24:02,2026-05-24 14:24:02,Lastarria,VIIRS375,2.87,0.0,ALERTA_TERMICA_OCR,Medio,imagenes_satelitales/Lastarria/2026-05-24/18-24-02_Lastarria_VIIRS375_VRP.png,2026-05-24 21:01:14,2026-05-24 21:01:14,NO,mixto,alta,False,roi_temporal_v26,"Grupo pÃ­xeles rojos Y=284 (Ã¡rea=10 pxÂ², distâ‰ˆ0.57 km)",21.0,,,,
1779604560,2026-05-24 06:36:00,2026-05-24 02:36:00,PlanchonPeteroa,VIIRS375,0.05,0.0,ALERTA_TERMICA_OCR,Muy Bajo,imagenes_satelitales/PlanchonPeteroa/2026-05-24/06-36-00_PlanchonPeteroa_VIIRS375_VRP.png,2026-05-24 11:31:48,2026-05-24 11:31:48,NO,mixto,alta,False,roi_temporal_v26,"Grupo pÃ­xeles rojos Y=290 (Ã¡rea=8 pxÂ², distâ‰ˆ0.86 km)",21.0,,,,
1779604560,2026-05-24 06:36:00,2026-05-24 02:36:00,Tupungatito,VIIRS375,0.05,0.0,ALERTA_TERMICA_OCR,Muy Bajo,imagenes_satelitales/Tupungatito/2026-05-24/06-36-00_Tupungatito_VIIRS375_VRP.png,2026-05-24 11:31:54,2026-05-24 11:31:54,NO,mixto,alta,False,roi_temporal_v26,"Grupo pÃ­xeles rojos Y=280 (Ã¡rea=29 pxÂ², distâ‰ˆ2.06 km)",21.0,,,,
1779604200,2026-05-24 06:30:00,2026-05-24 02:30:00,Lastarria,VIIRS375,0.07,0.0,ALERTA_TERMICA_OCR,Muy Bajo,imagenes_satelitales/Lastarria/2026-05-24/06-30-00_Lastarria_VIIRS375_VRP.png,2026-05-24 11:31:14,2026-05-24 11:31:14,NO,mixto,alta,False,roi_temporal_v26,"Grupo pÃ­xeles rojos Y=292 (Ã¡rea=5 pxÂ², distâ‰ˆ0.95 km)",21.0,,,,
1779557760,2026-05-23 17:36:00,2026-05-23 13:36:00,Lastarria,VIIRS375,2.12,0.0,ALERTA_TERMICA_OCR,Medio,imagenes_satelitales/Lastarria/2026-05-23/17-36-00_Lastarria_VIIRS375_VRP.png,2026-05-24 10:01:21,2026-05-24 10:01:21,NO,mixto,alta,False,roi_temporal_v26,"Estrella en Y=277 (dentro lÃ­mite Y=272, distâ‰ˆ2.76 km)",21.0,,,,
1779557760,2026-05-23 17:36:00,2026-05-23 13:36:00,Lascar,VIIRS375,5.51,0.0,ALERTA_TERMICA_OCR,Alto,imagenes_satelitales/Lascar/2026-05-23/17-36-00_Lascar_VIIRS375_VRP.png,2026-05-24 08:01:10,2026-05-24 08:01:10,NO,mixto,alta,False,roi_temporal_v26,"Estrella en Y=283 (dentro lÃ­mite Y=257, distâ‰ˆ3.33 km)",21.0,,,,
1779470642,2026-05-22 17:24:02,2026-05-22 13:24:02,Isluga,VIIRS375,0.6,0.0,ALERTA_TERMICA_OCR,Bajo,imagenes_satelitales/Isluga/2026-05-22/17-24-02_Isluga_VIIRS375_VRP.png,2026-05-22 19:01:29,2026-05-22 19:01:29,NO,mixto,alta,False,roi_temporal_v26,"Grupo pÃ­xeles rojos Y=287 (Ã¡rea=10 pxÂ², distâ‰ˆ1.92 km)",21.0,,,,
1779470642,2026-05-22 17:24:02,2026-05-22 13:24:02,Lascar,VIIRS375,3.96,0.0,ALERTA_TERMICA_OCR,Medio,imagenes_satelitales/Lascar/2026-05-22/17-24-02_Lascar_VIIRS375_VRP.png,2026-05-22 19:01:19,2026-05-22 19:01:19,NO,mixto,alta,False,roi_temporal_v26,"Grupo pÃ­xeles rojos Y=288 (Ã¡rea=8 pxÂ², distâ‰ˆ1.99 km)",21.0,,,,
1779429241,2026-05-22 05:54:01,2026-05-22 01:54:01,Villarrica,VIIRS375,0.55,0.0,ALERTA_TERMICA_OCR,Bajo,imagenes_satelitales/Villarrica/2026-05-22/05-54-01_Villarrica_VIIRS375_VRP.png,2026-05-22 07:31:31,2026-05-22 07:31:31,NO,mixto,alta,False,roi_temporal_v26,"Estrella en Y=291 (dentro lÃ­mite Y=257, distâ‰ˆ2.82 km)",21.0,,,,
1779429241,2026-05-22 05:54:01,2026-05-22 01:54:01,Chaiten,VIIRS375,0.12,0.0,ALERTA_TERMICA_OCR,Muy Bajo,imagenes_satelitales/Chaiten/2026-05-22/05-54-01_Chaiten_VIIRS375_VRP.png,2026-05-22 07:31:51,2026-05-22 07:31:51,NO,mixto,alta,False,roi_temporal_v26,"Estrella en Y=292 (dentro lÃ­mite Y=257, distâ‰ˆ2.76 km)",21.0,,,,
1779429241,2026-05-22 05:54:01,2026-05-22 01:54:01,Puyehue-Cordon Caulle,VIIRS375,0.61,0.0,ALERTA_TERMICA_OCR,Bajo,imagenes_satelitales/Puyehue-Cordon_Caulle/2026-05-22/05-54-01_Puyehue-Cordon_Caulle_VIIRS375_VRP.png,2026-05-22 07:31:46,2026-05-22 07:31:46,NO,mixto,alta,False,roi_temporal_v26,"Estrella en Y=234 (dentro lÃ­mite Y=148, distâ‰ˆ10.80 km)",21.0,,,,
1779428881,2026-05-22 05:48:01,2026-05-22 01:48:01,PlanchonPeteroa,VIIRS375,0.18,0.0,ALERTA_TERMICA_OCR,Muy Bajo,imagenes_satelitales/PlanchonPeteroa/2026-05-22/05-48-01_PlanchonPeteroa_VIIRS375_VRP.png,2026-05-22 07:01:50,2026-05-22 07:01:50,NO,mixto,alta,False,roi_temporal_v26,"Estrella en Y=280 (dentro lÃ­mite Y=272, distâ‰ˆ2.62 km)",21.0,,,,
1779428881,2026-05-22 05:48:01,2026-05-22 01:48:01,Lastarria,VIIRS375,0.06,0.0,ALERTA_TERMICA_OCR,Muy Bajo,imagenes_satelitales/Lastarria/2026-05-22/05-48-01_Lastarria_VIIRS375_VRP.png,2026-05-22 07:31:23,2026-05-22 07:31:23,NO,mixto,alta,False,roi_temporal_v26,"Estrella en Y=278 (dentro lÃ­mite Y=272, distâ‰ˆ2.71 km)",21.0,,,,
1779261000,2026-05-20 07:10:00,2026-05-20 03:10:00,Llaima,MODIS,1.0,24.7,FALSO_POSITIVO_OCR,Medio,imagenes_satelitales/Llaima/2026-05-20/07-10-00_Llaima_MODIS_VRP.png,2026-05-20 05:02:41,2026-05-20 05:02:41,SI,mixto,baja,False,roi_temporal_v26,"Estrella en Y=362 (dentro lÃ­mite Y=257, distâ‰ˆ0.00 km) | RECLASIFICADO 2026-06-15: latest.php (MIROVA) confirma FALSO_POSITIVO @ 24.7 km; el OCR lo ubicó dentro de radio (error de estrella, pre-V29). Conservado como referencia MIROVA.",21.0,,,,
1779257520,2026-05-20 06:12:00,2026-05-20 02:12:00,PlanchonPeteroa,VIIRS375,0.13,0.0,ALERTA_TERMICA_OCR,Muy Bajo,imagenes_satelitales/PlanchonPeteroa/2026-05-20/06-12-00_PlanchonPeteroa_VIIRS375_VRP.png,2026-05-20 19:44:42,2026-05-20 19:44:42,NO,mixto,alta,False,roi_temporal_v26,"Grupo pÃ­xeles rojos Y=285 (Ã¡rea=43 pxÂ², distâ‰ˆ0.62 km)",21.0,,,,
1779257160,2026-05-20 06:06:00,2026-05-20 02:06:00,Lascar,VIIRS375,0.45,0.0,ALERTA_TERMICA_OCR,Bajo,imagenes_satelitales/Lascar/2026-05-20/06-06-00_Lascar_VIIRS375_VRP.png,2026-05-20 19:44:03,2026-05-20 19:44:03,NO,mixto,alta,False,roi_temporal_v26,"Grupo pÃ­xeles rojos Y=286 (Ã¡rea=33 pxÂ², distâ‰ˆ1.86 km)",21.0,,,,
1779257160,2026-05-20 06:06:00,2026-05-20 02:06:00,Lastarria,VIIRS375,0.09,0.0,ALERTA_TERMICA_OCR,Muy Bajo,imagenes_satelitales/Lastarria/2026-05-20/06-06-00_Lastarria_VIIRS375_VRP.png,2026-05-20 19:44:08,2026-05-20 19:44:08,NO,mixto,alta,False,roi_temporal_v26,"Grupo pÃ­xeles rojos Y=282 (Ã¡rea=31 pxÂ², distâ‰ˆ0.48 km)",21.0,,,,
1779257160,2026-05-20 06:06:00,2026-05-20 02:06:00,Isluga,VIIRS375,0.18,0.0,ALERTA_TERMICA_OCR,Muy Bajo,imagenes_satelitales/Isluga/2026-05-20/06-06-00_Isluga_VIIRS375_VRP.png,2026-05-20 19:44:14,2026-05-20 19:44:14,NO,mixto,alta,False,roi_temporal_v26,"Grupo pÃ­xeles rojos Y=290 (Ã¡rea=31 pxÂ², distâ‰ˆ2.12 km)",21.0,,,,
1779252121,2026-05-20 04:42:01,2026-05-20 00:42:01,Lascar,VIIRS375,1.38,24.67,FALSO_POSITIVO_OCR,Medio,imagenes_satelitales/Lascar/2026-05-20/04-42-01_Lascar_VIIRS375_VRP.png,2026-05-20 06:33:28,2026-05-20 06:33:28,SI,mixto,baja,False,roi_temporal_v26,"Estrella en Y=362 (dentro lÃ­mite Y=257, distâ‰ˆ0.00 km) | RECLASIFICADO 2026-06-15: latest.php (MIROVA) confirma FALSO_POSITIVO @ 24.67 km; el OCR lo ubicó dentro de radio (error de estrella, pre-V29). Conservado como referencia MIROVA.",21.0,,,,
1779216840,2026-05-19 18:54:00,2026-05-19 14:54:00,Lascar,VIIRS375,1.94,24.59,FALSO_POSITIVO_OCR,Medio,imagenes_satelitales/Lascar/2026-05-19/18-54-00_Lascar_VIIRS375_VRP.png,2026-05-20 06:33:28,2026-05-20 06:33:28,AUTO,mixto,baja,False,roi_temporal_v26,"Estrella en Y=362 (dentro lÃ­mite Y=257, distâ‰ˆ0.00 km) | RECLASIFICADO (auditoria 2026-08-04): la estrella se habia leido del panel Last Year (Y=362) en vez del Last Month; releida con el detector corregido da 24.59 km, FUERA del limite del volcan. Era un foco termico real pero lejano, no del crater.",21.0,,,,
1779173281,2026-05-19 06:48:01,2026-05-19 02:48:01,Puyehue-Cordon Caulle,VIIRS375,0.28,0.0,ALERTA_TERMICA_OCR,Bajo,imagenes_satelitales/Puyehue-Cordon_Caulle/2026-05-19/06-48-01_Puyehue-Cordon_Caulle_VIIRS375_VRP.png,2026-05-19 11:33:00,2026-05-19 11:33:00,NO,mixto,alta,False,roi_temporal_v26,"Grupo pÃ­xeles rojos Y=269 (Ã¡rea=50 pxÂ², distâ‰ˆ12.94 km)",21.0,,,,
1779172200,2026-05-19 06:30:00,2026-05-19 02:30:00,PlanchonPeteroa,VIIRS375,0.1,0.0,ALERTA_TERMICA_OCR,Muy Bajo,imagenes_satelitales/PlanchonPeteroa/2026-05-19/06-30-00_PlanchonPeteroa_VIIRS375_VRP.png,2026-05-19 14:31:58,2026-05-19 14:31:58,NO,mixto,alta,False,roi_temporal_v26,"Grupo pÃ­xeles rojos Y=284 (Ã¡rea=49 pxÂ², distâ‰ˆ0.57 km)",21.0,,,,
1779172200,2026-05-19 06:30:00,2026-05-19 02:30:00,Tupungatito,VIIRS375,0.09,0.0,ALERTA_TERMICA_OCR,Muy Bajo,imagenes_satelitales/Tupungatito/2026-05-19/06-30-00_Tupungatito_VIIRS375_VRP.png,2026-05-19 14:32:04,2026-05-19 14:32:04,NO,mixto,alta,False,roi_temporal_v26,"Grupo pÃ­xeles rojos Y=273 (Ã¡rea=88 pxÂ², distâ‰ˆ1.44 km)",21.0,,,,
1779172200,2026-05-19 06:30:00,2026-05-19 02:30:00,Puyehue-Cordon Caulle,VIIRS375,0.49,0.0,ALERTA_TERMICA_OCR,Bajo,imagenes_satelitales/Puyehue-Cordon_Caulle/2026-05-19/06-30-00_Puyehue-Cordon_Caulle_VIIRS375_VRP.png,2026-05-19 14:31:49,2026-05-19 14:31:49,NO,mixto,alta,False,roi_temporal_v26,"Estrella en Y=238 (dentro lÃ­mite Y=148, distâ‰ˆ10.37 km)",21.0,,,,
1779170042,2026-05-19 05:54:02,2026-05-19 01:54:02,Villarrica,VIIRS375,0.42,0.0,ALERTA_TERMICA_OCR,Bajo,imagenes_satelitales/Villarrica/2026-05-19/05-54-02_Villarrica_VIIRS375_VRP.png,2026-05-19 13:01:24,2026-05-19 13:01:24,NO,mixto,alta,False,roi_temporal_v26,"Grupo pÃ­xeles rojos Y=289 (Ã¡rea=31 pxÂ², distâ‰ˆ2.05 km)",21.0,,,,
1779170042,2026-05-19 05:54:02,2026-05-19 01:54:02,Tupungatito,VIIRS375,0.22,0.0,ALERTA_TERMICA_OCR,Bajo,imagenes_satelitales/Tupungatito/2026-05-19/05-54-02_Tupungatito_VIIRS375_VRP.png,2026-05-19 12:32:48,2026-05-19 12:32:48,NO,mixto,alta,False,roi_temporal_v26,"Grupo pÃ­xeles rojos Y=273 (Ã¡rea=74 pxÂ², distâ‰ˆ1.44 km)",21.0,,,,
1779170042,2026-05-19 05:54:02,2026-05-19 01:54:02,PlanchonPeteroa,VIIRS375,0.34,0.0,ALERTA_TERMICA_OCR,Bajo,imagenes_satelitales/PlanchonPeteroa/2026-05-19/05-54-02_PlanchonPeteroa_VIIRS375_VRP.png,2026-05-19 12:32:43,2026-05-19 12:32:43,NO,mixto,alta,False,roi_temporal_v26,"Grupo pÃ­xeles rojos Y=286 (Ã¡rea=31 pxÂ², distâ‰ˆ0.67 km)",21.0,,,,
1779170042,2026-05-19 05:54:02,2026-05-19 01:54:02,Puyehue-Cordon Caulle,VIIRS375,0.71,0.0,ALERTA_TERMICA_OCR,Bajo,imagenes_satelitales/Puyehue-Cordon_Caulle/2026-05-19/05-54-02_Puyehue-Cordon_Caulle_VIIRS375_VRP.png,2026-05-19 12:32:34,2026-05-19 12:32:34,NO,mixto,alta,False,roi_temporal_v26,"Estrella en Y=238 (dentro lÃ­mite Y=148, distâ‰ˆ10.37 km)",21.0,,,,
1779169682,2026-05-19 05:48:02,2026-05-19 01:48:02,Isluga,VIIRS375,0.19,0.0,ALERTA_TERMICA_OCR,Muy Bajo,imagenes_satelitales/Isluga/2026-05-19/05-48-02_Isluga_VIIRS375_VRP.png,2026-05-19 12:32:14,2026-05-19 12:32:14,NO,mixto,alta,False,roi_temporal_v26,"Grupo pÃ­xeles rojos Y=290 (Ã¡rea=50 pxÂ², distâ‰ˆ2.12 km)",21.0,,,,
1779166080,2026-05-19 04:48:00,2026-05-19 00:48:00,Puyehue-Cordon Caulle,VIIRS375,0.46,0.0,ALERTA_TERMICA_OCR,Bajo,imagenes_satelitales/Puyehue-Cordon_Caulle/2026-05-19/04-48-00_Puyehue-Cordon_Caulle_VIIRS375_VRP.png,2026-05-19 14:01:39,2026-05-19 14:01:39,NO,mixto,alta,False,roi_temporal_v26,"Estrella en Y=238 (dentro lÃ­mite Y=148, distâ‰ˆ10.37 km)",21.0,,,,
1779166080,2026-05-19 04:48:00,2026-05-19 00:48:00,Lastarria,VIIRS375,0.68,0.0,ALERTA_TERMICA_OCR,Bajo,imagenes_satelitales/Lastarria/2026-05-19/04-48-00_Lastarria_VIIRS375_VRP.png,2026-05-19 14:31:25,2026-05-19 14:31:25,NO,mixto,alta,False,roi_temporal_v26,"Estrella en Y=277 (dentro lÃ­mite Y=272, distâ‰ˆ2.76 km)",21.0,,,,
1779125400,2026-05-18 17:30:00,2026-05-18 13:30:00,Lascar,VIIRS375,7.12,0.0,ALERTA_TERMICA_OCR,Alto,imagenes_satelitales/Lascar/2026-05-18/17-30-00_Lascar_VIIRS375_VRP.png,2026-05-19 12:32:06,2026-05-19 12:32:06,NO,mixto,alta,False,roi_temporal_v26,"Estrella en Y=283 (dentro lÃ­mite Y=257, distâ‰ˆ3.33 km)",21.0,,,,
1779081481,2026-05-18 05:18:01,2026-05-18 01:18:01,Isluga,VIIRS375,0.27,0.0,ALERTA_TERMICA_OCR,Bajo,imagenes_satelitales/Isluga/2026-05-18/05-18-01_Isluga_VIIRS375_VRP.png,2026-05-18 08:31:29,2026-05-18 08:31:29,NO,mixto,alta,False,roi_temporal_v26,"Estrella en Y=289 (dentro lÃ­mite Y=257, distâ‰ˆ2.95 km)",21.0,,,,
1778996881,2026-05-17 05:48:01,2026-05-17 01:48:01,Chaiten,VIIRS375,0.24,0.0,ALERTA_TERMICA_OCR,Bajo,imagenes_satelitales/Chaiten/2026-05-17/05-48-01_Chaiten_VIIRS375_VRP.png,2026-05-17 07:31:34,2026-05-17 07:31:34,NO,mixto,alta,False,roi_temporal_v26,"Estrella en Y=292 (dentro lÃ­mite Y=257, distâ‰ˆ2.76 km)",21.0,,,,
1778993642,2026-05-17 04:54:02,2026-05-17 00:54:02,Chaiten,VIIRS375,0.05,0.0,ALERTA_TERMICA_OCR,Muy Bajo,imagenes_satelitales/Chaiten/2026-05-17/04-54-02_Chaiten_VIIRS375_VRP.png,2026-05-17 09:01:45,2026-05-17 09:01:45,NO,mixto,alta,False,roi_temporal_v26,"Estrella en Y=292 (dentro lÃ­mite Y=257, distâ‰ˆ2.76 km)",21.0,,,,
1778955120,2026-05-16 18:12:00,2026-05-16 14:12:00,Isluga,VIIRS375,3.34,0.0,ALERTA_TERMICA_OCR,Medio,imagenes_satelitales/Isluga/2026-05-16/18-12-00_Isluga_VIIRS375_VRP.png,2026-05-17 07:22:46,2026-05-17 07:22:46,NO,mixto,alta,False,roi_temporal_v26,"Estrella en Y=291 (dentro lÃ­mite Y=257, distâ‰ˆ2.82 km)",21.0,,,,
1778911561,2026-05-16 06:06:01,2026-05-16 02:06:01,Puyehue-Cordon Caulle,VIIRS375,0.46,0.0,ALERTA_TERMICA_OCR,Bajo,imagenes_satelitales/Puyehue-Cordon_Caulle/2026-05-16/06-06-01_Puyehue-Cordon_Caulle_VIIRS375_VRP.png,2026-05-16 10:31:46,2026-05-16 10:31:46,NO,mixto,alta,False,roi_temporal_v26,"Estrella en Y=235 (dentro lÃ­mite Y=148, distâ‰ˆ10.70 km)",21.0,,,,
1778911201,2026-05-16 06:00:01,2026-05-16 02:00:01,Lastarria,VIIRS375,0.06,0.0,ALERTA_TERMICA_OCR,Muy Bajo,imagenes_satelitales/Lastarria/2026-05-16/06-00-01_Lastarria_VIIRS375_VRP.png,2026-05-16 10:31:19,2026-05-16 10:31:19,NO,mixto,alta,False,roi_temporal_v26,"Estrella en Y=285 (dentro lÃ­mite Y=272, distâ‰ˆ2.38 km)",21.0,,,,
1778910120,2026-05-16 05:42:00,2026-05-16 01:42:00,Isluga,VIIRS375,0.28,0.0,ALERTA_TERMICA_OCR,Bajo,imagenes_satelitales/Isluga/2026-05-16/05-42-00_Isluga_VIIRS375_VRP.png,2026-05-16 15:01:28,2026-05-16 15:01:28,NO,mixto,alta,False,roi_temporal_v26,"Estrella en Y=291 (dentro lÃ­mite Y=257, distâ‰ˆ2.82 km)",21.0,,,,
1778910120,2026-05-16 05:42:00,2026-05-16 01:42:00,Lastarria,VIIRS375,0.83,0.0,ALERTA_TERMICA_OCR,Bajo,imagenes_satelitales/Lastarria/2026-05-16/05-42-00_Lastarria_VIIRS375_VRP.png,2026-05-16 15:01:23,2026-05-16 15:01:23,NO,mixto,alta,False,roi_temporal_v26,"Estrella en Y=285 (dentro lÃ­mite Y=272, distâ‰ˆ2.38 km)",21.0,,,,
1778910120,2026-05-16 05:42:00,2026-05-16 01:42:00,Lascar,VIIRS,1.0,0.0,ALERTA_TERMICA_OCR,Medio,imagenes_satelitales/Lascar/2026-05-16/05-42-00_Lascar_VIIRS750_VRP.png,2026-05-16 09:31:03,2026-05-16 09:31:03,NO,mixto,alta,False,roi_temporal_v26,"Estrella en Y=282 (dentro lÃ­mite Y=257, distâ‰ˆ3.40 km)",21.0,,,,
1778910120,2026-05-16 05:42:00,2026-05-16 01:42:00,Lascar,VIIRS375,0.85,0.0,ALERTA_TERMICA_OCR,Bajo,imagenes_satelitales/Lascar/2026-05-16/05-42-00_Lascar_VIIRS375_VRP.png,2026-05-16 15:01:18,2026-05-16 15:01:18,NO,mixto,alta,False,roi_temporal_v26,"Estrella en Y=283 (dentro lÃ­mite Y=257, distâ‰ˆ3.33 km)",21.0,,,,
1778908322,2026-05-16 05:12:02,2026-05-16 01:12:02,Puyehue-Cordon Caulle,VIIRS375,0.46,0.0,ALERTA_TERMICA_OCR,Bajo,imagenes_satelitales/Puyehue-Cordon_Caulle/2026-05-16/05-12-02_Puyehue-Cordon_Caulle_VIIRS375_VRP.png,2026-05-16 12:32:16,2026-05-16 12:32:16,NO,mixto,alta,False,roi_temporal_v26,"Estrella en Y=235 (dentro lÃ­mite Y=148, distâ‰ˆ10.70 km)",21.0,,,,
1778907962,2026-05-16 05:06:02,2026-05-16 01:06:02,Isluga,VIIRS375,0.29,0.0,ALERTA_TERMICA_OCR,Bajo,imagenes_satelitales/Isluga/2026-05-16/05-06-02_Isluga_VIIRS375_VRP.png,2026-05-16 12:31:56,2026-05-16 12:31:56,NO,mixto,alta,False,roi_temporal_v26,"Estrella en Y=291 (dentro lÃ­mite Y=257, distâ‰ˆ2.82 km)",21.0,,,,
1778907962,2026-05-16 05:06:02,2026-05-16 01:06:02,Lascar,VIIRS375,0.51,0.0,ALERTA_TERMICA_OCR,Bajo,imagenes_satelitales/Lascar/2026-05-16/05-06-02_Lascar_VIIRS375_VRP.png,2026-05-16 12:31:47,2026-05-16 12:31:47,NO,mixto,alta,False,roi_temporal_v26,"Estrella en Y=283 (dentro lÃ­mite Y=257, distâ‰ˆ3.33 km)",21.0,,,,
1778867642,2026-05-15 17:54:02,2026-05-15 13:54:02,Lastarria,VIIRS375,2.47,0.0,ALERTA_TERMICA_OCR,Medio,imagenes_satelitales/Lastarria/2026-05-15/17-54-02_Lastarria_VIIRS375_VRP.png,2026-05-15 23:01:14,2026-05-15 23:01:14,NO,mixto,alta,False,roi_temporal_v26,"Grupo pÃ­xeles rojos Y=284 (Ã¡rea=7 pxÂ², distâ‰ˆ0.57 km)",21.0,,,,
1778825881,2026-05-15 06:18:01,2026-05-15 02:18:01,Lascar,VIIRS375,0.38,0.0,ALERTA_TERMICA_OCR,Bajo,imagenes_satelitales/Lascar/2026-05-15/06-18-01_Lascar_VIIRS375_VRP.png,2026-05-15 10:31:39,2026-05-15 10:31:39,NO,mixto,alta,False,roi_temporal_v26,"Estrella en Y=276 (dentro lÃ­mite Y=257, distâ‰ˆ3.78 km)",21.0,,,,
1778825160,2026-05-15 06:06:00,2026-05-15 02:06:00,Villarrica,VIIRS375,0.05,0.0,ALERTA_TERMICA_OCR,Muy Bajo,imagenes_satelitales/Villarrica/2026-05-15/06-06-00_Villarrica_VIIRS375_VRP.png,2026-05-15 13:31:23,2026-05-15 13:31:23,NO,mixto,alta,False,roi_temporal_v26,"Grupo pÃ­xeles rojos Y=290 (Ã¡rea=31 pxÂ², distâ‰ˆ2.12 km)",21.0,,,,
1778824800,2026-05-15 06:00:00,2026-05-15 02:00:00,Lascar,VIIRS375,0.81,0.0,ALERTA_TERMICA_OCR,Bajo,imagenes_satelitales/Lascar/2026-05-15/06-00-00_Lascar_VIIRS375_VRP.png,2026-05-15 13:31:10,2026-05-15 13:31:10,NO,mixto,alta,False,roi_temporal_v26,"Estrella en Y=276 (dentro lÃ­mite Y=257, distâ‰ˆ3.78 km)",21.0,,,,
1778824800,2026-05-15 06:00:00,2026-05-15 02:00:00,Isluga,VIIRS375,0.26,0.0,ALERTA_TERMICA_OCR,Bajo,imagenes_satelitales/Isluga/2026-05-15/06-00-00_Isluga_VIIRS375_VRP.png,2026-05-15 13:31:18,2026-05-15 13:31:18,NO,mixto,alta,False,roi_temporal_v26,"Grupo pÃ­xeles rojos Y=290 (Ã¡rea=37 pxÂ², distâ‰ˆ2.12 km)",21.0,,,,
1778823002,2026-05-15 05:30:02,2026-05-15 01:30:02,Llaima,VIIRS375,0.29,0.0,ALERTA_TERMICA_OCR,Bajo,imagenes_satelitales/Llaima/2026-05-15/05-30-02_Llaima_VIIRS375_VRP.png,2026-05-15 12:02:04,2026-05-15 12:02:04,NO,mixto,alta,False,roi_temporal_v26,"Estrella en Y=281 (dentro lÃ­mite Y=257, distâ‰ˆ3.46 km)",21.0,,,,
1778823002,2026-05-15 05:30:02,2026-05-15 01:30:02,PlanchonPeteroa,VIIRS375,0.24,0.0,ALERTA_TERMICA_OCR,Bajo,imagenes_satelitales/PlanchonPeteroa/2026-05-15/05-30-02_PlanchonPeteroa_VIIRS375_VRP.png,2026-05-15 12:02:23,2026-05-15 12:02:23,NO,mixto,alta,False,roi_temporal_v26,"Grupo pÃ­xeles rojos Y=286 (Ã¡rea=31 pxÂ², distâ‰ˆ0.67 km)",21.0,,,,
1778822642,2026-05-15 05:24:02,2026-05-15 01:24:02,Lascar,VIIRS375,0.77,0.0,ALERTA_TERMICA_OCR,Bajo,imagenes_satelitales/Lascar/2026-05-15/05-24-02_Lascar_VIIRS375_VRP.png,2026-05-15 12:01:47,2026-05-15 12:01:47,NO,mixto,alta,False,roi_temporal_v26,"Estrella en Y=276 (dentro lÃ­mite Y=257, distâ‰ˆ3.78 km)",21.0,,,,
1778822642,2026-05-15 05:24:02,2026-05-15 01:24:02,Isluga,VIIRS375,0.35,0.0,ALERTA_TERMICA_OCR,Bajo,imagenes_satelitales/Isluga/2026-05-15/05-24-02_Isluga_VIIRS375_VRP.png,2026-05-15 12:01:56,2026-05-15 12:01:56,NO,mixto,alta,False,roi_temporal_v26,"Grupo pÃ­xeles rojos Y=290 (Ã¡rea=31 pxÂ², distâ‰ˆ2.12 km)",21.0,,,,
1778784480,2026-05-14 18:48:00,2026-05-14 14:48:00,Lascar,VIIRS375,1.18,0.0,ALERTA_TERMICA_OCR,Medio,imagenes_satelitales/Lascar/2026-05-14/18-48-00_Lascar_VIIRS375_VRP.png,2026-05-15 10:31:39,2026-05-15 10:31:39,NO,mixto,alta,False,roi_temporal_v26,"Estrella en Y=276 (dentro lÃ­mite Y=257, distâ‰ˆ3.78 km)",21.0,,,,
1778740561,2026-05-14 06:36:01,2026-05-14 02:36:01,Lastarria,VIIRS375,0.11,0.0,ALERTA_TERMICA_OCR,Muy Bajo,imagenes_satelitales/Lastarria/2026-05-14/06-36-01_Lastarria_VIIRS375_VRP.png,2026-05-14 14:05:55,2026-05-14 14:05:55,NO,mixto,alta,False,roi_temporal_v26,"Grupo pÃ­xeles rojos Y=292 (Ã¡rea=5 pxÂ², distâ‰ˆ0.95 km)",21.0,,,,
1778739840,2026-05-14 06:24:00,2026-05-14 02:24:00,Puyehue-Cordon Caulle,VIIRS375,0.79,0.0,ALERTA_TERMICA_OCR,Bajo,imagenes_satelitales/Puyehue-Cordon_Caulle/2026-05-14/06-24-00_Puyehue-Cordon_Caulle_VIIRS375_VRP.png,2026-05-14 11:02:08,2026-05-14 11:02:08,NO,mixto,alta,False,roi_temporal_v26,"Grupo pÃ­xeles rojos Y=269 (Ã¡rea=51 pxÂ², distâ‰ˆ12.94 km)",21.0,,,,
1778739480,2026-05-14 06:18:00,2026-05-14 02:18:00,Lascar,VIIRS375,0.62,0.0,ALERTA_TERMICA_OCR,Bajo,imagenes_satelitales/Lascar/2026-05-14/06-18-00_Lascar_VIIRS375_VRP.png,2026-05-14 11:01:37,2026-05-14 11:01:37,NO,mixto,alta,False,roi_temporal_v26,"Grupo pÃ­xeles rojos Y=293 (Ã¡rea=3 pxÂ², distâ‰ˆ2.31 km)",21.0,,,,
1778739480,2026-05-14 06:18:00,2026-05-14 02:18:00,Lastarria,VIIRS375,0.14,0.0,ALERTA_TERMICA_OCR,Muy Bajo,imagenes_satelitales/Lastarria/2026-05-14/06-18-00_Lastarria_VIIRS375_VRP.png,2026-05-14 11:01:43,2026-05-14 11:01:43,NO,mixto,alta,False,roi_temporal_v26,"Grupo pÃ­xeles rojos Y=289 (Ã¡rea=11 pxÂ², distâ‰ˆ0.81 km)",21.0,,,,
1778734801,2026-05-14 05:00:01,2026-05-14 01:00:01,Puyehue-Cordon Caulle,VIIRS375,0.62,0.0,ALERTA_TERMICA_OCR,Bajo,imagenes_satelitales/Puyehue-Cordon_Caulle/2026-05-14/05-00-01_Puyehue-Cordon_Caulle_VIIRS375_VRP.png,2026-05-14 13:31:32,2026-05-14 13:31:32,NO,mixto,alta,False,roi_temporal_v26,"Estrella en Y=237 (dentro lÃ­mite Y=148, distâ‰ˆ10.48 km)",21.0,,,,
1778734441,2026-05-14 04:54:01,2026-05-14 00:54:01,Lascar,VIIRS375,0.42,0.0,ALERTA_TERMICA_OCR,Bajo,imagenes_satelitales/Lascar/2026-05-14/04-54-01_Lascar_VIIRS375_VRP.png,2026-05-14 13:31:08,2026-05-14 13:31:08,NO,mixto,alta,False,roi_temporal_v26,"Estrella en Y=285 (dentro lÃ­mite Y=257, distâ‰ˆ3.21 km)",21.0,,,,
1778733720,2026-05-14 04:42:00,2026-05-14 00:42:00,Puyehue-Cordon Caulle,VIIRS375,0.37,0.0,ALERTA_TERMICA_OCR,Bajo,imagenes_satelitales/Puyehue-Cordon_Caulle/2026-05-14/04-42-00_Puyehue-Cordon_Caulle_VIIRS375_VRP.png,2026-05-14 11:02:08,2026-05-14 11:02:08,NO,mixto,alta,False,roi_temporal_v26,"Estrella en Y=237 (dentro lÃ­mite Y=148, distâ‰ˆ10.48 km)",21.0,,,,
1778648400,2026-05-13 05:00:00,2026-05-13 01:00:00,Puyehue-Cordon Caulle,VIIRS375,0.19,0.0,ALERTA_TERMICA_OCR,Muy Bajo,imagenes_satelitales/Puyehue-Cordon_Caulle/2026-05-13/05-00-00_Puyehue-Cordon_Caulle_VIIRS375_VRP.png,2026-05-13 09:03:13,2026-05-13 09:03:13,NO,mixto,alta,False,roi_temporal_v26,"Estrella en Y=238 (dentro lÃ­mite Y=148, distâ‰ˆ10.37 km)",21.0,,,,
1778608801,2026-05-12 18:00:01,2026-05-12 14:00:01,Lastarria,VIIRS375,3.83,10.88,FALSO_POSITIVO_OCR,Medio,imagenes_satelitales/Lastarria/2026-05-12/18-00-01_Lastarria_VIIRS375_VRP.png,2026-05-12 17:32:57,2026-05-12 17:32:57,SI,mixto,baja,False,roi_temporal_v26,"Grupo pÃ­xeles rojos Y=288 (Ã¡rea=36 pxÂ², distâ‰ˆ0.76 km) | RECLASIFICADO 2026-06-15: latest.php (MIROVA) confirma FALSO_POSITIVO @ 10.88 km; el OCR lo ubicó dentro de radio (error de estrella, pre-V29). Conservado como referencia MIROVA.",21.0,,,,
1778607720,2026-05-12 17:42:00,2026-05-12 13:42:00,Lastarria,VIIRS375,1.13,0.0,ALERTA_TERMICA_OCR,Medio,imagenes_satelitales/Lastarria/2026-05-12/17-42-00_Lastarria_VIIRS375_VRP.png,2026-05-13 13:03:18,2026-05-13 13:03:18,NO,mixto,alta,False,roi_temporal_v26,"Estrella en Y=286 (dentro lÃ­mite Y=272, distâ‰ˆ2.33 km)",21.0,,,,
1778564161,2026-05-12 05:36:01,2026-05-12 01:36:01,Lascar,VIIRS375,1.17,0.0,ALERTA_TERMICA_OCR,Medio,imagenes_satelitales/Lascar/2026-05-12/05-36-01_Lascar_VIIRS375_VRP.png,2026-05-12 05:32:31,2026-05-12 05:32:31,NO,mixto,alta,False,roi_temporal_v26,"Estrella en Y=286 (dentro lÃ­mite Y=257, distâ‰ˆ3.14 km)",21.0,,,,
1778564161,2026-05-12 05:36:01,2026-05-12 01:36:01,PlanchonPeteroa,VIIRS375,0.35,0.0,ALERTA_TERMICA_OCR,Bajo,imagenes_satelitales/PlanchonPeteroa/2026-05-12/05-36-01_PlanchonPeteroa_VIIRS375_VRP.png,2026-05-12 05:33:06,2026-05-12 05:33:06,NO,mixto,alta,False,roi_temporal_v26,"Estrella en Y=280 (dentro lÃ­mite Y=272, distâ‰ˆ2.62 km)",21.0,,,,
1778564161,2026-05-12 05:36:01,2026-05-12 01:36:01,Lascar,VIIRS,2.0,0.0,ALERTA_TERMICA_OCR,Medio,imagenes_satelitales/Lascar/2026-05-12/05-36-01_Lascar_VIIRS750_VRP.png,2026-05-12 05:01:42,2026-05-12 05:01:42,NO,mixto,alta,False,roi_temporal_v26,"Estrella en Y=282 (dentro lÃ­mite Y=257, distâ‰ˆ3.40 km)",21.0,,,,
1778561282,2026-05-12 04:48:02,2026-05-12 00:48:02,Puyehue-Cordon Caulle,VIIRS375,0.06,0.0,ALERTA_TERMICA_OCR,Muy Bajo,imagenes_satelitales/Puyehue-Cordon_Caulle/2026-05-12/04-48-02_Puyehue-Cordon_Caulle_VIIRS375_VRP.png,2026-05-12 05:49:56,2026-05-12 05:49:56,NO,mixto,alta,False,roi_temporal_v26,"Grupo pÃ­xeles rojos Y=265 (Ã¡rea=3 pxÂ², distâ‰ˆ12.51 km)",21.0,,,,
1778528520,2026-05-11 19:42:00,2026-05-11 15:42:00,PlanchonPeteroa,VIIRS375,9.27,23.19,FALSO_POSITIVO_OCR,Alto,imagenes_satelitales/PlanchonPeteroa/2026-05-11/19-42-00_PlanchonPeteroa_VIIRS375_VRP.png,2026-05-11 22:01:50,2026-05-11 22:01:50,SI,mixto,baja,False,roi_temporal_v26,"Grupo pÃ­xeles rojos Y=286 (Ã¡rea=12 pxÂ², distâ‰ˆ0.67 km) | RECLASIFICADO 2026-06-15: latest.php (MIROVA) confirma FALSO_POSITIVO @ 23.19 km; el OCR lo ubicó dentro de radio (error de estrella, pre-V29). Conservado como referencia MIROVA.",21.0,,,,
1778522400,2026-05-11 18:00:00,2026-05-11 14:00:00,Lascar,VIIRS375,3.39,0.0,ALERTA_TERMICA_OCR,Medio,imagenes_satelitales/Lascar/2026-05-11/18-00-00_Lascar_VIIRS375_VRP.png,2026-05-12 05:32:31,2026-05-12 05:32:31,NO,mixto,alta,False,roi_temporal_v26,"Estrella en Y=286 (dentro lÃ­mite Y=257, distâ‰ˆ3.14 km)",21.0,,,,
1778522400,2026-05-11 18:00:00,2026-05-11 14:00:00,Lastarria,VIIRS375,1.81,0.0,ALERTA_TERMICA_OCR,Medio,imagenes_satelitales/Lastarria/2026-05-11/18-00-00_Lastarria_VIIRS375_VRP.png,2026-05-12 06:31:19,2026-05-12 06:31:19,NO,mixto,alta,False,roi_temporal_v26,"Estrella en Y=286 (dentro lÃ­mite Y=272, distâ‰ˆ2.33 km)",21.0,,,,
1778520602,2026-05-11 17:30:02,2026-05-11 13:30:02,Lastarria,VIIRS375,2.46,0.0,ALERTA_TERMICA_OCR,Medio,imagenes_satelitales/Lastarria/2026-05-11/17-30-02_Lastarria_VIIRS375_VRP.png,2026-05-12 06:31:19,2026-05-12 06:31:19,NO,mixto,alta,False,roi_temporal_v26,"Estrella en Y=286 (dentro lÃ­mite Y=272, distâ‰ˆ2.33 km)",21.0,,,,
1778520602,2026-05-11 17:30:02,2026-05-11 13:30:02,Lascar,VIIRS375,3.51,0.0,ALERTA_TERMICA_OCR,Medio,imagenes_satelitales/Lascar/2026-05-11/17-30-02_Lascar_VIIRS375_VRP.png,2026-05-11 19:01:20,2026-05-11 19:01:20,NO,mixto,alta,False,roi_temporal_v26,"Grupo pÃ­xeles rojos Y=288 (Ã¡rea=40 pxÂ², distâ‰ˆ1.99 km)",21.0,,,,
1778478841,2026-05-11 05:54:01,2026-05-11 01:54:01,Lascar,VIIRS375,1.24,0.0,ALERTA_TERMICA_OCR,Medio,imagenes_satelitales/Lascar/2026-05-11/05-54-01_Lascar_VIIRS375_VRP.png,2026-05-11 06:01:35,2026-05-11 06:01:35,NO,mixto,alta,False,roi_temporal_v26,"Estrella en Y=286 (dentro lÃ­mite Y=257, distâ‰ˆ3.14 km)",21.0,,,,
1778478841,2026-05-11 05:54:01,2026-05-11 01:54:01,PlanchonPeteroa,VIIRS375,0.25,0.0,ALERTA_TERMICA_OCR,Bajo,imagenes_satelitales/PlanchonPeteroa/2026-05-11/05-54-01_PlanchonPeteroa_VIIRS375_VRP.png,2026-05-11 06:02:04,2026-05-11 06:02:04,NO,mixto,alta,False,roi_temporal_v26,"Estrella en Y=280 (dentro lÃ­mite Y=272, distâ‰ˆ2.62 km)",21.0,,,,
1778477760,2026-05-11 05:36:00,2026-05-11 01:36:00,Lascar,VIIRS375,1.38,0.0,ALERTA_TERMICA_OCR,Medio,imagenes_satelitales/Lascar/2026-05-11/05-36-00_Lascar_VIIRS375_VRP.png,2026-05-11 08:20:42,2026-05-11 08:20:42,NO,mixto,alta,False,roi_temporal_v26,"Estrella en Y=286 (dentro lÃ­mite Y=257, distâ‰ˆ3.14 km)",21.0,,,,
1778477760,2026-05-11 05:36:00,2026-05-11 01:36:00,Lascar,VIIRS,1.0,0.0,ALERTA_TERMICA_OCR,Medio,imagenes_satelitales/Lascar/2026-05-11/05-36-00_Lascar_VIIRS750_VRP.png,2026-05-11 08:01:34,2026-05-11 08:01:34,NO,mixto,alta,False,roi_temporal_v26,"Estrella en Y=282 (dentro lÃ­mite Y=257, distâ‰ˆ3.40 km)",21.0,,,,
1778475962,2026-05-11 05:06:02,2026-05-11 01:06:02,Puyehue-Cordon Caulle,VIIRS375,0.23,0.0,ALERTA_TERMICA_OCR,Bajo,imagenes_satelitales/Puyehue-Cordon_Caulle/2026-05-11/05-06-02_Puyehue-Cordon_Caulle_VIIRS375_VRP.png,2026-05-11 07:01:50,2026-05-11 07:01:50,NO,mixto,alta,False,roi_temporal_v26,"Estrella en Y=238 (dentro lÃ­mite Y=148, distâ‰ˆ10.37 km)",21.0,,,,
1778475602,2026-05-11 05:00:02,2026-05-11 01:00:02,Lascar,VIIRS375,0.34,0.0,ALERTA_TERMICA_OCR,Bajo,imagenes_satelitales/Lascar/2026-05-11/05-00-02_Lascar_VIIRS375_VRP.png,2026-05-11 07:01:22,2026-05-11 07:01:22,NO,mixto,alta,False,roi_temporal_v26,"Estrella en Y=284 (dentro lÃ­mite Y=257, distâ‰ˆ3.27 km)",21.0,,,,
1778393881,2026-05-10 06:18:01,2026-05-10 02:18:01,PlanchonPeteroa,VIIRS375,0.22,0.0,ALERTA_TERMICA_OCR,Bajo,imagenes_satelitales/PlanchonPeteroa/2026-05-10/06-18-01_PlanchonPeteroa_VIIRS375_VRP.png,2026-05-10 07:31:48,2026-05-10 07:31:48,NO,mixto,alta,False,roi_temporal_v26,"Estrella en Y=280 (dentro lÃ­mite Y=272, distâ‰ˆ2.62 km)",21.0,,,,
1778392800,2026-05-10 06:00:00,2026-05-10 02:00:00,Puyehue-Cordon Caulle,VIIRS375,0.23,0.0,ALERTA_TERMICA_OCR,Bajo,imagenes_satelitales/Puyehue-Cordon_Caulle/2026-05-10/06-00-00_Puyehue-Cordon_Caulle_VIIRS375_VRP.png,2026-05-10 09:51:47,2026-05-10 09:51:47,NO,mixto,alta,False,roi_temporal_v26,"Grupo pÃ­xeles rojos Y=262 (Ã¡rea=116 pxÂ², distâ‰ˆ12.19 km)",21.0,,,,
1778392440,2026-05-10 05:54:00,2026-05-10 01:54:00,Lascar,VIIRS375,1.48,0.0,ALERTA_TERMICA_OCR,Medio,imagenes_satelitales/Lascar/2026-05-10/05-54-00_Lascar_VIIRS375_VRP.png,2026-05-10 09:51:22,2026-05-10 09:51:22,NO,mixto,alta,False,roi_temporal_v26,"Estrella en Y=283 (dentro lÃ­mite Y=257, distâ‰ˆ3.33 km)",21.0,,,,
1778392440,2026-05-10 05:54:00,2026-05-10 01:54:00,PlanchonPeteroa,VIIRS375,0.18,0.0,ALERTA_TERMICA_OCR,Muy Bajo,imagenes_satelitales/PlanchonPeteroa/2026-05-10/05-54-00_PlanchonPeteroa_VIIRS375_VRP.png,2026-05-10 09:51:56,2026-05-10 09:51:56,NO,mixto,alta,False,roi_temporal_v26,"Estrella en Y=280 (dentro lÃ­mite Y=272, distâ‰ˆ2.62 km)",21.0,,,,
1778392440,2026-05-10 05:54:00,2026-05-10 01:54:00,Tupungatito,VIIRS375,0.17,0.0,ALERTA_TERMICA_OCR,Muy Bajo,imagenes_satelitales/Tupungatito/2026-05-10/05-54-00_Tupungatito_VIIRS375_VRP.png,2026-05-10 09:52:01,2026-05-10 09:52:01,NO,mixto,alta,False,roi_temporal_v26,"Grupo pÃ­xeles rojos Y=275 (Ã¡rea=66 pxÂ², distâ‰ˆ1.62 km)",21.0,,,,
1778390642,2026-05-10 05:24:02,2026-05-10 01:24:02,PlanchonPeteroa,VIIRS375,0.23,0.0,ALERTA_TERMICA_OCR,Bajo,imagenes_satelitales/PlanchonPeteroa/2026-05-10/05-24-02_PlanchonPeteroa_VIIRS375_VRP.png,2026-05-10 08:31:53,2026-05-10 08:31:53,NO,mixto,alta,False,roi_temporal_v26,"Estrella en Y=280 (dentro lÃ­mite Y=272, distâ‰ˆ2.62 km)",21.0,,,,
1778390282,2026-05-10 05:18:02,2026-05-10 01:18:02,Lascar,VIIRS375,1.21,0.0,ALERTA_TERMICA_OCR,Medio,imagenes_satelitales/Lascar/2026-05-10/05-18-02_Lascar_VIIRS375_VRP.png,2026-05-10 08:31:18,2026-05-10 08:31:18,NO,mixto,alta,False,roi_temporal_v26,"Estrella en Y=283 (dentro lÃ­mite Y=257, distâ‰ˆ3.33 km)",21.0,,,,
1778387761,2026-05-10 04:36:01,2026-05-10 00:36:01,Puyehue-Cordon Caulle,VIIRS375,0.26,0.0,ALERTA_TERMICA_OCR,Bajo,imagenes_satelitales/Puyehue-Cordon_Caulle/2026-05-10/04-36-01_Puyehue-Cordon_Caulle_VIIRS375_VRP.png,2026-05-10 07:04:05,2026-05-10 07:04:05,NO,mixto,alta,False,roi_temporal_v26,"Estrella en Y=232 (dentro lÃ­mite Y=148, distâ‰ˆ11.02 km)",21.0,,,,
1778376300,2026-05-10 01:25:00,2026-05-09 21:25:00,Lascar,MODIS,1.0,0.0,ALERTA_TERMICA_OCR,Medio,imagenes_satelitales/Lascar/2026-05-10/01-25-00_Lascar_MODIS_VRP.png,2026-05-09 23:31:21,2026-05-09 23:31:21,NO,mixto,alta,False,roi_temporal_v26,"Estrella en Y=287 (dentro lÃ­mite Y=257, distâ‰ˆ3.08 km)",21.0,,,,
1778352120,2026-05-09 18:42:00,2026-05-09 14:42:00,Lascar,VIIRS375,3.85,0.0,ALERTA_TERMICA_OCR,Medio,imagenes_satelitales/Lascar/2026-05-09/18-42-00_Lascar_VIIRS375_VRP.png,2026-05-10 08:01:13,2026-05-10 08:01:13,NO,mixto,alta,False,roi_temporal_v26,"Estrella en Y=281 (dentro lÃ­mite Y=257, distâ‰ˆ3.46 km)",21.0,,,,
1778308561,2026-05-09 06:36:01,2026-05-09 02:36:01,Puyehue-Cordon Caulle,VIIRS375,0.12,0.0,ALERTA_TERMICA_OCR,Muy Bajo,imagenes_satelitales/Puyehue-Cordon_Caulle/2026-05-09/06-36-01_Puyehue-Cordon_Caulle_VIIRS375_VRP.png,2026-05-09 12:31:42,2026-05-09 12:31:42,NO,mixto,alta,False,roi_temporal_v26,"Grupo pÃ­xeles rojos Y=269 (Ã¡rea=51 pxÂ², distâ‰ˆ12.94 km)",21.0,,,,
1778308201,2026-05-09 06:30:01,2026-05-09 02:30:01,Isluga,VIIRS375,0.1,0.0,ALERTA_TERMICA_OCR,Muy Bajo,imagenes_satelitales/Isluga/2026-05-09/06-30-01_Isluga_VIIRS375_VRP.png,2026-05-09 12:31:23,2026-05-09 12:31:23,NO,mixto,alta,False,roi_temporal_v26,"Estrella en Y=289 (dentro lÃ­mite Y=257, distâ‰ˆ2.95 km)",21.0,,,,
1778307480,2026-05-09 06:18:00,2026-05-09 02:18:00,PlanchonPeteroa,VIIRS375,0.06,0.0,ALERTA_TERMICA_OCR,Muy Bajo,imagenes_satelitales/PlanchonPeteroa/2026-05-09/06-18-00_PlanchonPeteroa_VIIRS375_VRP.png,2026-05-09 15:01:51,2026-05-09 15:01:51,NO,mixto,alta,False,roi_temporal_v26,"Grupo pÃ­xeles rojos Y=285 (Ã¡rea=43 pxÂ², distâ‰ˆ0.62 km)",21.0,,,,
1778307480,2026-05-09 06:18:00,2026-05-09 02:18:00,Puyehue-Cordon Caulle,VIIRS375,1.13,0.0,ALERTA_TERMICA_OCR,Medio,imagenes_satelitales/Puyehue-Cordon_Caulle/2026-05-09/06-18-00_Puyehue-Cordon_Caulle_VIIRS375_VRP.png,2026-05-09 15:01:37,2026-05-09 15:01:37,NO,mixto,alta,False,roi_temporal_v26,"Estrella en Y=237 (dentro lÃ­mite Y=148, distâ‰ˆ10.48 km)",21.0,,,,
1778307120,2026-05-09 06:12:00,2026-05-09 02:12:00,Lascar,VIIRS375,0.83,0.0,ALERTA_TERMICA_OCR,Bajo,imagenes_satelitales/Lascar/2026-05-09/06-12-00_Lascar_VIIRS375_VRP.png,2026-05-09 15:01:10,2026-05-09 15:01:10,NO,mixto,alta,False,roi_temporal_v26,"Grupo pÃ­xeles rojos Y=287 (Ã¡rea=33 pxÂ², distâ‰ˆ1.92 km)",21.0,,,,
1778307120,2026-05-09 06:12:00,2026-05-09 02:12:00,Tupungatito,VIIRS375,0.15,0.0,ALERTA_TERMICA_OCR,Muy Bajo,imagenes_satelitales/Tupungatito/2026-05-09/06-12-00_Tupungatito_VIIRS375_VRP.png,2026-05-09 15:01:56,2026-05-09 15:01:56,NO,mixto,alta,False,roi_temporal_v26,"Grupo pÃ­xeles rojos Y=274 (Ã¡rea=37 pxÂ², distâ‰ˆ1.53 km)",21.0,,,,
1778307120,2026-05-09 06:12:00,2026-05-09 02:12:00,Lastarria,VIIRS375,0.09,0.0,ALERTA_TERMICA_OCR,Muy Bajo,imagenes_satelitales/Lastarria/2026-05-09/06-12-00_Lastarria_VIIRS375_VRP.png,2026-05-09 15:01:15,2026-05-09 15:01:15,NO,mixto,alta,False,roi_temporal_v26,"Grupo pÃ­xeles rojos Y=284 (Ã¡rea=46 pxÂ², distâ‰ˆ0.57 km)",21.0,,,,
1778266800,2026-05-08 19:00:00,2026-05-08 15:00:00,Lastarria,VIIRS375,3.98,0.0,ALERTA_TERMICA_OCR,Medio,imagenes_satelitales/Lastarria/2026-05-08/19-00-00_Lastarria_VIIRS375_VRP.png,2026-05-09 07:09:18,2026-05-09 07:09:18,NO,mixto,alta,False,roi_temporal_v26,"Estrella en Y=277 (dentro lÃ­mite Y=272, distâ‰ˆ2.76 km)",21.0,,,,
1778264642,2026-05-08 18:24:02,2026-05-08 14:24:02,Lastarria,VIIRS375,3.98,0.0,ALERTA_TERMICA_OCR,Medio,imagenes_satelitales/Lastarria/2026-05-08/18-24-02_Lastarria_VIIRS375_VRP.png,2026-05-09 07:09:18,2026-05-09 07:09:18,NO,mixto,alta,False,roi_temporal_v26,"Estrella en Y=277 (dentro lÃ­mite Y=272, distâ‰ˆ2.76 km)",21.0,,,,
1778261761,2026-05-08 17:36:01,2026-05-08 13:36:01,Lascar,VIIRS375,2.05,29.56,FALSO_POSITIVO_OCR,Medio,imagenes_satelitales/Lascar/2026-05-08/17-36-01_Lascar_VIIRS375_VRP.png,2026-05-08 22:01:14,2026-05-08 22:01:14,SI,mixto,baja,False,roi_temporal_v26,"Grupo pÃ­xeles rojos Y=284 (Ã¡rea=14 pxÂ², distâ‰ˆ1.73 km) | RECLASIFICADO 2026-06-15: latest.php (MIROVA) confirma FALSO_POSITIVO @ 29.56 km; el OCR lo ubicó dentro de radio (error de estrella, pre-V29). Conservado como referencia MIROVA.",21.0,,,,
1778260680,2026-05-08 17:18:00,2026-05-08 13:18:00,Lascar,VIIRS375,2.73,24.59,FALSO_POSITIVO_OCR,Medio,imagenes_satelitales/Lascar/2026-05-08/17-18-00_Lascar_VIIRS375_VRP.png,2026-05-09 05:41:42,2026-05-09 05:41:42,AUTO,mixto,baja,False,roi_temporal_v26,"Estrella en Y=362 (dentro lÃ­mite Y=257, distâ‰ˆ0.00 km) | RECLASIFICADO (auditoria 2026-08-04): la estrella se habia leido del panel Last Year (Y=362) en vez del Last Month; releida con el detector corregido da 24.59 km, FUERA del limite del volcan. Era un foco termico real pero lejano, no del crater.",21.0,,,,
1778221800,2026-05-08 06:30:00,2026-05-08 02:30:00,Lascar,VIIRS375,0.19,9.74,FALSO_POSITIVO_OCR,Muy Bajo,imagenes_satelitales/Lascar/2026-05-08/06-30-00_Lascar_VIIRS375_VRP.png,2026-05-08 12:31:17,2026-05-08 12:31:17,SI,mixto,baja,False,roi_temporal_v26,"Grupo pÃ­xeles rojos Y=285 (Ã¡rea=59 pxÂ², distâ‰ˆ1.79 km) | RECLASIFICADO 2026-06-15: latest.php (MIROVA) confirma FALSO_POSITIVO @ 9.74 km; el OCR lo ubicó dentro de radio (error de estrella, pre-V29). Conservado como referencia MIROVA.",21.0,,,,
1778175360,2026-05-07 17:36:00,2026-05-07 13:36:00,Lascar,VIIRS375,2.24,0.0,ALERTA_TERMICA_OCR,Medio,imagenes_satelitales/Lascar/2026-05-07/17-36-00_Lascar_VIIRS375_VRP.png,2026-05-08 10:01:45,2026-05-08 10:01:45,NO,mixto,alta,False,roi_temporal_v26,"Estrella en Y=279 (dentro lÃ­mite Y=257, distâ‰ˆ3.59 km)",21.0,,,,
1778046481,2026-05-06 05:48:01,2026-05-06 01:48:01,Lascar,VIIRS,2.0,0.0,ALERTA_TERMICA_OCR,Medio,imagenes_satelitales/Lascar/2026-05-06/05-48-01_Lascar_VIIRS750_VRP.png,2026-05-06 06:01:44,2026-05-06 06:01:44,NO,mixto,alta,False,roi_temporal_v26,"Estrella en Y=280 (dentro lÃ­mite Y=257, distâ‰ˆ3.53 km)",21.0,,,,
1778009400,2026-05-05 19:30:00,2026-05-05 15:30:00,Lascar,MODIS,15.0,0.0,ALERTA_TERMICA_OCR,Alto,imagenes_satelitales/Lascar/2026-05-05/19-30-00_Lascar_MODIS_VRP.png,2026-05-06 12:31:42,2026-05-06 12:31:42,NO,mixto,alta,False,roi_temporal_v26,"Estrella en Y=287 (dentro lÃ­mite Y=257, distâ‰ˆ3.08 km)",21.0,,,,
1777961161,2026-05-05 06:06:01,2026-05-05 02:06:01,Lascar,VIIRS,1.0,0.0,ALERTA_TERMICA_OCR,Medio,imagenes_satelitales/Lascar/2026-05-05/06-06-01_Lascar_VIIRS750_VRP.png,2026-05-05 07:31:28,2026-05-05 07:31:28,NO,mixto,alta,False,roi_temporal_v26,"Grupo pÃ­xeles rojos Y=292 (Ã¡rea=5 pxÂ², distâ‰ˆ2.24 km)",21.0,,,,
1777961161,2026-05-05 06:06:01,2026-05-05 02:06:01,Lascar,VIIRS375,1.28,0.0,ALERTA_TERMICA_OCR,Medio,imagenes_satelitales/Lascar/2026-05-05/06-06-01_Lascar_VIIRS375_VRP.png,2026-05-05 07:02:52,2026-05-05 07:02:52,NO,mixto,alta,False,roi_temporal_v26,"Estrella en Y=283 (dentro lÃ­mite Y=257, distâ‰ˆ3.33 km)",21.0,,,,
1777961161,2026-05-05 06:06:01,2026-05-05 02:06:01,Lastarria,VIIRS375,0.08,0.0,ALERTA_TERMICA_OCR,Muy Bajo,imagenes_satelitales/Lastarria/2026-05-05/06-06-01_Lastarria_VIIRS375_VRP.png,2026-05-05 07:02:57,2026-05-05 07:02:57,NO,mixto,alta,False,roi_temporal_v26,"Estrella en Y=286 (dentro lÃ­mite Y=272, distâ‰ˆ2.33 km)",21.0,,,,
1777961161,2026-05-05 06:06:01,2026-05-05 02:06:01,Isluga,VIIRS375,0.15,0.0,ALERTA_TERMICA_OCR,Muy Bajo,imagenes_satelitales/Isluga/2026-05-05/06-06-01_Isluga_VIIRS375_VRP.png,2026-05-05 07:03:02,2026-05-05 07:03:02,NO,mixto,alta,False,roi_temporal_v26,"Estrella en Y=289 (dentro lÃ­mite Y=257, distâ‰ˆ2.95 km)",21.0,,,,
1777960440,2026-05-05 05:54:00,2026-05-05 01:54:00,Puyehue-Cordon Caulle,VIIRS375,0.23,0.0,ALERTA_TERMICA_OCR,Bajo,imagenes_satelitales/Puyehue-Cordon_Caulle/2026-05-05/05-54-00_Puyehue-Cordon_Caulle_VIIRS375_VRP.png,2026-05-05 10:02:31,2026-05-05 10:02:31,NO,mixto,alta,False,roi_temporal_v26,"Grupo pÃ­xeles rojos Y=230 (Ã¡rea=31 pxÂ², distâ‰ˆ8.77 km)",21.0,,,,
1777960080,2026-05-05 05:48:00,2026-05-05 01:48:00,Lastarria,VIIRS375,0.18,0.0,ALERTA_TERMICA_OCR,Muy Bajo,imagenes_satelitales/Lastarria/2026-05-05/05-48-00_Lastarria_VIIRS375_VRP.png,2026-05-05 10:02:09,2026-05-05 10:02:09,NO,mixto,alta,False,roi_temporal_v26,"Estrella en Y=286 (dentro lÃ­mite Y=272, distâ‰ˆ2.33 km)",21.0,,,,
1777960080,2026-05-05 05:48:00,2026-05-05 01:48:00,Lascar,VIIRS375,1.36,0.0,ALERTA_TERMICA_OCR,Medio,imagenes_satelitales/Lascar/2026-05-05/05-48-00_Lascar_VIIRS375_VRP.png,2026-05-05 10:02:04,2026-05-05 10:02:04,NO,mixto,alta,False,roi_temporal_v26,"Estrella en Y=283 (dentro lÃ­mite Y=257, distâ‰ˆ3.33 km)",21.0,,,,
1777960080,2026-05-05 05:48:00,2026-05-05 01:48:00,Isluga,VIIRS375,0.3,0.0,ALERTA_TERMICA_OCR,Bajo,imagenes_satelitales/Isluga/2026-05-05/05-48-00_Isluga_VIIRS375_VRP.png,2026-05-05 10:02:14,2026-05-05 10:02:14,NO,mixto,alta,False,roi_temporal_v26,"Estrella en Y=289 (dentro lÃ­mite Y=257, distâ‰ˆ2.95 km)",21.0,,,,
1777957922,2026-05-05 05:12:02,2026-05-05 01:12:02,Isluga,VIIRS375,0.51,0.0,ALERTA_TERMICA_OCR,Bajo,imagenes_satelitales/Isluga/2026-05-05/05-12-02_Isluga_VIIRS375_VRP.png,2026-05-05 08:01:27,2026-05-05 08:01:27,NO,mixto,alta,False,roi_temporal_v26,"Estrella en Y=289 (dentro lÃ­mite Y=257, distâ‰ˆ2.95 km)",21.0,,,,
1777957922,2026-05-05 05:12:02,2026-05-05 01:12:02,Lastarria,VIIRS375,0.8,0.0,ALERTA_TERMICA_OCR,Bajo,imagenes_satelitales/Lastarria/2026-05-05/05-12-02_Lastarria_VIIRS375_VRP.png,2026-05-05 08:31:27,2026-05-05 08:31:27,NO,mixto,alta,False,roi_temporal_v26,"Estrella en Y=286 (dentro lÃ­mite Y=272, distâ‰ˆ2.33 km)",21.0,,,,
1777957922,2026-05-05 05:12:02,2026-05-05 01:12:02,Lascar,VIIRS375,1.01,0.0,ALERTA_TERMICA_OCR,Medio,imagenes_satelitales/Lascar/2026-05-05/05-12-02_Lascar_VIIRS375_VRP.png,2026-05-05 08:01:17,2026-05-05 08:01:17,NO,mixto,alta,False,roi_temporal_v26,"Estrella en Y=283 (dentro lÃ­mite Y=257, distâ‰ˆ3.33 km)",21.0,,,,
1777919760,2026-05-04 18:36:00,2026-05-04 14:36:00,Lascar,VIIRS375,1.98,29.56,FALSO_POSITIVO_OCR,Medio,imagenes_satelitales/Lascar/2026-05-04/18-36-00_Lascar_VIIRS375_VRP.png,2026-05-04 18:12:49,2026-05-04 18:12:49,SI,mixto,baja,False,roi_temporal_v26,"Grupo pÃ­xeles rojos Y=287 (Ã¡rea=32 pxÂ², distâ‰ˆ1.92 km) | RECLASIFICADO 2026-06-15: latest.php (MIROVA) confirma FALSO_POSITIVO @ 29.56 km; el OCR lo ubicó dentro de radio (error de estrella, pre-V29). Conservado como referencia MIROVA.",21.0,,,,
1777919400,2026-05-04 18:30:00,2026-05-04 14:30:00,Lastarria,VIIRS375,1.44,10.3,FALSO_POSITIVO_OCR,Medio,imagenes_satelitales/Lastarria/2026-05-04/18-30-00_Lastarria_VIIRS375_VRP.png,2026-05-04 18:01:23,2026-05-04 18:01:23,SI,mixto,baja,False,roi_temporal_v26,"Grupo pÃ­xeles rojos Y=285 (Ã¡rea=68 pxÂ², distâ‰ˆ0.62 km) | RECLASIFICADO 2026-06-15: latest.php (MIROVA) confirma FALSO_POSITIVO @ 10.3 km; el OCR lo ubicó dentro de radio (error de estrella, pre-V29). Conservado como referencia MIROVA.",21.0,,,,
1777874760,2026-05-04 06:06:00,2026-05-04 02:06:00,Isluga,VIIRS375,0.3,0.0,ALERTA_TERMICA_OCR,Bajo,imagenes_satelitales/Isluga/2026-05-04/06-06-00_Isluga_VIIRS375_VRP.png,2026-05-04 10:01:20,2026-05-04 10:01:20,NO,mixto,alta,False,roi_temporal_v26,"Estrella en Y=288 (dentro lÃ­mite Y=257, distâ‰ˆ3.01 km)",21.0,,,,
1777874760,2026-05-04 06:06:00,2026-05-04 02:06:00,Lascar,VIIRS,2.0,0.0,ALERTA_TERMICA_OCR,Medio,imagenes_satelitales/Lascar/2026-05-04/06-06-00_Lascar_VIIRS750_VRP.png,2026-05-04 07:01:59,2026-05-04 07:01:59,NO,mixto,alta,False,roi_temporal_v26,"Grupo pÃ­xeles rojos Y=287 (Ã¡rea=34 pxÂ², distâ‰ˆ1.92 km)",21.0,,,,
1777874760,2026-05-04 06:06:00,2026-05-04 02:06:00,Lastarria,VIIRS375,0.07,0.0,ALERTA_TERMICA_OCR,Muy Bajo,imagenes_satelitales/Lastarria/2026-05-04/06-06-00_Lastarria_VIIRS375_VRP.png,2026-05-04 10:01:15,2026-05-04 10:01:15,NO,mixto,alta,False,roi_temporal_v26,"Grupo pÃ­xeles rojos Y=277 (Ã¡rea=3 pxÂ², distâ‰ˆ0.24 km)",21.0,,,,
1777834440,2026-05-03 18:54:00,2026-05-03 14:54:00,Lascar,VIIRS375,3.54,0.0,ALERTA_TERMICA_OCR,Medio,imagenes_satelitales/Lascar/2026-05-03/18-54-00_Lascar_VIIRS375_VRP.png,2026-05-03 23:01:10,2026-05-03 23:01:10,NO,mixto,alta,False,roi_temporal_v26,"Grupo pÃ­xeles rojos Y=287 (Ã¡rea=7 pxÂ², distâ‰ˆ1.92 km)",21.0,,,,
1777834440,2026-05-03 18:54:00,2026-05-03 14:54:00,Lastarria,VIIRS375,1.55,0.0,ALERTA_TERMICA_OCR,Medio,imagenes_satelitales/Lastarria/2026-05-03/18-54-00_Lastarria_VIIRS375_VRP.png,2026-05-03 23:01:16,2026-05-03 23:01:16,NO,mixto,alta,False,roi_temporal_v26,"Grupo pÃ­xeles rojos Y=288 (Ã¡rea=8 pxÂ², distâ‰ˆ0.76 km)",21.0,,,,
1777832282,2026-05-03 18:18:02,2026-05-03 14:18:02,Lastarria,VIIRS375,5.27,0.0,ALERTA_TERMICA_OCR,Alto,imagenes_satelitales/Lastarria/2026-05-03/18-18-02_Lastarria_VIIRS375_VRP.png,2026-05-03 21:31:13,2026-05-03 21:31:13,NO,mixto,alta,False,roi_temporal_v26,"Grupo pÃ­xeles rojos Y=288 (Ã¡rea=9 pxÂ², distâ‰ˆ0.76 km)",21.0,,,,
1777829401,2026-05-03 17:30:01,2026-05-03 13:30:01,Lascar,VIIRS375,1.06,29.78,FALSO_POSITIVO_OCR,Medio,imagenes_satelitales/Lascar/2026-05-03/17-30-01_Lascar_VIIRS375_VRP.png,2026-05-03 19:31:14,2026-05-03 19:31:14,SI,mixto,baja,False,roi_temporal_v26,"Grupo pÃ­xeles rojos Y=287 (Ã¡rea=9 pxÂ², distâ‰ˆ1.92 km) | RECLASIFICADO 2026-06-15: latest.php (MIROVA) confirma FALSO_POSITIVO @ 29.78 km; el OCR lo ubicó dentro de radio (error de estrella, pre-V29). Conservado como referencia MIROVA.",21.0,,,,
1777794300,2026-05-03 07:45:00,2026-05-03 03:45:00,Lascar,MODIS,1.0,0.0,ALERTA_TERMICA_OCR,Medio,imagenes_satelitales/Lascar/2026-05-03/07-45-00_Lascar_MODIS_VRP.png,2026-05-03 07:01:20,2026-05-03 07:01:20,NO,mixto,alta,False,roi_temporal_v26,"Estrella en Y=284 (dentro lÃ­mite Y=257, distâ‰ˆ3.27 km)",21.0,,,,
1777789800,2026-05-03 06:30:00,2026-05-03 02:30:00,Tupungatito,VIIRS375,0.06,0.0,ALERTA_TERMICA_OCR,Muy Bajo,imagenes_satelitales/Tupungatito/2026-05-03/06-30-00_Tupungatito_VIIRS375_VRP.png,2026-05-03 11:03:00,2026-05-03 11:03:00,NO,mixto,alta,False,roi_temporal_v26,"Grupo pÃ­xeles rojos Y=273 (Ã¡rea=92 pxÂ², distâ‰ˆ1.44 km)",21.0,,,,
1777789800,2026-05-03 06:30:00,2026-05-03 02:30:00,PlanchonPeteroa,VIIRS375,0.09,0.0,ALERTA_TERMICA_OCR,Muy Bajo,imagenes_satelitales/PlanchonPeteroa/2026-05-03/06-30-00_PlanchonPeteroa_VIIRS375_VRP.png,2026-05-03 11:02:54,2026-05-03 11:02:54,NO,mixto,alta,False,roi_temporal_v26,"Grupo pÃ­xeles rojos Y=286 (Ã¡rea=31 pxÂ², distâ‰ˆ0.67 km)",21.0,,,,
1777789440,2026-05-03 06:24:00,2026-05-03 02:24:00,Isluga,VIIRS375,0.09,0.0,ALERTA_TERMICA_OCR,Muy Bajo,imagenes_satelitales/Isluga/2026-05-03/06-24-00_Isluga_VIIRS375_VRP.png,2026-05-03 11:02:24,2026-05-03 11:02:24,NO,mixto,alta,False,roi_temporal_v26,"Grupo pÃ­xeles rojos Y=287 (Ã¡rea=78 pxÂ², distâ‰ˆ1.92 km)",21.0,,,,
1777743000,2026-05-02 17:30:00,2026-05-02 13:30:00,Lascar,VIIRS375,1.77,0.0,ALERTA_TERMICA_OCR,Medio,imagenes_satelitales/Lascar/2026-05-02/17-30-00_Lascar_VIIRS375_VRP.png,2026-05-02 21:01:12,2026-05-02 21:01:12,NO,mixto,alta,False,roi_temporal_v26,"Grupo pÃ­xeles rojos Y=287 (Ã¡rea=8 pxÂ², distâ‰ˆ1.92 km)",21.0,,,,
1777699441,2026-05-02 05:24:01,2026-05-02 01:24:01,PlanchonPeteroa,VIIRS375,0.21,0.0,ALERTA_TERMICA_OCR,Bajo,imagenes_satelitales/PlanchonPeteroa/2026-05-02/05-24-01_PlanchonPeteroa_VIIRS375_VRP.png,2026-05-02 07:56:34,2026-05-02 07:56:34,NO,mixto,alta,False,roi_temporal_v26,"Estrella en Y=280 (dentro lÃ­mite Y=272, distâ‰ˆ2.62 km)",21.0,,,,
1777699441,2026-05-02 05:24:01,2026-05-02 01:24:01,Lascar,VIIRS375,1.4,0.0,ALERTA_TERMICA_OCR,Medio,imagenes_satelitales/Lascar/2026-05-02/05-24-01_Lascar_VIIRS375_VRP.png,2026-05-02 07:55:44,2026-05-02 07:55:44,NO,mixto,alta,False,roi_temporal_v26,"Estrella en Y=282 (dentro lÃ­mite Y=257, distâ‰ˆ3.40 km)",21.0,,,,
1777699441,2026-05-02 05:24:01,2026-05-02 01:24:01,Tupungatito,VIIRS375,0.25,0.0,ALERTA_TERMICA_OCR,Bajo,imagenes_satelitales/Tupungatito/2026-05-02/05-24-01_Tupungatito_VIIRS375_VRP.png,2026-05-02 07:56:40,2026-05-02 07:56:40,NO,mixto,alta,False,roi_temporal_v26,"Estrella en Y=257 (dentro lÃ­mite Y=257, distâ‰ˆ7.00 km)",21.0,,,,
1777699081,2026-05-02 05:18:01,2026-05-02 01:18:01,Isluga,VIIRS375,0.6,0.0,ALERTA_TERMICA_OCR,Bajo,imagenes_satelitales/Isluga/2026-05-02/05-18-01_Isluga_VIIRS375_VRP.png,2026-05-02 07:55:59,2026-05-02 07:55:59,NO,mixto,alta,False,roi_temporal_v26,"Estrella en Y=288 (dentro lÃ­mite Y=257, distâ‰ˆ3.01 km)",21.0,,,,
1777698360,2026-05-02 05:06:00,2026-05-02 01:06:00,Lastarria,VIIRS375,2.36,0.0,ALERTA_TERMICA_OCR,Medio,imagenes_satelitales/Lastarria/2026-05-02/05-06-00_Lastarria_VIIRS375_VRP.png,2026-05-02 11:31:17,2026-05-02 11:31:17,NO,mixto,alta,False,roi_temporal_v26,"Estrella en Y=283 (dentro lÃ­mite Y=272, distâ‰ˆ2.48 km)",21.0,,,,
1777658761,2026-05-01 18:06:01,2026-05-01 14:06:01,Lastarria,VIIRS375,4.01,10.67,FALSO_POSITIVO_OCR,Medio,imagenes_satelitales/Lastarria/2026-05-01/18-06-01_Lastarria_VIIRS375_VRP.png,2026-05-01 19:31:08,2026-05-01 19:31:08,SI,mixto,baja,False,roi_temporal_v26,"Grupo pÃ­xeles rojos Y=285 (Ã¡rea=41 pxÂ², distâ‰ˆ0.62 km) | RECLASIFICADO 2026-06-15: latest.php (MIROVA) confirma FALSO_POSITIVO @ 10.67 km; el OCR lo ubicó dentro de radio (error de estrella, pre-V29). Conservado como referencia MIROVA.",21.0,,,,
1777658761,2026-05-01 18:06:01,2026-05-01 14:06:01,Lascar,VIIRS375,2.74,29.56,FALSO_POSITIVO_OCR,Medio,imagenes_satelitales/Lascar/2026-05-01/18-06-01_Lascar_VIIRS375_VRP.png,2026-05-01 19:31:03,2026-05-01 19:31:03,SI,mixto,baja,False,roi_temporal_v26,"Grupo pÃ­xeles rojos Y=287 (Ã¡rea=10 pxÂ², distâ‰ˆ1.92 km) | RECLASIFICADO 2026-06-15: latest.php (MIROVA) confirma FALSO_POSITIVO @ 29.56 km; el OCR lo ubicó dentro de radio (error de estrella, pre-V29). Conservado como referencia MIROVA.",21.0,,,,
1777657680,2026-05-01 17:48:00,2026-05-01 13:48:00,Lascar,VIIRS375,2.35,0.0,ALERTA_TERMICA_OCR,Medio,imagenes_satelitales/Lascar/2026-05-01/17-48-00_Lascar_VIIRS375_VRP.png,2026-05-02 07:55:44,2026-05-02 07:55:44,NO,mixto,alta,False,roi_temporal_v26,"Estrella en Y=282 (dentro lÃ­mite Y=257, distâ‰ˆ3.40 km)",21.0,,,,
1777657680,2026-05-01 17:48:00,2026-05-01 13:48:00,Lastarria,VIIRS375,1.26,0.0,ALERTA_TERMICA_OCR,Medio,imagenes_satelitales/Lastarria/2026-05-01/17-48-00_Lastarria_VIIRS375_VRP.png,2026-05-02 09:43:46,2026-05-02 09:43:46,NO,mixto,alta,False,roi_temporal_v26,"Estrella en Y=277 (dentro lÃ­mite Y=272, distâ‰ˆ2.76 km)",21.0,,,,
1777655882,2026-05-01 17:18:02,2026-05-01 13:18:02,Lastarria,VIIRS375,2.24,0.0,ALERTA_TERMICA_OCR,Medio,imagenes_satelitales/Lastarria/2026-05-01/17-18-02_Lastarria_VIIRS375_VRP.png,2026-05-02 09:43:46,2026-05-02 09:43:46,NO,mixto,alta,False,roi_temporal_v26,"Estrella en Y=277 (dentro lÃ­mite Y=272, distâ‰ˆ2.76 km)",21.0,,,,
1777655882,2026-05-01 17:18:02,2026-05-01 13:18:02,Lascar,VIIRS375,1.52,0.0,ALERTA_TERMICA_OCR,Medio,imagenes_satelitales/Lascar/2026-05-01/17-18-02_Lascar_VIIRS375_VRP.png,2026-05-02 07:55:44,2026-05-02 07:55:44,NO,mixto,alta,False,roi_temporal_v26,"Estrella en Y=282 (dentro lÃ­mite Y=257, distâ‰ˆ3.40 km)",21.0,,,,
1777614121,2026-05-01 05:42:01,2026-05-01 01:42:01,Lascar,VIIRS,1.0,0.0,ALERTA_TERMICA_OCR,Medio,imagenes_satelitales/Lascar/2026-05-01/05-42-01_Lascar_VIIRS750_VRP.png,2026-05-01 05:31:11,2026-05-01 05:31:11,NO,mixto,alta,False,roi_temporal_v26,"Estrella en Y=283 (dentro lÃ­mite Y=257, distâ‰ˆ3.33 km)",21.0,,,,
1777610882,2026-05-01 04:48:02,2026-05-01 00:48:02,Lascar,VIIRS375,0.12,0.0,ALERTA_TERMICA_OCR,Muy Bajo,imagenes_satelitales/Lascar/2026-05-01/04-48-02_Lascar_VIIRS375_VRP.png,2026-05-01 09:31:14,2026-05-01 09:31:14,NO,mixto,alta,False,roi_temporal_v26,"Estrella en Y=283 (dentro lÃ­mite Y=257, distâ‰ˆ3.33 km)",21.0,,,,
1777570562,2026-04-30 17:36:02,2026-04-30 13:36:02,Lastarria,VIIRS375,5.06,0.0,ALERTA_TERMICA_OCR,Alto,imagenes_satelitales/Lastarria/2026-04-30/17-36-02_Lastarria_VIIRS375_VRP.png,2026-05-01 09:01:19,2026-05-01 09:01:19,NO,mixto,alta,False,roi_temporal_v26,"Estrella en Y=278 (dentro lÃ­mite Y=272, distâ‰ˆ2.71 km)",21.0,,,,
1777570562,2026-04-30 17:36:02,2026-04-30 13:36:02,Lascar,VIIRS375,1.59,0.0,ALERTA_TERMICA_OCR,Medio,imagenes_satelitales/Lascar/2026-04-30/17-36-02_Lascar_VIIRS375_VRP.png,2026-04-30 20:31:08,2026-04-30 20:31:08,NO,mixto,alta,False,roi_temporal_v26,"Grupo pÃ­xeles rojos Y=287 (Ã¡rea=10 pxÂ², distâ‰ˆ1.92 km)",21.0,,,,
1777512600,2026-04-30 01:30:00,2026-04-29 21:30:00,Lascar,MODIS,1.0,0.0,ALERTA_TERMICA_OCR,Medio,imagenes_satelitales/Lascar/2026-04-30/01-30-00_Lascar_MODIS_VRP.png,2026-04-29 23:31:08,2026-04-29 23:31:08,NO,mixto,alta,False,roi_temporal_v26,"Estrella en Y=287 (dentro lÃ­mite Y=257, distâ‰ˆ3.08 km)",21.0,,,,
1777443481,2026-04-29 06:18:01,2026-04-29 02:18:01,Isluga,VIIRS375,0.69,22.37,FALSO_POSITIVO_OCR,Bajo,imagenes_satelitales/Isluga/2026-04-29/06-18-01_Isluga_VIIRS375_VRP.png,2026-04-29 05:31:25,2026-04-29 05:31:25,SI,mixto,baja,False,roi_temporal_v26,"Grupo pÃ­xeles rojos Y=289 (Ã¡rea=32 pxÂ², distâ‰ˆ2.05 km) | RECLASIFICADO 2026-06-15: latest.php (MIROVA) confirma FALSO_POSITIVO @ 22.37 km; el OCR lo ubicó dentro de radio (error de estrella, pre-V29). Conservado como referencia MIROVA.",21.0,,,,
1777397041,2026-04-28 17:24:01,2026-04-28 13:24:01,Lastarria,VIIRS375,5.44,0.0,ALERTA_TERMICA_OCR,Alto,imagenes_satelitales/Lastarria/2026-04-28/17-24-01_Lastarria_VIIRS375_VRP.png,2026-04-29 06:01:21,2026-04-29 06:01:21,NO,mixto,alta,False,roi_temporal_v26,"Estrella en Y=283 (dentro lÃ­mite Y=272, distâ‰ˆ2.48 km)",21.0,,,,
1777397041,2026-04-28 17:24:01,2026-04-28 13:24:01,Lascar,VIIRS375,4.97,0.0,ALERTA_TERMICA_OCR,Medio,imagenes_satelitales/Lascar/2026-04-28/17-24-01_Lascar_VIIRS375_VRP.png,2026-04-28 16:31:56,2026-04-28 16:31:56,NO,mixto,alta,False,roi_temporal_v26,"Grupo pÃ­xeles rojos Y=285 (Ã¡rea=39 pxÂ², distâ‰ˆ1.79 km)",21.0,,,,
1777362600,2026-04-28 07:50:00,2026-04-28 03:50:00,Lascar,MODIS,1.0,0.0,ALERTA_TERMICA_OCR,Medio,imagenes_satelitales/Lascar/2026-04-28/07-50-00_Lascar_MODIS_VRP.png,2026-04-28 06:01:12,2026-04-28 06:01:12,NO,mixto,alta,False,roi_temporal_v26,"Estrella en Y=280 (dentro lÃ­mite Y=257, distâ‰ˆ3.53 km)",21.0,,,,
1777355282,2026-04-28 05:48:02,2026-04-28 01:48:02,Lascar,VIIRS375,2.73,0.0,ALERTA_TERMICA_OCR,Medio,imagenes_satelitales/Lascar/2026-04-28/05-48-02_Lascar_VIIRS375_VRP.png,2026-04-28 09:01:11,2026-04-28 09:01:11,NO,mixto,alta,False,roi_temporal_v26,"Grupo pÃ­xeles rojos Y=287 (Ã¡rea=39 pxÂ², distâ‰ˆ1.92 km)",21.0,,,,
1777355282,2026-04-28 05:48:02,2026-04-28 01:48:02,Puyehue-Cordon Caulle,VIIRS375,0.27,0.0,ALERTA_TERMICA_OCR,Bajo,imagenes_satelitales/Puyehue-Cordon_Caulle/2026-04-28/05-48-02_Puyehue-Cordon_Caulle_VIIRS375_VRP.png,2026-04-28 09:01:38,2026-04-28 09:01:38,NO,mixto,alta,False,roi_temporal_v26,"Grupo pÃ­xeles rojos Y=265 (Ã¡rea=31 pxÂ², distâ‰ˆ12.51 km)",21.0,,,,
1777354922,2026-04-28 05:42:02,2026-04-28 01:42:02,Isluga,VIIRS375,0.36,0.0,ALERTA_TERMICA_OCR,Bajo,imagenes_satelitales/Isluga/2026-04-28/05-42-02_Isluga_VIIRS375_VRP.png,2026-04-28 09:01:19,2026-04-28 09:01:19,NO,mixto,alta,False,roi_temporal_v26,"Grupo pÃ­xeles rojos Y=290 (Ã¡rea=32 pxÂ², distâ‰ˆ2.12 km)",21.0,,,,
1777352041,2026-04-28 04:54:01,2026-04-28 00:54:01,Isluga,VIIRS375,0.15,0.0,ALERTA_TERMICA_OCR,Muy Bajo,imagenes_satelitales/Isluga/2026-04-28/04-54-01_Isluga_VIIRS375_VRP.png,2026-04-28 07:01:40,2026-04-28 07:01:40,NO,mixto,alta,False,roi_temporal_v26,"Estrella en Y=289 (dentro lÃ­mite Y=257, distâ‰ˆ2.95 km)",21.0,,,,
1777352041,2026-04-28 04:54:01,2026-04-28 00:54:01,Lascar,VIIRS375,0.55,0.0,ALERTA_TERMICA_OCR,Bajo,imagenes_satelitales/Lascar/2026-04-28/04-54-01_Lascar_VIIRS375_VRP.png,2026-04-28 07:01:30,2026-04-28 07:01:30,NO,mixto,alta,False,roi_temporal_v26,"Estrella en Y=283 (dentro lÃ­mite Y=257, distâ‰ˆ3.33 km)",21.0,,,,
1777317481,2026-04-27 19:18:01,2026-04-27 15:18:01,Llaima,VIIRS375,0.27,24.49,FALSO_POSITIVO_OCR,Bajo,imagenes_satelitales/Llaima/2026-04-27/19-18-01_Llaima_VIIRS375_VRP.png,2026-04-28 00:31:23,2026-04-28 00:31:23,SI,mixto,baja,False,roi_temporal_v26,"Estrella en Y=363 (dentro lÃ­mite Y=257, distâ‰ˆ0.00 km) | RECLASIFICADO 2026-06-15: latest.php (MIROVA) confirma FALSO_POSITIVO @ 24.49 km; el OCR lo ubicó dentro de radio (error de estrella, pre-V29). Conservado como referencia MIROVA.",21.0,,,,
1777311721,2026-04-27 17:42:01,2026-04-27 13:42:01,Tupungatito,VIIRS375,0.75,23.36,FALSO_POSITIVO_OCR,Bajo,imagenes_satelitales/Tupungatito/2026-04-27/17-42-01_Tupungatito_VIIRS375_VRP.png,2026-04-27 19:31:42,2026-04-27 19:31:42,SI,mixto,baja,False,roi_temporal_v26,"Grupo pÃ­xeles rojos Y=273 (Ã¡rea=7 pxÂ², distâ‰ˆ1.44 km) | RECLASIFICADO 2026-06-15: latest.php (MIROVA) confirma FALSO_POSITIVO @ 23.36 km; el OCR lo ubicó dentro de radio (error de estrella, pre-V29). Conservado como referencia MIROVA.",21.0,,,,
1777311721,2026-04-27 17:42:01,2026-04-27 13:42:01,Lascar,VIIRS375,2.72,29.56,FALSO_POSITIVO_OCR,Medio,imagenes_satelitales/Lascar/2026-04-27/17-42-01_Lascar_VIIRS375_VRP.png,2026-04-27 19:31:06,2026-04-27 19:31:06,SI,mixto,baja,False,roi_temporal_v26,"Grupo pÃ­xeles rojos Y=287 (Ã¡rea=10 pxÂ², distâ‰ˆ1.92 km) | RECLASIFICADO 2026-06-15: latest.php (MIROVA) confirma FALSO_POSITIVO @ 29.56 km; el OCR lo ubicó dentro de radio (error de estrella, pre-V29). Conservado como referencia MIROVA.",21.0,,,,
1777310640,2026-04-27 17:24:00,2026-04-27 13:24:00,Lascar,VIIRS375,2.74,0.0,ALERTA_TERMICA_OCR,Medio,imagenes_satelitales/Lascar/2026-04-27/17-24-00_Lascar_VIIRS375_VRP.png,2026-04-28 07:01:30,2026-04-28 07:01:30,NO,mixto,alta,False,roi_temporal_v26,"Estrella en Y=283 (dentro lÃ­mite Y=257, distâ‰ˆ3.33 km)",21.0,,,,
1777267081,2026-04-27 05:18:01,2026-04-27 01:18:01,PlanchonPeteroa,VIIRS375,0.05,0.0,ALERTA_TERMICA_OCR,Muy Bajo,imagenes_satelitales/PlanchonPeteroa/2026-04-27/05-18-01_PlanchonPeteroa_VIIRS375_VRP.png,2026-04-27 06:01:50,2026-04-27 06:01:50,NO,mixto,alta,False,roi_temporal_v26,"Estrella en Y=280 (dentro lÃ­mite Y=272, distâ‰ˆ2.62 km)",21.0,,,,
1777267081,2026-04-27 05:18:01,2026-04-27 01:18:01,Lascar,VIIRS,1.0,0.0,ALERTA_TERMICA_OCR,Medio,imagenes_satelitales/Lascar/2026-04-27/05-18-01_Lascar_VIIRS750_VRP.png,2026-04-27 04:01:17,2026-04-27 04:01:17,NO,mixto,alta,False,roi_temporal_v26,"Estrella en Y=282 (dentro lÃ­mite Y=257, distâ‰ˆ3.40 km)",21.0,,,,
1777225320,2026-04-26 17:42:00,2026-04-26 13:42:00,Lascar,VIIRS375,0.75,0.0,ALERTA_TERMICA_OCR,Bajo,imagenes_satelitales/Lascar/2026-04-26/17-42-00_Lascar_VIIRS375_VRP.png,2026-04-27 06:31:20,2026-04-27 06:31:20,NO,mixto,alta,False,roi_temporal_v26,"Estrella en Y=283 (dentro lÃ­mite Y=257, distâ‰ˆ3.33 km)",21.0,,,,
1777181761,2026-04-26 05:36:01,2026-04-26 01:36:01,Lascar,VIIRS,1.0,0.0,ALERTA_TERMICA_OCR,Medio,imagenes_satelitales/Lascar/2026-04-26/05-36-01_Lascar_VIIRS750_VRP.png,2026-04-26 05:01:13,2026-04-26 05:01:13,NO,mixto,alta,False,roi_temporal_v26,"Estrella en Y=282 (dentro lÃ­mite Y=257, distâ‰ˆ3.40 km)",21.0,,,,
1777102500,2026-04-25 07:35:00,2026-04-25 03:35:00,Lascar,MODIS,1.0,0.0,ALERTA_TERMICA_OCR,Medio,imagenes_satelitales/Lascar/2026-04-25/07-35-00_Lascar_MODIS_VRP.png,2026-04-25 07:31:14,2026-04-25 07:31:14,NO,mixto,alta,False,roi_temporal_v26,"Grupo pÃ­xeles rojos Y=289 (Ã¡rea=5 pxÂ², distâ‰ˆ2.05 km)",21.0,,,,
1777096441,2026-04-25 05:54:01,2026-04-25 01:54:01,Lascar,VIIRS,1.0,0.0,ALERTA_TERMICA_OCR,Medio,imagenes_satelitales/Lascar/2026-04-25/05-54-01_Lascar_VIIRS750_VRP.png,2026-04-25 07:31:11,2026-04-25 07:31:11,NO,mixto,alta,False,roi_temporal_v26,"Estrella en Y=283 (dentro lÃ­mite Y=257, distâ‰ˆ3.33 km)",21.0,,,,
1777095360,2026-04-25 05:36:00,2026-04-25 01:36:00,Lascar,VIIRS375,1.39,0.0,ALERTA_TERMICA_OCR,Medio,imagenes_satelitales/Lascar/2026-04-25/05-36-00_Lascar_VIIRS375_VRP.png,2026-04-25 10:57:18,2026-04-25 10:57:18,NO,mixto,alta,False,roi_temporal_v26,"Estrella en Y=286 (dentro lÃ­mite Y=257, distâ‰ˆ3.14 km)",21.0,,,,
1777095360,2026-04-25 05:36:00,2026-04-25 01:36:00,Lascar,VIIRS,1.0,0.0,ALERTA_TERMICA_OCR,Medio,imagenes_satelitales/Lascar/2026-04-25/05-36-00_Lascar_VIIRS750_VRP.png,2026-04-25 09:01:11,2026-04-25 09:01:11,NO,mixto,alta,False,roi_temporal_v26,"Estrella en Y=283 (dentro lÃ­mite Y=257, distâ‰ˆ3.33 km)",21.0,,,,
1777093562,2026-04-25 05:06:02,2026-04-25 01:06:02,PlanchonPeteroa,VIIRS375,0.17,0.0,ALERTA_TERMICA_OCR,Muy Bajo,imagenes_satelitales/PlanchonPeteroa/2026-04-25/05-06-02_PlanchonPeteroa_VIIRS375_VRP.png,2026-04-25 09:31:46,2026-04-25 09:31:46,NO,mixto,alta,False,roi_temporal_v26,"Estrella en Y=280 (dentro lÃ­mite Y=272, distâ‰ˆ2.62 km)",21.0,,,,
1777093202,2026-04-25 05:00:02,2026-04-25 01:00:02,Lascar,VIIRS375,1.72,0.0,ALERTA_TERMICA_OCR,Medio,imagenes_satelitales/Lascar/2026-04-25/05-00-02_Lascar_VIIRS375_VRP.png,2026-04-25 09:31:13,2026-04-25 09:31:13,NO,mixto,alta,False,roi_temporal_v26,"Estrella en Y=284 (dentro lÃ­mite Y=257, distâ‰ˆ3.27 km)",21.0,,,,
1777080600,2026-04-25 01:30:00,2026-04-24 21:30:00,Lascar,MODIS,1.0,0.0,ALERTA_TERMICA_OCR,Medio,imagenes_satelitales/Lascar/2026-04-25/01-30-00_Lascar_MODIS_VRP.png,2026-04-25 00:31:10,2026-04-25 00:31:10,NO,mixto,alta,False,roi_temporal_v26,"Estrella en Y=287 (dentro lÃ­mite Y=257, distâ‰ˆ3.08 km)",21.0,,,,
1777056121,2026-04-24 18:42:01,2026-04-24 14:42:01,Lastarria,VIIRS375,2.8,11.31,FALSO_POSITIVO_OCR,Medio,imagenes_satelitales/Lastarria/2026-04-24/18-42-01_Lastarria_VIIRS375_VRP.png,2026-04-24 18:31:21,2026-04-24 18:31:21,SI,mixto,baja,False,roi_temporal_v26,"Grupo pÃ­xeles rojos Y=287 (Ã¡rea=49 pxÂ², distâ‰ˆ0.71 km) | RECLASIFICADO 2026-06-15: latest.php (MIROVA) confirma FALSO_POSITIVO @ 11.31 km; el OCR lo ubicó dentro de radio (error de estrella, pre-V29). Conservado como referencia MIROVA.",21.0,,,,
1777056121,2026-04-24 18:42:01,2026-04-24 14:42:01,Lascar,VIIRS375,2.4,29.56,FALSO_POSITIVO_OCR,Medio,imagenes_satelitales/Lascar/2026-04-24/18-42-01_Lascar_VIIRS375_VRP.png,2026-04-24 18:31:15,2026-04-24 18:31:15,SI,mixto,baja,False,roi_temporal_v26,"Grupo pÃ­xeles rojos Y=287 (Ã¡rea=38 pxÂ², distâ‰ˆ1.92 km) | RECLASIFICADO 2026-06-15: latest.php (MIROVA) confirma FALSO_POSITIVO @ 29.56 km; el OCR lo ubicó dentro de radio (error de estrella, pre-V29). Conservado como referencia MIROVA.",21.0,,,,
1777011121,2026-04-24 06:12:01,2026-04-24 02:12:01,Lascar,VIIRS,1.0,0.0,ALERTA_TERMICA_OCR,Medio,imagenes_satelitales/Lascar/2026-04-24/06-12-01_Lascar_VIIRS750_VRP.png,2026-04-24 05:31:12,2026-04-24 05:31:12,NO,mixto,alta,False,roi_temporal_v26,"Estrella en Y=282 (dentro lÃ­mite Y=257, distâ‰ˆ3.40 km)",21.0,,,,
1777010040,2026-04-24 05:54:00,2026-04-24 01:54:00,Lastarria,VIIRS375,0.04,0.0,ALERTA_TERMICA_OCR,Muy Bajo,imagenes_satelitales/Lastarria/2026-04-24/05-54-00_Lastarria_VIIRS375_VRP.png,2026-04-24 07:19:17,2026-04-24 07:19:17,NO,mixto,alta,False,roi_temporal_v26,"Estrella en Y=283 (dentro lÃ­mite Y=272, distâ‰ˆ2.48 km)",21.0,,,,
1777010040,2026-04-24 05:54:00,2026-04-24 01:54:00,Isluga,VIIRS375,0.14,0.0,ALERTA_TERMICA_OCR,Muy Bajo,imagenes_satelitales/Isluga/2026-04-24/05-54-00_Isluga_VIIRS375_VRP.png,2026-04-24 07:19:26,2026-04-24 07:19:26,NO,mixto,alta,False,roi_temporal_v26,"Grupo pÃ­xeles rojos Y=290 (Ã¡rea=18 pxÂ², distâ‰ˆ2.12 km)",21.0,,,,
1777010040,2026-04-24 05:54:00,2026-04-24 01:54:00,Lascar,VIIRS,1.0,0.0,ALERTA_TERMICA_OCR,Medio,imagenes_satelitales/Lascar/2026-04-24/05-54-00_Lascar_VIIRS750_VRP.png,2026-04-24 06:01:16,2026-04-24 06:01:16,NO,mixto,alta,False,roi_temporal_v26,"Estrella en Y=282 (dentro lÃ­mite Y=257, distâ‰ˆ3.40 km)",21.0,,,,
1777010040,2026-04-24 05:54:00,2026-04-24 01:54:00,Lascar,VIIRS375,1.55,0.0,ALERTA_TERMICA_OCR,Medio,imagenes_satelitales/Lascar/2026-04-24/05-54-00_Lascar_VIIRS375_VRP.png,2026-04-24 07:19:12,2026-04-24 07:19:12,NO,mixto,alta,False,roi_temporal_v26,"Estrella en Y=283 (dentro lÃ­mite Y=257, distâ‰ˆ3.33 km)",21.0,,,,
1776969360,2026-04-23 18:36:00,2026-04-23 14:36:00,Lastarria,VIIRS375,2.52,10.67,FALSO_POSITIVO_OCR,Medio,imagenes_satelitales/Lastarria/2026-04-23/18-36-00_Lastarria_VIIRS375_VRP.png,2026-04-23 19:31:13,2026-04-23 19:31:13,SI,mixto,baja,False,roi_temporal_v26,"Grupo pÃ­xeles rojos Y=284 (Ã¡rea=43 pxÂ², distâ‰ˆ0.57 km) | RECLASIFICADO 2026-06-15: latest.php (MIROVA) confirma FALSO_POSITIVO @ 10.67 km; el OCR lo ubicó dentro de radio (error de estrella, pre-V29). Conservado como referencia MIROVA.",21.0,,,,
1776967562,2026-04-23 18:06:02,2026-04-23 14:06:02,Lastarria,VIIRS375,3.9,0.0,ALERTA_TERMICA_OCR,Medio,imagenes_satelitales/Lastarria/2026-04-23/18-06-02_Lastarria_VIIRS375_VRP.png,2026-04-24 07:19:17,2026-04-24 07:19:17,NO,mixto,alta,False,roi_temporal_v26,"Estrella en Y=283 (dentro lÃ­mite Y=272, distâ‰ˆ2.48 km)",21.0,,,,
1776925080,2026-04-23 06:18:00,2026-04-23 02:18:00,Puyehue-Cordon Caulle,VIIRS375,0.08,0.0,ALERTA_TERMICA_OCR,Muy Bajo,imagenes_satelitales/Puyehue-Cordon_Caulle/2026-04-23/06-18-00_Puyehue-Cordon_Caulle_VIIRS375_VRP.png,2026-04-23 07:31:33,2026-04-23 07:31:33,NO,mixto,alta,False,roi_temporal_v26,"Grupo pÃ­xeles rojos Y=265 (Ã¡rea=31 pxÂ², distâ‰ˆ12.51 km)",21.0,,,,
1776924720,2026-04-23 06:12:00,2026-04-23 02:12:00,PlanchonPeteroa,VIIRS375,0.08,0.0,ALERTA_TERMICA_OCR,Muy Bajo,imagenes_satelitales/PlanchonPeteroa/2026-04-23/06-12-00_PlanchonPeteroa_VIIRS375_VRP.png,2026-04-23 17:59:39,2026-04-23 17:59:39,NO,mixto,alta,False,roi_temporal_v26,"Grupo pÃ­xeles rojos Y=286 (Ã¡rea=31 pxÂ², distâ‰ˆ0.67 km)",21.0,,,,
1776924720,2026-04-23 06:12:00,2026-04-23 02:12:00,Lascar,VIIRS375,1.71,0.0,ALERTA_TERMICA_OCR,Medio,imagenes_satelitales/Lascar/2026-04-23/06-12-00_Lascar_VIIRS375_VRP.png,2026-04-23 07:31:04,2026-04-23 07:31:04,NO,mixto,alta,False,roi_temporal_v26,"Grupo pÃ­xeles rojos Y=287 (Ã¡rea=55 pxÂ², distâ‰ˆ1.92 km)",21.0,,,,
1776924720,2026-04-23 06:12:00,2026-04-23 02:12:00,Lascar,VIIRS,1.0,0.0,ALERTA_TERMICA_OCR,Medio,imagenes_satelitales/Lascar/2026-04-23/06-12-00_Lascar_VIIRS750_VRP.png,2026-04-23 06:31:14,2026-04-23 06:31:14,NO,mixto,alta,False,roi_temporal_v26,"Grupo pÃ­xeles rojos Y=287 (Ã¡rea=30 pxÂ², distâ‰ˆ1.92 km)",21.0,,,,
1776924720,2026-04-23 06:12:00,2026-04-23 02:12:00,Lastarria,VIIRS375,0.34,0.0,ALERTA_TERMICA_OCR,Bajo,imagenes_satelitales/Lastarria/2026-04-23/06-12-00_Lastarria_VIIRS375_VRP.png,2026-04-23 07:31:09,2026-04-23 07:31:09,NO,mixto,alta,False,roi_temporal_v26,"Estrella en Y=280 (dentro lÃ­mite Y=272, distâ‰ˆ2.62 km)",21.0,,,,
1776922922,2026-04-23 05:42:02,2026-04-23 01:42:02,PlanchonPeteroa,VIIRS375,0.08,0.0,ALERTA_TERMICA_OCR,Muy Bajo,imagenes_satelitales/PlanchonPeteroa/2026-04-23/05-42-02_PlanchonPeteroa_VIIRS375_VRP.png,2026-04-23 06:31:50,2026-04-23 06:31:50,NO,mixto,alta,False,roi_temporal_v26,"Grupo pÃ­xeles rojos Y=286 (Ã¡rea=3 pxÂ², distâ‰ˆ0.67 km)",21.0,,,,
1776922922,2026-04-23 05:42:02,2026-04-23 01:42:02,Lastarria,VIIRS375,0.07,0.0,ALERTA_TERMICA_OCR,Muy Bajo,imagenes_satelitales/Lastarria/2026-04-23/05-42-02_Lastarria_VIIRS375_VRP.png,2026-04-23 06:43:06,2026-04-23 06:43:06,NO,mixto,alta,False,roi_temporal_v26,"Estrella en Y=280 (dentro lÃ­mite Y=272, distâ‰ˆ2.62 km)",21.0,,,,
1776919681,2026-04-23 04:48:01,2026-04-23 00:48:01,Lascar,VIIRS375,0.13,0.0,ALERTA_TERMICA_OCR,Muy Bajo,imagenes_satelitales/Lascar/2026-04-23/04-48-01_Lascar_VIIRS375_VRP.png,2026-04-23 04:01:09,2026-04-23 04:01:09,NO,mixto,alta,False,roi_temporal_v26,"Grupo pÃ­xeles rojos Y=290 (Ã¡rea=4 pxÂ², distâ‰ˆ2.12 km)",21.0,,,,
1776799080,2026-04-21 19:18:00,2026-04-21 15:18:00,Lascar,VIIRS375,0.58,29.34,FALSO_POSITIVO_OCR,Bajo,imagenes_satelitales/Lascar/2026-04-21/19-18-00_Lascar_VIIRS375_VRP.png,2026-04-21 20:31:09,2026-04-21 20:31:09,SI,mixto,baja,False,roi_temporal_v26,"Grupo pÃ­xeles rojos Y=288 (Ã¡rea=10 pxÂ², distâ‰ˆ1.99 km) | RECLASIFICADO 2026-06-15: latest.php (MIROVA) confirma FALSO_POSITIVO @ 29.34 km; el OCR lo ubicó dentro de radio (error de estrella, pre-V29). Conservado como referencia MIROVA.",21.0,,,,
1776664081,2026-04-20 05:48:01,2026-04-20 01:48:01,Lascar,VIIRS,1.0,0.0,ALERTA_TERMICA_OCR,Medio,imagenes_satelitales/Lascar/2026-04-20/05-48-01_Lascar_VIIRS750_VRP.png,2026-04-20 06:01:10,2026-04-20 06:01:10,NO,mixto,alta,False,roi_temporal_v26,"Estrella en Y=289 (dentro lÃ­mite Y=257, distâ‰ˆ2.95 km)",21.0,,,,
1776648600,2026-04-20 01:30:00,2026-04-19 21:30:00,Lascar,MODIS,1.0,0.0,ALERTA_TERMICA_OCR,Medio,imagenes_satelitales/Lascar/2026-04-20/01-30-00_Lascar_MODIS_VRP.png,2026-04-20 00:01:05,2026-04-20 00:01:05,NO,mixto,alta,False,roi_temporal_v26,"Estrella en Y=287 (dentro lÃ­mite Y=257, distâ‰ˆ3.08 km)",21.0,,,,
1776577680,2026-04-19 05:48:00,2026-04-19 01:48:00,Lascar,VIIRS,2.0,0.0,ALERTA_TERMICA_OCR,Medio,imagenes_satelitales/Lascar/2026-04-19/05-48-00_Lascar_VIIRS750_VRP.png,2026-04-19 05:31:07,2026-04-19 05:31:07,NO,mixto,alta,False,roi_temporal_v26,"Estrella en Y=283 (dentro lÃ­mite Y=257, distâ‰ˆ3.33 km)",21.0,,,,
1776577680,2026-04-19 05:48:00,2026-04-19 01:48:00,Lascar,VIIRS375,2.07,0.0,ALERTA_TERMICA_OCR,Medio,imagenes_satelitales/Lascar/2026-04-19/05-48-00_Lascar_VIIRS375_VRP.png,2026-04-19 05:58:28,2026-04-19 05:58:28,NO,mixto,alta,False,roi_temporal_v26,"Estrella en Y=283 (dentro lÃ­mite Y=257, distâ‰ˆ3.33 km)",21.0,,,,
1776577320,2026-04-19 05:42:00,2026-04-19 01:42:00,Isluga,VIIRS375,0.33,0.0,ALERTA_TERMICA_OCR,Bajo,imagenes_satelitales/Isluga/2026-04-19/05-42-00_Isluga_VIIRS375_VRP.png,2026-04-19 05:58:36,2026-04-19 05:58:36,NO,mixto,alta,False,roi_temporal_v26,"Estrella en Y=272 (dentro lÃ­mite Y=257, distâ‰ˆ4.04 km)",21.0,,,,
1776538441,2026-04-18 18:54:01,2026-04-18 14:54:01,Lastarria,VIIRS375,3.74,10.67,FALSO_POSITIVO_OCR,Medio,imagenes_satelitales/Lastarria/2026-04-18/18-54-01_Lastarria_VIIRS375_VRP.png,2026-04-18 17:31:10,2026-04-18 17:31:10,SI,mixto,baja,False,roi_temporal_v26,"Grupo pÃ­xeles rojos Y=284 (Ã¡rea=79 pxÂ², distâ‰ˆ0.57 km) | RECLASIFICADO 2026-06-15: latest.php (MIROVA) confirma FALSO_POSITIVO @ 10.67 km; el OCR lo ubicó dentro de radio (error de estrella, pre-V29). Conservado como referencia MIROVA.",21.0,,,,
1776537000,2026-04-18 18:30:00,2026-04-18 14:30:00,Lascar,VIIRS375,2.13,0.0,ALERTA_TERMICA_OCR,Medio,imagenes_satelitales/Lascar/2026-04-18/18-30-00_Lascar_VIIRS375_VRP.png,2026-04-19 05:01:13,2026-04-19 05:01:13,NO,mixto,alta,False,roi_temporal_v26,"Estrella en Y=283 (dentro lÃ­mite Y=257, distâ‰ˆ3.33 km)",21.0,,,,
1776493441,2026-04-18 06:24:01,2026-04-18 02:24:01,Lastarria,VIIRS375,0.1,0.0,ALERTA_TERMICA_OCR,Muy Bajo,imagenes_satelitales/Lastarria/2026-04-18/06-24-01_Lastarria_VIIRS375_VRP.png,2026-04-18 05:31:57,2026-04-18 05:31:57,NO,mixto,alta,False,roi_temporal_v26,"Estrella en Y=283 (dentro lÃ­mite Y=272, distâ‰ˆ2.48 km)",21.0,,,,
1776492360,2026-04-18 06:06:00,2026-04-18 02:06:00,Lascar,VIIRS,2.0,0.0,ALERTA_TERMICA_OCR,Medio,imagenes_satelitales/Lascar/2026-04-18/06-06-00_Lascar_VIIRS750_VRP.png,2026-04-18 05:31:53,2026-04-18 05:31:53,NO,mixto,alta,False,roi_temporal_v26,"Grupo pÃ­xeles rojos Y=287 (Ã¡rea=7 pxÂ², distâ‰ˆ1.92 km)",21.0,,,,
1776492360,2026-04-18 06:06:00,2026-04-18 02:06:00,Lastarria,VIIRS375,0.11,0.0,ALERTA_TERMICA_OCR,Muy Bajo,imagenes_satelitales/Lastarria/2026-04-18/06-06-00_Lastarria_VIIRS375_VRP.png,2026-04-18 05:59:14,2026-04-18 05:59:14,NO,mixto,alta,False,roi_temporal_v26,"Estrella en Y=283 (dentro lÃ­mite Y=272, distâ‰ˆ2.48 km)",21.0,,,,
1776492360,2026-04-18 06:06:00,2026-04-18 02:06:00,Lascar,VIIRS375,1.75,0.0,ALERTA_TERMICA_OCR,Medio,imagenes_satelitales/Lascar/2026-04-18/06-06-00_Lascar_VIIRS375_VRP.png,2026-04-18 05:59:09,2026-04-18 05:59:09,NO,mixto,alta,False,roi_temporal_v26,"Grupo pÃ­xeles rojos Y=287 (Ã¡rea=53 pxÂ², distâ‰ˆ1.92 km)",21.0,,,,
1776487321,2026-04-18 04:42:01,2026-04-18 00:42:01,Lastarria,VIIRS375,1.29,0.0,ALERTA_TERMICA_OCR,Medio,imagenes_satelitales/Lastarria/2026-04-18/04-42-01_Lastarria_VIIRS375_VRP.png,2026-04-18 05:31:57,2026-04-18 05:31:57,NO,mixto,alta,False,roi_temporal_v26,"Estrella en Y=283 (dentro lÃ­mite Y=272, distâ‰ˆ2.48 km)",21.0,,,,
1776477000,2026-04-18 01:50:00,2026-04-17 21:50:00,Lascar,MODIS,2.0,0.0,ALERTA_TERMICA_OCR,Medio,imagenes_satelitales/Lascar/2026-04-18/01-50-00_Lascar_MODIS_VRP.png,2026-04-18 00:01:10,2026-04-18 00:01:10,NO,mixto,alta,False,roi_temporal_v26,"Estrella en Y=284 (dentro lÃ­mite Y=257, distâ‰ˆ3.27 km)",21.0,,,,
1776452040,2026-04-17 18:54:00,2026-04-17 14:54:00,Lascar,VIIRS375,2.77,0.0,ALERTA_TERMICA_OCR,Medio,imagenes_satelitales/Lascar/2026-04-17/18-54-00_Lascar_VIIRS375_VRP.png,2026-04-17 19:31:08,2026-04-17 19:31:08,NO,mixto,alta,False,roi_temporal_v26,"Grupo pÃ­xeles rojos Y=286 (Ã¡rea=40 pxÂ², distâ‰ˆ1.86 km)",21.0,,,,
1776447001,2026-04-17 17:30:01,2026-04-17 13:30:01,Lastarria,VIIRS375,1.23,10.3,FALSO_POSITIVO_OCR,Medio,imagenes_satelitales/Lastarria/2026-04-17/17-30-01_Lastarria_VIIRS375_VRP.png,2026-04-17 17:01:28,2026-04-17 17:01:28,SI,mixto,baja,False,roi_temporal_v26,"Grupo pÃ­xeles rojos Y=284 (Ã¡rea=31 pxÂ², distâ‰ˆ0.57 km) | RECLASIFICADO 2026-06-15: latest.php (MIROVA) confirma FALSO_POSITIVO @ 10.3 km; el OCR lo ubicó dentro de radio (error de estrella, pre-V29). Conservado como referencia MIROVA.",21.0,,,,
1776447001,2026-04-17 17:30:01,2026-04-17 13:30:01,Lascar,VIIRS375,2.15,30.0,FALSO_POSITIVO_OCR,Medio,imagenes_satelitales/Lascar/2026-04-17/17-30-01_Lascar_VIIRS375_VRP.png,2026-04-17 17:01:23,2026-04-17 17:01:23,SI,mixto,baja,False,roi_temporal_v26,"Grupo pÃ­xeles rojos Y=286 (Ã¡rea=68 pxÂ², distâ‰ˆ1.86 km) | RECLASIFICADO 2026-06-15: latest.php (MIROVA) confirma FALSO_POSITIVO @ 30.0 km; el OCR lo ubicó dentro de radio (error de estrella, pre-V29). Conservado como referencia MIROVA.",21.0,,,,
1776407040,2026-04-17 06:24:00,2026-04-17 02:24:00,Isluga,VIIRS375,0.08,0.0,ALERTA_TERMICA_OCR,Muy Bajo,imagenes_satelitales/Isluga/2026-04-17/06-24-00_Isluga_VIIRS375_VRP.png,2026-04-17 07:01:24,2026-04-17 07:01:24,NO,mixto,alta,False,roi_temporal_v26,"Grupo pÃ­xeles rojos Y=290 (Ã¡rea=50 pxÂ², distâ‰ˆ2.12 km)",21.0,,,,
1776366720,2026-04-16 19:12:00,2026-04-16 15:12:00,Lascar,VIIRS375,0.89,29.78,FALSO_POSITIVO_OCR,Bajo,imagenes_satelitales/Lascar/2026-04-16/19-12-00_Lascar_VIIRS375_VRP.png,2026-04-16 19:31:08,2026-04-16 19:31:08,SI,mixto,baja,False,roi_temporal_v26,"Grupo pÃ­xeles rojos Y=287 (Ã¡rea=40 pxÂ², distâ‰ˆ1.92 km) | RECLASIFICADO 2026-06-15: latest.php (MIROVA) confirma FALSO_POSITIVO @ 29.78 km; el OCR lo ubicó dentro de radio (error de estrella, pre-V29). Conservado como referencia MIROVA.",21.0,,,,
1776364562,2026-04-16 18:36:02,2026-04-16 14:36:02,Lastarria,VIIRS375,2.82,0.0,ALERTA_TERMICA_OCR,Medio,imagenes_satelitales/Lastarria/2026-04-16/18-36-02_Lastarria_VIIRS375_VRP.png,2026-04-17 07:01:18,2026-04-17 07:01:18,NO,mixto,alta,False,roi_temporal_v26,"Estrella en Y=277 (dentro lÃ­mite Y=272, distâ‰ˆ2.76 km)",21.0,,,,
1776145320,2026-04-14 05:42:00,2026-04-14 01:42:00,Tupungatito,VIIRS375,0.22,0.0,ALERTA_TERMICA_OCR,Bajo,imagenes_satelitales/Tupungatito/2026-04-14/05-42-00_Tupungatito_VIIRS375_VRP.png,2026-04-14 05:31:51,2026-04-14 05:31:51,NO,mixto,alta,False,roi_temporal_v26,"Grupo pÃ­xeles rojos Y=282 (Ã¡rea=31 pxÂ², distâ‰ˆ2.24 km)",21.0,,,,
1776145320,2026-04-14 05:42:00,2026-04-14 01:42:00,PlanchonPeteroa,VIIRS375,0.07,0.0,ALERTA_TERMICA_OCR,Muy Bajo,imagenes_satelitales/PlanchonPeteroa/2026-04-14/05-42-00_PlanchonPeteroa_VIIRS375_VRP.png,2026-04-14 05:31:45,2026-04-14 05:31:45,NO,mixto,alta,False,roi_temporal_v26,"Estrella en Y=280 (dentro lÃ­mite Y=272, distâ‰ˆ2.62 km)",21.0,,,,
1776144960,2026-04-14 05:36:00,2026-04-14 01:36:00,Isluga,VIIRS375,0.1,0.0,ALERTA_TERMICA_OCR,Muy Bajo,imagenes_satelitales/Isluga/2026-04-14/05-36-00_Isluga_VIIRS375_VRP.png,2026-04-14 05:31:17,2026-04-14 05:31:17,NO,mixto,alta,False,roi_temporal_v26,"Estrella en Y=288 (dentro lÃ­mite Y=257, distâ‰ˆ3.01 km)",21.0,,,,
1776104640,2026-04-13 18:24:00,2026-04-13 14:24:00,Puyehue-Cordon Caulle,VIIRS375,0.45,0.0,ALERTA_TERMICA_OCR,Bajo,imagenes_satelitales/Puyehue-Cordon_Caulle/2026-04-13/18-24-00_Puyehue-Cordon_Caulle_VIIRS375_VRP.png,2026-04-13 19:31:40,2026-04-13 19:31:40,NO,mixto,alta,False,roi_temporal_v26,"Grupo pÃ­xeles rojos Y=262 (Ã¡rea=113 pxÂ², distâ‰ˆ12.19 km)",21.0,,,,
1776104640,2026-04-13 18:24:00,2026-04-13 14:24:00,Tupungatito,VIIRS375,1.62,0.0,ALERTA_TERMICA_OCR,Medio,imagenes_satelitales/Tupungatito/2026-04-13/18-24-00_Tupungatito_VIIRS375_VRP.png,2026-04-13 19:31:54,2026-04-13 19:31:54,NO,mixto,alta,False,roi_temporal_v26,"Grupo pÃ­xeles rojos Y=282 (Ã¡rea=31 pxÂ², distâ‰ˆ2.24 km)",21.0,,,,
1776061441,2026-04-13 06:24:01,2026-04-13 02:24:01,Puyehue-Cordon Caulle,VIIRS375,0.37,0.0,ALERTA_TERMICA_OCR,Bajo,imagenes_satelitales/Puyehue-Cordon_Caulle/2026-04-13/06-24-01_Puyehue-Cordon_Caulle_VIIRS375_VRP.png,2026-04-13 07:33:00,2026-04-13 07:33:00,NO,mixto,alta,False,roi_temporal_v26,"Grupo pÃ­xeles rojos Y=267 (Ã¡rea=50 pxÂ², distâ‰ˆ12.73 km)",21.0,,,,
1776061081,2026-04-13 06:18:01,2026-04-13 02:18:01,Isluga,VIIRS375,0.07,0.0,ALERTA_TERMICA_OCR,Muy Bajo,imagenes_satelitales/Isluga/2026-04-13/06-18-01_Isluga_VIIRS375_VRP.png,2026-04-13 07:32:42,2026-04-13 07:32:42,NO,mixto,alta,False,roi_temporal_v26,"Estrella en Y=291 (dentro lÃ­mite Y=257, distâ‰ˆ2.82 km)",21.0,,,,
1776061081,2026-04-13 06:18:01,2026-04-13 02:18:01,Lastarria,VIIRS375,0.23,0.0,ALERTA_TERMICA_OCR,Bajo,imagenes_satelitales/Lastarria/2026-04-13/06-18-01_Lastarria_VIIRS375_VRP.png,2026-04-13 07:32:37,2026-04-13 07:32:37,NO,mixto,alta,False,roi_temporal_v26,"Estrella en Y=275 (dentro lÃ­mite Y=272, distâ‰ˆ2.86 km)",21.0,,,,
1776060360,2026-04-13 06:06:00,2026-04-13 02:06:00,Puyehue-Cordon Caulle,VIIRS375,0.79,0.0,ALERTA_TERMICA_OCR,Bajo,imagenes_satelitales/Puyehue-Cordon_Caulle/2026-04-13/06-06-00_Puyehue-Cordon_Caulle_VIIRS375_VRP.png,2026-04-13 09:31:36,2026-04-13 09:31:36,NO,mixto,alta,False,roi_temporal_v26,"Grupo pÃ­xeles rojos Y=232 (Ã¡rea=3 pxÂ², distâ‰ˆ8.98 km)",21.0,,,,
1776060000,2026-04-13 06:00:00,2026-04-13 02:00:00,Lascar,VIIRS,1.0,0.0,ALERTA_TERMICA_OCR,Medio,imagenes_satelitales/Lascar/2026-04-13/06-00-00_Lascar_VIIRS750_VRP.png,2026-04-13 11:31:16,2026-04-13 11:31:16,NO,mixto,alta,False,roi_temporal_v26,"Grupo pÃ­xeles rojos Y=286 (Ã¡rea=59 pxÂ², distâ‰ˆ1.86 km)",21.0,,,,
1776060000,2026-04-13 06:00:00,2026-04-13 02:00:00,Lastarria,VIIRS375,0.17,0.0,ALERTA_TERMICA_OCR,Muy Bajo,imagenes_satelitales/Lastarria/2026-04-13/06-00-00_Lastarria_VIIRS375_VRP.png,2026-04-13 09:31:13,2026-04-13 09:31:13,NO,mixto,alta,False,roi_temporal_v26,"Estrella en Y=275 (dentro lÃ­mite Y=272, distâ‰ˆ2.86 km)",21.0,,,,
1776058202,2026-04-13 05:30:02,2026-04-13 01:30:02,Puyehue-Cordon Caulle,VIIRS375,0.95,0.0,ALERTA_TERMICA_OCR,Bajo,imagenes_satelitales/Puyehue-Cordon_Caulle/2026-04-13/05-30-02_Puyehue-Cordon_Caulle_VIIRS375_VRP.png,2026-04-13 08:01:42,2026-04-13 08:01:42,NO,mixto,alta,False,roi_temporal_v26,"Grupo pÃ­xeles rojos Y=232 (Ã¡rea=3 pxÂ², distâ‰ˆ8.98 km)",21.0,,,,
1776058202,2026-04-13 05:30:02,2026-04-13 01:30:02,Chaiten,VIIRS375,0.07,0.0,ALERTA_TERMICA_OCR,Muy Bajo,imagenes_satelitales/Chaiten/2026-04-13/05-30-02_Chaiten_VIIRS375_VRP.png,2026-04-13 08:01:48,2026-04-13 08:01:48,NO,mixto,alta,False,roi_temporal_v26,"Grupo pÃ­xeles rojos Y=290 (Ã¡rea=31 pxÂ², distâ‰ˆ2.12 km)",21.0,,,,
1776055321,2026-04-13 04:42:01,2026-04-13 00:42:01,Puyehue-Cordon Caulle,VIIRS375,0.07,0.0,ALERTA_TERMICA_OCR,Muy Bajo,imagenes_satelitales/Puyehue-Cordon_Caulle/2026-04-13/04-42-01_Puyehue-Cordon_Caulle_VIIRS375_VRP.png,2026-04-13 06:31:31,2026-04-13 06:31:31,NO,mixto,alta,False,roi_temporal_v26,"Estrella en Y=233 (dentro lÃ­mite Y=148, distâ‰ˆ10.91 km)",21.0,,,,
1776020761,2026-04-12 19:06:01,2026-04-12 15:06:01,Lascar,VIIRS375,1.37,30.4,FALSO_POSITIVO_OCR,Medio,imagenes_satelitales/Lascar/2026-04-12/19-06-01_Lascar_VIIRS375_VRP.png,2026-04-12 19:49:16,2026-04-12 19:49:16,SI,mixto,baja,False,roi_temporal_v26,"Grupo pÃ­xeles rojos Y=287 (Ã¡rea=9 pxÂ², distâ‰ˆ1.92 km) | RECLASIFICADO 2026-06-15: latest.php (MIROVA) confirma FALSO_POSITIVO @ 30.4 km; el OCR lo ubicó dentro de radio (error de estrella, pre-V29). Conservado como referencia MIROVA.",21.0,,,,
1775975761,2026-04-12 06:36:01,2026-04-12 02:36:01,Isluga,VIIRS375,0.67,19.89,FALSO_POSITIVO_OCR,Bajo,imagenes_satelitales/Isluga/2026-04-12/06-36-01_Isluga_VIIRS375_VRP.png,2026-04-12 05:02:46,2026-04-12 05:02:46,SI,mixto,baja,False,roi_temporal_v26,"Grupo pÃ­xeles rojos Y=289 (Ã¡rea=34 pxÂ², distâ‰ˆ2.05 km) | RECLASIFICADO 2026-06-15: latest.php (MIROVA) confirma FALSO_POSITIVO @ 19.89 km; el OCR lo ubicó dentro de radio (error de estrella, pre-V29). Conservado como referencia MIROVA.",21.0,,,,
1775974680,2026-04-12 06:18:00,2026-04-12 02:18:00,Tupungatito,VIIRS375,0.12,0.0,ALERTA_TERMICA_OCR,Muy Bajo,imagenes_satelitales/Tupungatito/2026-04-12/06-18-00_Tupungatito_VIIRS375_VRP.png,2026-04-12 05:58:10,2026-04-12 05:58:10,NO,mixto,alta,False,roi_temporal_v26,"Grupo pÃ­xeles rojos Y=272 (Ã¡rea=38 pxÂ², distâ‰ˆ1.35 km)",21.0,,,,
1775974680,2026-04-12 06:18:00,2026-04-12 02:18:00,Lascar,VIIRS375,1.13,0.0,ALERTA_TERMICA_OCR,Medio,imagenes_satelitales/Lascar/2026-04-12/06-18-00_Lascar_VIIRS375_VRP.png,2026-04-12 05:57:34,2026-04-12 05:57:34,NO,mixto,alta,False,roi_temporal_v26,"Grupo pÃ­xeles rojos Y=287 (Ã¡rea=58 pxÂ², distâ‰ˆ1.92 km)",21.0,,,,
1775884681,2026-04-11 05:18:01,2026-04-11 01:18:01,Puyehue-Cordon Caulle,VIIRS375,0.54,0.0,ALERTA_TERMICA_OCR,Bajo,imagenes_satelitales/Puyehue-Cordon_Caulle/2026-04-11/05-18-01_Puyehue-Cordon_Caulle_VIIRS375_VRP.png,2026-04-11 05:31:31,2026-04-11 05:31:31,NO,mixto,alta,False,roi_temporal_v26,"Estrella en Y=235 (dentro lÃ­mite Y=148, distâ‰ˆ10.70 km)",21.0,,,,
1775884321,2026-04-11 05:12:01,2026-04-11 01:12:01,Isluga,VIIRS375,0.06,0.0,ALERTA_TERMICA_OCR,Muy Bajo,imagenes_satelitales/Isluga/2026-04-11/05-12-01_Isluga_VIIRS375_VRP.png,2026-04-11 04:58:38,2026-04-11 04:58:38,NO,mixto,alta,False,roi_temporal_v26,"Estrella en Y=286 (dentro lÃ­mite Y=257, distâ‰ˆ3.14 km)",21.0,,,,
1775799361,2026-04-10 05:36:01,2026-04-10 01:36:01,Lascar,VIIRS,1.0,0.0,ALERTA_TERMICA_OCR,Medio,imagenes_satelitales/Lascar/2026-04-10/05-36-01_Lascar_VIIRS750_VRP.png,2026-04-10 04:01:13,2026-04-10 04:01:13,NO,mixto,alta,False,roi_temporal_v26,"Estrella en Y=285 (dentro lÃ­mite Y=257, distâ‰ˆ3.21 km)",21.0,,,,
1775799361,2026-04-10 05:36:01,2026-04-10 01:36:01,PlanchonPeteroa,VIIRS375,0.06,0.0,ALERTA_TERMICA_OCR,Muy Bajo,imagenes_satelitales/PlanchonPeteroa/2026-04-10/05-36-01_PlanchonPeteroa_VIIRS375_VRP.png,2026-04-10 04:01:50,2026-04-10 04:01:50,NO,mixto,alta,False,roi_temporal_v26,"Estrella en Y=278 (dentro lÃ­mite Y=272, distâ‰ˆ2.71 km)",21.0,,,,
1775799361,2026-04-10 05:36:01,2026-04-10 01:36:01,Tupungatito,VIIRS375,0.25,0.0,ALERTA_TERMICA_OCR,Bajo,imagenes_satelitales/Tupungatito/2026-04-10/05-36-01_Tupungatito_VIIRS375_VRP.png,2026-04-10 04:31:50,2026-04-10 04:31:50,NO,mixto,alta,False,roi_temporal_v26,"Grupo pÃ­xeles rojos Y=279 (Ã¡rea=32 pxÂ², distâ‰ˆ1.97 km)",21.0,,,,
1775797920,2026-04-10 05:12:00,2026-04-10 01:12:00,Isluga,VIIRS375,0.06,0.0,ALERTA_TERMICA_OCR,Muy Bajo,imagenes_satelitales/Isluga/2026-04-10/05-12-00_Isluga_VIIRS375_VRP.png,2026-04-10 04:44:09,2026-04-10 04:44:09,NO,mixto,alta,False,roi_temporal_v26,"Grupo pÃ­xeles rojos Y=291 (Ã¡rea=29 pxÂ², distâ‰ˆ2.18 km)",21.0,,,,
1775797920,2026-04-10 05:12:00,2026-04-10 01:12:00,Lascar,VIIRS375,0.94,0.0,ALERTA_TERMICA_OCR,Bajo,imagenes_satelitales/Lascar/2026-04-10/05-12-00_Lascar_VIIRS375_VRP.png,2026-04-10 04:44:00,2026-04-10 04:44:00,NO,mixto,alta,False,roi_temporal_v26,"Estrella en Y=286 (dentro lÃ­mite Y=257, distâ‰ˆ3.14 km)",21.0,,,,
1775714041,2026-04-09 05:54:01,2026-04-09 01:54:01,Lascar,VIIRS,2.0,0.0,ALERTA_TERMICA_OCR,Medio,imagenes_satelitales/Lascar/2026-04-09/05-54-01_Lascar_VIIRS750_VRP.png,2026-04-09 06:31:06,2026-04-09 06:31:06,NO,mixto,alta,False,roi_temporal_v26,"Estrella en Y=282 (dentro lÃ­mite Y=257, distâ‰ˆ3.40 km)",21.0,,,,
1775628721,2026-04-08 06:12:01,2026-04-08 02:12:01,Lascar,VIIRS,1.0,0.0,ALERTA_TERMICA_OCR,Medio,imagenes_satelitales/Lascar/2026-04-08/06-12-01_Lascar_VIIRS750_VRP.png,2026-04-08 05:01:19,2026-04-08 05:01:19,NO,mixto,alta,False,roi_temporal_v26,"Grupo pÃ­xeles rojos Y=291 (Ã¡rea=6 pxÂ², distâ‰ˆ2.18 km)",21.0,,,,
1775627640,2026-04-08 05:54:00,2026-04-08 01:54:00,Lascar,VIIRS,2.0,0.0,ALERTA_TERMICA_OCR,Medio,imagenes_satelitales/Lascar/2026-04-08/05-54-00_Lascar_VIIRS750_VRP.png,2026-04-08 06:01:15,2026-04-08 06:01:15,NO,mixto,alta,False,roi_temporal_v26,"Estrella en Y=282 (dentro lÃ­mite Y=257, distâ‰ˆ3.40 km)",21.0,,,,
1775622961,2026-04-08 04:36:01,2026-04-08 00:36:01,Chaiten,VIIRS375,0.15,0.0,ALERTA_TERMICA_OCR,Muy Bajo,imagenes_satelitales/Chaiten/2026-04-08/04-36-01_Chaiten_VIIRS375_VRP.png,2026-04-08 03:51:31,2026-04-08 03:51:31,NO,mixto,alta,False,roi_temporal_v26,"Estrella en Y=287 (dentro lÃ­mite Y=257, distâ‰ˆ3.08 km)",21.0,,,,
1775588401,2026-04-07 19:00:01,2026-04-07 15:00:01,Lastarria,VIIRS375,2.87,10.67,FALSO_POSITIVO_OCR,Medio,imagenes_satelitales/Lastarria/2026-04-07/19-00-01_Lastarria_VIIRS375_VRP.png,2026-04-07 18:54:56,2026-04-07 18:54:56,SI,mixto,baja,False,roi_temporal_v26,"Grupo pÃ­xeles rojos Y=284 (Ã¡rea=63 pxÂ², distâ‰ˆ0.57 km) | RECLASIFICADO 2026-06-15: latest.php (MIROVA) confirma FALSO_POSITIVO @ 10.67 km; el OCR lo ubicó dentro de radio (error de estrella, pre-V29). Conservado como referencia MIROVA.",21.0,,,,
1775547300,2026-04-07 07:35:00,2026-04-07 03:35:00,Lascar,MODIS,2.0,0.0,ALERTA_TERMICA_OCR,Medio,imagenes_satelitales/Lascar/2026-04-07/07-35-00_Lascar_MODIS_VRP.png,2026-04-07 06:01:11,2026-04-07 06:01:11,NO,mixto,alta,False,roi_temporal_v26,"Estrella en Y=280 (dentro lÃ­mite Y=257, distâ‰ˆ3.53 km)",21.0,,,,
1775542680,2026-04-07 06:18:00,2026-04-07 02:18:00,Chaiten,VIIRS375,0.12,0.0,ALERTA_TERMICA_OCR,Muy Bajo,imagenes_satelitales/Chaiten/2026-04-07/06-18-00_Chaiten_VIIRS375_VRP.png,2026-04-07 07:01:39,2026-04-07 07:01:39,NO,mixto,alta,False,roi_temporal_v26,"Grupo pÃ­xeles rojos Y=291 (Ã¡rea=10 pxÂ², distâ‰ˆ2.18 km)",21.0,,,,
1775542680,2026-04-07 06:18:00,2026-04-07 02:18:00,Puyehue-Cordon Caulle,VIIRS375,0.43,0.0,ALERTA_TERMICA_OCR,Bajo,imagenes_satelitales/Puyehue-Cordon_Caulle/2026-04-07/06-18-00_Puyehue-Cordon_Caulle_VIIRS375_VRP.png,2026-04-07 07:12:30,2026-04-07 07:12:30,NO,mixto,alta,False,roi_temporal_v26,"Grupo pÃ­xeles rojos Y=262 (Ã¡rea=115 pxÂ², distâ‰ˆ12.19 km)",21.0,,,,
1775542320,2026-04-07 06:12:00,2026-04-07 02:12:00,Lastarria,VIIRS375,0.1,0.0,ALERTA_TERMICA_OCR,Muy Bajo,imagenes_satelitales/Lastarria/2026-04-07/06-12-00_Lastarria_VIIRS375_VRP.png,2026-04-07 07:12:05,2026-04-07 07:12:05,NO,mixto,alta,False,roi_temporal_v26,"Estrella en Y=283 (dentro lÃ­mite Y=272, distâ‰ˆ2.48 km)",21.0,,,,
1775542320,2026-04-07 06:12:00,2026-04-07 02:12:00,Isluga,VIIRS375,4.12,0.0,ALERTA_TERMICA_OCR,Medio,imagenes_satelitales/Isluga/2026-04-07/06-12-00_Isluga_VIIRS375_VRP.png,2026-04-07 07:12:11,2026-04-07 07:12:11,NO,mixto,alta,False,roi_temporal_v26,"Estrella en Y=288 (dentro lÃ­mite Y=257, distâ‰ˆ3.01 km)",21.0,,,,
1775542320,2026-04-07 06:12:00,2026-04-07 02:12:00,Lascar,VIIRS375,1.82,0.0,ALERTA_TERMICA_OCR,Medio,imagenes_satelitales/Lascar/2026-04-07/06-12-00_Lascar_VIIRS375_VRP.png,2026-04-07 07:12:00,2026-04-07 07:12:00,NO,mixto,alta,False,roi_temporal_v26,"Grupo pÃ­xeles rojos Y=287 (Ã¡rea=3 pxÂ², distâ‰ˆ1.92 km)",21.0,,,,
1775542320,2026-04-07 06:12:00,2026-04-07 02:12:00,PlanchonPeteroa,VIIRS375,0.09,0.0,ALERTA_TERMICA_OCR,Muy Bajo,imagenes_satelitales/PlanchonPeteroa/2026-04-07/06-12-00_PlanchonPeteroa_VIIRS375_VRP.png,2026-04-07 07:12:39,2026-04-07 07:12:39,NO,mixto,alta,False,roi_temporal_v26,"Grupo pÃ­xeles rojos Y=286 (Ã¡rea=31 pxÂ², distâ‰ˆ0.67 km)",21.0,,,,
1775542320,2026-04-07 06:12:00,2026-04-07 02:12:00,Lascar,VIIRS,1.0,0.0,ALERTA_TERMICA_OCR,Medio,imagenes_satelitales/Lascar/2026-04-07/06-12-00_Lascar_VIIRS750_VRP.png,2026-04-07 06:01:08,2026-04-07 06:01:08,NO,mixto,alta,False,roi_temporal_v26,"Grupo pÃ­xeles rojos Y=285 (Ã¡rea=30 pxÂ², distâ‰ˆ1.79 km)",21.0,,,,
1775542320,2026-04-07 06:12:00,2026-04-07 02:12:00,Tupungatito,VIIRS375,0.24,0.0,ALERTA_TERMICA_OCR,Bajo,imagenes_satelitales/Tupungatito/2026-04-07/06-12-00_Tupungatito_VIIRS375_VRP.png,2026-04-07 07:12:44,2026-04-07 07:12:44,NO,mixto,alta,False,roi_temporal_v26,"Grupo pÃ­xeles rojos Y=273 (Ã¡rea=5 pxÂ², distâ‰ˆ1.44 km)",21.0,,,,
1775537641,2026-04-07 04:54:01,2026-04-07 00:54:01,Chaiten,VIIRS375,0.08,0.0,ALERTA_TERMICA_OCR,Muy Bajo,imagenes_satelitales/Chaiten/2026-04-07/04-54-01_Chaiten_VIIRS375_VRP.png,2026-04-07 04:01:41,2026-04-07 04:01:41,NO,mixto,alta,False,roi_temporal_v26,"Estrella en Y=291 (dentro lÃ­mite Y=257, distâ‰ˆ2.82 km)",21.0,,,,
1775410560,2026-04-05 17:36:00,2026-04-05 13:36:00,Lastarria,VIIRS375,0.69,0.0,ALERTA_TERMICA_OCR,Bajo,imagenes_satelitales/Lastarria/2026-04-05/17-36-00_Lastarria_VIIRS375_VRP.png,2026-04-06 06:31:05,2026-04-06 06:31:05,NO,mixto,alta,False,roi_temporal_v26,"Estrella en Y=278 (dentro lÃ­mite Y=272, distâ‰ˆ2.71 km)",21.0,,,,
1775410200,2026-04-05 17:30:00,2026-04-05 13:30:00,Tupungatito,VIIRS375,0.58,0.0,ALERTA_TERMICA_OCR,Bajo,imagenes_satelitales/Tupungatito/2026-04-05/17-30-00_Tupungatito_VIIRS375_VRP.png,2026-04-05 17:31:42,2026-04-05 17:31:42,NO,mixto,alta,False,roi_temporal_v26,"Grupo pÃ­xeles rojos Y=274 (Ã¡rea=49 pxÂ², distâ‰ˆ1.53 km)",21.0,,,,
1775367001,2026-04-05 05:30:01,2026-04-05 01:30:01,Lascar,VIIRS,2.0,0.0,ALERTA_TERMICA_OCR,Medio,imagenes_satelitales/Lascar/2026-04-05/05-30-01_Lascar_VIIRS750_VRP.png,2026-04-05 03:31:07,2026-04-05 03:31:07,NO,mixto,alta,False,roi_temporal_v26,"Estrella en Y=282 (dentro lÃ­mite Y=257, distâ‰ˆ3.40 km)",21.0,,,,
1775365560,2026-04-05 05:06:00,2026-04-05 01:06:00,Isluga,VIIRS375,0.36,0.0,ALERTA_TERMICA_OCR,Bajo,imagenes_satelitales/Isluga/2026-04-05/05-06-00_Isluga_VIIRS375_VRP.png,2026-04-05 04:58:19,2026-04-05 04:58:19,NO,mixto,alta,False,roi_temporal_v26,"Estrella en Y=289 (dentro lÃ­mite Y=257, distâ‰ˆ2.95 km)",21.0,,,,
1775287200,2026-04-04 07:20:00,2026-04-04 04:20:00,Lascar,MODIS,1.0,0.0,ALERTA_TERMICA_OCR,Medio,imagenes_satelitales/Lascar/2026-04-04/07-20-00_Lascar_MODIS_VRP.png,2026-04-04 06:31:11,2026-04-04 06:31:11,NO,mixto,alta,False,roi_temporal_v26,"Estrella en Y=284 (dentro lÃ­mite Y=257, distâ‰ˆ3.27 km)",21.0,,,,
1775282041,2026-04-04 05:54:01,2026-04-04 02:54:01,Chaiten,VIIRS375,0.13,0.0,ALERTA_TERMICA_OCR,Muy Bajo,imagenes_satelitales/Chaiten/2026-04-04/05-54-01_Chaiten_VIIRS375_VRP.png,2026-04-04 05:56:24,2026-04-04 05:56:24,NO,mixto,alta,False,roi_temporal_v26,"Estrella en Y=289 (dentro lÃ­mite Y=257, distâ‰ˆ2.95 km)",21.0,,,,
1775282041,2026-04-04 05:54:01,2026-04-04 02:54:01,Puyehue-Cordon Caulle,VIIRS375,0.63,0.0,ALERTA_TERMICA_OCR,Bajo,imagenes_satelitales/Puyehue-Cordon_Caulle/2026-04-04/05-54-01_Puyehue-Cordon_Caulle_VIIRS375_VRP.png,2026-04-04 05:56:18,2026-04-04 05:56:18,NO,mixto,alta,False,roi_temporal_v26,"Grupo pÃ­xeles rojos Y=266 (Ã¡rea=53 pxÂ², distâ‰ˆ12.62 km)",21.0,,,,
1775280600,2026-04-04 05:30:00,2026-04-04 02:30:00,Chaiten,VIIRS375,0.09,0.0,ALERTA_TERMICA_OCR,Muy Bajo,imagenes_satelitales/Chaiten/2026-04-04/05-30-00_Chaiten_VIIRS375_VRP.png,2026-04-04 06:31:48,2026-04-04 06:31:48,NO,mixto,alta,False,roi_temporal_v26,"Estrella en Y=289 (dentro lÃ­mite Y=257, distâ‰ˆ2.95 km)",21.0,,,,
1775280600,2026-04-04 05:30:00,2026-04-04 02:30:00,Puyehue-Cordon Caulle,VIIRS375,0.51,0.0,ALERTA_TERMICA_OCR,Bajo,imagenes_satelitales/Puyehue-Cordon_Caulle/2026-04-04/05-30-00_Puyehue-Cordon_Caulle_VIIRS375_VRP.png,2026-04-04 06:31:42,2026-04-04 06:31:42,NO,mixto,alta,False,roi_temporal_v26,"Estrella en Y=235 (dentro lÃ­mite Y=148, distâ‰ˆ10.70 km)",21.0,,,,
1775280600,2026-04-04 05:30:00,2026-04-04 02:30:00,PlanchonPeteroa,VIIRS375,0.2,0.0,ALERTA_TERMICA_OCR,Bajo,imagenes_satelitales/PlanchonPeteroa/2026-04-04/05-30-00_PlanchonPeteroa_VIIRS375_VRP.png,2026-04-04 06:31:54,2026-04-04 06:31:54,NO,mixto,alta,False,roi_temporal_v26,"Estrella en Y=280 (dentro lÃ­mite Y=272, distâ‰ˆ2.62 km)",21.0,,,,
1775280240,2026-04-04 05:24:00,2026-04-04 02:24:00,Isluga,VIIRS375,0.37,0.0,ALERTA_TERMICA_OCR,Bajo,imagenes_satelitales/Isluga/2026-04-04/05-24-00_Isluga_VIIRS375_VRP.png,2026-04-04 06:31:19,2026-04-04 06:31:19,NO,mixto,alta,False,roi_temporal_v26,"Estrella en Y=291 (dentro lÃ­mite Y=257, distâ‰ˆ2.82 km)",21.0,,,,
1775280240,2026-04-04 05:24:00,2026-04-04 02:24:00,Lascar,VIIRS375,1.77,0.0,ALERTA_TERMICA_OCR,Medio,imagenes_satelitales/Lascar/2026-04-04/05-24-00_Lascar_VIIRS375_VRP.png,2026-04-04 06:31:07,2026-04-04 06:31:07,NO,mixto,alta,False,roi_temporal_v26,"Estrella en Y=283 (dentro lÃ­mite Y=257, distâ‰ˆ3.33 km)",21.0,,,,
1775195280,2026-04-03 05:48:00,2026-04-03 02:48:00,Lastarria,VIIRS375,0.06,0.0,ALERTA_TERMICA_OCR,Muy Bajo,imagenes_satelitales/Lastarria/2026-04-03/05-48-00_Lastarria_VIIRS375_VRP.png,2026-04-03 08:01:13,2026-04-03 08:01:13,NO,mixto,alta,False,roi_temporal_v26,"Estrella en Y=277 (dentro lÃ­mite Y=272, distâ‰ˆ2.76 km)",21.0,,,,
1775195280,2026-04-03 05:48:00,2026-04-03 02:48:00,Lascar,VIIRS375,0.41,0.0,ALERTA_TERMICA_OCR,Bajo,imagenes_satelitales/Lascar/2026-04-03/05-48-00_Lascar_VIIRS375_VRP.png,2026-04-03 08:01:07,2026-04-03 08:01:07,NO,mixto,alta,False,roi_temporal_v26,"Estrella en Y=283 (dentro lÃ­mite Y=257, distâ‰ˆ3.33 km)",21.0,,,,
1775111401,2026-04-02 06:30:01,2026-04-02 03:30:01,Puyehue-Cordon Caulle,VIIRS375,0.26,0.0,ALERTA_TERMICA_OCR,Bajo,imagenes_satelitales/Puyehue-Cordon_Caulle/2026-04-02/06-30-01_Puyehue-Cordon_Caulle_VIIRS375_VRP.png,2026-04-02 07:33:10,2026-04-02 07:33:10,NO,mixto,alta,False,roi_temporal_v26,"Grupo pÃ­xeles rojos Y=269 (Ã¡rea=50 pxÂ², distâ‰ˆ12.94 km)",21.0,,,,
1775109960,2026-04-02 06:06:00,2026-04-02 03:06:00,Lastarria,VIIRS375,0.12,0.0,ALERTA_TERMICA_OCR,Muy Bajo,imagenes_satelitales/Lastarria/2026-04-02/06-06-00_Lastarria_VIIRS375_VRP.png,2026-04-02 08:31:05,2026-04-02 08:31:05,NO,mixto,alta,False,roi_temporal_v26,"Grupo pÃ­xeles rojos Y=284 (Ã¡rea=3 pxÂ², distâ‰ˆ0.57 km)",21.0,,,,
1775024640,2026-04-01 06:24:00,2026-04-01 03:24:00,Tupungatito,VIIRS375,0.24,0.0,ALERTA_TERMICA_OCR,Bajo,imagenes_satelitales/Tupungatito/2026-04-01/06-24-00_Tupungatito_VIIRS375_VRP.png,2026-04-01 08:01:51,2026-04-01 08:01:51,NO,mixto,alta,False,roi_temporal_v26,"Grupo pÃ­xeles rojos Y=273 (Ã¡rea=8 pxÂ², distâ‰ˆ1.44 km)",21.0,,,,
1775024640,2026-04-01 06:24:00,2026-04-01 03:24:00,Lascar,VIIRS375,0.36,22.75,FALSO_POSITIVO_OCR,Bajo,imagenes_satelitales/Lascar/2026-04-01/06-24-00_Lascar_VIIRS375_VRP.png,2026-04-01 08:01:07,2026-04-01 08:01:07,SI,mixto,baja,False,roi_temporal_v26,"Grupo pÃ­xeles rojos Y=285 (Ã¡rea=5 pxÂ², distâ‰ˆ1.79 km) | RECLASIFICADO 2026-06-15: latest.php (MIROVA) confirma FALSO_POSITIVO @ 22.75 km; el OCR lo ubicó dentro de radio (error de estrella, pre-V29). Conservado como referencia MIROVA.",21.0,,,,
1775024640,2026-04-01 06:24:00,2026-04-01 03:24:00,Lastarria,VIIRS375,0.05,0.0,ALERTA_TERMICA_OCR,Muy Bajo,imagenes_satelitales/Lastarria/2026-04-01/06-24-00_Lastarria_VIIRS375_VRP.png,2026-04-01 08:01:13,2026-04-01 08:01:13,NO,mixto,alta,False,roi_temporal_v26,"Grupo pÃ­xeles rojos Y=289 (Ã¡rea=11 pxÂ², distâ‰ˆ0.81 km)",21.0,,,,
1774934641,2026-03-31 05:24:01,2026-03-31 02:24:01,Lascar,VIIRS,1.0,0.0,ALERTA_TERMICA_OCR,Medio,imagenes_satelitales/Lascar/2026-03-31/05-24-01_Lascar_VIIRS750_VRP.png,2026-03-31 06:01:11,2026-03-31 06:01:11,NO,mixto,alta,False,roi_temporal_v26,"Estrella en Y=282 (dentro lÃ­mite Y=257, distâ‰ˆ3.40 km)",21.0,,,,
1774849321,2026-03-30 05:42:01,2026-03-30 02:42:01,PlanchonPeteroa,VIIRS375,0.23,0.0,ALERTA_TERMICA_OCR,Bajo,imagenes_satelitales/PlanchonPeteroa/2026-03-30/05-42-01_PlanchonPeteroa_VIIRS375_VRP.png,2026-03-30 05:31:40,2026-03-30 05:31:40,NO,mixto,alta,False,roi_temporal_v26,"Estrella en Y=280 (dentro lÃ­mite Y=272, distâ‰ˆ2.62 km)",21.0,,,,
1774848240,2026-03-30 05:24:00,2026-03-30 02:24:00,PlanchonPeteroa,VIIRS375,0.06,0.0,ALERTA_TERMICA_OCR,Muy Bajo,imagenes_satelitales/PlanchonPeteroa/2026-03-30/05-24-00_PlanchonPeteroa_VIIRS375_VRP.png,2026-03-30 06:31:37,2026-03-30 06:31:37,NO,mixto,alta,False,roi_temporal_v26,"Estrella en Y=280 (dentro lÃ­mite Y=272, distâ‰ˆ2.62 km)",21.0,,,,
1774847880,2026-03-30 05:18:00,2026-03-30 02:18:00,Lascar,VIIRS375,1.4,0.0,ALERTA_TERMICA_OCR,Medio,imagenes_satelitales/Lascar/2026-03-30/05-18-00_Lascar_VIIRS375_VRP.png,2026-03-30 06:31:04,2026-03-30 06:31:04,NO,mixto,alta,False,roi_temporal_v26,"Estrella en Y=283 (dentro lÃ­mite Y=257, distâ‰ˆ3.33 km)",21.0,,,,
1774762920,2026-03-29 05:42:00,2026-03-29 02:42:00,PlanchonPeteroa,VIIRS375,0.23,0.0,ALERTA_TERMICA_OCR,Bajo,imagenes_satelitales/PlanchonPeteroa/2026-03-29/05-42-00_PlanchonPeteroa_VIIRS375_VRP.png,2026-03-29 05:57:07,2026-03-29 05:57:07,NO,mixto,alta,False,roi_temporal_v26,"Estrella en Y=280 (dentro lÃ­mite Y=272, distâ‰ˆ2.62 km)",21.0,,,,
1774762560,2026-03-29 05:36:00,2026-03-29 02:36:00,Lascar,VIIRS,5.0,0.0,ALERTA_TERMICA_OCR,Alto,imagenes_satelitales/Lascar/2026-03-29/05-36-00_Lascar_VIIRS750_VRP.png,2026-03-29 05:56:36,2026-03-29 05:56:36,NO,mixto,alta,False,roi_temporal_v26,"Estrella en Y=278 (dentro lÃ­mite Y=257, distâ‰ˆ3.65 km)",21.0,,,,
1774749300,2026-03-29 01:55:00,2026-03-28 22:55:00,Lascar,MODIS,2.0,0.0,ALERTA_TERMICA_OCR,Medio,imagenes_satelitales/Lascar/2026-03-29/01-55-00_Lascar_MODIS_VRP.png,2026-03-29 01:01:04,2026-03-29 01:01:04,NO,mixto,alta,False,roi_temporal_v26,"Grupo pÃ­xeles rojos Y=289 (Ã¡rea=8 pxÂ², distâ‰ˆ2.05 km)",21.0,,,,
1774684200,2026-03-28 07:50:00,2026-03-28 04:50:00,Lascar,MODIS,1.0,0.0,ALERTA_TERMICA_OCR,Medio,imagenes_satelitales/Lascar/2026-03-28/07-50-00_Lascar_MODIS_VRP.png,2026-03-28 07:31:08,2026-03-28 07:31:08,NO,mixto,alta,False,roi_temporal_v26,"Estrella en Y=284 (dentro lÃ­mite Y=257, distâ‰ˆ3.27 km)",21.0,,,,
1774677600,2026-03-28 06:00:00,2026-03-28 03:00:00,PlanchonPeteroa,VIIRS375,0.28,0.0,ALERTA_TERMICA_OCR,Bajo,imagenes_satelitales/PlanchonPeteroa/2026-03-28/06-00-00_PlanchonPeteroa_VIIRS375_VRP.png,2026-03-28 08:31:40,2026-03-28 08:31:40,NO,mixto,alta,False,roi_temporal_v26,"Estrella en Y=280 (dentro lÃ­mite Y=272, distâ‰ˆ2.62 km)",21.0,,,,
1774677600,2026-03-28 06:00:00,2026-03-28 03:00:00,Lascar,VIIRS375,2.34,0.0,ALERTA_TERMICA_OCR,Medio,imagenes_satelitales/Lascar/2026-03-28/06-00-00_Lascar_VIIRS375_VRP.png,2026-03-28 08:31:05,2026-03-28 08:31:05,NO,mixto,alta,False,roi_temporal_v26,"Estrella en Y=286 (dentro lÃ­mite Y=257, distâ‰ˆ3.14 km)",21.0,,,,
1774677600,2026-03-28 06:00:00,2026-03-28 03:00:00,Lascar,VIIRS,2.0,0.0,ALERTA_TERMICA_OCR,Medio,imagenes_satelitales/Lascar/2026-03-28/06-00-00_Lascar_VIIRS750_VRP.png,2026-03-28 08:31:08,2026-03-28 08:31:08,NO,mixto,alta,False,roi_temporal_v26,"Grupo pÃ­xeles rojos Y=287 (Ã¡rea=31 pxÂ², distâ‰ˆ1.92 km)",21.0,,,,
1774677600,2026-03-28 06:00:00,2026-03-28 03:00:00,Tupungatito,VIIRS375,0.23,0.0,ALERTA_TERMICA_OCR,Bajo,imagenes_satelitales/Tupungatito/2026-03-28/06-00-00_Tupungatito_VIIRS375_VRP.png,2026-03-28 08:31:46,2026-03-28 08:31:46,NO,mixto,alta,False,roi_temporal_v26,"Grupo pÃ­xeles rojos Y=276 (Ã¡rea=32 pxÂ², distâ‰ˆ1.71 km)",21.0,,,,
1774672921,2026-03-28 04:42:01,2026-03-28 01:42:01,Puyehue-Cordon Caulle,VIIRS375,0.15,0.0,ALERTA_TERMICA_OCR,Muy Bajo,imagenes_satelitales/Puyehue-Cordon_Caulle/2026-03-28/04-42-01_Puyehue-Cordon_Caulle_VIIRS375_VRP.png,2026-03-28 06:31:38,2026-03-28 06:31:38,NO,mixto,alta,False,roi_temporal_v26,"Estrella en Y=227 (dentro lÃ­mite Y=148, distâ‰ˆ11.55 km)",21.0,,,,
1774592280,2026-03-27 06:18:00,2026-03-27 03:18:00,Lastarria,VIIRS375,0.14,0.0,ALERTA_TERMICA_OCR,Muy Bajo,imagenes_satelitales/Lastarria/2026-03-27/06-18-00_Lastarria_VIIRS375_VRP.png,2026-03-27 07:31:10,2026-03-27 07:31:10,NO,mixto,alta,False,roi_temporal_v26,"Grupo pÃ­xeles rojos Y=286 (Ã¡rea=3 pxÂ², distâ‰ˆ0.67 km)",21.0,,,,
1774592280,2026-03-27 06:18:00,2026-03-27 03:18:00,Lascar,VIIRS,1.0,0.0,ALERTA_TERMICA_OCR,Medio,imagenes_satelitales/Lascar/2026-03-27/06-18-00_Lascar_VIIRS750_VRP.png,2026-03-27 07:31:06,2026-03-27 07:31:06,NO,mixto,alta,False,roi_temporal_v26,"Grupo pÃ­xeles rojos Y=287 (Ã¡rea=39 pxÂ², distâ‰ˆ1.92 km)",21.0,,,,
1774592280,2026-03-27 06:18:00,2026-03-27 03:18:00,Lascar,VIIRS375,2.26,0.0,ALERTA_TERMICA_OCR,Medio,imagenes_satelitales/Lascar/2026-03-27/06-18-00_Lascar_VIIRS375_VRP.png,2026-03-27 07:31:02,2026-03-27 07:31:02,NO,mixto,alta,False,roi_temporal_v26,"Grupo pÃ­xeles rojos Y=287 (Ã¡rea=11 pxÂ², distâ‰ˆ1.92 km)",21.0,,,,
1774592280,2026-03-27 06:18:00,2026-03-27 03:18:00,Tupungatito,VIIRS375,0.13,0.0,ALERTA_TERMICA_OCR,Muy Bajo,imagenes_satelitales/Tupungatito/2026-03-27/06-18-00_Tupungatito_VIIRS375_VRP.png,2026-03-27 08:01:47,2026-03-27 08:01:47,NO,mixto,alta,False,roi_temporal_v26,"Grupo pÃ­xeles rojos Y=273 (Ã¡rea=50 pxÂ², distâ‰ˆ1.44 km)",21.0,,,,
1774586520,2026-03-27 04:42:00,2026-03-27 01:42:00,Puyehue-Cordon Caulle,VIIRS375,0.34,0.0,ALERTA_TERMICA_OCR,Bajo,imagenes_satelitales/Puyehue-Cordon_Caulle/2026-03-27/04-42-00_Puyehue-Cordon_Caulle_VIIRS375_VRP.png,2026-03-27 05:01:33,2026-03-27 05:01:33,NO,mixto,alta,False,roi_temporal_v26,"Estrella en Y=233 (dentro lÃ­mite Y=148, distâ‰ˆ10.91 km)",21.0,,,,
1774502281,2026-03-26 05:18:01,2026-03-26 02:18:01,Lascar,VIIRS,1.0,0.0,ALERTA_TERMICA_OCR,Medio,imagenes_satelitales/Lascar/2026-03-26/05-18-01_Lascar_VIIRS750_VRP.png,2026-03-26 07:31:04,2026-03-26 07:31:04,NO,mixto,alta,False,roi_temporal_v26,"Estrella en Y=280 (dentro lÃ­mite Y=257, distâ‰ˆ3.53 km)",21.0,,,,
1774502281,2026-03-26 05:18:01,2026-03-26 02:18:01,Puyehue-Cordon Caulle,VIIRS375,0.26,0.0,ALERTA_TERMICA_OCR,Bajo,imagenes_satelitales/Puyehue-Cordon_Caulle/2026-03-26/05-18-01_Puyehue-Cordon_Caulle_VIIRS375_VRP.png,2026-03-26 08:09:40,2026-03-26 08:09:40,NO,mixto,alta,False,roi_temporal_v26,"Estrella en Y=234 (dentro lÃ­mite Y=148, distâ‰ˆ10.80 km)",21.0,,,,
1774502281,2026-03-26 05:18:01,2026-03-26 02:18:01,Lascar,VIIRS375,1.84,0.0,ALERTA_TERMICA_OCR,Medio,imagenes_satelitales/Lascar/2026-03-26/05-18-01_Lascar_VIIRS375_VRP.png,2026-03-26 08:01:01,2026-03-26 08:01:01,NO,mixto,alta,False,roi_temporal_v26,"Estrella en Y=282 (dentro lÃ­mite Y=257, distâ‰ˆ3.40 km)",21.0,,,,
1774488900,2026-03-26 01:35:00,2026-03-25 22:35:00,Lascar,MODIS,3.0,0.0,ALERTA_TERMICA_OCR,Medio,imagenes_satelitales/Lascar/2026-03-26/01-35-00_Lascar_MODIS_VRP.png,2026-03-26 01:01:07,2026-03-26 01:01:07,NO,mixto,alta,False,roi_temporal_v26,"Grupo pÃ­xeles rojos Y=290 (Ã¡rea=4 pxÂ², distâ‰ˆ2.12 km)",21.0,,,,
1774416961,2026-03-25 05:36:01,2026-03-25 02:36:01,Lascar,VIIRS,2.0,0.0,ALERTA_TERMICA_OCR,Medio,imagenes_satelitales/Lascar/2026-03-25/05-36-01_Lascar_VIIRS750_VRP.png,2026-03-25 07:01:01,2026-03-25 07:01:01,NO,mixto,alta,False,roi_temporal_v26,"Estrella en Y=282 (dentro lÃ­mite Y=257, distâ‰ˆ3.40 km)",21.0,,,,
1774376281,2026-03-24 18:18:01,2026-03-24 15:18:01,Lascar,VIIRS375,0.79,0.0,ALERTA_TERMICA_OCR,Bajo,imagenes_satelitales/Lascar/2026-03-24/18-18-01_Lascar_VIIRS375_VRP.png,2026-03-24 19:46:55,2026-03-24 19:46:55,NO,mixto,alta,False,roi_temporal_v26,"Estrella en Y=289 (dentro lÃ­mite Y=257, distâ‰ˆ2.95 km)",21.0,,,,
1774330560,2026-03-24 05:36:00,2026-03-24 02:36:00,PlanchonPeteroa,VIIRS375,0.09,0.0,ALERTA_TERMICA_OCR,Muy Bajo,imagenes_satelitales/PlanchonPeteroa/2026-03-24/05-36-00_PlanchonPeteroa_VIIRS375_VRP.png,2026-03-24 07:31:33,2026-03-24 07:31:33,NO,mixto,alta,False,roi_temporal_v26,"Estrella en Y=280 (dentro lÃ­mite Y=272, distâ‰ˆ2.62 km)",21.0,,,,
1774330200,2026-03-24 05:30:00,2026-03-24 02:30:00,Lascar,VIIRS,2.0,0.0,ALERTA_TERMICA_OCR,Medio,imagenes_satelitales/Lascar/2026-03-24/05-30-00_Lascar_VIIRS750_VRP.png,2026-03-24 07:01:08,2026-03-24 07:01:08,NO,mixto,alta,False,roi_temporal_v26,"Estrella en Y=282 (dentro lÃ­mite Y=257, distâ‰ˆ3.40 km)",21.0,,,,
1774330200,2026-03-24 05:30:00,2026-03-24 02:30:00,Isluga,VIIRS375,1.51,0.0,ALERTA_TERMICA_OCR,Medio,imagenes_satelitales/Isluga/2026-03-24/05-30-00_Isluga_VIIRS375_VRP.png,2026-03-24 07:31:07,2026-03-24 07:31:07,NO,mixto,alta,False,roi_temporal_v26,"Estrella en Y=291 (dentro lÃ­mite Y=257, distâ‰ˆ2.82 km)",21.0,,,,
1774330200,2026-03-24 05:30:00,2026-03-24 02:30:00,Lascar,VIIRS375,2.6,0.0,ALERTA_TERMICA_OCR,Medio,imagenes_satelitales/Lascar/2026-03-24/05-30-00_Lascar_VIIRS375_VRP.png,2026-03-24 07:30:59,2026-03-24 07:30:59,NO,mixto,alta,False,roi_temporal_v26,"Estrella en Y=283 (dentro lÃ­mite Y=257, distâ‰ˆ3.33 km)",21.0,,,,
1774317300,2026-03-24 01:55:00,2026-03-23 22:55:00,Lascar,MODIS,1.0,0.0,ALERTA_TERMICA_OCR,Medio,imagenes_satelitales/Lascar/2026-03-24/01-55-00_Lascar_MODIS_VRP.png,2026-03-24 01:01:08,2026-03-24 01:01:08,NO,mixto,alta,False,roi_temporal_v26,"Estrella en Y=284 (dentro lÃ­mite Y=257, distâ‰ˆ3.27 km)",21.0,,,,
1774245240,2026-03-23 05:54:00,2026-03-23 02:54:00,Lastarria,VIIRS375,0.29,0.0,ALERTA_TERMICA_OCR,Bajo,imagenes_satelitales/Lastarria/2026-03-23/05-54-00_Lastarria_VIIRS375_VRP.png,2026-03-23 07:01:08,2026-03-23 07:01:08,NO,mixto,alta,False,roi_temporal_v26,"Estrella en Y=283 (dentro lÃ­mite Y=272, distâ‰ˆ2.48 km)",21.0,,,,
1774245240,2026-03-23 05:54:00,2026-03-23 02:54:00,Tupungatito,VIIRS375,0.12,0.0,ALERTA_TERMICA_OCR,Muy Bajo,imagenes_satelitales/Tupungatito/2026-03-23/05-54-00_Tupungatito_VIIRS375_VRP.png,2026-03-23 07:01:46,2026-03-23 07:01:46,NO,mixto,alta,False,roi_temporal_v26,"Grupo pÃ­xeles rojos Y=275 (Ã¡rea=33 pxÂ², distâ‰ˆ1.62 km)",21.0,,,,
1774244880,2026-03-23 05:48:00,2026-03-23 02:48:00,Isluga,VIIRS375,0.2,0.0,ALERTA_TERMICA_OCR,Bajo,imagenes_satelitales/Isluga/2026-03-23/05-48-00_Isluga_VIIRS375_VRP.png,2026-03-23 07:01:14,2026-03-23 07:01:14,NO,mixto,alta,False,roi_temporal_v26,"Estrella en Y=291 (dentro lÃ­mite Y=257, distâ‰ˆ2.82 km)",21.0,,,,
1774204560,2026-03-22 18:36:00,2026-03-22 15:36:00,Lascar,VIIRS375,1.3,0.0,ALERTA_TERMICA_OCR,Medio,imagenes_satelitales/Lascar/2026-03-22/18-36-00_Lascar_VIIRS375_VRP.png,2026-03-22 22:01:06,2026-03-22 22:01:06,NO,mixto,alta,False,roi_temporal_v26,"Grupo pÃ­xeles rojos Y=287 (Ã¡rea=7 pxÂ², distâ‰ˆ1.92 km)",21.0,,,,
1774159920,2026-03-22 06:12:00,2026-03-22 03:12:00,Lascar,VIIRS375,2.51,0.0,ALERTA_TERMICA_OCR,Medio,imagenes_satelitales/Lascar/2026-03-22/06-12-00_Lascar_VIIRS375_VRP.png,2026-03-22 07:42:40,2026-03-22 07:42:40,NO,mixto,alta,False,roi_temporal_v26,"Grupo pÃ­xeles rojos Y=287 (Ã¡rea=9 pxÂ², distâ‰ˆ1.92 km)",21.0,,,,
1774159920,2026-03-22 06:12:00,2026-03-22 03:12:00,Lascar,VIIRS,2.0,0.0,ALERTA_TERMICA_OCR,Medio,imagenes_satelitales/Lascar/2026-03-22/06-12-00_Lascar_VIIRS750_VRP.png,2026-03-22 18:37:24,2026-03-22 18:37:24,NO,mixto,alta,False,roi_temporal_v26,"Grupo pÃ­xeles rojos Y=285 (Ã¡rea=31 pxÂ², distâ‰ˆ1.79 km)",21.0,,,,
1774159920,2026-03-22 06:12:00,2026-03-22 03:12:00,Lastarria,VIIRS375,0.06,0.0,ALERTA_TERMICA_OCR,Muy Bajo,imagenes_satelitales/Lastarria/2026-03-22/06-12-00_Lastarria_VIIRS375_VRP.png,2026-03-22 17:41:29,2026-03-22 17:41:29,NO,mixto,alta,False,roi_temporal_v26,"Grupo pÃ­xeles rojos Y=287 (Ã¡rea=31 pxÂ², distâ‰ˆ0.71 km)",21.0,,,,
1774159560,2026-03-22 06:06:00,2026-03-22 03:06:00,Isluga,VIIRS375,0.14,0.0,ALERTA_TERMICA_OCR,Muy Bajo,imagenes_satelitales/Isluga/2026-03-22/06-06-00_Isluga_VIIRS375_VRP.png,2026-03-22 17:41:34,2026-03-22 17:41:34,NO,mixto,alta,False,roi_temporal_v26,"Grupo pÃ­xeles rojos Y=291 (Ã¡rea=30 pxÂ², distâ‰ˆ2.18 km)",21.0,,,,
1774155241,2026-03-22 04:54:01,2026-03-22 01:54:01,Nevados de Chillan,VIIRS375,0.49,0.0,ALERTA_TERMICA_OCR,Bajo,imagenes_satelitales/Nevados_de_Chillan/2026-03-22/04-54-01_Nevados_de_Chillan_VIIRS375_VRP.png,2026-03-22 04:49:04,2026-03-22 04:49:04,NO,mixto,alta,False,roi_temporal_v26,"Estrella en Y=263 (dentro lÃ­mite Y=257, distâ‰ˆ4.62 km)",21.0,,,,
1774154881,2026-03-22 04:48:01,2026-03-22 01:48:01,Lascar,VIIRS375,0.07,0.0,ALERTA_TERMICA_OCR,Muy Bajo,imagenes_satelitales/Lascar/2026-03-22/04-48-01_Lascar_VIIRS375_VRP.png,2026-03-22 04:48:44,2026-03-22 04:48:44,NO,mixto,alta,False,roi_temporal_v26,"Estrella en Y=289 (dentro lÃ­mite Y=257, distâ‰ˆ2.95 km)",21.0,,,,
1774119240,2026-03-21 18:54:00,2026-03-21 15:54:00,Lastarria,VIIRS375,2.89,0.0,ALERTA_TERMICA_OCR,Medio,imagenes_satelitales/Lastarria/2026-03-21/18-54-00_Lastarria_VIIRS375_VRP.png,2026-03-21 20:31:17,2026-03-21 20:31:17,NO,mixto,alta,False,roi_temporal_v26,"Grupo pÃ­xeles rojos Y=284 (Ã¡rea=31 pxÂ², distâ‰ˆ0.57 km)",21.0,,,,
1774069561,2026-03-21 05:06:01,2026-03-21 02:06:01,Lascar,VIIRS,1.0,0.0,ALERTA_TERMICA_OCR,Medio,imagenes_satelitales/Lascar/2026-03-21/05-06-01_Lascar_VIIRS750_VRP.png,2026-03-21 04:31:00,2026-03-21 04:31:00,NO,mixto,alta,False,roi_temporal_v26,"Estrella en Y=278 (dentro lÃ­mite Y=257, distâ‰ˆ3.65 km)",21.0,,,,
1774056900,2026-03-21 01:35:00,2026-03-20 22:35:00,Lascar,MODIS,2.0,0.0,ALERTA_TERMICA_OCR,Medio,imagenes_satelitales/Lascar/2026-03-21/01-35-00_Lascar_MODIS_VRP.png,2026-03-20 23:46:02,2026-03-20 23:46:02,NO,mixto,alta,False,roi_temporal_v26,"Estrella en Y=284 (dentro lÃ­mite Y=257, distâ‰ˆ3.27 km)",21.0,,,,
1773992400,2026-03-20 07:40:00,2026-03-20 04:40:00,Lascar,MODIS,3.0,0.0,ALERTA_TERMICA_OCR,Medio,imagenes_satelitales/Lascar/2026-03-20/07-40-00_Lascar_MODIS_VRP.png,2026-03-20 06:56:19,2026-03-20 06:56:19,NO,mixto,alta,False,roi_temporal_v26,"Estrella en Y=279 (dentro lÃ­mite Y=257, distâ‰ˆ3.59 km)",21.0,,,,
1773984601,2026-03-20 05:30:01,2026-03-20 02:30:01,Lascar,VIIRS,3.0,0.0,ALERTA_TERMICA_OCR,Medio,imagenes_satelitales/Lascar/2026-03-20/05-30-01_Lascar_VIIRS750_VRP.png,2026-03-20 05:31:01,2026-03-20 05:31:01,NO,mixto,alta,False,roi_temporal_v26,"Estrella en Y=282 (dentro lÃ­mite Y=257, distâ‰ˆ3.40 km)",21.0,,,,
1773983160,2026-03-20 05:06:00,2026-03-20 02:06:00,Isluga,VIIRS375,2.21,0.0,ALERTA_TERMICA_OCR,Medio,imagenes_satelitales/Isluga/2026-03-20/05-06-00_Isluga_VIIRS375_VRP.png,2026-03-20 05:56:49,2026-03-20 05:56:49,NO,mixto,alta,False,roi_temporal_v26,"Estrella en Y=289 (dentro lÃ­mite Y=257, distâ‰ˆ2.95 km)",21.0,,,,
1773983160,2026-03-20 05:06:00,2026-03-20 02:06:00,Lascar,VIIRS375,0.73,0.0,ALERTA_TERMICA_OCR,Bajo,imagenes_satelitales/Lascar/2026-03-20/05-06-00_Lascar_VIIRS375_VRP.png,2026-03-20 05:56:41,2026-03-20 05:56:41,NO,mixto,alta,False,roi_temporal_v26,"Estrella en Y=283 (dentro lÃ­mite Y=257, distâ‰ˆ3.33 km)",21.0,,,,
1773899281,2026-03-19 05:48:01,2026-03-19 02:48:01,Lascar,VIIRS,2.0,0.0,ALERTA_TERMICA_OCR,Medio,imagenes_satelitales/Lascar/2026-03-19/05-48-01_Lascar_VIIRS750_VRP.png,2026-03-19 05:31:08,2026-03-19 05:31:08,NO,mixto,alta,False,roi_temporal_v26,"Estrella en Y=283 (dentro lÃ­mite Y=257, distâ‰ˆ3.33 km)",21.0,,,,
1773899281,2026-03-19 05:48:01,2026-03-19 02:48:01,PlanchonPeteroa,VIIRS375,0.27,0.0,ALERTA_TERMICA_OCR,Bajo,imagenes_satelitales/PlanchonPeteroa/2026-03-19/05-48-01_PlanchonPeteroa_VIIRS375_VRP.png,2026-03-19 06:01:29,2026-03-19 06:01:29,NO,mixto,alta,False,roi_temporal_v26,"Estrella en Y=280 (dentro lÃ­mite Y=272, distâ‰ˆ2.62 km)",21.0,,,,
1773897840,2026-03-19 05:24:00,2026-03-19 02:24:00,Isluga,VIIRS375,0.51,0.0,ALERTA_TERMICA_OCR,Bajo,imagenes_satelitales/Isluga/2026-03-19/05-24-00_Isluga_VIIRS375_VRP.png,2026-03-19 06:59:11,2026-03-19 06:59:11,NO,mixto,alta,False,roi_temporal_v26,"Estrella en Y=291 (dentro lÃ­mite Y=257, distâ‰ˆ2.82 km)",21.0,,,,
1773897840,2026-03-19 05:24:00,2026-03-19 02:24:00,Lascar,VIIRS375,1.88,0.0,ALERTA_TERMICA_OCR,Medio,imagenes_satelitales/Lascar/2026-03-19/05-24-00_Lascar_VIIRS375_VRP.png,2026-03-19 06:59:02,2026-03-19 06:59:02,NO,mixto,alta,False,roi_temporal_v26,"Estrella en Y=286 (dentro lÃ­mite Y=257, distâ‰ˆ3.14 km)",21.0,,,,
1773897840,2026-03-19 05:24:00,2026-03-19 02:24:00,Lascar,VIIRS,1.0,0.0,ALERTA_TERMICA_OCR,Medio,imagenes_satelitales/Lascar/2026-03-19/05-24-00_Lascar_VIIRS750_VRP.png,2026-03-19 06:30:59,2026-03-19 06:30:59,NO,mixto,alta,False,roi_temporal_v26,"Estrella en Y=283 (dentro lÃ­mite Y=257, distâ‰ˆ3.33 km)",21.0,,,,
1773885300,2026-03-19 01:55:00,2026-03-18 22:55:00,Lascar,MODIS,2.0,0.0,ALERTA_TERMICA_OCR,Medio,imagenes_satelitales/Lascar/2026-03-19/01-55-00_Lascar_MODIS_VRP.png,2026-03-19 00:18:04,2026-03-19 00:18:04,NO,mixto,alta,False,roi_temporal_v26,"Estrella en Y=284 (dentro lÃ­mite Y=257, distâ‰ˆ3.27 km)",21.0,,,,
1773857160,2026-03-18 18:06:00,2026-03-18 15:06:00,Puyehue-Cordon Caulle,VIIRS375,0.52,0.0,ALERTA_TERMICA_OCR,Bajo,imagenes_satelitales/Puyehue-Cordon_Caulle/2026-03-18/18-06-00_Puyehue-Cordon_Caulle_VIIRS375_VRP.png,2026-03-18 18:48:18,2026-03-18 18:48:18,NO,mixto,alta,False,roi_temporal_v26,"Estrella en Y=205 (dentro lÃ­mite Y=148, distâ‰ˆ13.90 km)",21.0,,,,
1773813961,2026-03-18 06:06:01,2026-03-18 03:06:01,Lascar,VIIRS375,1.77,0.0,ALERTA_TERMICA_OCR,Medio,imagenes_satelitales/Lascar/2026-03-18/06-06-01_Lascar_VIIRS375_VRP.png,2026-03-18 07:01:09,2026-03-18 07:01:09,NO,mixto,alta,False,roi_temporal_v26,"Estrella en Y=283 (dentro lÃ­mite Y=257, distâ‰ˆ3.33 km)",21.0,,,,
1773813961,2026-03-18 06:06:01,2026-03-18 03:06:01,PlanchonPeteroa,VIIRS375,0.09,0.0,ALERTA_TERMICA_OCR,Muy Bajo,imagenes_satelitales/PlanchonPeteroa/2026-03-18/06-06-01_PlanchonPeteroa_VIIRS375_VRP.png,2026-03-18 06:31:48,2026-03-18 06:31:48,NO,mixto,alta,False,roi_temporal_v26,"Estrella en Y=280 (dentro lÃ­mite Y=272, distâ‰ˆ2.62 km)",21.0,,,,
1773813961,2026-03-18 06:06:01,2026-03-18 03:06:01,Lascar,VIIRS,2.0,0.0,ALERTA_TERMICA_OCR,Medio,imagenes_satelitales/Lascar/2026-03-18/06-06-01_Lascar_VIIRS750_VRP.png,2026-03-18 06:31:18,2026-03-18 06:31:18,NO,mixto,alta,False,roi_temporal_v26,"Estrella en Y=282 (dentro lÃ­mite Y=257, distâ‰ˆ3.40 km)",21.0,,,,
1773812880,2026-03-18 05:48:00,2026-03-18 02:48:00,PlanchonPeteroa,VIIRS375,0.16,0.0,ALERTA_TERMICA_OCR,Muy Bajo,imagenes_satelitales/PlanchonPeteroa/2026-03-18/05-48-00_PlanchonPeteroa_VIIRS375_VRP.png,2026-03-18 07:31:43,2026-03-18 07:31:43,NO,mixto,alta,False,roi_temporal_v26,"Estrella en Y=280 (dentro lÃ­mite Y=272, distâ‰ˆ2.62 km)",21.0,,,,
1773812520,2026-03-18 05:42:00,2026-03-18 02:42:00,Lascar,VIIRS,3.0,0.0,ALERTA_TERMICA_OCR,Medio,imagenes_satelitales/Lascar/2026-03-18/05-42-00_Lascar_VIIRS750_VRP.png,2026-03-18 07:01:12,2026-03-18 07:01:12,NO,mixto,alta,False,roi_temporal_v26,"Estrella en Y=282 (dentro lÃ­mite Y=257, distâ‰ˆ3.40 km)",21.0,,,,
1773812520,2026-03-18 05:42:00,2026-03-18 02:42:00,Isluga,VIIRS375,0.41,0.0,ALERTA_TERMICA_OCR,Bajo,imagenes_satelitales/Isluga/2026-03-18/05-42-00_Isluga_VIIRS375_VRP.png,2026-03-18 18:47:56,2026-03-18 18:47:56,NO,mixto,alta,False,roi_temporal_v26,"Grupo pÃ­xeles rojos Y=290 (Ã¡rea=31 pxÂ², distâ‰ˆ2.12 km)",21.0,,,,
1773812520,2026-03-18 05:42:00,2026-03-18 02:42:00,Lascar,VIIRS375,3.32,0.0,ALERTA_TERMICA_OCR,Medio,imagenes_satelitales/Lascar/2026-03-18/05-42-00_Lascar_VIIRS375_VRP.png,2026-03-18 07:31:08,2026-03-18 07:31:08,NO,mixto,alta,False,roi_temporal_v26,"Estrella en Y=283 (dentro lÃ­mite Y=257, distâ‰ˆ3.33 km)",21.0,,,,
1773772200,2026-03-17 18:30:00,2026-03-17 15:30:00,Lastarria,VIIRS375,0.78,0.0,ALERTA_TERMICA_OCR,Bajo,imagenes_satelitales/Lastarria/2026-03-17/18-30-00_Lastarria_VIIRS375_VRP.png,2026-03-17 21:01:01,2026-03-17 21:01:01,NO,mixto,alta,False,roi_temporal_v26,"Grupo pÃ­xeles rojos Y=284 (Ã¡rea=63 pxÂ², distâ‰ˆ0.57 km)",21.0,,,,
1773753300,2026-03-17 13:15:00,2026-03-17 10:15:00,Nevados de Chillan,MODIS,1.0,0.0,ALERTA_TERMICA_OCR,Medio,imagenes_satelitales/Nevados_de_Chillan/2026-03-17/13-15-00_Nevados_de_Chillan_MODIS_VRP.png,2026-03-17 12:01:36,2026-03-17 12:01:36,NO,mixto,alta,False,roi_temporal_v26,"Estrella en Y=283 (dentro lÃ­mite Y=257, distâ‰ˆ3.33 km)",21.0,,,,
1773732000,2026-03-17 07:20:00,2026-03-17 04:20:00,Lascar,MODIS,1.0,0.0,ALERTA_TERMICA_OCR,Medio,imagenes_satelitales/Lascar/2026-03-17/07-20-00_Lascar_MODIS_VRP.png,2026-03-17 06:31:06,2026-03-17 06:31:06,NO,mixto,alta,False,roi_temporal_v26,"Estrella en Y=287 (dentro lÃ­mite Y=257, distâ‰ˆ3.08 km)",21.0,,,,
1773728641,2026-03-17 06:24:01,2026-03-17 03:24:01,Lastarria,VIIRS375,0.12,0.0,ALERTA_TERMICA_OCR,Muy Bajo,imagenes_satelitales/Lastarria/2026-03-17/06-24-01_Lastarria_VIIRS375_VRP.png,2026-03-17 06:31:09,2026-03-17 06:31:09,NO,mixto,alta,False,roi_temporal_v26,"Estrella en Y=283 (dentro lÃ­mite Y=272, distâ‰ˆ2.48 km)",21.0,,,,
1773727560,2026-03-17 06:06:00,2026-03-17 03:06:00,Tupungatito,VIIRS375,0.13,0.0,ALERTA_TERMICA_OCR,Muy Bajo,imagenes_satelitales/Tupungatito/2026-03-17/06-06-00_Tupungatito_VIIRS375_VRP.png,2026-03-17 19:31:43,2026-03-17 19:31:43,NO,mixto,alta,False,roi_temporal_v26,"Grupo pÃ­xeles rojos Y=274 (Ã¡rea=31 pxÂ², distâ‰ˆ1.53 km)",21.0,,,,
1773727560,2026-03-17 06:06:00,2026-03-17 03:06:00,Lascar,VIIRS,2.0,0.0,ALERTA_TERMICA_OCR,Medio,imagenes_satelitales/Lascar/2026-03-17/06-06-00_Lascar_VIIRS750_VRP.png,2026-03-17 07:00:59,2026-03-17 07:00:59,NO,mixto,alta,False,roi_temporal_v26,"Grupo pÃ­xeles rojos Y=287 (Ã¡rea=10 pxÂ², distâ‰ˆ1.92 km)",21.0,,,,
1773727560,2026-03-17 06:06:00,2026-03-17 03:06:00,Lastarria,VIIRS375,0.08,0.0,ALERTA_TERMICA_OCR,Muy Bajo,imagenes_satelitales/Lastarria/2026-03-17/06-06-00_Lastarria_VIIRS375_VRP.png,2026-03-17 08:01:07,2026-03-17 08:01:07,NO,mixto,alta,False,roi_temporal_v26,"Estrella en Y=283 (dentro lÃ­mite Y=272, distâ‰ˆ2.48 km)",21.0,,,,
1773637201,2026-03-16 05:00:01,2026-03-16 02:00:01,Isluga,VIIRS375,0.57,0.0,ALERTA_TERMICA_OCR,Bajo,imagenes_satelitales/Isluga/2026-03-16/05-00-01_Isluga_VIIRS375_VRP.png,2026-03-16 04:47:10,2026-03-16 04:47:10,NO,mixto,alta,False,roi_temporal_v26,"Estrella en Y=286 (dentro lÃ­mite Y=257, distâ‰ˆ3.14 km)",21.0,,,,
1773637201,2026-03-16 05:00:01,2026-03-16 02:00:01,Lascar,VIIRS375,0.83,0.0,ALERTA_TERMICA_OCR,Bajo,imagenes_satelitales/Lascar/2026-03-16/05-00-01_Lascar_VIIRS375_VRP.png,2026-03-16 04:47:00,2026-03-16 04:47:00,NO,mixto,alta,False,roi_temporal_v26,"Estrella en Y=283 (dentro lÃ­mite Y=257, distâ‰ˆ3.33 km)",21.0,,,,
1773596881,2026-03-15 17:48:01,2026-03-15 14:48:01,Lascar,VIIRS375,0.9,0.0,ALERTA_TERMICA_OCR,Bajo,imagenes_satelitales/Lascar/2026-03-15/17-48-01_Lascar_VIIRS375_VRP.png,2026-03-15 18:00:59,2026-03-15 18:00:59,NO,mixto,alta,False,roi_temporal_v26,"Grupo pÃ­xeles rojos Y=287 (Ã¡rea=5 pxÂ², distâ‰ˆ1.92 km)",21.0,,,,
1773560700,2026-03-15 07:45:00,2026-03-15 04:45:00,Lascar,MODIS,2.0,0.0,ALERTA_TERMICA_OCR,Medio,imagenes_satelitales/Lascar/2026-03-15/07-45-00_Lascar_MODIS_VRP.png,2026-03-15 07:01:06,2026-03-15 07:01:06,NO,mixto,alta,False,roi_temporal_v26,"Estrella en Y=284 (dentro lÃ­mite Y=257, distâ‰ˆ3.27 km)",21.0,,,,
1773550800,2026-03-15 05:00:00,2026-03-15 02:00:00,Lascar,VIIRS375,1.54,0.0,ALERTA_TERMICA_OCR,Medio,imagenes_satelitales/Lascar/2026-03-15/05-00-00_Lascar_VIIRS375_VRP.png,2026-03-15 05:31:06,2026-03-15 05:31:06,NO,mixto,alta,False,roi_temporal_v26,"Estrella en Y=283 (dentro lÃ­mite Y=257, distâ‰ˆ3.33 km)",21.0,,,,
1773465480,2026-03-14 05:18:00,2026-03-14 02:18:00,Lascar,VIIRS,2.0,0.0,ALERTA_TERMICA_OCR,Medio,imagenes_satelitales/Lascar/2026-03-14/05-18-00_Lascar_VIIRS750_VRP.png,2026-03-14 06:47:06,2026-03-14 06:47:06,NO,mixto,alta,False,roi_temporal_v26,"Estrella en Y=283 (dentro lÃ­mite Y=257, distâ‰ˆ3.33 km)",21.0,,,,
1773465480,2026-03-14 05:18:00,2026-03-14 02:18:00,Lascar,VIIRS375,1.87,0.0,ALERTA_TERMICA_OCR,Medio,imagenes_satelitales/Lascar/2026-03-14/05-18-00_Lascar_VIIRS375_VRP.png,2026-03-14 06:47:03,2026-03-14 06:47:03,NO,mixto,alta,False,roi_temporal_v26,"Estrella en Y=286 (dentro lÃ­mite Y=257, distâ‰ˆ3.14 km)",21.0,,,,
1773465480,2026-03-14 05:18:00,2026-03-14 02:18:00,Isluga,VIIRS375,0.13,0.0,ALERTA_TERMICA_OCR,Muy Bajo,imagenes_satelitales/Isluga/2026-03-14/05-18-00_Isluga_VIIRS375_VRP.png,2026-03-14 06:47:13,2026-03-14 06:47:13,NO,mixto,alta,False,roi_temporal_v26,"Estrella en Y=291 (dentro lÃ­mite Y=257, distâ‰ˆ2.82 km)",21.0,,,,
1773453300,2026-03-14 01:55:00,2026-03-13 22:55:00,Lascar,MODIS,2.0,0.0,ALERTA_TERMICA_OCR,Medio,imagenes_satelitales/Lascar/2026-03-14/01-55-00_Lascar_MODIS_VRP.png,2026-03-14 00:31:09,2026-03-14 00:31:09,NO,mixto,alta,False,roi_temporal_v26,"Estrella en Y=284 (dentro lÃ­mite Y=257, distâ‰ˆ3.27 km)",21.0,,,,
1773426241,2026-03-13 18:24:01,2026-03-13 15:24:01,Lascar,VIIRS375,1.96,0.0,ALERTA_TERMICA_OCR,Medio,imagenes_satelitales/Lascar/2026-03-13/18-24-01_Lascar_VIIRS375_VRP.png,2026-03-13 18:46:34,2026-03-13 18:46:34,NO,mixto,alta,False,roi_temporal_v26,"Grupo pÃ­xeles rojos Y=282 (Ã¡rea=3 pxÂ², distâ‰ˆ1.60 km)",21.0,,,,
1773381961,2026-03-13 06:06:01,2026-03-13 03:06:01,Puyehue-Cordon Caulle,VIIRS375,0.16,0.0,ALERTA_TERMICA_OCR,Muy Bajo,imagenes_satelitales/Puyehue-Cordon_Caulle/2026-03-13/06-06-01_Puyehue-Cordon_Caulle_VIIRS375_VRP.png,2026-03-13 05:56:18,2026-03-13 05:56:18,NO,mixto,alta,False,roi_temporal_v26,"Estrella en Y=238 (dentro lÃ­mite Y=148, distâ‰ˆ10.37 km)",21.0,,,,
1773380160,2026-03-13 05:36:00,2026-03-13 02:36:00,Lastarria,VIIRS375,0.15,0.0,ALERTA_TERMICA_OCR,Muy Bajo,imagenes_satelitales/Lastarria/2026-03-13/05-36-00_Lastarria_VIIRS375_VRP.png,2026-03-13 06:31:19,2026-03-13 06:31:19,NO,mixto,alta,False,roi_temporal_v26,"Estrella en Y=277 (dentro lÃ­mite Y=272, distâ‰ˆ2.76 km)",21.0,,,,
1773380160,2026-03-13 05:36:00,2026-03-13 02:36:00,Lascar,VIIRS,3.0,0.0,ALERTA_TERMICA_OCR,Medio,imagenes_satelitales/Lascar/2026-03-13/05-36-00_Lascar_VIIRS750_VRP.png,2026-03-13 05:55:51,2026-03-13 05:55:51,NO,mixto,alta,False,roi_temporal_v26,"Estrella en Y=283 (dentro lÃ­mite Y=257, distâ‰ˆ3.33 km)",21.0,,,,
1773380160,2026-03-13 05:36:00,2026-03-13 02:36:00,Isluga,VIIRS375,0.37,0.0,ALERTA_TERMICA_OCR,Bajo,imagenes_satelitales/Isluga/2026-03-13/05-36-00_Isluga_VIIRS375_VRP.png,2026-03-13 06:31:25,2026-03-13 06:31:25,NO,mixto,alta,False,roi_temporal_v26,"Estrella en Y=291 (dentro lÃ­mite Y=257, distâ‰ˆ2.82 km)",21.0,,,,
1773380160,2026-03-13 05:36:00,2026-03-13 02:36:00,Lascar,VIIRS375,3.73,0.0,ALERTA_TERMICA_OCR,Medio,imagenes_satelitales/Lascar/2026-03-13/05-36-00_Lascar_VIIRS375_VRP.png,2026-03-13 06:31:13,2026-03-13 06:31:13,NO,mixto,alta,False,roi_temporal_v26,"Estrella en Y=283 (dentro lÃ­mite Y=257, distâ‰ˆ3.33 km)",21.0,,,,
1773339840,2026-03-12 18:24:00,2026-03-12 15:24:00,Lascar,VIIRS375,1.12,0.0,ALERTA_TERMICA_OCR,Medio,imagenes_satelitales/Lascar/2026-03-12/18-24-00_Lascar_VIIRS375_VRP.png,2026-03-12 21:01:02,2026-03-12 21:01:02,NO,mixto,alta,False,roi_temporal_v26,"Grupo pÃ­xeles rojos Y=290 (Ã¡rea=3 pxÂ², distâ‰ˆ2.12 km)",21.0,,,,
1773300300,2026-03-12 07:25:00,2026-03-12 04:25:00,Lascar,MODIS,2.0,0.0,ALERTA_TERMICA_OCR,Medio,imagenes_satelitales/Lascar/2026-03-12/07-25-00_Lascar_MODIS_VRP.png,2026-03-12 07:01:01,2026-03-12 07:01:01,NO,mixto,alta,False,roi_temporal_v26,"Estrella en Y=284 (dentro lÃ­mite Y=257, distâ‰ˆ3.27 km)",21.0,,,,
1773295200,2026-03-12 06:00:00,2026-03-12 03:00:00,Villarrica,VIIRS375,0.34,0.0,ALERTA_TERMICA_OCR,Bajo,imagenes_satelitales/Villarrica/2026-03-12/06-00-00_Villarrica_VIIRS375_VRP.png,2026-03-12 11:31:38,2026-03-12 11:31:38,NO,mixto,alta,False,roi_temporal_v26,"Grupo pÃ­xeles rojos Y=289 (Ã¡rea=31 pxÂ², distâ‰ˆ2.05 km)",21.0,,,,
1773295200,2026-03-12 06:00:00,2026-03-12 03:00:00,PlanchonPeteroa,VIIRS375,0.28,0.0,ALERTA_TERMICA_OCR,Bajo,imagenes_satelitales/PlanchonPeteroa/2026-03-12/06-00-00_PlanchonPeteroa_VIIRS375_VRP.png,2026-03-12 11:01:33,2026-03-12 11:01:33,NO,mixto,alta,False,roi_temporal_v26,"Estrella en Y=280 (dentro lÃ­mite Y=272, distâ‰ˆ2.62 km)",21.0,,,,
1773295200,2026-03-12 06:00:00,2026-03-12 03:00:00,Lastarria,VIIRS375,0.09,0.0,ALERTA_TERMICA_OCR,Muy Bajo,imagenes_satelitales/Lastarria/2026-03-12/06-00-00_Lastarria_VIIRS375_VRP.png,2026-03-12 11:31:26,2026-03-12 11:31:26,NO,mixto,alta,False,roi_temporal_v26,"Estrella en Y=283 (dentro lÃ­mite Y=272, distâ‰ˆ2.48 km)",21.0,,,,
1773295200,2026-03-12 06:00:00,2026-03-12 03:00:00,Puyehue-Cordon Caulle,VIIRS375,0.23,0.0,ALERTA_TERMICA_OCR,Bajo,imagenes_satelitales/Puyehue-Cordon_Caulle/2026-03-12/06-00-00_Puyehue-Cordon_Caulle_VIIRS375_VRP.png,2026-03-12 11:31:58,2026-03-12 11:31:58,NO,mixto,alta,False,roi_temporal_v26,"Grupo pÃ­xeles rojos Y=263 (Ã¡rea=31 pxÂ², distâ‰ˆ12.30 km)",21.0,,,,
1773294840,2026-03-12 05:54:00,2026-03-12 02:54:00,Isluga,VIIRS375,0.33,0.0,ALERTA_TERMICA_OCR,Bajo,imagenes_satelitales/Isluga/2026-03-12/05-54-00_Isluga_VIIRS375_VRP.png,2026-03-12 11:31:32,2026-03-12 11:31:32,NO,mixto,alta,False,roi_temporal_v26,"Grupo pÃ­xeles rojos Y=291 (Ã¡rea=30 pxÂ², distâ‰ˆ2.18 km)",21.0,,,,
1773255961,2026-03-11 19:06:01,2026-03-11 16:06:01,Lastarria,VIIRS375,1.0,29.96,FALSO_POSITIVO_OCR,Medio,imagenes_satelitales/Lastarria/2026-03-11/19-06-01_Lastarria_VIIRS375_VRP.png,2026-03-11 23:52:46,2026-03-11 23:52:46,SI,mixto,baja,False,roi_temporal_v26,"Grupo pÃ­xeles rojos Y=285 (Ã¡rea=3 pxÂ², distâ‰ˆ0.62 km) | RECLASIFICADO 2026-06-15: latest.php (MIROVA) confirma FALSO_POSITIVO @ 29.96 km; el OCR lo ubicó dentro de radio (error de estrella, pre-V29). Conservado como referencia MIROVA.",21.0,,,,
1773209880,2026-03-11 06:18:00,2026-03-11 03:18:00,Lascar,VIIRS375,4.35,0.0,ALERTA_TERMICA_OCR,Medio,imagenes_satelitales/Lascar/2026-03-11/06-18-00_Lascar_VIIRS375_VRP.png,2026-03-11 11:30:58,2026-03-11 11:30:58,NO,mixto,alta,False,roi_temporal_v26,"Grupo pÃ­xeles rojos Y=284 (Ã¡rea=31 pxÂ², distâ‰ˆ1.73 km)",21.0,,,,
1773209880,2026-03-11 06:18:00,2026-03-11 03:18:00,Lastarria,VIIRS375,0.09,0.0,ALERTA_TERMICA_OCR,Muy Bajo,imagenes_satelitales/Lastarria/2026-03-11/06-18-00_Lastarria_VIIRS375_VRP.png,2026-03-11 11:31:03,2026-03-11 11:31:03,NO,mixto,alta,False,roi_temporal_v26,"Grupo pÃ­xeles rojos Y=286 (Ã¡rea=31 pxÂ², distâ‰ˆ0.67 km)",21.0,,,,
1773209880,2026-03-11 06:18:00,2026-03-11 03:18:00,Lascar,VIIRS,2.0,0.0,ALERTA_TERMICA_OCR,Medio,imagenes_satelitales/Lascar/2026-03-11/06-18-00_Lascar_VIIRS750_VRP.png,2026-03-11 21:30:56,2026-03-11 21:30:56,NO,mixto,alta,False,roi_temporal_v26,"Grupo pÃ­xeles rojos Y=287 (Ã¡rea=31 pxÂ², distâ‰ˆ1.92 km)",21.0,,,,
1773209880,2026-03-11 06:18:00,2026-03-11 03:18:00,PlanchonPeteroa,VIIRS375,0.06,0.0,ALERTA_TERMICA_OCR,Muy Bajo,imagenes_satelitales/PlanchonPeteroa/2026-03-11/06-18-00_PlanchonPeteroa_VIIRS375_VRP.png,2026-03-11 11:31:34,2026-03-11 11:31:34,NO,mixto,alta,False,roi_temporal_v26,"Grupo pÃ­xeles rojos Y=287 (Ã¡rea=31 pxÂ², distâ‰ˆ0.71 km)",21.0,,,,
1773204841,2026-03-11 04:54:01,2026-03-11 01:54:01,Lascar,VIIRS375,0.81,0.0,ALERTA_TERMICA_OCR,Bajo,imagenes_satelitales/Lascar/2026-03-11/04-54-01_Lascar_VIIRS375_VRP.png,2026-03-11 07:30:52,2026-03-11 07:30:52,NO,mixto,alta,False,roi_temporal_v26,"Estrella en Y=280 (dentro lÃ­mite Y=257, distâ‰ˆ3.53 km)",21.0,,,,
1773204841,2026-03-11 04:54:01,2026-03-11 01:54:01,Isluga,VIIRS375,0.13,0.0,ALERTA_TERMICA_OCR,Muy Bajo,imagenes_satelitales/Isluga/2026-03-11/04-54-01_Isluga_VIIRS375_VRP.png,2026-03-11 07:31:00,2026-03-11 07:31:00,NO,mixto,alta,False,roi_temporal_v26,"Estrella en Y=280 (dentro lÃ­mite Y=257, distâ‰ˆ3.53 km)",21.0,,,,
1773192900,2026-03-11 01:35:00,2026-03-10 22:35:00,Lascar,MODIS,2.0,0.0,ALERTA_TERMICA_OCR,Medio,imagenes_satelitales/Lascar/2026-03-11/01-35-00_Lascar_MODIS_VRP.png,2026-03-10 23:47:32,2026-03-10 23:47:32,NO,mixto,alta,False,roi_temporal_v26,"Estrella en Y=287 (dentro lÃ­mite Y=257, distâ‰ˆ3.08 km)",21.0,,,,
1773164521,2026-03-10 17:42:01,2026-03-10 14:42:01,Lastarria,VIIRS375,1.31,31.56,FALSO_POSITIVO_OCR,Medio,imagenes_satelitales/Lastarria/2026-03-10/17-42-01_Lastarria_VIIRS375_VRP.png,2026-03-10 17:48:11,2026-03-10 17:48:11,SI,mixto,baja,False,roi_temporal_v26,"Grupo pÃ­xeles rojos Y=284 (Ã¡rea=31 pxÂ², distâ‰ˆ0.57 km) | RECLASIFICADO 2026-06-15: latest.php (MIROVA) confirma FALSO_POSITIVO @ 31.56 km; el OCR lo ubicó dentro de radio (error de estrella, pre-V29). Conservado como referencia MIROVA.",21.0,,,,
1773129000,2026-03-10 07:50:00,2026-03-10 04:50:00,Lascar,MODIS,1.0,0.0,ALERTA_TERMICA_OCR,Medio,imagenes_satelitales/Lascar/2026-03-10/07-50-00_Lascar_MODIS_VRP.png,2026-03-10 09:01:01,2026-03-10 09:01:01,NO,mixto,alta,False,roi_temporal_v26,"Estrella en Y=282 (dentro lÃ­mite Y=257, distâ‰ˆ3.40 km)",21.0,,,,
1773124560,2026-03-10 06:36:00,2026-03-10 03:36:00,Lastarria,VIIRS375,0.12,0.0,ALERTA_TERMICA_OCR,Muy Bajo,imagenes_satelitales/Lastarria/2026-03-10/06-36-00_Lastarria_VIIRS375_VRP.png,2026-03-10 08:30:57,2026-03-10 08:30:57,NO,mixto,alta,False,roi_temporal_v26,"Estrella en Y=276 (dentro lÃ­mite Y=272, distâ‰ˆ2.81 km)",21.0,,,,
1773119521,2026-03-10 05:12:01,2026-03-10 02:12:01,Isluga,VIIRS375,0.35,0.0,ALERTA_TERMICA_OCR,Bajo,imagenes_satelitales/Isluga/2026-03-10/05-12-01_Isluga_VIIRS375_VRP.png,2026-03-10 06:31:09,2026-03-10 06:31:09,NO,mixto,alta,False,roi_temporal_v26,"Estrella en Y=288 (dentro lÃ­mite Y=257, distâ‰ˆ3.01 km)",21.0,,,,
1773118800,2026-03-10 05:00:00,2026-03-10 02:00:00,Tupungatito,VIIRS375,0.2,0.0,ALERTA_TERMICA_OCR,Bajo,imagenes_satelitales/Tupungatito/2026-03-10/05-00-00_Tupungatito_VIIRS375_VRP.png,2026-03-10 08:31:28,2026-03-10 08:31:28,NO,mixto,alta,False,roi_temporal_v26,"Grupo pÃ­xeles rojos Y=272 (Ã¡rea=31 pxÂ², distâ‰ˆ1.35 km)",21.0,,,,
1773118800,2026-03-10 05:00:00,2026-03-10 02:00:00,Puyehue-Cordon Caulle,VIIRS375,0.58,0.0,ALERTA_TERMICA_OCR,Bajo,imagenes_satelitales/Puyehue-Cordon_Caulle/2026-03-10/05-00-00_Puyehue-Cordon_Caulle_VIIRS375_VRP.png,2026-03-10 07:31:30,2026-03-10 07:31:30,NO,mixto,alta,False,roi_temporal_v26,"Estrella en Y=234 (dentro lÃ­mite Y=148, distâ‰ˆ10.80 km)",21.0,,,,
1773118440,2026-03-10 04:54:00,2026-03-10 01:54:00,Lascar,VIIRS375,0.77,0.0,ALERTA_TERMICA_OCR,Bajo,imagenes_satelitales/Lascar/2026-03-10/04-54-00_Lascar_VIIRS375_VRP.png,2026-03-10 06:58:10,2026-03-10 06:58:10,NO,mixto,alta,False,roi_temporal_v26,"Grupo pÃ­xeles rojos Y=286 (Ã¡rea=30 pxÂ², distâ‰ˆ1.86 km)",21.0,,,,
1773118440,2026-03-10 04:54:00,2026-03-10 01:54:00,Isluga,VIIRS375,1.45,0.0,ALERTA_TERMICA_OCR,Medio,imagenes_satelitales/Isluga/2026-03-10/04-54-00_Isluga_VIIRS375_VRP.png,2026-03-10 06:58:20,2026-03-10 06:58:20,NO,mixto,alta,False,roi_temporal_v26,"Estrella en Y=288 (dentro lÃ­mite Y=257, distâ‰ˆ3.01 km)",21.0,,,,
1773079201,2026-03-09 18:00:01,2026-03-09 15:00:01,Lastarria,VIIRS375,1.26,33.41,FALSO_POSITIVO_OCR,Medio,imagenes_satelitales/Lastarria/2026-03-09/18-00-01_Lastarria_VIIRS375_VRP.png,2026-03-09 19:31:05,2026-03-09 19:31:05,SI,mixto,baja,False,roi_temporal_v26,"Grupo pÃ­xeles rojos Y=285 (Ã¡rea=43 pxÂ², distâ‰ˆ0.62 km) | RECLASIFICADO 2026-06-15: latest.php (MIROVA) confirma FALSO_POSITIVO @ 33.41 km; el OCR lo ubicó dentro de radio (error de estrella, pre-V29). Conservado como referencia MIROVA.",21.0,,,,
1773034561,2026-03-09 05:36:01,2026-03-09 02:36:01,Lascar,VIIRS,2.0,0.0,ALERTA_TERMICA_OCR,Medio,imagenes_satelitales/Lascar/2026-03-09/05-36-01_Lascar_VIIRS750_VRP.png,2026-03-09 06:01:10,2026-03-09 06:01:10,NO,mixto,alta,False,roi_temporal_v26,"Estrella en Y=287 (dentro lÃ­mite Y=257, distâ‰ˆ3.08 km)",21.0,,,,
1773033120,2026-03-09 05:12:00,2026-03-09 02:12:00,Isluga,VIIRS375,0.76,0.0,ALERTA_TERMICA_OCR,Bajo,imagenes_satelitales/Isluga/2026-03-09/05-12-00_Isluga_VIIRS375_VRP.png,2026-03-09 07:01:15,2026-03-09 07:01:15,NO,mixto,alta,False,roi_temporal_v26,"Estrella en Y=288 (dentro lÃ­mite Y=257, distâ‰ˆ3.01 km)",21.0,,,,
1773033120,2026-03-09 05:12:00,2026-03-09 02:12:00,Lascar,VIIRS375,1.2,0.0,ALERTA_TERMICA_OCR,Medio,imagenes_satelitales/Lascar/2026-03-09/05-12-00_Lascar_VIIRS375_VRP.png,2026-03-09 07:01:05,2026-03-09 07:01:05,NO,mixto,alta,False,roi_temporal_v26,"Estrella en Y=286 (dentro lÃ­mite Y=257, distâ‰ˆ3.14 km)",21.0,,,,
1773033120,2026-03-09 05:12:00,2026-03-09 02:12:00,Lascar,VIIRS,1.0,0.0,ALERTA_TERMICA_OCR,Medio,imagenes_satelitales/Lascar/2026-03-09/05-12-00_Lascar_VIIRS750_VRP.png,2026-03-09 06:31:03,2026-03-09 06:31:03,NO,mixto,alta,False,roi_temporal_v26,"Estrella en Y=287 (dentro lÃ­mite Y=257, distâ‰ˆ3.08 km)",21.0,,,,
1773021300,2026-03-09 01:55:00,2026-03-08 22:55:00,Lascar,MODIS,2.0,0.0,ALERTA_TERMICA_OCR,Medio,imagenes_satelitales/Lascar/2026-03-09/01-55-00_Lascar_MODIS_VRP.png,2026-03-09 00:31:02,2026-03-09 00:31:02,NO,mixto,alta,False,roi_temporal_v26,"Estrella en Y=283 (dentro lÃ­mite Y=257, distâ‰ˆ3.33 km)",21.0,,,,
1772993881,2026-03-08 18:18:01,2026-03-08 15:18:01,Lascar,VIIRS375,1.2,30.0,FALSO_POSITIVO_OCR,Medio,imagenes_satelitales/Lascar/2026-03-08/18-18-01_Lascar_VIIRS375_VRP.png,2026-03-08 18:35:08,2026-03-08 18:35:08,SI,mixto,baja,False,roi_temporal_v26,"Grupo pÃ­xeles rojos Y=287 (Ã¡rea=32 pxÂ², distâ‰ˆ1.92 km) | RECLASIFICADO 2026-06-15: latest.php (MIROVA) confirma FALSO_POSITIVO @ 30.0 km; el OCR lo ubicó dentro de radio (error de estrella, pre-V29). Conservado como referencia MIROVA.",21.0,,,,
1772949601,2026-03-08 06:00:01,2026-03-08 03:00:01,Chaiten,VIIRS375,0.23,0.0,ALERTA_TERMICA_OCR,Bajo,imagenes_satelitales/Chaiten/2026-03-08/06-00-01_Chaiten_VIIRS375_VRP.png,2026-03-08 06:40:52,2026-03-08 06:40:52,NO,mixto,alta,False,roi_temporal_v26,"Estrella en Y=292 (dentro lÃ­mite Y=257, distâ‰ˆ2.76 km)",21.0,,,,
1772949601,2026-03-08 06:00:01,2026-03-08 03:00:01,Villarrica,VIIRS375,0.21,0.0,ALERTA_TERMICA_OCR,Bajo,imagenes_satelitales/Villarrica/2026-03-08/06-00-01_Villarrica_VIIRS375_VRP.png,2026-03-08 06:31:16,2026-03-08 06:31:16,NO,mixto,alta,False,roi_temporal_v26,"Estrella en Y=288 (dentro lÃ­mite Y=257, distâ‰ˆ3.01 km)",21.0,,,,
1772949241,2026-03-08 05:54:01,2026-03-08 02:54:01,Lascar,VIIRS,3.0,0.0,ALERTA_TERMICA_OCR,Medio,imagenes_satelitales/Lascar/2026-03-08/05-54-01_Lascar_VIIRS750_VRP.png,2026-03-08 05:30:59,2026-03-08 05:30:59,NO,mixto,alta,False,roi_temporal_v26,"Estrella en Y=283 (dentro lÃ­mite Y=257, distâ‰ˆ3.33 km)",21.0,,,,
1772949241,2026-03-08 05:54:01,2026-03-08 02:54:01,Tupungatito,VIIRS375,0.11,0.0,ALERTA_TERMICA_OCR,Muy Bajo,imagenes_satelitales/Tupungatito/2026-03-08/05-54-01_Tupungatito_VIIRS375_VRP.png,2026-03-08 06:31:48,2026-03-08 06:31:48,NO,mixto,alta,False,roi_temporal_v26,"Estrella en Y=259 (dentro lÃ­mite Y=257, distâ‰ˆ6.82 km)",21.0,,,,
1772949241,2026-03-08 05:54:01,2026-03-08 02:54:01,Isluga,VIIRS375,0.22,0.0,ALERTA_TERMICA_OCR,Bajo,imagenes_satelitales/Isluga/2026-03-08/05-54-01_Isluga_VIIRS375_VRP.png,2026-03-08 06:31:10,2026-03-08 06:31:10,NO,mixto,alta,False,roi_temporal_v26,"Estrella en Y=291 (dentro lÃ­mite Y=257, distâ‰ˆ2.82 km)",21.0,,,,
1772949241,2026-03-08 05:54:01,2026-03-08 02:54:01,Lastarria,VIIRS375,0.1,0.0,ALERTA_TERMICA_OCR,Muy Bajo,imagenes_satelitales/Lastarria/2026-03-08/05-54-01_Lastarria_VIIRS375_VRP.png,2026-03-08 06:31:04,2026-03-08 06:31:04,NO,mixto,alta,False,roi_temporal_v26,"Estrella en Y=277 (dentro lÃ­mite Y=272, distâ‰ˆ2.76 km)",21.0,,,,
1772949241,2026-03-08 05:54:01,2026-03-08 02:54:01,Lascar,VIIRS375,2.96,0.0,ALERTA_TERMICA_OCR,Medio,imagenes_satelitales/Lascar/2026-03-08/05-54-01_Lascar_VIIRS375_VRP.png,2026-03-08 06:30:56,2026-03-08 06:30:56,NO,mixto,alta,False,roi_temporal_v26,"Estrella en Y=283 (dentro lÃ­mite Y=257, distâ‰ˆ3.33 km)",21.0,,,,
1772948160,2026-03-08 05:36:00,2026-03-08 02:36:00,Chaiten,VIIRS375,0.18,0.0,ALERTA_TERMICA_OCR,Muy Bajo,imagenes_satelitales/Chaiten/2026-03-08/05-36-00_Chaiten_VIIRS375_VRP.png,2026-03-08 07:31:29,2026-03-08 07:31:29,NO,mixto,alta,False,roi_temporal_v26,"Estrella en Y=292 (dentro lÃ­mite Y=257, distâ‰ˆ2.76 km)",21.0,,,,
1772948160,2026-03-08 05:36:00,2026-03-08 02:36:00,Tupungatito,VIIRS375,0.07,0.0,ALERTA_TERMICA_OCR,Muy Bajo,imagenes_satelitales/Tupungatito/2026-03-08/05-36-00_Tupungatito_VIIRS375_VRP.png,2026-03-08 07:31:38,2026-03-08 07:31:38,NO,mixto,alta,False,roi_temporal_v26,"Estrella en Y=259 (dentro lÃ­mite Y=257, distâ‰ˆ6.82 km)",21.0,,,,
1772948160,2026-03-08 05:36:00,2026-03-08 02:36:00,Puyehue-Cordon Caulle,VIIRS375,0.48,0.0,ALERTA_TERMICA_OCR,Bajo,imagenes_satelitales/Puyehue-Cordon_Caulle/2026-03-08/05-36-00_Puyehue-Cordon_Caulle_VIIRS375_VRP.png,2026-03-08 07:31:24,2026-03-08 07:31:24,NO,mixto,alta,False,roi_temporal_v26,"Grupo pÃ­xeles rojos Y=263 (Ã¡rea=30 pxÂ², distâ‰ˆ12.30 km)",21.0,,,,
1772947800,2026-03-08 05:30:00,2026-03-08 02:30:00,Isluga,VIIRS375,0.48,0.0,ALERTA_TERMICA_OCR,Bajo,imagenes_satelitales/Isluga/2026-03-08/05-30-00_Isluga_VIIRS375_VRP.png,2026-03-08 07:31:05,2026-03-08 07:31:05,NO,mixto,alta,False,roi_temporal_v26,"Estrella en Y=291 (dentro lÃ­mite Y=257, distâ‰ˆ2.82 km)",21.0,,,,
1772947800,2026-03-08 05:30:00,2026-03-08 02:30:00,Lascar,VIIRS375,3.42,0.0,ALERTA_TERMICA_OCR,Medio,imagenes_satelitales/Lascar/2026-03-08/05-30-00_Lascar_VIIRS375_VRP.png,2026-03-08 07:30:56,2026-03-08 07:30:56,NO,mixto,alta,False,roi_temporal_v26,"Estrella en Y=283 (dentro lÃ­mite Y=257, distâ‰ˆ3.33 km)",21.0,,,,
1772947800,2026-03-08 05:30:00,2026-03-08 02:30:00,Lascar,VIIRS,2.0,0.0,ALERTA_TERMICA_OCR,Medio,imagenes_satelitales/Lascar/2026-03-08/05-30-00_Lascar_VIIRS750_VRP.png,2026-03-08 06:30:59,2026-03-08 06:30:59,NO,mixto,alta,False,roi_temporal_v26,"Estrella en Y=283 (dentro lÃ­mite Y=257, distâ‰ˆ3.33 km)",21.0,,,,
1772868900,2026-03-07 07:35:00,2026-03-07 04:35:00,Lascar,MODIS,2.0,0.0,ALERTA_TERMICA_OCR,Medio,imagenes_satelitales/Lascar/2026-03-07/07-35-00_Lascar_MODIS_VRP.png,2026-03-07 07:30:59,2026-03-07 07:30:59,NO,mixto,alta,False,roi_temporal_v26,"Estrella en Y=280 (dentro lÃ­mite Y=257, distâ‰ˆ3.53 km)",21.0,,,,
1772863921,2026-03-07 06:12:01,2026-03-07 03:12:01,Lascar,VIIRS,1.0,0.0,ALERTA_TERMICA_OCR,Medio,imagenes_satelitales/Lascar/2026-03-07/06-12-01_Lascar_VIIRS750_VRP.png,2026-03-07 05:47:15,2026-03-07 05:47:15,NO,mixto,alta,False,roi_temporal_v26,"Estrella en Y=277 (dentro lÃ­mite Y=257, distâ‰ˆ3.72 km)",21.0,,,,
1772862840,2026-03-07 05:54:00,2026-03-07 02:54:00,Puyehue-Cordon Caulle,VIIRS375,0.29,0.0,ALERTA_TERMICA_OCR,Bajo,imagenes_satelitales/Puyehue-Cordon_Caulle/2026-03-07/05-54-00_Puyehue-Cordon_Caulle_VIIRS375_VRP.png,2026-03-07 18:32:58,2026-03-07 18:32:58,NO,mixto,alta,False,roi_temporal_v26,"Grupo pÃ­xeles rojos Y=264 (Ã¡rea=31 pxÂ², distâ‰ˆ12.41 km)",21.0,,,,
1772862480,2026-03-07 05:48:00,2026-03-07 02:48:00,Lascar,VIIRS,3.0,0.0,ALERTA_TERMICA_OCR,Medio,imagenes_satelitales/Lascar/2026-03-07/05-48-00_Lascar_VIIRS750_VRP.png,2026-03-07 06:30:56,2026-03-07 06:30:56,NO,mixto,alta,False,roi_temporal_v26,"Estrella en Y=277 (dentro lÃ­mite Y=257, distâ‰ˆ3.72 km)",21.0,,,,
1772862480,2026-03-07 05:48:00,2026-03-07 02:48:00,Lascar,VIIRS375,3.03,0.0,ALERTA_TERMICA_OCR,Medio,imagenes_satelitales/Lascar/2026-03-07/05-48-00_Lascar_VIIRS375_VRP.png,2026-03-07 19:01:00,2026-03-07 19:01:00,NO,mixto,alta,False,roi_temporal_v26,"Estrella en Y=289 (dentro lÃ­mite Y=257, distâ‰ˆ2.95 km)",21.0,,,,
1772858161,2026-03-07 04:36:01,2026-03-07 01:36:01,Villarrica,VIIRS375,0.1,0.0,ALERTA_TERMICA_OCR,Muy Bajo,imagenes_satelitales/Villarrica/2026-03-07/04-36-01_Villarrica_VIIRS375_VRP.png,2026-03-07 18:32:43,2026-03-07 18:32:43,NO,mixto,alta,False,roi_temporal_v26,"Grupo pÃ­xeles rojos Y=289 (Ã¡rea=31 pxÂ², distâ‰ˆ2.05 km)",21.0,,,,
1772778961,2026-03-06 06:36:01,2026-03-06 03:36:01,Tupungatito,VIIRS375,0.12,0.0,ALERTA_TERMICA_OCR,Muy Bajo,imagenes_satelitales/Tupungatito/2026-03-06/06-36-01_Tupungatito_VIIRS375_VRP.png,2026-03-06 09:01:30,2026-03-06 09:01:30,NO,mixto,alta,False,roi_temporal_v26,"Grupo pÃ­xeles rojos Y=278 (Ã¡rea=63 pxÂ², distâ‰ˆ1.88 km)",21.0,,,,
1772777520,2026-03-06 06:12:00,2026-03-06 03:12:00,Lastarria,VIIRS375,0.12,0.0,ALERTA_TERMICA_OCR,Muy Bajo,imagenes_satelitales/Lastarria/2026-03-06/06-12-00_Lastarria_VIIRS375_VRP.png,2026-03-06 10:01:04,2026-03-06 10:01:04,NO,mixto,alta,False,roi_temporal_v26,"Grupo pÃ­xeles rojos Y=285 (Ã¡rea=3 pxÂ², distâ‰ˆ0.62 km)",21.0,,,,
1772777520,2026-03-06 06:12:00,2026-03-06 03:12:00,PlanchonPeteroa,VIIRS375,0.14,0.0,ALERTA_TERMICA_OCR,Muy Bajo,imagenes_satelitales/PlanchonPeteroa/2026-03-06/06-12-00_PlanchonPeteroa_VIIRS375_VRP.png,2026-03-06 10:01:35,2026-03-06 10:01:35,NO,mixto,alta,False,roi_temporal_v26,"Grupo pÃ­xeles rojos Y=286 (Ã¡rea=3 pxÂ², distâ‰ˆ0.67 km)",21.0,,,,
1772777520,2026-03-06 06:12:00,2026-03-06 03:12:00,Lascar,VIIRS375,3.23,0.0,ALERTA_TERMICA_OCR,Medio,imagenes_satelitales/Lascar/2026-03-06/06-12-00_Lascar_VIIRS375_VRP.png,2026-03-06 10:00:59,2026-03-06 10:00:59,NO,mixto,alta,False,roi_temporal_v26,"Estrella en Y=284 (dentro lÃ­mite Y=257, distâ‰ˆ3.27 km)",21.0,,,,
1772777520,2026-03-06 06:12:00,2026-03-06 03:12:00,Lascar,VIIRS,2.0,0.0,ALERTA_TERMICA_OCR,Medio,imagenes_satelitales/Lascar/2026-03-06/06-12-00_Lascar_VIIRS750_VRP.png,2026-03-06 17:01:02,2026-03-06 17:01:02,NO,mixto,alta,False,roi_temporal_v26,"Grupo pÃ­xeles rojos Y=286 (Ã¡rea=31 pxÂ², distâ‰ˆ1.86 km)",21.0,,,,
1772777160,2026-03-06 06:06:00,2026-03-06 03:06:00,Isluga,VIIRS375,0.08,0.0,ALERTA_TERMICA_OCR,Muy Bajo,imagenes_satelitales/Isluga/2026-03-06/06-06-00_Isluga_VIIRS375_VRP.png,2026-03-06 10:01:09,2026-03-06 10:01:09,NO,mixto,alta,False,roi_temporal_v26,"Grupo pÃ­xeles rojos Y=291 (Ã¡rea=30 pxÂ², distâ‰ˆ2.18 km)",21.0,,,,
1772772481,2026-03-06 04:48:01,2026-03-06 01:48:01,Lascar,VIIRS375,0.4,0.0,ALERTA_TERMICA_OCR,Bajo,imagenes_satelitales/Lascar/2026-03-06/04-48-01_Lascar_VIIRS375_VRP.png,2026-03-06 06:31:02,2026-03-06 06:31:02,NO,mixto,alta,False,roi_temporal_v26,"Estrella en Y=281 (dentro lÃ­mite Y=257, distâ‰ˆ3.46 km)",21.0,,,,
1772771760,2026-03-06 04:36:00,2026-03-06 01:36:00,Puyehue-Cordon Caulle,VIIRS375,0.05,0.0,ALERTA_TERMICA_OCR,Muy Bajo,imagenes_satelitales/Puyehue-Cordon_Caulle/2026-03-06/04-36-00_Puyehue-Cordon_Caulle_VIIRS375_VRP.png,2026-03-06 07:31:22,2026-03-06 07:31:22,NO,mixto,alta,False,roi_temporal_v26,"Grupo pÃ­xeles rojos Y=262 (Ã¡rea=3 pxÂ², distâ‰ˆ12.19 km)",21.0,,,,
1772760900,2026-03-06 01:35:00,2026-03-05 22:35:00,Lascar,MODIS,1.0,0.0,ALERTA_TERMICA_OCR,Medio,imagenes_satelitales/Lascar/2026-03-06/01-35-00_Lascar_MODIS_VRP.png,2026-03-05 23:48:33,2026-03-05 23:48:33,NO,mixto,alta,False,roi_temporal_v26,"Estrella en Y=284 (dentro lÃ­mite Y=257, distâ‰ˆ3.27 km)",21.0,,,,
1772697300,2026-03-05 07:55:00,2026-03-05 04:55:00,Lascar,MODIS,1.0,0.0,ALERTA_TERMICA_OCR,Medio,imagenes_satelitales/Lascar/2026-03-05/07-55-00_Lascar_MODIS_VRP.png,2026-03-05 10:01:06,2026-03-05 10:01:06,NO,mixto,alta,False,roi_temporal_v26,"Estrella en Y=278 (dentro lÃ­mite Y=257, distâ‰ˆ3.65 km)",21.0,,,,
1772608500,2026-03-04 07:15:00,2026-03-04 04:15:00,Lascar,MODIS,2.0,0.0,ALERTA_TERMICA_OCR,Medio,imagenes_satelitales/Lascar/2026-03-04/07-15-00_Lascar_MODIS_VRP.png,2026-03-04 06:31:00,2026-03-04 06:31:00,NO,mixto,alta,False,roi_temporal_v26,"Grupo pÃ­xeles rojos Y=292 (Ã¡rea=4 pxÂ², distâ‰ˆ2.24 km)",21.0,,,,
1772601120,2026-03-04 05:12:00,2026-03-04 02:12:00,Tupungatito,VIIRS375,0.09,0.0,ALERTA_TERMICA_OCR,Muy Bajo,imagenes_satelitales/Tupungatito/2026-03-04/05-12-00_Tupungatito_VIIRS375_VRP.png,2026-03-04 06:55:55,2026-03-04 06:55:55,NO,mixto,alta,False,roi_temporal_v26,"Grupo pÃ­xeles rojos Y=268 (Ã¡rea=30 pxÂ², distâ‰ˆ0.99 km)",21.0,,,,
1772600760,2026-03-04 05:06:00,2026-03-04 02:06:00,Lascar,VIIRS,1.0,0.0,ALERTA_TERMICA_OCR,Medio,imagenes_satelitales/Lascar/2026-03-04/05-06-00_Lascar_VIIRS750_VRP.png,2026-03-04 06:55:19,2026-03-04 06:55:19,NO,mixto,alta,False,roi_temporal_v26,"Estrella en Y=282 (dentro lÃ­mite Y=257, distâ‰ˆ3.40 km)",21.0,,,,
1772600760,2026-03-04 05:06:00,2026-03-04 02:06:00,Lascar,VIIRS375,0.55,0.0,ALERTA_TERMICA_OCR,Bajo,imagenes_satelitales/Lascar/2026-03-04/05-06-00_Lascar_VIIRS375_VRP.png,2026-03-04 19:30:59,2026-03-04 19:30:59,NO,mixto,alta,False,roi_temporal_v26,"Grupo pÃ­xeles rojos Y=289 (Ã¡rea=31 pxÂ², distâ‰ˆ2.05 km)",21.0,,,,
1772516881,2026-03-03 05:48:01,2026-03-03 02:48:01,Isluga,VIIRS375,0.3,0.0,ALERTA_TERMICA_OCR,Bajo,imagenes_satelitales/Isluga/2026-03-03/05-48-01_Isluga_VIIRS375_VRP.png,2026-03-03 06:31:15,2026-03-03 06:31:15,NO,mixto,alta,False,roi_temporal_v26,"Estrella en Y=291 (dentro lÃ­mite Y=257, distâ‰ˆ2.82 km)",21.0,,,,
1772516881,2026-03-03 05:48:01,2026-03-03 02:48:01,Lascar,VIIRS375,2.41,0.0,ALERTA_TERMICA_OCR,Medio,imagenes_satelitales/Lascar/2026-03-03/05-48-01_Lascar_VIIRS375_VRP.png,2026-03-03 06:31:02,2026-03-03 06:31:02,NO,mixto,alta,False,roi_temporal_v26,"Estrella en Y=283 (dentro lÃ­mite Y=257, distâ‰ˆ3.33 km)",21.0,,,,
1772516881,2026-03-03 05:48:01,2026-03-03 02:48:01,Lastarria,VIIRS375,0.1,0.0,ALERTA_TERMICA_OCR,Muy Bajo,imagenes_satelitales/Lastarria/2026-03-03/05-48-01_Lastarria_VIIRS375_VRP.png,2026-03-03 06:31:10,2026-03-03 06:31:10,NO,mixto,alta,False,roi_temporal_v26,"Estrella en Y=277 (dentro lÃ­mite Y=272, distâ‰ˆ2.76 km)",21.0,,,,
1772516881,2026-03-03 05:48:01,2026-03-03 02:48:01,Lascar,VIIRS,3.0,0.0,ALERTA_TERMICA_OCR,Medio,imagenes_satelitales/Lascar/2026-03-03/05-48-01_Lascar_VIIRS750_VRP.png,2026-03-03 06:31:05,2026-03-03 06:31:05,NO,mixto,alta,False,roi_temporal_v26,"Estrella en Y=283 (dentro lÃ­mite Y=257, distâ‰ˆ3.33 km)",21.0,,,,
1772515800,2026-03-03 05:30:00,2026-03-03 02:30:00,Puyehue-Cordon Caulle,VIIRS375,0.1,0.0,ALERTA_TERMICA_OCR,Muy Bajo,imagenes_satelitales/Puyehue-Cordon_Caulle/2026-03-03/05-30-00_Puyehue-Cordon_Caulle_VIIRS375_VRP.png,2026-03-03 07:31:32,2026-03-03 07:31:32,NO,mixto,alta,False,roi_temporal_v26,"Grupo pÃ­xeles rojos Y=264 (Ã¡rea=30 pxÂ², distâ‰ˆ12.41 km)",21.0,,,,
1772515440,2026-03-03 05:24:00,2026-03-03 02:24:00,Isluga,VIIRS375,0.45,0.0,ALERTA_TERMICA_OCR,Bajo,imagenes_satelitales/Isluga/2026-03-03/05-24-00_Isluga_VIIRS375_VRP.png,2026-03-03 07:31:11,2026-03-03 07:31:11,NO,mixto,alta,False,roi_temporal_v26,"Estrella en Y=291 (dentro lÃ­mite Y=257, distâ‰ˆ2.82 km)",21.0,,,,
1772515440,2026-03-03 05:24:00,2026-03-03 02:24:00,Lastarria,VIIRS375,0.05,0.0,ALERTA_TERMICA_OCR,Muy Bajo,imagenes_satelitales/Lastarria/2026-03-03/05-24-00_Lastarria_VIIRS375_VRP.png,2026-03-03 07:31:05,2026-03-03 07:31:05,NO,mixto,alta,False,roi_temporal_v26,"Estrella en Y=277 (dentro lÃ­mite Y=272, distâ‰ˆ2.76 km)",21.0,,,,
1772515440,2026-03-03 05:24:00,2026-03-03 02:24:00,Lascar,VIIRS375,1.71,0.0,ALERTA_TERMICA_OCR,Medio,imagenes_satelitales/Lascar/2026-03-03/05-24-00_Lascar_VIIRS375_VRP.png,2026-03-03 07:30:58,2026-03-03 07:30:58,NO,mixto,alta,False,roi_temporal_v26,"Estrella en Y=283 (dentro lÃ­mite Y=257, distâ‰ˆ3.33 km)",21.0,,,,
1772515440,2026-03-03 05:24:00,2026-03-03 02:24:00,Lascar,VIIRS,1.0,0.0,ALERTA_TERMICA_OCR,Medio,imagenes_satelitales/Lascar/2026-03-03/05-24-00_Lascar_VIIRS750_VRP.png,2026-03-03 07:31:01,2026-03-03 07:31:01,NO,mixto,alta,False,roi_temporal_v26,"Estrella en Y=283 (dentro lÃ­mite Y=257, distâ‰ˆ3.33 km)",21.0,,,,
1772430480,2026-03-02 05:48:00,2026-03-02 02:48:00,Puyehue-Cordon Caulle,VIIRS375,0.05,0.0,ALERTA_TERMICA_OCR,Muy Bajo,imagenes_satelitales/Puyehue-Cordon_Caulle/2026-03-02/05-48-00_Puyehue-Cordon_Caulle_VIIRS375_VRP.png,2026-03-02 19:34:05,2026-03-02 19:34:05,NO,mixto,alta,False,roi_temporal_v26,"Grupo pÃ­xeles rojos Y=265 (Ã¡rea=84 pxÂ², distâ‰ˆ12.51 km)",21.0,,,,
1772430120,2026-03-02 05:42:00,2026-03-02 02:42:00,Isluga,VIIRS375,0.34,0.0,ALERTA_TERMICA_OCR,Bajo,imagenes_satelitales/Isluga/2026-03-02/05-42-00_Isluga_VIIRS375_VRP.png,2026-03-02 06:31:05,2026-03-02 06:31:05,NO,mixto,alta,False,roi_temporal_v26,"Estrella en Y=291 (dentro lÃ­mite Y=257, distâ‰ˆ2.82 km)",21.0,,,,
1772430120,2026-03-02 05:42:00,2026-03-02 02:42:00,Lascar,VIIRS375,2.16,0.0,ALERTA_TERMICA_OCR,Medio,imagenes_satelitales/Lascar/2026-03-02/05-42-00_Lascar_VIIRS375_VRP.png,2026-03-02 07:01:04,2026-03-02 07:01:04,NO,mixto,alta,False,roi_temporal_v26,"Estrella en Y=281 (dentro lÃ­mite Y=257, distâ‰ˆ3.46 km)",21.0,,,,
1772430120,2026-03-02 05:42:00,2026-03-02 02:42:00,Lascar,VIIRS,2.0,0.0,ALERTA_TERMICA_OCR,Medio,imagenes_satelitales/Lascar/2026-03-02/05-42-00_Lascar_VIIRS750_VRP.png,2026-03-02 06:30:57,2026-03-02 06:30:57,NO,mixto,alta,False,roi_temporal_v26,"Estrella en Y=282 (dentro lÃ­mite Y=257, distâ‰ˆ3.40 km)",21.0,,,,
1772389800,2026-03-01 18:30:00,2026-03-01 15:30:00,Lascar,VIIRS375,0.87,0.0,ALERTA_TERMICA_OCR,Bajo,imagenes_satelitales/Lascar/2026-03-01/18-30-00_Lascar_VIIRS375_VRP.png,2026-03-01 19:37:31,2026-03-01 19:37:31,NO,mixto,alta,False,roi_temporal_v26,"Grupo pÃ­xeles rojos Y=288 (Ã¡rea=45 pxÂ², distâ‰ˆ1.99 km)",21.0,,,,
1772345160,2026-03-01 06:06:00,2026-03-01 03:06:00,Lascar,VIIRS,1.0,0.0,ALERTA_TERMICA_OCR,Medio,imagenes_satelitales/Lascar/2026-03-01/06-06-00_Lascar_VIIRS750_VRP.png,2026-03-01 17:01:01,2026-03-01 17:01:01,NO,mixto,alta,False,roi_temporal_v26,"Grupo pÃ­xeles rojos Y=287 (Ã¡rea=31 pxÂ², distâ‰ˆ1.92 km)",21.0,,,,
1772345160,2026-03-01 06:06:00,2026-03-01 03:06:00,PlanchonPeteroa,VIIRS375,0.08,0.0,ALERTA_TERMICA_OCR,Muy Bajo,imagenes_satelitales/PlanchonPeteroa/2026-03-01/06-06-00_PlanchonPeteroa_VIIRS375_VRP.png,2026-03-01 18:01:25,2026-03-01 18:01:25,NO,mixto,alta,False,roi_temporal_v26,"Grupo pÃ­xeles rojos Y=284 (Ã¡rea=31 pxÂ², distâ‰ˆ0.57 km)",21.0,,,,
1772345160,2026-03-01 06:06:00,2026-03-01 03:06:00,Lastarria,VIIRS375,0.09,0.0,ALERTA_TERMICA_OCR,Muy Bajo,imagenes_satelitales/Lastarria/2026-03-01/06-06-00_Lastarria_VIIRS375_VRP.png,2026-03-01 06:41:02,2026-03-01 06:41:02,NO,mixto,alta,False,roi_temporal_v26,"Estrella en Y=277 (dentro lÃ­mite Y=272, distâ‰ˆ2.76 km)",21.0,,,,
1772344800,2026-03-01 06:00:00,2026-03-01 03:00:00,Isluga,VIIRS375,0.32,0.0,ALERTA_TERMICA_OCR,Bajo,imagenes_satelitales/Isluga/2026-03-01/06-00-00_Isluga_VIIRS375_VRP.png,2026-03-01 06:41:08,2026-03-01 06:41:08,NO,mixto,alta,False,roi_temporal_v26,"Estrella en Y=291 (dentro lÃ­mite Y=257, distâ‰ˆ2.82 km)",21.0,,,,
1772329200,2026-03-01 01:40:00,2026-02-28 22:40:00,Lascar,MODIS,1.0,0.0,ALERTA_TERMICA_OCR,Medio,imagenes_satelitales/Lascar/2026-03-01/01-40-00_Lascar_MODIS_VRP.png,2026-03-01 00:00:59,2026-03-01 00:00:59,NO,mixto,alta,False,roi_temporal_v26,"Estrella en Y=287 (dentro lÃ­mite Y=257, distâ‰ˆ3.08 km)",21.0,,,,
1772305921,2026-02-28 19:12:01,2026-02-28 16:12:01,Lastarria,VIIRS375,1.58,24.8,FALSO_POSITIVO_OCR,Medio,imagenes_satelitales/Lastarria/2026-02-28/19-12-01_Lastarria_VIIRS375_VRP.png,2026-02-28 19:30:56,2026-02-28 19:30:56,SI,mixto,baja,False,roi_temporal_v26,"Estrella en Y=361 (dentro lÃ­mite Y=272, distâ‰ˆ0.00 km) | RECLASIFICADO 2026-06-15: latest.php (MIROVA) confirma FALSO_POSITIVO @ 24.8 km; el OCR lo ubicó dentro de radio (error de estrella, pre-V29). Conservado como referencia MIROVA.",21.0,,,,
1772259480,2026-02-28 06:18:00,2026-02-28 03:18:00,Isluga,VIIRS375,0.09,0.0,ALERTA_TERMICA_OCR,Muy Bajo,imagenes_satelitales/Isluga/2026-02-28/06-18-00_Isluga_VIIRS375_VRP.png,2026-02-28 08:01:06,2026-02-28 08:01:06,NO,mixto,alta,False,roi_temporal_v26,"Grupo pÃ­xeles rojos Y=285 (Ã¡rea=6 pxÂ², distâ‰ˆ1.79 km)",21.0,,,,
1772174520,2026-02-27 06:42:00,2026-02-27 03:42:00,PlanchonPeteroa,VIIRS375,1.22,22.99,FALSO_POSITIVO_OCR,Medio,imagenes_satelitales/PlanchonPeteroa/2026-02-27/06-42-00_PlanchonPeteroa_VIIRS375_VRP.png,2026-02-27 09:01:26,2026-02-27 09:01:26,SI,mixto,baja,False,roi_temporal_v26,"Grupo pÃ­xeles rojos Y=286 (Ã¡rea=5 pxÂ², distâ‰ˆ0.67 km) | RECLASIFICADO 2026-06-15: latest.php (MIROVA) confirma FALSO_POSITIVO @ 22.99 km; el OCR lo ubicó dentro de radio (error de estrella, pre-V29). Conservado como referencia MIROVA.",21.0,,,,
1772174520,2026-02-27 06:42:00,2026-02-27 03:42:00,Tupungatito,VIIRS375,0.03,0.0,ALERTA_TERMICA_OCR,Muy Bajo,imagenes_satelitales/Tupungatito/2026-02-27/06-42-00_Tupungatito_VIIRS375_VRP.png,2026-02-27 09:01:32,2026-02-27 09:01:32,NO,mixto,alta,False,roi_temporal_v26,"Grupo pÃ­xeles rojos Y=280 (Ã¡rea=29 pxÂ², distâ‰ˆ2.06 km)",21.0,,,,
1772169841,2026-02-27 05:24:01,2026-02-27 02:24:01,PlanchonPeteroa,VIIRS375,0.05,0.0,ALERTA_TERMICA_OCR,Muy Bajo,imagenes_satelitales/PlanchonPeteroa/2026-02-27/05-24-01_PlanchonPeteroa_VIIRS375_VRP.png,2026-02-27 06:01:30,2026-02-27 06:01:30,NO,mixto,alta,False,roi_temporal_v26,"Estrella en Y=280 (dentro lÃ­mite Y=272, distâ‰ˆ2.62 km)",21.0,,,,
1772169481,2026-02-27 05:18:01,2026-02-27 02:18:01,Isluga,VIIRS,1.0,0.0,ALERTA_TERMICA_OCR,Medio,imagenes_satelitales/Isluga/2026-02-27/05-18-01_Isluga_VIIRS750_VRP.png,2026-02-27 05:31:10,2026-02-27 05:31:10,NO,mixto,alta,False,roi_temporal_v26,"Estrella en Y=271 (dentro lÃ­mite Y=257, distâ‰ˆ4.10 km)",21.0,,,,
1772168400,2026-02-27 05:00:00,2026-02-27 02:00:00,Isluga,VIIRS375,0.24,0.0,ALERTA_TERMICA_OCR,Bajo,imagenes_satelitales/Isluga/2026-02-27/05-00-00_Isluga_VIIRS375_VRP.png,2026-02-27 06:31:12,2026-02-27 06:31:12,NO,mixto,alta,False,roi_temporal_v26,"Estrella en Y=288 (dentro lÃ­mite Y=257, distâ‰ˆ3.01 km)",21.0,,,,
1772168400,2026-02-27 05:00:00,2026-02-27 02:00:00,Lascar,VIIRS375,0.33,0.0,ALERTA_TERMICA_OCR,Bajo,imagenes_satelitales/Lascar/2026-02-27/05-00-00_Lascar_VIIRS375_VRP.png,2026-02-27 06:31:02,2026-02-27 06:31:02,NO,mixto,alta,False,roi_temporal_v26,"Estrella en Y=283 (dentro lÃ­mite Y=257, distâ‰ˆ3.33 km)",21.0,,,,
1772129161,2026-02-26 18:06:01,2026-02-26 15:06:01,Lascar,VIIRS375,0.53,0.0,ALERTA_TERMICA_OCR,Bajo,imagenes_satelitales/Lascar/2026-02-26/18-06-01_Lascar_VIIRS375_VRP.png,2026-02-26 19:00:57,2026-02-26 19:00:57,NO,mixto,alta,False,roi_temporal_v26,"Grupo pÃ­xeles rojos Y=290 (Ã¡rea=5 pxÂ², distâ‰ˆ2.12 km)",21.0,,,,
1772083440,2026-02-26 05:24:00,2026-02-26 02:24:00,Puyehue-Cordon Caulle,VIIRS375,0.3,0.0,ALERTA_TERMICA_OCR,Bajo,imagenes_satelitales/Puyehue-Cordon_Caulle/2026-02-26/05-24-00_Puyehue-Cordon_Caulle_VIIRS375_VRP.png,2026-02-26 06:02:51,2026-02-26 06:02:51,NO,mixto,alta,False,roi_temporal_v26,"Estrella en Y=237 (dentro lÃ­mite Y=148, distâ‰ˆ10.48 km)",21.0,,,,
1772083080,2026-02-26 05:18:00,2026-02-26 02:18:00,Isluga,VIIRS375,0.19,0.0,ALERTA_TERMICA_OCR,Muy Bajo,imagenes_satelitales/Isluga/2026-02-26/05-18-00_Isluga_VIIRS375_VRP.png,2026-02-26 06:02:31,2026-02-26 06:02:31,NO,mixto,alta,False,roi_temporal_v26,"Estrella en Y=288 (dentro lÃ­mite Y=257, distâ‰ˆ3.01 km)",21.0,,,,
1772083080,2026-02-26 05:18:00,2026-02-26 02:18:00,Lascar,VIIRS375,0.42,0.0,ALERTA_TERMICA_OCR,Bajo,imagenes_satelitales/Lascar/2026-02-26/05-18-00_Lascar_VIIRS375_VRP.png,2026-02-26 06:02:22,2026-02-26 06:02:22,NO,mixto,alta,False,roi_temporal_v26,"Estrella en Y=286 (dentro lÃ­mite Y=257, distâ‰ˆ3.14 km)",21.0,,,,
1771998120,2026-02-25 05:42:00,2026-02-25 02:42:00,Puyehue-Cordon Caulle,VIIRS375,0.64,0.0,ALERTA_TERMICA_OCR,Bajo,imagenes_satelitales/Puyehue-Cordon_Caulle/2026-02-25/05-42-00_Puyehue-Cordon_Caulle_VIIRS375_VRP.png,2026-02-25 06:31:23,2026-02-25 06:31:23,NO,mixto,alta,False,roi_temporal_v26,"Estrella en Y=237 (dentro lÃ­mite Y=148, distâ‰ˆ10.48 km)",21.0,,,,
1771998120,2026-02-25 05:42:00,2026-02-25 02:42:00,Chaiten,VIIRS375,0.31,0.0,ALERTA_TERMICA_OCR,Bajo,imagenes_satelitales/Chaiten/2026-02-25/05-42-00_Chaiten_VIIRS375_VRP.png,2026-02-25 06:31:29,2026-02-25 06:31:29,NO,mixto,alta,False,roi_temporal_v26,"Estrella en Y=292 (dentro lÃ­mite Y=257, distâ‰ˆ2.76 km)",21.0,,,,
1771998120,2026-02-25 05:42:00,2026-02-25 02:42:00,PlanchonPeteroa,VIIRS375,0.42,0.0,ALERTA_TERMICA_OCR,Bajo,imagenes_satelitales/PlanchonPeteroa/2026-02-25/05-42-00_PlanchonPeteroa_VIIRS375_VRP.png,2026-02-25 06:31:34,2026-02-25 06:31:34,NO,mixto,alta,False,roi_temporal_v26,"Estrella en Y=280 (dentro lÃ­mite Y=272, distâ‰ˆ2.62 km)",21.0,,,,
1771997760,2026-02-25 05:36:00,2026-02-25 02:36:00,Isluga,VIIRS375,0.29,0.0,ALERTA_TERMICA_OCR,Bajo,imagenes_satelitales/Isluga/2026-02-25/05-36-00_Isluga_VIIRS375_VRP.png,2026-02-25 06:31:04,2026-02-25 06:31:04,NO,mixto,alta,False,roi_temporal_v26,"Estrella en Y=289 (dentro lÃ­mite Y=257, distâ‰ˆ2.95 km)",21.0,,,,
1771913881,2026-02-24 06:18:01,2026-02-24 03:18:01,Lascar,VIIRS375,0.14,0.0,ALERTA_TERMICA_OCR,Muy Bajo,imagenes_satelitales/Lascar/2026-02-24/06-18-01_Lascar_VIIRS375_VRP.png,2026-02-24 07:06:25,2026-02-24 07:06:25,NO,mixto,alta,False,roi_temporal_v25,"Estrella en Y=286 (dentro lÃ­mite Y=257, distâ‰ˆ3.14 km)",20.0,,,,
1771912800,2026-02-24 06:00:00,2026-02-24 03:00:00,PlanchonPeteroa,VIIRS375,0.09,0.0,ALERTA_TERMICA_OCR,Muy Bajo,imagenes_satelitales/PlanchonPeteroa/2026-02-24/06-00-00_PlanchonPeteroa_VIIRS375_VRP.png,2026-02-24 08:31:33,2026-02-24 08:31:33,NO,mixto,alta,False,roi_temporal_v25,"Grupo pÃ­xeles rojos Y=287 (Ã¡rea=31 pxÂ², distâ‰ˆ0.71 km)",20.0,,,,
1771912800,2026-02-24 06:00:00,2026-02-24 03:00:00,Villarrica,VIIRS375,0.37,0.0,ALERTA_TERMICA_OCR,Bajo,imagenes_satelitales/Villarrica/2026-02-24/06-00-00_Villarrica_VIIRS375_VRP.png,2026-02-24 18:31:19,2026-02-24 18:31:19,NO,mixto,alta,False,roi_temporal_v26,"Grupo pÃ­xeles rojos Y=289 (Ã¡rea=31 pxÂ², distâ‰ˆ2.05 km)",21.0,,,,
1771912800,2026-02-24 06:00:00,2026-02-24 03:00:00,Puyehue-Cordon Caulle,VIIRS375,0.24,0.0,ALERTA_TERMICA_OCR,Bajo,imagenes_satelitales/Puyehue-Cordon_Caulle/2026-02-24/06-00-00_Puyehue-Cordon_Caulle_VIIRS375_VRP.png,2026-02-24 18:31:36,2026-02-24 18:31:36,NO,mixto,alta,False,roi_temporal_v26,"Grupo pÃ­xeles rojos Y=263 (Ã¡rea=31 pxÂ², distâ‰ˆ12.30 km)",21.0,,,,
1771912440,2026-02-24 05:54:00,2026-02-24 02:54:00,Isluga,VIIRS375,0.09,0.0,ALERTA_TERMICA_OCR,Muy Bajo,imagenes_satelitales/Isluga/2026-02-24/05-54-00_Isluga_VIIRS375_VRP.png,2026-02-24 08:31:08,2026-02-24 08:31:08,NO,mixto,alta,False,roi_temporal_v25,"Grupo pÃ­xeles rojos Y=291 (Ã¡rea=29 pxÂ², distâ‰ˆ2.18 km)",20.0,,,,
1771827480,2026-02-23 06:18:00,2026-02-23 03:18:00,Lascar,VIIRS375,1.54,0.0,ALERTA_TERMICA_OCR,Medio,imagenes_satelitales/Lascar/2026-02-23/06-18-00_Lascar_VIIRS375_VRP.png,2026-02-23 16:52:17,2026-02-23 16:52:17,NO,mixto,alta,False,roi_temporal_v25,"Grupo pÃ­xeles rojos Y=287 (Ã¡rea=9 pxÂ², distâ‰ˆ1.92 km)",20.0,,,,
1771822801,2026-02-23 05:00:01,2026-02-23 02:00:01,Puyehue-Cordon Caulle,VIIRS375,0.15,0.0,ALERTA_TERMICA_OCR,Muy Bajo,imagenes_satelitales/Puyehue-Cordon_Caulle/2026-02-23/05-00-01_Puyehue-Cordon_Caulle_VIIRS375_VRP.png,2026-02-23 04:31:32,2026-02-23 04:31:32,NO,mixto,alta,False,roi_temporal_v19,"Estrella en Y=233 (dentro lÃ­mite Y=148, distâ‰ˆ10.91 km)",20.0,,,,
1771822441,2026-02-23 04:54:01,2026-02-23 01:54:01,Isluga,VIIRS375,0.25,0.0,ALERTA_TERMICA_OCR,Bajo,imagenes_satelitales/Isluga/2026-02-23/04-54-01_Isluga_VIIRS375_VRP.png,2026-02-23 04:19:53,2026-02-23 04:19:53,NO,mixto,alta,False,roi_temporal_v19,"Estrella en Y=280 (dentro lÃ­mite Y=257, distâ‰ˆ3.53 km)",20.0,,,,
1771737121,2026-02-22 05:12:01,2026-02-22 02:12:01,Lascar,VIIRS,1.0,0.0,ALERTA_TERMICA_OCR,Medio,imagenes_satelitales/Lascar/2026-02-22/05-12-01_Lascar_VIIRS750_VRP.png,2026-02-22 04:31:00,2026-02-22 04:31:00,NO,mixto,alta,False,roi_temporal_v19,"Estrella en Y=277 (dentro lÃ­mite Y=257, distâ‰ˆ3.72 km)",20.0,,,,
1771565760,2026-02-20 05:36:00,2026-02-20 02:36:00,Puyehue-Cordon Caulle,VIIRS375,0.28,0.0,ALERTA_TERMICA_OCR,Bajo,imagenes_satelitales/Puyehue-Cordon_Caulle/2026-02-20/05-36-00_Puyehue-Cordon_Caulle_VIIRS375_VRP.png,2026-02-20 11:22:33,2026-02-20 11:22:33,NO,mixto,alta,False,roi_temporal_v19,"Estrella en Y=238 (dentro lÃ­mite Y=148, distâ‰ˆ10.37 km)",20.0,,,,
1771565760,2026-02-20 05:36:00,2026-02-20 02:36:00,Tupungatito,VIIRS375,0.27,0.0,ALERTA_TERMICA_OCR,Bajo,imagenes_satelitales/Tupungatito/2026-02-20/05-36-00_Tupungatito_VIIRS375_VRP.png,2026-02-20 11:22:45,2026-02-20 11:22:45,NO,mixto,alta,False,roi_temporal_v19,"Estrella en Y=259 (dentro lÃ­mite Y=257, distâ‰ˆ4.87 km)",20.0,,,,
1771565400,2026-02-20 05:30:00,2026-02-20 02:30:00,Lascar,VIIRS375,1.09,0.0,ALERTA_TERMICA_OCR,Medio,imagenes_satelitales/Lascar/2026-02-20/05-30-00_Lascar_VIIRS375_VRP.png,2026-02-20 11:22:07,2026-02-20 11:22:07,NO,mixto,alta,False,roi_temporal_v19,"Estrella en Y=286 (dentro lÃ­mite Y=257, distâ‰ˆ3.14 km)",20.0,,,,
1771134481,2026-02-15 05:48:01,2026-02-15 02:48:01,PlanchonPeteroa,VIIRS375,0.18,0.0,ALERTA_TERMICA_OCR,Muy Bajo,imagenes_satelitales/PlanchonPeteroa/2026-02-15/05-48-01_PlanchonPeteroa_VIIRS375_VRP.png,2026-02-15 07:01:36,2026-02-15 07:01:36,NO,sin_punto,alta,False,desconocido,"Estrella en Y=280 (dentro lÃ­mite Y=272, distâ‰ˆ2.62 km)",17.0,,,,
1771134481,2026-02-15 05:48:01,2026-02-15 02:48:01,Lastarria,VIIRS375,0.25,0.0,ALERTA_TERMICA_OCR,Bajo,imagenes_satelitales/Lastarria/2026-02-15/05-48-01_Lastarria_VIIRS375_VRP.png,2026-02-15 07:01:05,2026-02-15 07:01:05,NO,sin_punto,alta,False,desconocido,"Estrella en Y=277 (dentro lÃ­mite Y=272, distâ‰ˆ2.76 km)",17.0,,,,
1771133040,2026-02-15 05:24:00,2026-02-15 02:24:00,Lastarria,VIIRS375,0.07,0.0,ALERTA_TERMICA_OCR,Muy Bajo,imagenes_satelitales/Lastarria/2026-02-15/05-24-00_Lastarria_VIIRS375_VRP.png,2026-02-15 07:42:05,2026-02-15 07:42:05,NO,sin_punto,alta,False,desconocido,"Estrella en Y=277 (dentro lÃ­mite Y=272, distâ‰ˆ2.76 km)",17.0,,,,
1771133040,2026-02-15 05:24:00,2026-02-15 02:24:00,Lascar,VIIRS,2.0,0.0,ALERTA_TERMICA_OCR,Medio,imagenes_satelitales/Lascar/2026-02-15/05-24-00_Lascar_VIIRS750_VRP.png,2026-02-15 07:01:00,2026-02-15 07:01:00,NO,sin_punto,alta,False,desconocido,"Estrella en Y=283 (dentro lÃ­mite Y=257, distâ‰ˆ3.33 km)",17.0,,,,
1771053300,2026-02-14 07:15:00,2026-02-14 04:15:00,Lascar,MODIS,3.0,0.0,ALERTA_TERMICA_OCR,Medio,imagenes_satelitales/Lascar/2026-02-14/07-15-00_Lascar_MODIS_VRP_VERIFICAR.png,2026-02-14 07:01:00,2026-02-14 07:01:00,NO,mezcla,media,True,mezcla_con_estrella,Mezcla rojos/negros - Evento en zona lÃ­mite (VRP=3.0 MW),1.0,,,,
1771049161,2026-02-14 06:06:01,2026-02-14 03:06:01,Lascar,VIIRS,2.0,0.0,ALERTA_TERMICA_OCR,Medio,imagenes_satelitales/Lascar/2026-02-14/06-06-01_Lascar_VIIRS750_VRP_VERIFICAR.png,2026-02-14 07:00:56,2026-02-14 07:00:56,NO,negro,alta,True,negro_dominante_con_estrella,"Estrella en Y=282 (dentro lÃ­mite Y=257, distâ‰ˆ3.40 km)",1.0,,,,
1771048080,2026-02-14 05:48:00,2026-02-14 02:48:00,Tupungatito,VIIRS375,0.29,0.0,ALERTA_TERMICA_OCR,Bajo,imagenes_satelitales/Tupungatito/2026-02-14/05-48-00_Tupungatito_VIIRS375_VRP.png,2026-02-14 18:20:14,2026-02-14 18:20:14,NO,sin_punto,alta,False,desconocido,"Estrella en Y=259 (dentro lÃ­mite Y=257, distâ‰ˆ4.87 km)",17.0,,,,
1771048080,2026-02-14 05:48:00,2026-02-14 02:48:00,PlanchonPeteroa,VIIRS375,0.6,0.0,FALSO_POSITIVO_OCR,Bajo,No descargada - Evento descartado,2026-02-14 09:01:22,2026-02-14 09:01:22,NO,negro,alta,False,solo_negros_densidad,PÃ­xeles negros dominantes - Fuera de lÃ­mite distancia,1.0,,,,
1771047720,2026-02-14 05:42:00,2026-02-14 02:42:00,Lastarria,VIIRS375,0.05,0.0,FALSO_POSITIVO_OCR,Muy Bajo,No descargada - Evento descartado,2026-02-14 19:38:11,2026-02-14 19:38:11,NO,sin_punto,baja,False,desconocido,No se detectaron pÃ­xeles rojos ni estrella verde en ROI temporal,17.0,,,,
1771047720,2026-02-14 05:42:00,2026-02-14 02:42:00,Lascar,VIIRS375,4.52,0.0,ALERTA_TERMICA_OCR,Medio,imagenes_satelitales/Lascar/2026-02-14/05-42-00_Lascar_VIIRS375_VRP_VERIFICAR.png,2026-02-14 09:00:51,2026-02-14 09:00:51,NO,negro,alta,True,negro_dominante_con_estrella,"Estrella en Y=283 (dentro lÃ­mite Y=257, distâ‰ˆ3.33 km)",1.0,,,,
1771047720,2026-02-14 05:42:00,2026-02-14 02:42:00,Lascar,VIIRS,4.0,0.0,ALERTA_TERMICA_OCR,Medio,imagenes_satelitales/Lascar/2026-02-14/05-42-00_Lascar_VIIRS750_VRP_VERIFICAR.png,2026-02-14 07:42:07,2026-02-14 07:42:07,NO,mezcla,media,True,mezcla_con_estrella,Mezcla rojos/negros - Evento en zona lÃ­mite (VRP=4.0 MW),1.0,,,,
1771047720,2026-02-14 05:42:00,2026-02-14 02:42:00,Isluga,VIIRS375,0.27,0.0,FALSO_POSITIVO_OCR,Bajo,No descargada - Evento descartado,2026-02-14 09:00:59,2026-02-14 09:00:59,NO,sin_punto,alta,False,sin_pixeles_roi,Sin pÃ­xeles en ROI - Evento fuera de ventana temporal,1.0,,,,
1771033200,2026-02-14 01:40:00,2026-02-13 22:40:00,Lascar,MODIS,3.0,0.0,ALERTA_TERMICA_OCR,Medio,imagenes_satelitales/Lascar/2026-02-14/01-40-00_Lascar_MODIS_VRP_VERIFICAR.png,2026-02-14 00:30:53,2026-02-14 00:30:53,NO,negro,alta,True,negro_dominante_con_estrella,"Estrella en Y=283 (dentro lÃ­mite Y=257, distâ‰ˆ3.33 km)",1.0,,,,
1770962760,2026-02-13 06:06:00,2026-02-13 03:06:00,Lastarria,VIIRS375,0.04,0.0,ALERTA_TERMICA_OCR,Muy Bajo,imagenes_satelitales/Lastarria/2026-02-13/06-06-00_Lastarria_VIIRS375_VRP_VERIFICAR.png,2026-02-13 16:42:25,2026-02-13 16:42:25,NO,negro,alta,True,negro_dominante_con_estrella,"Estrella en Y=283 (dentro lÃ­mite Y=272, distâ‰ˆ2.48 km)",1.0,,,,
1770962760,2026-02-13 06:06:00,2026-02-13 03:06:00,Puyehue-Cordon Caulle,VIIRS375,0.67,0.0,ALERTA_TERMICA_OCR,Bajo,imagenes_satelitales/Puyehue-Cordon_Caulle/2026-02-13/06-06-00_Puyehue-Cordon_Caulle_VIIRS375_VRP_VERIFICAR.png,2026-02-13 10:01:17,2026-02-13 10:01:17,NO,mezcla,media,True,mezcla_densidad,Mezcla rojos/negros - Evento en zona lÃ­mite (VRP=0.67 MW),1.0,,,,
1770958081,2026-02-13 04:48:01,2026-02-13 01:48:01,PlanchonPeteroa,VIIRS375,0.99,0.0,FALSO_POSITIVO_OCR,Bajo,No descargada - Evento descartado,2026-02-13 05:01:22,2026-02-13 05:01:22,NO,negro,alta,False,negro_dominante_con_estrella,PÃ­xeles negros dominantes - Fuera de lÃ­mite distancia,1.0,,,,
1770877440,2026-02-12 06:24:00,2026-02-12 03:24:00,Tupungatito,VIIRS375,0.2,0.0,ALERTA_TERMICA_OCR,Bajo,imagenes_satelitales/Tupungatito/2026-02-12/06-24-00_Tupungatito_VIIRS375_VRP.png,2026-02-14 18:20:14,2026-02-14 18:20:14,NO,mixto,alta,False,roi_temporal_v17,"Estrella en Y=259 (dentro lÃ­mite Y=257, distâ‰ˆ4.87 km)",17.0,,,,
1770786360,2026-02-11 05:06:00,2026-02-11 02:06:00,Nevados de Chillan,VIIRS375,0.34,0.0,FALSO_POSITIVO_OCR,Bajo,No descargada - Evento descartado,2026-02-12 11:25:51,2026-02-12 11:25:51,NO,negro,alta,False,rgb_analysis,PÃ­xeles negros dominantes - Evento fuera del lÃ­mite,1.0,,,,
1770786000,2026-02-11 05:00:00,2026-02-11 02:00:00,Isluga,VIIRS375,0.83,0.0,FALSO_POSITIVO_OCR,Bajo,No descargada - Evento descartado,2026-02-12 20:00:59,2026-02-12 20:00:59,NO,sin_punto,alta,False,sin_pixeles_roi,Sin pÃ­xeles en ROI - Evento fuera de ventana temporal,1.0,,,,
1769837401,2026-01-31 05:30:01,2026-01-31 02:30:01,Puyehue-Cordon Caulle,VIIRS375,0.13,0.0,ALERTA_TERMICA_OCR,Muy Bajo,imagenes_satelitales/Puyehue_Cordon_Caulle/2026-01-31/05-30-01_Puyehue_Cordon_Caulle_VIIRS375_VRP_VERIFICAR.png,2026-01-31 06:01:19,2026-01-31 06:01:19,NO,mezcla,media,True,mezcla_con_estrella,Mezcla rojos/negros - Evento en zona lÃ­mite (VRP=0.13 MW),1.0,,,,
1769837401,2026-01-31 05:30:01,2026-01-31 02:30:01,Lastarria,VIIRS375,0.06,0.0,ALERTA_TERMICA_OCR,Muy Bajo,imagenes_satelitales/Lastarria/2026-01-31/05-30-01_Lastarria_VIIRS375_VRP_VERIFICAR.png,2026-01-31 06:00:58,2026-01-31 06:00:58,NO,mezcla,media,True,mezcla_con_estrella,Mezcla rojos/negros - Evento en zona lÃ­mite (VRP=0.06 MW),1.0,,,,
1769836320,2026-01-31 05:12:00,2026-01-31 02:12:00,Villarrica,VIIRS375,0.22,0.0,FALSO_POSITIVO_OCR,Bajo,No descargada - Evento descartado,2026-01-31 06:31:07,2026-01-31 06:31:07,NO,negro,alta,False,solo_negros_densidad,PÃ­xeles negros dominantes - Fuera de lÃ­mite distancia,1.0,,,,
1769751000,2026-01-30 05:30:00,2026-01-30 02:30:00,Puyehue-Cordon Caulle,VIIRS,1.0,0.0,ALERTA_TERMICA_OCR,Medio,imagenes_satelitales/Puyehue_Cordon_Caulle/2026-01-30/05-30-00_Puyehue_Cordon_Caulle_VIIRS750_VRP.png,2026-01-30 07:01:18,2026-01-30 07:01:18,NO,rojo,alta,False,solo_rojos_densidad,PÃ­xeles rojos dominantes en ROI - Evento real,1.0,,,,
1769751000,2026-01-30 05:30:00,2026-01-30 02:30:00,Puyehue-Cordon Caulle,VIIRS375,1.15,0.0,ALERTA_TERMICA_OCR,Medio,imagenes_satelitales/Puyehue_Cordon_Caulle/2026-01-30/05-30-00_Puyehue_Cordon_Caulle_VIIRS375_VRP.png,2026-01-30 07:51:33,2026-01-30 07:51:33,NO,rojo,alta,False,rojo_dominante_con_estrella,PÃ­xeles rojos dominantes en ROI - Evento real,1.0,,,,
1769751000,2026-01-30 05:30:00,2026-01-30 02:30:00,Chaiten,VIIRS375,0.13,0.0,FALSO_POSITIVO_OCR,Muy Bajo,No descargada - Evento descartado,2026-01-30 07:51:39,2026-01-30 07:51:39,NO,negro,alta,False,negro_dominante_con_estrella,PÃ­xeles negros dominantes - Fuera de lÃ­mite distancia,1.0,,,,
1769750640,2026-01-30 05:24:00,2026-01-30 02:24:00,Isluga,VIIRS375,0.15,0.0,ALERTA_TERMICA_OCR,Muy Bajo,imagenes_satelitales/Isluga/2026-01-30/05-24-00_Isluga_VIIRS375_VRP.png,2026-01-30 07:51:13,2026-01-30 07:51:13,NO,rojo,alta,False,solo_rojos_densidad,PÃ­xeles rojos dominantes en ROI - Evento real,1.0,,,,
1769665680,2026-01-29 05:48:00,2026-01-29 02:48:00,Puyehue-Cordon Caulle,VIIRS375,0.6,0.0,ALERTA_TERMICA_OCR,Bajo,imagenes_satelitales/Puyehue_Cordon_Caulle/2026-01-29/05-48-00_Puyehue_Cordon_Caulle_VIIRS375_VRP.png,2026-01-29 07:54:13,2026-01-29 07:54:13,NO,rojo,alta,False,rojo_dominante_con_estrella,PÃ­xeles rojos dominantes en ROI - Evento real,1.0,,,,
1769580360,2026-01-28 06:06:00,2026-01-28 03:06:00,Lastarria,VIIRS375,0.66,0.0,FALSO_POSITIVO_OCR,Bajo,No descargada - Evento descartado,2026-01-28 08:33:58,2026-01-28 08:33:58,NO,negro,alta,False,negro_dominante_con_estrella,PÃ­xeles negros dominantes - Fuera de lÃ­mite distancia,1.0,,,,
1769580000,2026-01-28 06:00:00,2026-01-28 03:00:00,Lascar,VIIRS375,0.34,0.0,ALERTA_TERMICA_OCR,Bajo,imagenes_satelitales/Lascar/2026-01-28/06-00-00_Lascar_VIIRS375_VRP.png,2026-01-28 08:33:52,2026-01-28 08:33:52,NO,rojo,alta,False,solo_rojos_densidad,PÃ­xeles rojos dominantes en ROI - Evento real,1.0,,,,
1769575321,2026-01-28 04:42:01,2026-01-28 01:42:01,Lascar,VIIRS375,0.71,0.0,FALSO_POSITIVO_OCR,Bajo,No descargada - Evento descartado,2026-01-28 05:31:01,2026-01-28 05:31:01,NO,negro,alta,False,negro_dominante_con_estrella,PÃ­xeles negros dominantes - Fuera de lÃ­mite distancia,1.0,,,,
1769495040,2026-01-27 06:24:00,2026-01-27 03:24:00,PlanchonPeteroa,VIIRS375,0.06,0.0,ALERTA_TERMICA_OCR,Muy Bajo,imagenes_satelitales/PlanchonPeteroa/2026-01-27/06-24-00_PlanchonPeteroa_VIIRS375_VRP_VERIFICAR.png,2026-01-27 10:13:08,2026-01-27 10:13:08,NO,mezcla,media,True,mezcla_densidad,Mezcla rojos/negros - Evento en zona lÃ­mite (VRP=0.06 MW),1.0,,,,
1769490361,2026-01-27 05:06:01,2026-01-27 02:06:01,PlanchonPeteroa,VIIRS375,0.23,0.0,FALSO_POSITIVO_OCR,Bajo,No descargada - Evento descartado,2026-01-27 06:46:36,2026-01-27 06:46:36,NO,negro,alta,False,negro_dominante_con_estrella,PÃ­xeles negros dominantes - Fuera de lÃ­mite distancia,1.0,,,,
1769490001,2026-01-27 05:00:01,2026-01-27 02:00:01,Lascar,VIIRS375,0.48,0.0,FALSO_POSITIVO_OCR,Bajo,No descargada - Evento descartado,2026-01-27 06:46:05,2026-01-27 06:46:05,NO,sin_punto,alta,False,sin_pixeles_roi,Sin pÃ­xeles en ROI - Evento fuera de ventana temporal,1.0,,,,
1769489280,2026-01-27 04:48:00,2026-01-27 01:48:00,Puyehue-Cordon Caulle,VIIRS375,0.44,0.0,ALERTA_TERMICA_OCR,Bajo,imagenes_satelitales/Puyehue_Cordon_Caulle/2026-01-27/04-48-00_Puyehue_Cordon_Caulle_VIIRS375_VRP.png,2026-01-27 08:31:23,2026-01-27 08:31:23,NO,rojo,alta,False,solo_rojos_densidad,PÃ­xeles rojos dominantes en ROI - Evento real,1.0,,,,
1769403960,2026-01-26 05:06:00,2026-01-26 02:06:00,Puyehue-Cordon Caulle,VIIRS375,0.36,0.0,ALERTA_TERMICA_OCR,Bajo,imagenes_satelitales/Puyehue_Cordon_Caulle/2026-01-26/05-06-00_Puyehue_Cordon_Caulle_VIIRS375_VRP.png,2026-01-26 09:38:45,2026-01-26 09:38:45,NO,rojo,alta,False,solo_rojos_densidad,PÃ­xeles rojos dominantes en ROI - Evento real,1.0,,,,
1769403600,2026-01-26 05:00:00,2026-01-26 02:00:00,Isluga,VIIRS375,0.15,0.0,FALSO_POSITIVO_OCR,Muy Bajo,No descargada - Evento descartado,2026-01-26 06:42:49,2026-01-26 06:42:49,NO,negro,alta,False,negro_dominante_con_estrella,PÃ­xeles negros dominantes - Fuera de lÃ­mite distancia,1.0,,,,
1769318640,2026-01-25 05:24:00,2026-01-25 02:24:00,Puyehue-Cordon Caulle,VIIRS375,0.62,0.0,ALERTA_TERMICA_OCR,Bajo,imagenes_satelitales/Puyehue_Cordon_Caulle/2026-01-25/05-24-00_Puyehue_Cordon_Caulle_VIIRS375_VRP.png,2026-01-25 09:58:41,2026-01-25 09:58:41,NO,rojo,alta,False,rojo_dominante_con_estrella,PÃ­xeles rojos dominantes en ROI - Evento real,1.0,,,,
1769318280,2026-01-25 05:18:00,2026-01-25 02:18:00,Lascar,VIIRS375,0.34,0.0,ALERTA_TERMICA_OCR,Bajo,imagenes_satelitales/Lascar/2026-01-25/05-18-00_Lascar_VIIRS375_VRP_VERIFICAR.png,2026-01-25 09:58:12,2026-01-25 09:58:12,NO,mezcla,media,True,mezcla_con_estrella,Mezcla rojos/negros - Evento en zona lÃ­mite (VRP=0.34 MW),1.0,,,,
1769277600,2026-01-24 18:00:00,2026-01-24 15:00:00,Copahue,VIIRS375,0.29,0.0,FALSO_POSITIVO_OCR,Bajo,No descargada - Evento descartado,2026-01-25 09:58:37,2026-01-25 09:58:37,NO,sin_punto,alta,False,sin_pixeles_roi,Sin pÃ­xeles en ROI - Evento fuera de ventana temporal,1.0,,,,
1769233320,2026-01-24 05:42:00,2026-01-24 02:42:00,Puyehue-Cordon Caulle,VIIRS375,0.88,0.0,ALERTA_TERMICA_OCR,Bajo,imagenes_satelitales/Puyehue_Cordon_Caulle/2026-01-24/05-42-00_Puyehue_Cordon_Caulle_VIIRS375_VRP.png,2026-01-24 09:56:39,2026-01-24 09:56:39,NO,rojo,alta,False,rojo_dominante_con_estrella,PÃ­xeles rojos dominantes en ROI - Evento real,1.0,,,,
1769233320,2026-01-24 05:42:00,2026-01-24 02:42:00,Chaiten,VIIRS375,0.23,0.0,FALSO_POSITIVO_OCR,Bajo,No descargada - Evento descartado,2026-01-24 09:56:45,2026-01-24 09:56:45,NO,negro,alta,False,negro_dominante_con_estrella,PÃ­xeles negros dominantes - Fuera de lÃ­mite distancia,1.0,,,,
1769148000,2026-01-23 06:00:00,2026-01-23 03:00:00,Puyehue-Cordon Caulle,VIIRS375,0.85,0.0,ALERTA_TERMICA_OCR,Bajo,imagenes_satelitales/Puyehue_Cordon_Caulle/2026-01-23/06-00-00_Puyehue_Cordon_Caulle_VIIRS375_VRP.png,2026-01-23 10:04:34,2026-01-23 10:04:34,NO,rojo,alta,False,rojo_dominante_con_estrella,PÃ­xeles rojos dominantes en ROI - Evento real,1.0,,,,
1769148000,2026-01-23 06:00:00,2026-01-23 03:00:00,Chaiten,VIIRS375,0.17,0.0,ALERTA_TERMICA_OCR,Muy Bajo,imagenes_satelitales/Chaiten/2026-01-23/06-00-00_Chaiten_VIIRS375_VRP.png,2026-01-23 10:04:40,2026-01-23 10:04:40,NO,rojo,alta,False,solo_rojos_densidad,PÃ­xeles rojos dominantes en ROI - Evento real,1.0,,,,
1769063761,2026-01-22 06:36:01,2026-01-22 03:36:01,Lastarria,VIIRS375,0.64,0.0,FALSO_POSITIVO_OCR,Bajo,No descargada - Evento descartado,2026-01-22 06:40:53,2026-01-22 06:40:53,NO,sin_punto,alta,False,sin_pixeles_roi,Sin pÃ­xeles en ROI - Evento fuera de ventana temporal,1.0,,,,
1769062320,2026-01-22 06:12:00,2026-01-22 03:12:00,Isluga,VIIRS375,1.71,0.0,FALSO_POSITIVO_OCR,Medio,No descargada - Evento descartado,2026-01-22 10:07:25,2026-01-22 10:07:25,NO,sin_punto,alta,False,sin_pixeles_roi,Sin pÃ­xeles en ROI - Evento fuera de ventana temporal,1.0,,,,
1768971600,2026-01-21 05:00:00,2026-01-21 02:00:00,Puyehue-Cordon Caulle,VIIRS375,0.32,0.0,ALERTA_TERMICA_OCR,Bajo,imagenes_satelitales/Puyehue_Cordon_Caulle/2026-01-21/05-00-00_Puyehue_Cordon_Caulle_VIIRS375_VRP.png,2026-01-22 01:05:56,2026-01-22 01:05:56,NO,rojo,alta,False,solo_rojos_densidad,PÃ­xeles rojos dominantes en ROI - Evento real,1.0,,,,
1768886280,2026-01-20 05:18:00,2026-01-20 02:18:00,Puyehue-Cordon Caulle,VIIRS375,0.74,0.0,ALERTA_TERMICA_OCR,Bajo,imagenes_satelitales/Puyehue_Cordon_Caulle/2026-01-20/05-18-00_Puyehue_Cordon_Caulle_VIIRS375_VRP_VERIFICAR.png,2026-01-21 16:49:25,2026-01-21 16:49:25,NO,rojo,alta,False,solo_rojos_densidad,PÃ­xeles rojos dominantes en ROI - Evento real,1.0,,,,
1768886280,2026-01-20 05:18:00,2026-01-20 02:18:00,Copahue,VIIRS375,1.41,0.0,FALSO_POSITIVO_OCR,Medio,No descargada - Evento descartado,2026-01-21 16:49:20,2026-01-21 16:49:20,NO,sin_punto,baja,False,sin_pixeles_roi,"Sin puntos en ROI, VRP=1.41 MW",1.0,,,,
1768886280,2026-01-20 05:18:00,2026-01-20 02:18:00,Chaiten,VIIRS375,0.07,0.0,ALERTA_TERMICA_OCR,Muy Bajo,imagenes_satelitales/Chaiten/2026-01-20/05-18-00_Chaiten_VIIRS375_VRP_VERIFICAR.png,2026-01-21 16:49:31,2026-01-21 16:49:31,NO,sin_punto,baja,True,sin_pixeles_roi,"Sin puntos en ROI, VRP=0.07 MW",1.0,,,,
1768885920,2026-01-20 05:12:00,2026-01-20 02:12:00,Lascar,VIIRS375,0.85,0.0,FALSO_POSITIVO_OCR,Bajo,No descargada - Evento descartado,2026-01-22 01:05:34,2026-01-22 01:05:34,NO,negro,alta,False,solo_negros_densidad,PÃ­xeles negros dominantes - Fuera de lÃ­mite distancia,1.0,,,,
