volcano,sensor,acq,acq_source,tif_path,kmz_path,rec_idx,delta_min
Chaiten,MODIS,2026-05-09 08:25:00+00:00,acquisition_utc,data/tif/Chaiten/20260509_082500_MODIS.tif,data/kmz/Chaiten/20260509_082500_MODIS.kmz,38,0.0
Chaiten,MODIS,2026-05-10 01:20:00+00:00,acquisition_utc,data/tif/Chaiten/20260510_012000_MODIS.tif,data/kmz/Chaiten/20260510_012000_MODIS.kmz,39,0.0
Chaiten,MODIS,2026-05-10 03:00:00+00:00,acquisition_utc,data/tif/Chaiten/20260510_030000_MODIS.tif,data/kmz/Chaiten/20260510_030000_MODIS.kmz,40,0.0
Chaiten,MODIS,2026-05-10 07:25:00+00:00,acquisition_utc,data/tif/Chaiten/20260510_072500_MODIS.tif,data/kmz/Chaiten/20260510_072500_MODIS.kmz,49,0.0
Chaiten,MODIS,2026-05-11 02:00:00+00:00,acquisition_utc,data/tif/Chaiten/20260511_020000_MODIS.tif,data/kmz/Chaiten/20260511_020000_MODIS.kmz,50,0.0
Chaiten,MODIS,2026-05-11 08:00:00+00:00,acquisition_utc,data/tif/Chaiten/20260511_080000_MODIS.tif,data/kmz/Chaiten/20260511_080000_MODIS.kmz,59,0.0
Chaiten,MODIS,2026-05-12 02:40:00+00:00,acquisition_utc,data/tif/Chaiten/20260512_024000_MODIS.tif,data/kmz/Chaiten/20260512_024000_MODIS.kmz,60,0.0
Chaiten,MODIS,2026-05-12 07:00:00+00:00,acquisition_utc,data/tif/Chaiten/20260512_070000_MODIS.tif,data/kmz/Chaiten/20260512_070000_MODIS.kmz,71,0.0
Chaiten,MODIS,2026-05-13 01:40:00+00:00,acquisition_utc,data/tif/Chaiten/20260513_014000_MODIS.tif,data/kmz/Chaiten/20260513_014000_MODIS.kmz,74,0.0
Chaiten,MODIS,2026-05-13 07:40:00+00:00,acquisition_utc,data/tif/Chaiten/20260513_074000_MODIS.tif,data/kmz/Chaiten/20260513_074000_MODIS.kmz,85,0.0
Chaiten,MODIS,2026-05-14 02:20:00+00:00,acquisition_utc,data/tif/Chaiten/20260514_022000_MODIS.tif,data/kmz/Chaiten/20260514_022000_MODIS.kmz,86,0.0
Chaiten,MODIS,2026-05-14 08:15:00+00:00,acquisition_utc,data/tif/Chaiten/20260514_081500_MODIS.tif,data/kmz/Chaiten/20260514_081500_MODIS.kmz,97,0.0
Chaiten,MODIS,2026-05-15 01:20:00+00:00,acquisition_utc,data/tif/Chaiten/20260515_012000_MODIS.tif,data/kmz/Chaiten/20260515_012000_MODIS.kmz,98,0.0
Chaiten,MODIS,2026-05-15 03:00:00+00:00,acquisition_utc,data/tif/Chaiten/20260515_030000_MODIS.tif,data/kmz/Chaiten/20260515_030000_MODIS.kmz,99,0.0
Chaiten,MODIS,2026-05-15 07:15:00+00:00,acquisition_utc,data/tif/Chaiten/20260515_071500_MODIS.tif,data/kmz/Chaiten/20260515_071500_MODIS.kmz,110,0.0
Chaiten,MODIS,2026-05-16 02:00:00+00:00,acquisition_utc,data/tif/Chaiten/20260516_020000_MODIS.tif,data/kmz/Chaiten/20260516_020000_MODIS.kmz,111,0.0
Chaiten,MODIS,2026-05-16 07:55:00+00:00,acquisition_utc,data/tif/Chaiten/20260516_075500_MODIS.tif,data/kmz/Chaiten/20260516_075500_MODIS.kmz,122,0.0
Chaiten,MODIS,2026-05-17 02:40:00+00:00,acquisition_utc,data/tif/Chaiten/20260517_024000_MODIS.tif,data/kmz/Chaiten/20260517_024000_MODIS.kmz,123,0.0
Chaiten,MODIS,2026-05-17 06:55:00+00:00,acquisition_utc,data/tif/Chaiten/20260517_065500_MODIS.tif,data/kmz/Chaiten/20260517_065500_MODIS.kmz,132,0.0
Chaiten,MODIS,2026-05-17 08:35:00+00:00,acquisition_utc,data/tif/Chaiten/20260517_083500_MODIS.tif,data/kmz/Chaiten/20260517_083500_MODIS.kmz,133,0.0
Chaiten,MODIS,2026-05-18 01:40:00+00:00,acquisition_utc,data/tif/Chaiten/20260518_014000_MODIS.tif,data/kmz/Chaiten/20260518_014000_MODIS.kmz,134,0.0
Chaiten,MODIS,2026-05-18 07:35:00+00:00,acquisition_utc,data/tif/Chaiten/20260518_073500_MODIS.tif,data/kmz/Chaiten/20260518_073500_MODIS.kmz,145,0.0
Chaiten,MODIS,2026-05-19 02:20:00+00:00,acquisition_utc,data/tif/Chaiten/20260519_022000_MODIS.tif,data/kmz/Chaiten/20260519_022000_MODIS.kmz,146,0.0
Chaiten,MODIS,2026-05-19 08:10:00+00:00,acquisition_utc,data/tif/Chaiten/20260519_081000_MODIS.tif,data/kmz/Chaiten/20260519_081000_MODIS.kmz,157,0.0
Chaiten,MODIS,2026-05-20 01:20:00+00:00,acquisition_utc,data/tif/Chaiten/20260520_012000_MODIS.tif,data/kmz/Chaiten/20260520_012000_MODIS.kmz,158,0.0
Chaiten,MODIS,2026-05-20 07:10:00+00:00,acquisition_utc,data/tif/Chaiten/20260520_071000_MODIS.tif,data/kmz/Chaiten/20260520_071000_MODIS.kmz,170,0.0
Chaiten,VIIRS375,2026-05-09 05:42:02+00:00,acquisition_utc,data/tif/Chaiten/20260509_054202_VIIRS375.tif,data/kmz/Chaiten/20260509_054202_VIIRS375.kmz,31,0.03333333333333333
Chaiten,VIIRS375,2026-05-09 06:36:01+00:00,acquisition_utc,data/tif/Chaiten/20260509_063601_VIIRS375.tif,data/kmz/Chaiten/20260509_063601_VIIRS375.kmz,35,0.016666666666666666
Chaiten,VIIRS375,2026-05-10 04:36:01+00:00,acquisition_utc,data/tif/Chaiten/20260510_043601_VIIRS375.tif,data/kmz/Chaiten/20260510_043601_VIIRS375.kmz,41,0.016666666666666666
Chaiten,VIIRS375,2026-05-10 06:18:01+00:00,acquisition_utc,data/tif/Chaiten/20260510_061801_VIIRS375.tif,data/kmz/Chaiten/20260510_061801_VIIRS375.kmz,47,0.016666666666666666
Chaiten,VIIRS375,2026-05-11 06:00:01+00:00,acquisition_utc,data/tif/Chaiten/20260511_060001_VIIRS375.tif,data/kmz/Chaiten/20260511_060001_VIIRS375.kmz,55,0.016666666666666666
Chaiten,VIIRS375,2026-05-11 06:48:02+00:00,acquisition_utc,data/tif/Chaiten/20260511_064802_VIIRS375.tif,data/kmz/Chaiten/20260511_064802_VIIRS375.kmz,57,0.03333333333333333
Chaiten,VIIRS375,2026-05-12 05:42:01+00:00,acquisition_utc,data/tif/Chaiten/20260512_054201_VIIRS375.tif,data/kmz/Chaiten/20260512_054201_VIIRS375.kmz,67,0.016666666666666666
Chaiten,VIIRS375,2026-05-12 07:00:00+00:00,acquisition_utc,data/tif/Chaiten/20260512_070000_VIIRS375.tif,data/kmz/Chaiten/20260512_070000_VIIRS375.kmz,72,0.0
Chaiten,VIIRS375,2026-05-13 04:30:02+00:00,acquisition_utc,data/tif/Chaiten/20260513_043002_VIIRS375.tif,data/kmz/Chaiten/20260513_043002_VIIRS375.kmz,75,0.03333333333333333
Chaiten,VIIRS375,2026-05-13 06:42:00+00:00,acquisition_utc,data/tif/Chaiten/20260513_064200_VIIRS375.tif,data/kmz/Chaiten/20260513_064200_VIIRS375.kmz,83,0.0
Chaiten,VIIRS375,2026-05-14 04:42:00+00:00,acquisition_utc,data/tif/Chaiten/20260514_044200_VIIRS375.tif,data/kmz/Chaiten/20260514_044200_VIIRS375.kmz,87,0.0
Chaiten,VIIRS375,2026-05-14 06:42:01+00:00,acquisition_utc,data/tif/Chaiten/20260514_064201_VIIRS375.tif,data/kmz/Chaiten/20260514_064201_VIIRS375.kmz,95,0.016666666666666666
Chaiten,VIIRS375,2026-05-15 04:24:00+00:00,acquisition_utc,data/tif/Chaiten/20260515_042400_VIIRS375.tif,data/kmz/Chaiten/20260515_042400_VIIRS375.kmz,100,0.0
Chaiten,VIIRS375,2026-05-15 04:42:01+00:00,acquisition_utc,data/tif/Chaiten/20260515_044201_VIIRS375.tif,data/kmz/Chaiten/20260515_044201_VIIRS375.kmz,102,0.016666666666666666
Chaiten,VIIRS375,2026-05-16 04:24:01+00:00,acquisition_utc,data/tif/Chaiten/20260516_042401_VIIRS375.tif,data/kmz/Chaiten/20260516_042401_VIIRS375.kmz,112,0.016666666666666666
Chaiten,VIIRS375,2026-05-16 06:06:01+00:00,acquisition_utc,data/tif/Chaiten/20260516_060601_VIIRS375.tif,data/kmz/Chaiten/20260516_060601_VIIRS375.kmz,118,0.016666666666666666
Chaiten,VIIRS375,2026-05-17 05:48:01+00:00,acquisition_utc,data/tif/Chaiten/20260517_054801_VIIRS375.tif,data/kmz/Chaiten/20260517_054801_VIIRS375.kmz,129,0.016666666666666666
Chaiten,VIIRS375,2026-05-17 06:36:02+00:00,acquisition_utc,data/tif/Chaiten/20260517_063602_VIIRS375.tif,data/kmz/Chaiten/20260517_063602_VIIRS375.kmz,131,0.03333333333333333
Chaiten,VIIRS375,2026-05-18 05:30:01+00:00,acquisition_utc,data/tif/Chaiten/20260518_053001_VIIRS375.tif,data/kmz/Chaiten/20260518_053001_VIIRS375.kmz,139,0.016666666666666666
Chaiten,VIIRS375,2026-05-18 06:18:02+00:00,acquisition_utc,data/tif/Chaiten/20260518_061802_VIIRS375.tif,data/kmz/Chaiten/20260518_061802_VIIRS375.kmz,141,0.03333333333333333
Chaiten,VIIRS375,2026-05-18 06:48:00+00:00,acquisition_utc,data/tif/Chaiten/20260518_064800_VIIRS375.tif,data/kmz/Chaiten/20260518_064800_VIIRS375.kmz,143,0.0
Chaiten,VIIRS375,2026-05-19 05:06:01+00:00,acquisition_utc,data/tif/Chaiten/20260519_050601_VIIRS375.tif,data/kmz/Chaiten/20260519_050601_VIIRS375.kmz,149,0.016666666666666666
Chaiten,VIIRS375,2026-05-19 06:48:01+00:00,acquisition_utc,data/tif/Chaiten/20260519_064801_VIIRS375.tif,data/kmz/Chaiten/20260519_064801_VIIRS375.kmz,155,0.016666666666666666
Chaiten,VIIRS375,2026-05-20 04:48:01+00:00,acquisition_utc,data/tif/Chaiten/20260520_044801_VIIRS375.tif,data/kmz/Chaiten/20260520_044801_VIIRS375.kmz,162,0.016666666666666666
Chaiten,VIIRS375,2026-05-20 05:36:02+00:00,acquisition_utc,data/tif/Chaiten/20260520_053602_VIIRS375.tif,data/kmz/Chaiten/20260520_053602_VIIRS375.kmz,164,0.03333333333333333
Chaiten,VIIRS750,2026-05-09 06:36:01+00:00,acquisition_utc,data/tif/Chaiten/20260509_063601_VIIRS750.tif,data/kmz/Chaiten/20260509_063601_VIIRS750.kmz,36,0.016666666666666666
Chaiten,VIIRS750,2026-05-10 04:36:01+00:00,acquisition_utc,data/tif/Chaiten/20260510_043601_VIIRS750.tif,data/kmz/Chaiten/20260510_043601_VIIRS750.kmz,42,0.016666666666666666
Chaiten,VIIRS750,2026-05-11 06:00:01+00:00,acquisition_utc,data/tif/Chaiten/20260511_060001_VIIRS750.tif,data/kmz/Chaiten/20260511_060001_VIIRS750.kmz,56,0.016666666666666666
Chaiten,VIIRS750,2026-05-11 06:48:02+00:00,acquisition_utc,data/tif/Chaiten/20260511_064802_VIIRS750.tif,data/kmz/Chaiten/20260511_064802_VIIRS750.kmz,58,0.03333333333333333
Chaiten,VIIRS750,2026-05-12 04:48:02+00:00,acquisition_utc,data/tif/Chaiten/20260512_044802_VIIRS750.tif,data/kmz/Chaiten/20260512_044802_VIIRS750.kmz,62,0.03333333333333333
Chaiten,VIIRS750,2026-05-12 05:42:01+00:00,acquisition_utc,data/tif/Chaiten/20260512_054201_VIIRS750.tif,data/kmz/Chaiten/20260512_054201_VIIRS750.kmz,68,0.016666666666666666
Chaiten,VIIRS750,2026-05-12 06:30:02+00:00,acquisition_utc,data/tif/Chaiten/20260512_063002_VIIRS750.tif,data/kmz/Chaiten/20260512_063002_VIIRS750.kmz,70,0.03333333333333333
Chaiten,VIIRS750,2026-05-12 07:00:00+00:00,acquisition_utc,data/tif/Chaiten/20260512_070000_VIIRS750.tif,data/kmz/Chaiten/20260512_070000_VIIRS750.kmz,73,0.0
Chaiten,VIIRS750,2026-05-13 04:30:02+00:00,acquisition_utc,data/tif/Chaiten/20260513_043002_VIIRS750.tif,data/kmz/Chaiten/20260513_043002_VIIRS750.kmz,76,0.03333333333333333
Chaiten,VIIRS750,2026-05-13 06:12:02+00:00,acquisition_utc,data/tif/Chaiten/20260513_061202_VIIRS750.tif,data/kmz/Chaiten/20260513_061202_VIIRS750.kmz,82,0.03333333333333333
Chaiten,VIIRS750,2026-05-13 06:42:00+00:00,acquisition_utc,data/tif/Chaiten/20260513_064200_VIIRS750.tif,data/kmz/Chaiten/20260513_064200_VIIRS750.kmz,84,0.0
Chaiten,VIIRS750,2026-05-14 05:00:01+00:00,acquisition_utc,data/tif/Chaiten/20260514_050001_VIIRS750.tif,data/kmz/Chaiten/20260514_050001_VIIRS750.kmz,90,0.016666666666666666
Chaiten,VIIRS750,2026-05-14 06:42:01+00:00,acquisition_utc,data/tif/Chaiten/20260514_064201_VIIRS750.tif,data/kmz/Chaiten/20260514_064201_VIIRS750.kmz,96,0.016666666666666666
Chaiten,VIIRS750,2026-05-15 04:24:00+00:00,acquisition_utc,data/tif/Chaiten/20260515_042400_VIIRS750.tif,data/kmz/Chaiten/20260515_042400_VIIRS750.kmz,101,0.0
Chaiten,VIIRS750,2026-05-15 04:42:01+00:00,acquisition_utc,data/tif/Chaiten/20260515_044201_VIIRS750.tif,data/kmz/Chaiten/20260515_044201_VIIRS750.kmz,103,0.016666666666666666
Chaiten,VIIRS750,2026-05-15 05:30:02+00:00,acquisition_utc,data/tif/Chaiten/20260515_053002_VIIRS750.tif,data/kmz/Chaiten/20260515_053002_VIIRS750.kmz,105,0.03333333333333333
Chaiten,VIIRS750,2026-05-15 06:24:01+00:00,acquisition_utc,data/tif/Chaiten/20260515_062401_VIIRS750.tif,data/kmz/Chaiten/20260515_062401_VIIRS750.kmz,109,0.016666666666666666
Chaiten,VIIRS750,2026-05-16 05:12:02+00:00,acquisition_utc,data/tif/Chaiten/20260516_051202_VIIRS750.tif,data/kmz/Chaiten/20260516_051202_VIIRS750.kmz,115,0.03333333333333333
Chaiten,VIIRS750,2026-05-16 06:06:01+00:00,acquisition_utc,data/tif/Chaiten/20260516_060601_VIIRS750.tif,data/kmz/Chaiten/20260516_060601_VIIRS750.kmz,119,0.016666666666666666
Chaiten,VIIRS750,2026-05-17 04:54:02+00:00,acquisition_utc,data/tif/Chaiten/20260517_045402_VIIRS750.tif,data/kmz/Chaiten/20260517_045402_VIIRS750.kmz,124,0.03333333333333333
Chaiten,VIIRS750,2026-05-17 05:48:01+00:00,acquisition_utc,data/tif/Chaiten/20260517_054801_VIIRS750.tif,data/kmz/Chaiten/20260517_054801_VIIRS750.kmz,128,0.016666666666666666
Chaiten,VIIRS750,2026-05-17 06:36:02+00:00,acquisition_utc,data/tif/Chaiten/20260517_063602_VIIRS750.tif,data/kmz/Chaiten/20260517_063602_VIIRS750.kmz,130,0.03333333333333333
Chaiten,VIIRS750,2026-05-18 04:36:02+00:00,acquisition_utc,data/tif/Chaiten/20260518_043602_VIIRS750.tif,data/kmz/Chaiten/20260518_043602_VIIRS750.kmz,136,0.03333333333333333
Chaiten,VIIRS750,2026-05-18 05:30:01+00:00,acquisition_utc,data/tif/Chaiten/20260518_053001_VIIRS750.tif,data/kmz/Chaiten/20260518_053001_VIIRS750.kmz,140,0.016666666666666666
Chaiten,VIIRS750,2026-05-18 06:18:02+00:00,acquisition_utc,data/tif/Chaiten/20260518_061802_VIIRS750.tif,data/kmz/Chaiten/20260518_061802_VIIRS750.kmz,142,0.03333333333333333
Chaiten,VIIRS750,2026-05-18 06:48:00+00:00,acquisition_utc,data/tif/Chaiten/20260518_064800_VIIRS750.tif,data/kmz/Chaiten/20260518_064800_VIIRS750.kmz,144,0.0
Chaiten,VIIRS750,2026-05-19 05:06:01+00:00,acquisition_utc,data/tif/Chaiten/20260519_050601_VIIRS750.tif,data/kmz/Chaiten/20260519_050601_VIIRS750.kmz,150,0.016666666666666666
Chaiten,VIIRS750,2026-05-19 06:48:01+00:00,acquisition_utc,data/tif/Chaiten/20260519_064801_VIIRS750.tif,data/kmz/Chaiten/20260519_064801_VIIRS750.kmz,156,0.016666666666666666
Chaiten,VIIRS750,2026-05-20 04:48:01+00:00,acquisition_utc,data/tif/Chaiten/20260520_044801_VIIRS750.tif,data/kmz/Chaiten/20260520_044801_VIIRS750.kmz,163,0.016666666666666666
Copahue,MODIS,2026-05-09 08:20:00+00:00,acquisition_utc,data/tif/Copahue/20260509_082000_MODIS.tif,data/kmz/Copahue/20260509_082000_MODIS.kmz,215,0.0
Copahue,MODIS,2026-05-10 01:25:00+00:00,acquisition_utc,data/tif/Copahue/20260510_012500_MODIS.tif,data/kmz/Copahue/20260510_012500_MODIS.kmz,216,0.0
Copahue,MODIS,2026-05-10 07:20:00+00:00,acquisition_utc,data/tif/Copahue/20260510_072000_MODIS.tif,data/kmz/Copahue/20260510_072000_MODIS.kmz,225,0.0
Copahue,MODIS,2026-05-11 02:00:00+00:00,acquisition_utc,data/tif/Copahue/20260511_020000_MODIS.tif,data/kmz/Copahue/20260511_020000_MODIS.kmz,226,0.0
Copahue,MODIS,2026-05-11 08:00:00+00:00,acquisition_utc,data/tif/Copahue/20260511_080000_MODIS.tif,data/kmz/Copahue/20260511_080000_MODIS.kmz,237,0.0
Copahue,MODIS,2026-05-12 02:40:00+00:00,acquisition_utc,data/tif/Copahue/20260512_024000_MODIS.tif,data/kmz/Copahue/20260512_024000_MODIS.kmz,238,0.0
Copahue,MODIS,2026-05-12 07:00:00+00:00,acquisition_utc,data/tif/Copahue/20260512_070000_MODIS.tif,data/kmz/Copahue/20260512_070000_MODIS.kmz,249,0.0
Copahue,MODIS,2026-05-13 01:40:00+00:00,acquisition_utc,data/tif/Copahue/20260513_014000_MODIS.tif,data/kmz/Copahue/20260513_014000_MODIS.kmz,250,0.0
Copahue,MODIS,2026-05-13 07:40:00+00:00,acquisition_utc,data/tif/Copahue/20260513_074000_MODIS.tif,data/kmz/Copahue/20260513_074000_MODIS.kmz,261,0.0
Copahue,MODIS,2026-05-14 02:20:00+00:00,acquisition_utc,data/tif/Copahue/20260514_022000_MODIS.tif,data/kmz/Copahue/20260514_022000_MODIS.kmz,262,0.0
Copahue,MODIS,2026-05-14 08:15:00+00:00,acquisition_utc,data/tif/Copahue/20260514_081500_MODIS.tif,data/kmz/Copahue/20260514_081500_MODIS.kmz,273,0.0
Copahue,MODIS,2026-05-15 01:20:00+00:00,acquisition_utc,data/tif/Copahue/20260515_012000_MODIS.tif,data/kmz/Copahue/20260515_012000_MODIS.kmz,274,0.0
Copahue,MODIS,2026-05-15 07:15:00+00:00,acquisition_utc,data/tif/Copahue/20260515_071500_MODIS.tif,data/kmz/Copahue/20260515_071500_MODIS.kmz,283,0.0
Copahue,MODIS,2026-05-16 02:00:00+00:00,acquisition_utc,data/tif/Copahue/20260516_020000_MODIS.tif,data/kmz/Copahue/20260516_020000_MODIS.kmz,284,0.0
Copahue,MODIS,2026-05-16 07:55:00+00:00,acquisition_utc,data/tif/Copahue/20260516_075500_MODIS.tif,data/kmz/Copahue/20260516_075500_MODIS.kmz,291,0.0
Copahue,MODIS,2026-05-17 02:40:00+00:00,acquisition_utc,data/tif/Copahue/20260517_024000_MODIS.tif,data/kmz/Copahue/20260517_024000_MODIS.kmz,292,0.0
Copahue,MODIS,2026-05-17 06:55:00+00:00,acquisition_utc,data/tif/Copahue/20260517_065500_MODIS.tif,data/kmz/Copahue/20260517_065500_MODIS.kmz,301,0.0
Copahue,MODIS,2026-05-17 08:30:00+00:00,acquisition_utc,data/tif/Copahue/20260517_083000_MODIS.tif,data/kmz/Copahue/20260517_083000_MODIS.kmz,302,0.0
Copahue,MODIS,2026-05-18 01:40:00+00:00,acquisition_utc,data/tif/Copahue/20260518_014000_MODIS.tif,data/kmz/Copahue/20260518_014000_MODIS.kmz,303,0.0
Copahue,MODIS,2026-05-18 07:30:00+00:00,acquisition_utc,data/tif/Copahue/20260518_073000_MODIS.tif,data/kmz/Copahue/20260518_073000_MODIS.kmz,314,0.0
Copahue,MODIS,2026-05-19 02:20:00+00:00,acquisition_utc,data/tif/Copahue/20260519_022000_MODIS.tif,data/kmz/Copahue/20260519_022000_MODIS.kmz,315,0.0
Copahue,MODIS,2026-05-19 08:10:00+00:00,acquisition_utc,data/tif/Copahue/20260519_081000_MODIS.tif,data/kmz/Copahue/20260519_081000_MODIS.kmz,326,0.0
Copahue,MODIS,2026-05-20 01:20:00+00:00,acquisition_utc,data/tif/Copahue/20260520_012000_MODIS.tif,data/kmz/Copahue/20260520_012000_MODIS.kmz,327,0.0
Copahue,VIIRS375,2026-05-09 05:42:02+00:00,acquisition_utc,data/tif/Copahue/20260509_054202_VIIRS375.tif,data/kmz/Copahue/20260509_054202_VIIRS375.kmz,208,0.03333333333333333
Copahue,VIIRS375,2026-05-09 06:36:01+00:00,acquisition_utc,data/tif/Copahue/20260509_063601_VIIRS375.tif,data/kmz/Copahue/20260509_063601_VIIRS375.kmz,212,0.016666666666666666
Copahue,VIIRS375,2026-05-10 04:36:01+00:00,acquisition_utc,data/tif/Copahue/20260510_043601_VIIRS375.tif,data/kmz/Copahue/20260510_043601_VIIRS375.kmz,217,0.016666666666666666
Copahue,VIIRS375,2026-05-10 06:18:01+00:00,acquisition_utc,data/tif/Copahue/20260510_061801_VIIRS375.tif,data/kmz/Copahue/20260510_061801_VIIRS375.kmz,223,0.016666666666666666
Copahue,VIIRS375,2026-05-11 06:00:01+00:00,acquisition_utc,data/tif/Copahue/20260511_060001_VIIRS375.tif,data/kmz/Copahue/20260511_060001_VIIRS375.kmz,233,0.016666666666666666
Copahue,VIIRS375,2026-05-12 05:36:01+00:00,acquisition_utc,data/tif/Copahue/20260512_053601_VIIRS375.tif,data/kmz/Copahue/20260512_053601_VIIRS375.kmz,243,0.016666666666666666
Copahue,VIIRS375,2026-05-13 06:06:02+00:00,acquisition_utc,data/tif/Copahue/20260513_060602_VIIRS375.tif,data/kmz/Copahue/20260513_060602_VIIRS375.kmz,257,0.03333333333333333
Copahue,VIIRS375,2026-05-13 06:42:00+00:00,acquisition_utc,data/tif/Copahue/20260513_064200_VIIRS375.tif,data/kmz/Copahue/20260513_064200_VIIRS375.kmz,259,0.0
Copahue,VIIRS375,2026-05-14 05:48:02+00:00,acquisition_utc,data/tif/Copahue/20260514_054802_VIIRS375.tif,data/kmz/Copahue/20260514_054802_VIIRS375.kmz,267,0.03333333333333333
Copahue,VIIRS375,2026-05-14 06:24:00+00:00,acquisition_utc,data/tif/Copahue/20260514_062400_VIIRS375.tif,data/kmz/Copahue/20260514_062400_VIIRS375.kmz,269,0.0
Copahue,VIIRS375,2026-05-14 06:42:01+00:00,acquisition_utc,data/tif/Copahue/20260514_064201_VIIRS375.tif,,271,0.016666666666666666
Copahue,VIIRS375,2026-05-15 04:42:01+00:00,acquisition_utc,data/tif/Copahue/20260515_044201_VIIRS375.tif,data/kmz/Copahue/20260515_044201_VIIRS375.kmz,275,0.016666666666666666
Copahue,VIIRS375,2026-05-15 06:24:01+00:00,acquisition_utc,data/tif/Copahue/20260515_062401_VIIRS375.tif,data/kmz/Copahue/20260515_062401_VIIRS375.kmz,281,0.016666666666666666
Copahue,VIIRS375,2026-05-17 05:42:01+00:00,acquisition_utc,data/tif/Copahue/20260517_054201_VIIRS375.tif,data/kmz/Copahue/20260517_054201_VIIRS375.kmz,297,0.016666666666666666
Copahue,VIIRS375,2026-05-17 06:36:02+00:00,acquisition_utc,data/tif/Copahue/20260517_063602_VIIRS375.tif,data/kmz/Copahue/20260517_063602_VIIRS375.kmz,299,0.03333333333333333
Copahue,VIIRS375,2026-05-18 05:24:01+00:00,acquisition_utc,data/tif/Copahue/20260518_052401_VIIRS375.tif,data/kmz/Copahue/20260518_052401_VIIRS375.kmz,308,0.016666666666666666
Copahue,VIIRS375,2026-05-18 06:12:02+00:00,acquisition_utc,data/tif/Copahue/20260518_061202_VIIRS375.tif,data/kmz/Copahue/20260518_061202_VIIRS375.kmz,311,0.03333333333333333
Copahue,VIIRS375,2026-05-18 06:48:00+00:00,acquisition_utc,data/tif/Copahue/20260518_064800_VIIRS375.tif,data/kmz/Copahue/20260518_064800_VIIRS375.kmz,313,0.0
Copahue,VIIRS375,2026-05-19 06:48:01+00:00,acquisition_utc,data/tif/Copahue/20260519_064801_VIIRS375.tif,data/kmz/Copahue/20260519_064801_VIIRS375.kmz,324,0.016666666666666666
Copahue,VIIRS375,2026-05-20 04:48:01+00:00,acquisition_utc,data/tif/Copahue/20260520_044801_VIIRS375.tif,data/kmz/Copahue/20260520_044801_VIIRS375.kmz,328,0.016666666666666666
Copahue,VIIRS375,2026-05-20 05:36:02+00:00,acquisition_utc,data/tif/Copahue/20260520_053602_VIIRS375.tif,data/kmz/Copahue/20260520_053602_VIIRS375.kmz,330,0.03333333333333333
Copahue,VIIRS750,2026-05-09 06:36:01+00:00,acquisition_utc,data/tif/Copahue/20260509_063601_VIIRS750.tif,data/kmz/Copahue/20260509_063601_VIIRS750.kmz,213,0.016666666666666666
Copahue,VIIRS750,2026-05-10 06:18:01+00:00,acquisition_utc,data/tif/Copahue/20260510_061801_VIIRS750.tif,data/kmz/Copahue/20260510_061801_VIIRS750.kmz,224,0.016666666666666666
Copahue,VIIRS750,2026-05-11 06:00:01+00:00,acquisition_utc,data/tif/Copahue/20260511_060001_VIIRS750.tif,data/kmz/Copahue/20260511_060001_VIIRS750.kmz,234,0.016666666666666666
Copahue,VIIRS750,2026-05-12 04:48:02+00:00,acquisition_utc,data/tif/Copahue/20260512_044802_VIIRS750.tif,data/kmz/Copahue/20260512_044802_VIIRS750.kmz,240,0.03333333333333333
Copahue,VIIRS750,2026-05-12 06:30:02+00:00,acquisition_utc,data/tif/Copahue/20260512_063002_VIIRS750.tif,data/kmz/Copahue/20260512_063002_VIIRS750.kmz,248,0.03333333333333333
Copahue,VIIRS750,2026-05-13 05:18:01+00:00,acquisition_utc,data/tif/Copahue/20260513_051801_VIIRS750.tif,data/kmz/Copahue/20260513_051801_VIIRS750.kmz,256,0.016666666666666666
Copahue,VIIRS750,2026-05-13 06:06:02+00:00,acquisition_utc,data/tif/Copahue/20260513_060602_VIIRS750.tif,data/kmz/Copahue/20260513_060602_VIIRS750.kmz,258,0.03333333333333333
Copahue,VIIRS750,2026-05-13 06:42:00+00:00,acquisition_utc,data/tif/Copahue/20260513_064200_VIIRS750.tif,data/kmz/Copahue/20260513_064200_VIIRS750.kmz,260,0.0
Copahue,VIIRS750,2026-05-14 05:00:01+00:00,acquisition_utc,data/tif/Copahue/20260514_050001_VIIRS750.tif,data/kmz/Copahue/20260514_050001_VIIRS750.kmz,266,0.016666666666666666
Copahue,VIIRS750,2026-05-14 06:42:01+00:00,acquisition_utc,data/tif/Copahue/20260514_064201_VIIRS750.tif,data/kmz/Copahue/20260514_064201_VIIRS750.kmz,272,0.016666666666666666
Copahue,VIIRS750,2026-05-15 04:42:01+00:00,acquisition_utc,data/tif/Copahue/20260515_044201_VIIRS750.tif,data/kmz/Copahue/20260515_044201_VIIRS750.kmz,276,0.016666666666666666
Copahue,VIIRS750,2026-05-15 05:30:02+00:00,acquisition_utc,data/tif/Copahue/20260515_053002_VIIRS750.tif,data/kmz/Copahue/20260515_053002_VIIRS750.kmz,278,0.03333333333333333
Copahue,VIIRS750,2026-05-15 06:24:01+00:00,acquisition_utc,data/tif/Copahue/20260515_062401_VIIRS750.tif,data/kmz/Copahue/20260515_062401_VIIRS750.kmz,282,0.016666666666666666
Copahue,VIIRS750,2026-05-16 05:12:02+00:00,acquisition_utc,data/tif/Copahue/20260516_051202_VIIRS750.tif,data/kmz/Copahue/20260516_051202_VIIRS750.kmz,286,0.03333333333333333
Copahue,VIIRS750,2026-05-17 04:54:02+00:00,acquisition_utc,data/tif/Copahue/20260517_045402_VIIRS750.tif,data/kmz/Copahue/20260517_045402_VIIRS750.kmz,294,0.03333333333333333
Copahue,VIIRS750,2026-05-17 06:36:02+00:00,acquisition_utc,data/tif/Copahue/20260517_063602_VIIRS750.tif,data/kmz/Copahue/20260517_063602_VIIRS750.kmz,300,0.03333333333333333
Copahue,VIIRS750,2026-05-18 04:36:02+00:00,acquisition_utc,data/tif/Copahue/20260518_043602_VIIRS750.tif,data/kmz/Copahue/20260518_043602_VIIRS750.kmz,304,0.03333333333333333
Copahue,VIIRS750,2026-05-18 05:24:01+00:00,acquisition_utc,data/tif/Copahue/20260518_052401_VIIRS750.tif,data/kmz/Copahue/20260518_052401_VIIRS750.kmz,309,0.016666666666666666
Copahue,VIIRS750,2026-05-18 06:12:02+00:00,acquisition_utc,data/tif/Copahue/20260518_061202_VIIRS750.tif,data/kmz/Copahue/20260518_061202_VIIRS750.kmz,310,0.03333333333333333
Copahue,VIIRS750,2026-05-18 06:48:00+00:00,acquisition_utc,data/tif/Copahue/20260518_064800_VIIRS750.tif,data/kmz/Copahue/20260518_064800_VIIRS750.kmz,312,0.0
Copahue,VIIRS750,2026-05-19 05:06:01+00:00,acquisition_utc,data/tif/Copahue/20260519_050601_VIIRS750.tif,data/kmz/Copahue/20260519_050601_VIIRS750.kmz,319,0.016666666666666666
Copahue,VIIRS750,2026-05-19 05:54:02+00:00,acquisition_utc,data/tif/Copahue/20260519_055402_VIIRS750.tif,data/kmz/Copahue/20260519_055402_VIIRS750.kmz,321,0.03333333333333333
Copahue,VIIRS750,2026-05-19 06:48:01+00:00,acquisition_utc,data/tif/Copahue/20260519_064801_VIIRS750.tif,data/kmz/Copahue/20260519_064801_VIIRS750.kmz,325,0.016666666666666666
Copahue,VIIRS750,2026-05-20 04:48:01+00:00,acquisition_utc,data/tif/Copahue/20260520_044801_VIIRS750.tif,data/kmz/Copahue/20260520_044801_VIIRS750.kmz,329,0.016666666666666666
Isluga,MODIS,2026-05-10 01:30:00+00:00,acquisition_utc,data/tif/Isluga/20260510_013000_MODIS.tif,data/kmz/Isluga/20260510_013000_MODIS.kmz,375,0.0
Isluga,MODIS,2026-05-10 07:15:00+00:00,acquisition_utc,data/tif/Isluga/20260510_071500_MODIS.tif,data/kmz/Isluga/20260510_071500_MODIS.kmz,382,0.0
Isluga,MODIS,2026-05-11 02:05:00+00:00,acquisition_utc,data/tif/Isluga/20260511_020500_MODIS.tif,data/kmz/Isluga/20260511_020500_MODIS.kmz,383,0.0
Isluga,MODIS,2026-05-11 07:55:00+00:00,acquisition_utc,data/tif/Isluga/20260511_075500_MODIS.tif,data/kmz/Isluga/20260511_075500_MODIS.kmz,392,0.0
Isluga,MODIS,2026-05-12 01:10:00+00:00,acquisition_utc,data/tif/Isluga/20260512_011000_MODIS.tif,data/kmz/Isluga/20260512_011000_MODIS.kmz,393,0.0
Isluga,MODIS,2026-05-13 01:45:00+00:00,acquisition_utc,data/tif/Isluga/20260513_014500_MODIS.tif,data/kmz/Isluga/20260513_014500_MODIS.kmz,402,0.0
Isluga,MODIS,2026-05-13 07:35:00+00:00,acquisition_utc,data/tif/Isluga/20260513_073500_MODIS.tif,data/kmz/Isluga/20260513_073500_MODIS.kmz,411,0.0
Isluga,MODIS,2026-05-14 08:10:00+00:00,acquisition_utc,data/tif/Isluga/20260514_081000_MODIS.tif,data/kmz/Isluga/20260514_081000_MODIS.kmz,420,0.0
Isluga,MODIS,2026-05-15 01:25:00+00:00,acquisition_utc,data/tif/Isluga/20260515_012500_MODIS.tif,data/kmz/Isluga/20260515_012500_MODIS.kmz,421,0.0
Isluga,MODIS,2026-05-15 07:10:00+00:00,acquisition_utc,data/tif/Isluga/20260515_071000_MODIS.tif,data/kmz/Isluga/20260515_071000_MODIS.kmz,428,0.0
Isluga,MODIS,2026-05-16 02:05:00+00:00,acquisition_utc,data/tif/Isluga/20260516_020500_MODIS.tif,data/kmz/Isluga/20260516_020500_MODIS.kmz,429,0.0
Isluga,MODIS,2026-05-16 07:50:00+00:00,acquisition_utc,data/tif/Isluga/20260516_075000_MODIS.tif,data/kmz/Isluga/20260516_075000_MODIS.kmz,436,0.0
Isluga,MODIS,2026-05-17 01:05:00+00:00,acquisition_utc,data/tif/Isluga/20260517_010500_MODIS.tif,data/kmz/Isluga/20260517_010500_MODIS.kmz,437,0.0
Isluga,MODIS,2026-05-17 08:25:00+00:00,acquisition_utc,data/tif/Isluga/20260517_082500_MODIS.tif,data/kmz/Isluga/20260517_082500_MODIS.kmz,446,0.0
Isluga,MODIS,2026-05-18 01:45:00+00:00,acquisition_utc,data/tif/Isluga/20260518_014500_MODIS.tif,data/kmz/Isluga/20260518_014500_MODIS.kmz,447,0.0
Isluga,MODIS,2026-05-18 07:25:00+00:00,acquisition_utc,data/tif/Isluga/20260518_072500_MODIS.tif,data/kmz/Isluga/20260518_072500_MODIS.kmz,458,0.0
Isluga,MODIS,2026-05-19 08:05:00+00:00,acquisition_utc,data/tif/Isluga/20260519_080500_MODIS.tif,data/kmz/Isluga/20260519_080500_MODIS.kmz,467,0.0
Isluga,MODIS,2026-05-20 01:25:00+00:00,acquisition_utc,data/tif/Isluga/20260520_012500_MODIS.tif,data/kmz/Isluga/20260520_012500_MODIS.kmz,468,0.0
Isluga,VIIRS375,2026-05-09 05:36:02+00:00,acquisition_utc,data/tif/Isluga/20260509_053602_VIIRS375.tif,data/kmz/Isluga/20260509_053602_VIIRS375.kmz,368,0.03333333333333333
Isluga,VIIRS375,2026-05-09 06:30:01+00:00,acquisition_utc,data/tif/Isluga/20260509_063001_VIIRS375.tif,data/kmz/Isluga/20260509_063001_VIIRS375.kmz,372,0.016666666666666666
Isluga,VIIRS375,2026-05-10 06:12:01+00:00,acquisition_utc,data/tif/Isluga/20260510_061201_VIIRS375.tif,data/kmz/Isluga/20260510_061201_VIIRS375.kmz,380,0.016666666666666666
Isluga,VIIRS375,2026-05-11 05:54:01+00:00,acquisition_utc,data/tif/Isluga/20260511_055401_VIIRS375.tif,data/kmz/Isluga/20260511_055401_VIIRS375.kmz,388,0.016666666666666666
Isluga,VIIRS375,2026-05-12 05:36:01+00:00,acquisition_utc,data/tif/Isluga/20260512_053601_VIIRS375.tif,data/kmz/Isluga/20260512_053601_VIIRS375.kmz,398,0.016666666666666666
Isluga,VIIRS375,2026-05-13 06:00:02+00:00,acquisition_utc,data/tif/Isluga/20260513_060002_VIIRS375.tif,data/kmz/Isluga/20260513_060002_VIIRS375.kmz,407,0.03333333333333333
Isluga,VIIRS375,2026-05-13 06:36:00+00:00,acquisition_utc,data/tif/Isluga/20260513_063600_VIIRS375.tif,data/kmz/Isluga/20260513_063600_VIIRS375.kmz,409,0.0
Isluga,VIIRS375,2026-05-14 05:42:02+00:00,acquisition_utc,data/tif/Isluga/20260514_054202_VIIRS375.tif,data/kmz/Isluga/20260514_054202_VIIRS375.kmz,414,0.03333333333333333
Isluga,VIIRS375,2026-05-14 06:18:00+00:00,acquisition_utc,data/tif/Isluga/20260514_061800_VIIRS375.tif,data/kmz/Isluga/20260514_061800_VIIRS375.kmz,416,0.0
Isluga,VIIRS375,2026-05-14 06:36:01+00:00,acquisition_utc,data/tif/Isluga/20260514_063601_VIIRS375.tif,data/kmz/Isluga/20260514_063601_VIIRS375.kmz,418,0.016666666666666666
Isluga,VIIRS375,2026-05-16 06:00:01+00:00,acquisition_utc,data/tif/Isluga/20260516_060001_VIIRS375.tif,data/kmz/Isluga/20260516_060001_VIIRS375.kmz,434,0.016666666666666666
Isluga,VIIRS375,2026-05-17 05:42:01+00:00,acquisition_utc,data/tif/Isluga/20260517_054201_VIIRS375.tif,data/kmz/Isluga/20260517_054201_VIIRS375.kmz,442,0.016666666666666666
Isluga,VIIRS375,2026-05-17 06:30:02+00:00,acquisition_utc,data/tif/Isluga/20260517_063002_VIIRS375.tif,data/kmz/Isluga/20260517_063002_VIIRS375.kmz,444,0.03333333333333333
Isluga,VIIRS375,2026-05-18 05:18:01+00:00,acquisition_utc,data/tif/Isluga/20260518_051801_VIIRS375.tif,data/kmz/Isluga/20260518_051801_VIIRS375.kmz,450,0.016666666666666666
Isluga,VIIRS375,2026-05-18 06:12:02+00:00,acquisition_utc,data/tif/Isluga/20260518_061202_VIIRS375.tif,data/kmz/Isluga/20260518_061202_VIIRS375.kmz,454,0.03333333333333333
Isluga,VIIRS375,2026-05-18 06:42:00+00:00,acquisition_utc,data/tif/Isluga/20260518_064200_VIIRS375.tif,data/kmz/Isluga/20260518_064200_VIIRS375.kmz,456,0.0
Isluga,VIIRS375,2026-05-19 05:00:01+00:00,acquisition_utc,data/tif/Isluga/20260519_050001_VIIRS375.tif,data/kmz/Isluga/20260519_050001_VIIRS375.kmz,459,0.016666666666666666
Isluga,VIIRS375,2026-05-20 05:30:02+00:00,acquisition_utc,data/tif/Isluga/20260520_053002_VIIRS375.tif,data/kmz/Isluga/20260520_053002_VIIRS375.kmz,469,0.03333333333333333
Isluga,VIIRS750,2026-05-09 06:30:01+00:00,acquisition_utc,data/tif/Isluga/20260509_063001_VIIRS750.tif,data/kmz/Isluga/20260509_063001_VIIRS750.kmz,373,0.016666666666666666
Isluga,VIIRS750,2026-05-10 06:12:01+00:00,acquisition_utc,data/tif/Isluga/20260510_061201_VIIRS750.tif,data/kmz/Isluga/20260510_061201_VIIRS750.kmz,381,0.016666666666666666
Isluga,VIIRS750,2026-05-11 05:54:01+00:00,acquisition_utc,data/tif/Isluga/20260511_055401_VIIRS750.tif,data/kmz/Isluga/20260511_055401_VIIRS750.kmz,389,0.016666666666666666
Isluga,VIIRS750,2026-05-12 05:36:01+00:00,acquisition_utc,data/tif/Isluga/20260512_053601_VIIRS750.tif,data/kmz/Isluga/20260512_053601_VIIRS750.kmz,399,0.016666666666666666
Isluga,VIIRS750,2026-05-13 05:12:01+00:00,acquisition_utc,data/tif/Isluga/20260513_051201_VIIRS750.tif,data/kmz/Isluga/20260513_051201_VIIRS750.kmz,406,0.016666666666666666
Isluga,VIIRS750,2026-05-13 06:00:02+00:00,acquisition_utc,data/tif/Isluga/20260513_060002_VIIRS750.tif,data/kmz/Isluga/20260513_060002_VIIRS750.kmz,408,0.03333333333333333
Isluga,VIIRS750,2026-05-13 06:36:00+00:00,acquisition_utc,data/tif/Isluga/20260513_063600_VIIRS750.tif,data/kmz/Isluga/20260513_063600_VIIRS750.kmz,410,0.0
Isluga,VIIRS750,2026-05-14 06:36:01+00:00,acquisition_utc,data/tif/Isluga/20260514_063601_VIIRS750.tif,data/kmz/Isluga/20260514_063601_VIIRS750.kmz,419,0.016666666666666666
Isluga,VIIRS750,2026-05-15 05:24:02+00:00,acquisition_utc,data/tif/Isluga/20260515_052402_VIIRS750.tif,data/kmz/Isluga/20260515_052402_VIIRS750.kmz,423,0.03333333333333333
Isluga,VIIRS750,2026-05-16 05:06:02+00:00,acquisition_utc,data/tif/Isluga/20260516_050602_VIIRS750.tif,data/kmz/Isluga/20260516_050602_VIIRS750.kmz,431,0.03333333333333333
Isluga,VIIRS750,2026-05-16 06:00:01+00:00,acquisition_utc,data/tif/Isluga/20260516_060001_VIIRS750.tif,data/kmz/Isluga/20260516_060001_VIIRS750.kmz,435,0.016666666666666666
Isluga,VIIRS750,2026-05-17 04:48:02+00:00,acquisition_utc,data/tif/Isluga/20260517_044802_VIIRS750.tif,data/kmz/Isluga/20260517_044802_VIIRS750.kmz,439,0.03333333333333333
Isluga,VIIRS750,2026-05-17 05:42:01+00:00,acquisition_utc,data/tif/Isluga/20260517_054201_VIIRS750.tif,data/kmz/Isluga/20260517_054201_VIIRS750.kmz,443,0.016666666666666666
Isluga,VIIRS750,2026-05-17 06:30:02+00:00,acquisition_utc,data/tif/Isluga/20260517_063002_VIIRS750.tif,data/kmz/Isluga/20260517_063002_VIIRS750.kmz,445,0.03333333333333333
Isluga,VIIRS750,2026-05-18 05:18:01+00:00,acquisition_utc,data/tif/Isluga/20260518_051801_VIIRS750.tif,data/kmz/Isluga/20260518_051801_VIIRS750.kmz,451,0.016666666666666666
Isluga,VIIRS750,2026-05-18 06:12:02+00:00,acquisition_utc,data/tif/Isluga/20260518_061202_VIIRS750.tif,data/kmz/Isluga/20260518_061202_VIIRS750.kmz,455,0.03333333333333333
Isluga,VIIRS750,2026-05-18 06:42:00+00:00,acquisition_utc,data/tif/Isluga/20260518_064200_VIIRS750.tif,data/kmz/Isluga/20260518_064200_VIIRS750.kmz,457,0.0
Isluga,VIIRS750,2026-05-19 05:00:01+00:00,acquisition_utc,data/tif/Isluga/20260519_050001_VIIRS750.tif,data/kmz/Isluga/20260519_050001_VIIRS750.kmz,460,0.016666666666666666
Isluga,VIIRS750,2026-05-19 05:48:02+00:00,acquisition_utc,data/tif/Isluga/20260519_054802_VIIRS750.tif,data/kmz/Isluga/20260519_054802_VIIRS750.kmz,462,0.03333333333333333
Isluga,VIIRS750,2026-05-19 06:42:01+00:00,acquisition_utc,data/tif/Isluga/20260519_064201_VIIRS750.tif,data/kmz/Isluga/20260519_064201_VIIRS750.kmz,466,0.016666666666666666
Lascar,MODIS,2026-05-10 01:25:00+00:00,acquisition_utc,data/tif/Lascar/20260510_012500_MODIS.tif,data/kmz/Lascar/20260510_012500_MODIS.kmz,517,0.0
Lascar,MODIS,2026-05-11 02:05:00+00:00,acquisition_utc,data/tif/Lascar/20260511_020500_MODIS.tif,data/kmz/Lascar/20260511_020500_MODIS.kmz,525,0.0
Lascar,MODIS,2026-05-11 07:55:00+00:00,acquisition_utc,data/tif/Lascar/20260511_075500_MODIS.tif,data/kmz/Lascar/20260511_075500_MODIS.kmz,532,0.0
Lascar,MODIS,2026-05-12 01:05:00+00:00,acquisition_utc,data/tif/Lascar/20260512_010500_MODIS.tif,data/kmz/Lascar/20260512_010500_MODIS.kmz,533,0.0
Lascar,MODIS,2026-05-12 06:55:00+00:00,acquisition_utc,data/tif/Lascar/20260512_065500_MODIS.tif,data/kmz/Lascar/20260512_065500_MODIS.kmz,542,0.0
Lascar,MODIS,2026-05-13 01:45:00+00:00,acquisition_utc,data/tif/Lascar/20260513_014500_MODIS.tif,data/kmz/Lascar/20260513_014500_MODIS.kmz,543,0.0
Lascar,MODIS,2026-05-13 07:35:00+00:00,acquisition_utc,data/tif/Lascar/20260513_073500_MODIS.tif,data/kmz/Lascar/20260513_073500_MODIS.kmz,552,0.0
Lascar,MODIS,2026-05-14 08:10:00+00:00,acquisition_utc,data/tif/Lascar/20260514_081000_MODIS.tif,data/kmz/Lascar/20260514_081000_MODIS.kmz,563,0.0
Lascar,MODIS,2026-05-15 01:25:00+00:00,acquisition_utc,data/tif/Lascar/20260515_012500_MODIS.tif,data/kmz/Lascar/20260515_012500_MODIS.kmz,564,0.0
Lascar,MODIS,2026-05-15 07:10:00+00:00,acquisition_utc,data/tif/Lascar/20260515_071000_MODIS.tif,data/kmz/Lascar/20260515_071000_MODIS.kmz,571,0.0
Lascar,MODIS,2026-05-16 02:05:00+00:00,acquisition_utc,data/tif/Lascar/20260516_020500_MODIS.tif,data/kmz/Lascar/20260516_020500_MODIS.kmz,572,0.0
Lascar,MODIS,2026-05-16 07:50:00+00:00,acquisition_utc,data/tif/Lascar/20260516_075000_MODIS.tif,data/kmz/Lascar/20260516_075000_MODIS.kmz,579,0.0
Lascar,MODIS,2026-05-17 01:05:00+00:00,acquisition_utc,data/tif/Lascar/20260517_010500_MODIS.tif,data/kmz/Lascar/20260517_010500_MODIS.kmz,580,0.0
Lascar,MODIS,2026-05-18 01:45:00+00:00,acquisition_utc,data/tif/Lascar/20260518_014500_MODIS.tif,data/kmz/Lascar/20260518_014500_MODIS.kmz,589,0.0
Lascar,MODIS,2026-05-18 07:30:00+00:00,acquisition_utc,data/tif/Lascar/20260518_073000_MODIS.tif,data/kmz/Lascar/20260518_073000_MODIS.kmz,598,0.0
Lascar,MODIS,2026-05-19 08:05:00+00:00,acquisition_utc,data/tif/Lascar/20260519_080500_MODIS.tif,data/kmz/Lascar/20260519_080500_MODIS.kmz,609,0.0
Lascar,MODIS,2026-05-20 01:25:00+00:00,acquisition_utc,data/tif/Lascar/20260520_012500_MODIS.tif,data/kmz/Lascar/20260520_012500_MODIS.kmz,610,0.0
Lascar,VIIRS375,2026-05-09 04:48:01+00:00,acquisition_utc,data/tif/Lascar/20260509_044801_VIIRS375.tif,data/kmz/Lascar/20260509_044801_VIIRS375.kmz,508,0.016666666666666666
Lascar,VIIRS375,2026-05-09 06:30:01+00:00,acquisition_utc,data/tif/Lascar/20260509_063001_VIIRS375.tif,data/kmz/Lascar/20260509_063001_VIIRS375.kmz,514,0.016666666666666666
Lascar,VIIRS375,2026-05-10 06:12:01+00:00,acquisition_utc,data/tif/Lascar/20260510_061201_VIIRS375.tif,data/kmz/Lascar/20260510_061201_VIIRS375.kmz,522,0.016666666666666666
Lascar,VIIRS375,2026-05-12 05:36:01+00:00,acquisition_utc,data/tif/Lascar/20260512_053601_VIIRS375.tif,data/kmz/Lascar/20260512_053601_VIIRS375.kmz,538,0.016666666666666666
Lascar,VIIRS375,2026-05-13 06:06:02+00:00,acquisition_utc,data/tif/Lascar/20260513_060602_VIIRS375.tif,data/kmz/Lascar/20260513_060602_VIIRS375.kmz,548,0.03333333333333333
Lascar,VIIRS375,2026-05-13 06:36:00+00:00,acquisition_utc,data/tif/Lascar/20260513_063600_VIIRS375.tif,data/kmz/Lascar/20260513_063600_VIIRS375.kmz,550,0.0
Lascar,VIIRS375,2026-05-14 05:48:02+00:00,acquisition_utc,data/tif/Lascar/20260514_054802_VIIRS375.tif,data/kmz/Lascar/20260514_054802_VIIRS375.kmz,557,0.03333333333333333
Lascar,VIIRS375,2026-05-14 06:18:00+00:00,acquisition_utc,data/tif/Lascar/20260514_061800_VIIRS375.tif,data/kmz/Lascar/20260514_061800_VIIRS375.kmz,559,0.0
Lascar,VIIRS375,2026-05-17 05:42:01+00:00,acquisition_utc,data/tif/Lascar/20260517_054201_VIIRS375.tif,data/kmz/Lascar/20260517_054201_VIIRS375.kmz,585,0.016666666666666666
Lascar,VIIRS375,2026-05-17 06:30:02+00:00,acquisition_utc,data/tif/Lascar/20260517_063002_VIIRS375.tif,data/kmz/Lascar/20260517_063002_VIIRS375.kmz,587,0.03333333333333333
Lascar,VIIRS375,2026-05-18 05:24:01+00:00,acquisition_utc,data/tif/Lascar/20260518_052401_VIIRS375.tif,data/kmz/Lascar/20260518_052401_VIIRS375.kmz,592,0.016666666666666666
Lascar,VIIRS375,2026-05-18 06:12:02+00:00,acquisition_utc,data/tif/Lascar/20260518_061202_VIIRS375.tif,data/kmz/Lascar/20260518_061202_VIIRS375.kmz,594,0.03333333333333333
Lascar,VIIRS375,2026-05-18 06:42:00+00:00,acquisition_utc,data/tif/Lascar/20260518_064200_VIIRS375.tif,data/kmz/Lascar/20260518_064200_VIIRS375.kmz,596,0.0
Lascar,VIIRS375,2026-05-19 05:06:01+00:00,acquisition_utc,data/tif/Lascar/20260519_050601_VIIRS375.tif,data/kmz/Lascar/20260519_050601_VIIRS375.kmz,603,0.016666666666666666
Lascar,VIIRS375,2026-05-19 05:54:02+00:00,acquisition_utc,data/tif/Lascar/20260519_055402_VIIRS375.tif,data/kmz/Lascar/20260519_055402_VIIRS375.kmz,605,0.03333333333333333
Lascar,VIIRS375,2026-05-19 06:24:00+00:00,acquisition_utc,data/tif/Lascar/20260519_062400_VIIRS375.tif,data/kmz/Lascar/20260519_062400_VIIRS375.kmz,607,0.0
Lascar,VIIRS375,2026-05-20 05:30:02+00:00,acquisition_utc,data/tif/Lascar/20260520_053002_VIIRS375.tif,data/kmz/Lascar/20260520_053002_VIIRS375.kmz,613,0.03333333333333333
Lascar,VIIRS750,2026-05-09 06:30:01+00:00,acquisition_utc,data/tif/Lascar/20260509_063001_VIIRS750.tif,data/kmz/Lascar/20260509_063001_VIIRS750.kmz,515,0.016666666666666666
Lascar,VIIRS750,2026-05-10 06:12:01+00:00,acquisition_utc,data/tif/Lascar/20260510_061201_VIIRS750.tif,data/kmz/Lascar/20260510_061201_VIIRS750.kmz,523,0.016666666666666666
Lascar,VIIRS750,2026-05-12 04:42:02+00:00,acquisition_utc,data/tif/Lascar/20260512_044202_VIIRS750.tif,data/kmz/Lascar/20260512_044202_VIIRS750.kmz,535,0.03333333333333333
Lascar,VIIRS750,2026-05-12 05:36:01+00:00,acquisition_utc,data/tif/Lascar/20260512_053601_VIIRS750.tif,data/kmz/Lascar/20260512_053601_VIIRS750.kmz,539,0.016666666666666666
Lascar,VIIRS750,2026-05-12 06:24:02+00:00,acquisition_utc,data/tif/Lascar/20260512_062402_VIIRS750.tif,data/kmz/Lascar/20260512_062402_VIIRS750.kmz,541,0.03333333333333333
Lascar,VIIRS750,2026-05-13 06:06:02+00:00,acquisition_utc,data/tif/Lascar/20260513_060602_VIIRS750.tif,data/kmz/Lascar/20260513_060602_VIIRS750.kmz,549,0.03333333333333333
Lascar,VIIRS750,2026-05-13 06:36:00+00:00,acquisition_utc,data/tif/Lascar/20260513_063600_VIIRS750.tif,data/kmz/Lascar/20260513_063600_VIIRS750.kmz,551,0.0
Lascar,VIIRS750,2026-05-14 06:36:01+00:00,acquisition_utc,data/tif/Lascar/20260514_063601_VIIRS750.tif,data/kmz/Lascar/20260514_063601_VIIRS750.kmz,562,0.016666666666666666
Lascar,VIIRS750,2026-05-15 05:24:02+00:00,acquisition_utc,data/tif/Lascar/20260515_052402_VIIRS750.tif,data/kmz/Lascar/20260515_052402_VIIRS750.kmz,566,0.03333333333333333
Lascar,VIIRS750,2026-05-16 05:06:02+00:00,acquisition_utc,data/tif/Lascar/20260516_050602_VIIRS750.tif,data/kmz/Lascar/20260516_050602_VIIRS750.kmz,574,0.03333333333333333
Lascar,VIIRS750,2026-05-16 06:00:01+00:00,acquisition_utc,data/tif/Lascar/20260516_060001_VIIRS750.tif,data/kmz/Lascar/20260516_060001_VIIRS750.kmz,578,0.016666666666666666
Lascar,VIIRS750,2026-05-17 04:48:02+00:00,acquisition_utc,data/tif/Lascar/20260517_044802_VIIRS750.tif,data/kmz/Lascar/20260517_044802_VIIRS750.kmz,582,0.03333333333333333
Lascar,VIIRS750,2026-05-17 05:42:01+00:00,acquisition_utc,data/tif/Lascar/20260517_054201_VIIRS750.tif,data/kmz/Lascar/20260517_054201_VIIRS750.kmz,586,0.016666666666666666
Lascar,VIIRS750,2026-05-17 06:30:02+00:00,acquisition_utc,data/tif/Lascar/20260517_063002_VIIRS750.tif,data/kmz/Lascar/20260517_063002_VIIRS750.kmz,588,0.03333333333333333
Lascar,VIIRS750,2026-05-18 05:24:01+00:00,acquisition_utc,data/tif/Lascar/20260518_052401_VIIRS750.tif,data/kmz/Lascar/20260518_052401_VIIRS750.kmz,593,0.016666666666666666
Lascar,VIIRS750,2026-05-18 06:12:02+00:00,acquisition_utc,data/tif/Lascar/20260518_061202_VIIRS750.tif,data/kmz/Lascar/20260518_061202_VIIRS750.kmz,595,0.03333333333333333
Lascar,VIIRS750,2026-05-18 06:42:00+00:00,acquisition_utc,data/tif/Lascar/20260518_064200_VIIRS750.tif,data/kmz/Lascar/20260518_064200_VIIRS750.kmz,597,0.0
Lascar,VIIRS750,2026-05-19 05:06:01+00:00,acquisition_utc,data/tif/Lascar/20260519_050601_VIIRS750.tif,data/kmz/Lascar/20260519_050601_VIIRS750.kmz,604,0.016666666666666666
Lascar,VIIRS750,2026-05-19 05:54:02+00:00,acquisition_utc,data/tif/Lascar/20260519_055402_VIIRS750.tif,data/kmz/Lascar/20260519_055402_VIIRS750.kmz,606,0.03333333333333333
Lascar,VIIRS750,2026-05-19 06:24:00+00:00,acquisition_utc,data/tif/Lascar/20260519_062400_VIIRS750.tif,data/kmz/Lascar/20260519_062400_VIIRS750.kmz,608,0.0
Lascar,VIIRS750,2026-05-20 04:42:01+00:00,acquisition_utc,data/tif/Lascar/20260520_044201_VIIRS750.tif,data/kmz/Lascar/20260520_044201_VIIRS750.kmz,612,0.016666666666666666
Lastarria,MODIS,2026-05-10 01:25:00+00:00,acquisition_utc,data/tif/Lastarria/20260510_012500_MODIS.tif,data/kmz/Lastarria/20260510_012500_MODIS.kmz,658,0.0
Lastarria,MODIS,2026-05-11 02:05:00+00:00,acquisition_utc,data/tif/Lastarria/20260511_020500_MODIS.tif,data/kmz/Lastarria/20260511_020500_MODIS.kmz,666,0.0
Lastarria,MODIS,2026-05-11 07:55:00+00:00,acquisition_utc,data/tif/Lastarria/20260511_075500_MODIS.tif,data/kmz/Lastarria/20260511_075500_MODIS.kmz,674,0.0
Lastarria,MODIS,2026-05-12 01:05:00+00:00,acquisition_utc,data/tif/Lastarria/20260512_010500_MODIS.tif,data/kmz/Lastarria/20260512_010500_MODIS.kmz,675,0.0
Lastarria,MODIS,2026-05-12 06:55:00+00:00,acquisition_utc,data/tif/Lastarria/20260512_065500_MODIS.tif,data/kmz/Lastarria/20260512_065500_MODIS.kmz,684,0.0
Lastarria,MODIS,2026-05-13 01:45:00+00:00,acquisition_utc,data/tif/Lastarria/20260513_014500_MODIS.tif,data/kmz/Lastarria/20260513_014500_MODIS.kmz,685,0.0
Lastarria,MODIS,2026-05-13 07:35:00+00:00,acquisition_utc,data/tif/Lastarria/20260513_073500_MODIS.tif,data/kmz/Lastarria/20260513_073500_MODIS.kmz,694,0.0
Lastarria,MODIS,2026-05-14 02:25:00+00:00,acquisition_utc,data/tif/Lastarria/20260514_022500_MODIS.tif,data/kmz/Lastarria/20260514_022500_MODIS.kmz,695,0.0
Lastarria,MODIS,2026-05-14 08:10:00+00:00,acquisition_utc,data/tif/Lastarria/20260514_081000_MODIS.tif,data/kmz/Lastarria/20260514_081000_MODIS.kmz,706,0.0
Lastarria,MODIS,2026-05-15 01:25:00+00:00,acquisition_utc,data/tif/Lastarria/20260515_012500_MODIS.tif,data/kmz/Lastarria/20260515_012500_MODIS.kmz,707,0.0
Lastarria,MODIS,2026-05-15 07:10:00+00:00,acquisition_utc,data/tif/Lastarria/20260515_071000_MODIS.tif,data/kmz/Lastarria/20260515_071000_MODIS.kmz,714,0.0
Lastarria,MODIS,2026-05-16 02:05:00+00:00,acquisition_utc,data/tif/Lastarria/20260516_020500_MODIS.tif,data/kmz/Lastarria/20260516_020500_MODIS.kmz,715,0.0
Lastarria,MODIS,2026-05-16 07:50:00+00:00,acquisition_utc,data/tif/Lastarria/20260516_075000_MODIS.tif,data/kmz/Lastarria/20260516_075000_MODIS.kmz,722,0.0
Lastarria,MODIS,2026-05-17 01:05:00+00:00,acquisition_utc,data/tif/Lastarria/20260517_010500_MODIS.tif,data/kmz/Lastarria/20260517_010500_MODIS.kmz,723,0.0
Lastarria,MODIS,2026-05-18 01:45:00+00:00,acquisition_utc,data/tif/Lastarria/20260518_014500_MODIS.tif,data/kmz/Lastarria/20260518_014500_MODIS.kmz,732,0.0
Lastarria,MODIS,2026-05-18 07:30:00+00:00,acquisition_utc,data/tif/Lastarria/20260518_073000_MODIS.tif,data/kmz/Lastarria/20260518_073000_MODIS.kmz,741,0.0
Lastarria,MODIS,2026-05-19 02:25:00+00:00,acquisition_utc,data/tif/Lastarria/20260519_022500_MODIS.tif,data/kmz/Lastarria/20260519_022500_MODIS.kmz,742,0.0
Lastarria,MODIS,2026-05-19 08:05:00+00:00,acquisition_utc,data/tif/Lastarria/20260519_080500_MODIS.tif,data/kmz/Lastarria/20260519_080500_MODIS.kmz,754,0.0
Lastarria,MODIS,2026-05-20 01:25:00+00:00,acquisition_utc,data/tif/Lastarria/20260520_012500_MODIS.tif,data/kmz/Lastarria/20260520_012500_MODIS.kmz,755,0.0
Lastarria,VIIRS375,2026-05-09 05:42:02+00:00,acquisition_utc,data/tif/Lastarria/20260509_054202_VIIRS375.tif,data/kmz/Lastarria/20260509_054202_VIIRS375.kmz,651,0.03333333333333333
Lastarria,VIIRS375,2026-05-09 06:30:01+00:00,acquisition_utc,data/tif/Lastarria/20260509_063001_VIIRS375.tif,data/kmz/Lastarria/20260509_063001_VIIRS375.kmz,655,0.016666666666666666
Lastarria,VIIRS375,2026-05-10 06:12:01+00:00,acquisition_utc,data/tif/Lastarria/20260510_061201_VIIRS375.tif,data/kmz/Lastarria/20260510_061201_VIIRS375.kmz,663,0.016666666666666666
Lastarria,VIIRS375,2026-05-12 05:36:01+00:00,acquisition_utc,data/tif/Lastarria/20260512_053601_VIIRS375.tif,data/kmz/Lastarria/20260512_053601_VIIRS375.kmz,680,0.016666666666666666
Lastarria,VIIRS375,2026-05-13 06:06:02+00:00,acquisition_utc,data/tif/Lastarria/20260513_060602_VIIRS375.tif,data/kmz/Lastarria/20260513_060602_VIIRS375.kmz,690,0.03333333333333333
Lastarria,VIIRS375,2026-05-13 06:36:00+00:00,acquisition_utc,data/tif/Lastarria/20260513_063600_VIIRS375.tif,data/kmz/Lastarria/20260513_063600_VIIRS375.kmz,692,0.0
Lastarria,VIIRS375,2026-05-14 05:48:02+00:00,acquisition_utc,data/tif/Lastarria/20260514_054802_VIIRS375.tif,data/kmz/Lastarria/20260514_054802_VIIRS375.kmz,700,0.03333333333333333
Lastarria,VIIRS375,2026-05-14 06:18:00+00:00,acquisition_utc,data/tif/Lastarria/20260514_061800_VIIRS375.tif,data/kmz/Lastarria/20260514_061800_VIIRS375.kmz,702,0.0
Lastarria,VIIRS375,2026-05-17 05:42:01+00:00,acquisition_utc,data/tif/Lastarria/20260517_054201_VIIRS375.tif,data/kmz/Lastarria/20260517_054201_VIIRS375.kmz,728,0.016666666666666666
Lastarria,VIIRS375,2026-05-17 06:30:02+00:00,acquisition_utc,data/tif/Lastarria/20260517_063002_VIIRS375.tif,data/kmz/Lastarria/20260517_063002_VIIRS375.kmz,730,0.03333333333333333
Lastarria,VIIRS375,2026-05-18 05:24:01+00:00,acquisition_utc,data/tif/Lastarria/20260518_052401_VIIRS375.tif,data/kmz/Lastarria/20260518_052401_VIIRS375.kmz,735,0.016666666666666666
Lastarria,VIIRS375,2026-05-18 06:12:02+00:00,acquisition_utc,data/tif/Lastarria/20260518_061202_VIIRS375.tif,data/kmz/Lastarria/20260518_061202_VIIRS375.kmz,737,0.03333333333333333
Lastarria,VIIRS375,2026-05-18 06:42:00+00:00,acquisition_utc,data/tif/Lastarria/20260518_064200_VIIRS375.tif,data/kmz/Lastarria/20260518_064200_VIIRS375.kmz,739,0.0
Lastarria,VIIRS375,2026-05-19 05:06:01+00:00,acquisition_utc,data/tif/Lastarria/20260519_050601_VIIRS375.tif,data/kmz/Lastarria/20260519_050601_VIIRS375.kmz,747,0.016666666666666666
Lastarria,VIIRS375,2026-05-19 05:54:02+00:00,acquisition_utc,data/tif/Lastarria/20260519_055402_VIIRS375.tif,data/kmz/Lastarria/20260519_055402_VIIRS375.kmz,749,0.03333333333333333
Lastarria,VIIRS375,2026-05-19 06:24:00+00:00,acquisition_utc,data/tif/Lastarria/20260519_062400_VIIRS375.tif,data/kmz/Lastarria/20260519_062400_VIIRS375.kmz,751,0.0
Lastarria,VIIRS375,2026-05-20 04:42:01+00:00,acquisition_utc,data/tif/Lastarria/20260520_044201_VIIRS375.tif,data/kmz/Lastarria/20260520_044201_VIIRS375.kmz,756,0.016666666666666666
Lastarria,VIIRS375,2026-05-20 05:36:02+00:00,acquisition_utc,data/tif/Lastarria/20260520_053602_VIIRS375.tif,data/kmz/Lastarria/20260520_053602_VIIRS375.kmz,760,0.03333333333333333
Lastarria,VIIRS750,2026-05-09 06:30:01+00:00,acquisition_utc,data/tif/Lastarria/20260509_063001_VIIRS750.tif,data/kmz/Lastarria/20260509_063001_VIIRS750.kmz,656,0.016666666666666666
Lastarria,VIIRS750,2026-05-10 06:12:01+00:00,acquisition_utc,data/tif/Lastarria/20260510_061201_VIIRS750.tif,data/kmz/Lastarria/20260510_061201_VIIRS750.kmz,664,0.016666666666666666
Lastarria,VIIRS750,2026-05-12 04:42:02+00:00,acquisition_utc,data/tif/Lastarria/20260512_044202_VIIRS750.tif,data/kmz/Lastarria/20260512_044202_VIIRS750.kmz,677,0.03333333333333333
Lastarria,VIIRS750,2026-05-12 05:36:01+00:00,acquisition_utc,data/tif/Lastarria/20260512_053601_VIIRS750.tif,data/kmz/Lastarria/20260512_053601_VIIRS750.kmz,681,0.016666666666666666
Lastarria,VIIRS750,2026-05-13 06:06:02+00:00,acquisition_utc,data/tif/Lastarria/20260513_060602_VIIRS750.tif,data/kmz/Lastarria/20260513_060602_VIIRS750.kmz,691,0.03333333333333333
Lastarria,VIIRS750,2026-05-13 06:36:00+00:00,acquisition_utc,data/tif/Lastarria/20260513_063600_VIIRS750.tif,data/kmz/Lastarria/20260513_063600_VIIRS750.kmz,693,0.0
Lastarria,VIIRS750,2026-05-14 06:36:01+00:00,acquisition_utc,data/tif/Lastarria/20260514_063601_VIIRS750.tif,data/kmz/Lastarria/20260514_063601_VIIRS750.kmz,705,0.016666666666666666
Lastarria,VIIRS750,2026-05-15 05:24:02+00:00,acquisition_utc,data/tif/Lastarria/20260515_052402_VIIRS750.tif,data/kmz/Lastarria/20260515_052402_VIIRS750.kmz,709,0.03333333333333333
Lastarria,VIIRS750,2026-05-16 05:06:02+00:00,acquisition_utc,data/tif/Lastarria/20260516_050602_VIIRS750.tif,data/kmz/Lastarria/20260516_050602_VIIRS750.kmz,717,0.03333333333333333
Lastarria,VIIRS750,2026-05-17 04:48:02+00:00,acquisition_utc,data/tif/Lastarria/20260517_044802_VIIRS750.tif,data/kmz/Lastarria/20260517_044802_VIIRS750.kmz,725,0.03333333333333333
Lastarria,VIIRS750,2026-05-17 05:42:01+00:00,acquisition_utc,data/tif/Lastarria/20260517_054201_VIIRS750.tif,data/kmz/Lastarria/20260517_054201_VIIRS750.kmz,729,0.016666666666666666
Lastarria,VIIRS750,2026-05-17 06:30:02+00:00,acquisition_utc,data/tif/Lastarria/20260517_063002_VIIRS750.tif,data/kmz/Lastarria/20260517_063002_VIIRS750.kmz,731,0.03333333333333333
Lastarria,VIIRS750,2026-05-18 05:24:01+00:00,acquisition_utc,data/tif/Lastarria/20260518_052401_VIIRS750.tif,data/kmz/Lastarria/20260518_052401_VIIRS750.kmz,736,0.016666666666666666
Lastarria,VIIRS750,2026-05-18 06:12:02+00:00,acquisition_utc,data/tif/Lastarria/20260518_061202_VIIRS750.tif,data/kmz/Lastarria/20260518_061202_VIIRS750.kmz,738,0.03333333333333333
Lastarria,VIIRS750,2026-05-18 06:42:00+00:00,acquisition_utc,data/tif/Lastarria/20260518_064200_VIIRS750.tif,data/kmz/Lastarria/20260518_064200_VIIRS750.kmz,740,0.0
Lastarria,VIIRS750,2026-05-19 05:06:01+00:00,acquisition_utc,data/tif/Lastarria/20260519_050601_VIIRS750.tif,data/kmz/Lastarria/20260519_050601_VIIRS750.kmz,748,0.016666666666666666
Lastarria,VIIRS750,2026-05-19 05:54:02+00:00,acquisition_utc,data/tif/Lastarria/20260519_055402_VIIRS750.tif,data/kmz/Lastarria/20260519_055402_VIIRS750.kmz,750,0.03333333333333333
Lastarria,VIIRS750,2026-05-19 06:24:00+00:00,acquisition_utc,data/tif/Lastarria/20260519_062400_VIIRS750.tif,data/kmz/Lastarria/20260519_062400_VIIRS750.kmz,752,0.0
Lastarria,VIIRS750,2026-05-20 04:42:01+00:00,acquisition_utc,data/tif/Lastarria/20260520_044201_VIIRS750.tif,data/kmz/Lastarria/20260520_044201_VIIRS750.kmz,757,0.016666666666666666
Llaima,MODIS,2026-05-09 08:20:00+00:00,acquisition_utc,data/tif/Llaima/20260509_082000_MODIS.tif,data/kmz/Llaima/20260509_082000_MODIS.kmz,814,0.0
Llaima,MODIS,2026-05-10 01:20:00+00:00,acquisition_utc,data/tif/Llaima/20260510_012000_MODIS.tif,data/kmz/Llaima/20260510_012000_MODIS.kmz,815,0.0
Llaima,MODIS,2026-05-11 02:00:00+00:00,acquisition_utc,data/tif/Llaima/20260511_020000_MODIS.tif,data/kmz/Llaima/20260511_020000_MODIS.kmz,826,0.0
Llaima,MODIS,2026-05-11 08:00:00+00:00,acquisition_utc,data/tif/Llaima/20260511_080000_MODIS.tif,data/kmz/Llaima/20260511_080000_MODIS.kmz,835,0.0
Llaima,MODIS,2026-05-12 02:40:00+00:00,acquisition_utc,data/tif/Llaima/20260512_024000_MODIS.tif,data/kmz/Llaima/20260512_024000_MODIS.kmz,836,0.0
Llaima,MODIS,2026-05-12 07:00:00+00:00,acquisition_utc,data/tif/Llaima/20260512_070000_MODIS.tif,data/kmz/Llaima/20260512_070000_MODIS.kmz,847,0.0
Llaima,MODIS,2026-05-13 01:40:00+00:00,acquisition_utc,data/tif/Llaima/20260513_014000_MODIS.tif,data/kmz/Llaima/20260513_014000_MODIS.kmz,848,0.0
Llaima,MODIS,2026-05-13 07:40:00+00:00,acquisition_utc,data/tif/Llaima/20260513_074000_MODIS.tif,data/kmz/Llaima/20260513_074000_MODIS.kmz,859,0.0
Llaima,MODIS,2026-05-14 02:20:00+00:00,acquisition_utc,data/tif/Llaima/20260514_022000_MODIS.tif,data/kmz/Llaima/20260514_022000_MODIS.kmz,860,0.0
Llaima,MODIS,2026-05-14 08:15:00+00:00,acquisition_utc,data/tif/Llaima/20260514_081500_MODIS.tif,data/kmz/Llaima/20260514_081500_MODIS.kmz,871,0.0
Llaima,MODIS,2026-05-15 01:20:00+00:00,acquisition_utc,data/tif/Llaima/20260515_012000_MODIS.tif,data/kmz/Llaima/20260515_012000_MODIS.kmz,872,0.0
Llaima,MODIS,2026-05-15 07:15:00+00:00,acquisition_utc,data/tif/Llaima/20260515_071500_MODIS.tif,data/kmz/Llaima/20260515_071500_MODIS.kmz,881,0.0
Llaima,MODIS,2026-05-16 02:00:00+00:00,acquisition_utc,data/tif/Llaima/20260516_020000_MODIS.tif,data/kmz/Llaima/20260516_020000_MODIS.kmz,882,0.0
Llaima,MODIS,2026-05-16 07:55:00+00:00,acquisition_utc,data/tif/Llaima/20260516_075500_MODIS.tif,data/kmz/Llaima/20260516_075500_MODIS.kmz,893,0.0
Llaima,MODIS,2026-05-17 02:40:00+00:00,acquisition_utc,data/tif/Llaima/20260517_024000_MODIS.tif,data/kmz/Llaima/20260517_024000_MODIS.kmz,894,0.0
Llaima,MODIS,2026-05-17 06:55:00+00:00,acquisition_utc,data/tif/Llaima/20260517_065500_MODIS.tif,data/kmz/Llaima/20260517_065500_MODIS.kmz,903,0.0
Llaima,MODIS,2026-05-17 08:30:00+00:00,acquisition_utc,data/tif/Llaima/20260517_083000_MODIS.tif,data/kmz/Llaima/20260517_083000_MODIS.kmz,904,0.0
Llaima,MODIS,2026-05-18 01:40:00+00:00,acquisition_utc,data/tif/Llaima/20260518_014000_MODIS.tif,data/kmz/Llaima/20260518_014000_MODIS.kmz,905,0.0
Llaima,MODIS,2026-05-18 07:30:00+00:00,acquisition_utc,data/tif/Llaima/20260518_073000_MODIS.tif,data/kmz/Llaima/20260518_073000_MODIS.kmz,916,0.0
Llaima,MODIS,2026-05-19 02:20:00+00:00,acquisition_utc,data/tif/Llaima/20260519_022000_MODIS.tif,data/kmz/Llaima/20260519_022000_MODIS.kmz,917,0.0
Llaima,MODIS,2026-05-19 08:10:00+00:00,acquisition_utc,data/tif/Llaima/20260519_081000_MODIS.tif,data/kmz/Llaima/20260519_081000_MODIS.kmz,928,0.0
Llaima,MODIS,2026-05-20 01:20:00+00:00,acquisition_utc,data/tif/Llaima/20260520_012000_MODIS.tif,data/kmz/Llaima/20260520_012000_MODIS.kmz,929,0.0
Llaima,VIIRS375,2026-05-09 05:42:02+00:00,acquisition_utc,data/tif/Llaima/20260509_054202_VIIRS375.tif,data/kmz/Llaima/20260509_054202_VIIRS375.kmz,807,0.03333333333333333
Llaima,VIIRS375,2026-05-09 06:36:01+00:00,acquisition_utc,data/tif/Llaima/20260509_063601_VIIRS375.tif,data/kmz/Llaima/20260509_063601_VIIRS375.kmz,811,0.016666666666666666
Llaima,VIIRS375,2026-05-10 04:36:01+00:00,acquisition_utc,data/tif/Llaima/20260510_043601_VIIRS375.tif,data/kmz/Llaima/20260510_043601_VIIRS375.kmz,817,0.016666666666666666
Llaima,VIIRS375,2026-05-10 06:18:01+00:00,acquisition_utc,data/tif/Llaima/20260510_061801_VIIRS375.tif,data/kmz/Llaima/20260510_061801_VIIRS375.kmz,823,0.016666666666666666
Llaima,VIIRS375,2026-05-11 06:00:01+00:00,acquisition_utc,data/tif/Llaima/20260511_060001_VIIRS375.tif,data/kmz/Llaima/20260511_060001_VIIRS375.kmz,831,0.016666666666666666
Llaima,VIIRS375,2026-05-11 06:48:02+00:00,acquisition_utc,data/tif/Llaima/20260511_064802_VIIRS375.tif,data/kmz/Llaima/20260511_064802_VIIRS375.kmz,833,0.03333333333333333
Llaima,VIIRS375,2026-05-12 05:36:01+00:00,acquisition_utc,data/tif/Llaima/20260512_053601_VIIRS375.tif,data/kmz/Llaima/20260512_053601_VIIRS375.kmz,841,0.016666666666666666
Llaima,VIIRS375,2026-05-12 07:00:00+00:00,acquisition_utc,data/tif/Llaima/20260512_070000_VIIRS375.tif,data/kmz/Llaima/20260512_070000_VIIRS375.kmz,845,0.0
Llaima,VIIRS375,2026-05-13 05:18:01+00:00,acquisition_utc,data/tif/Llaima/20260513_051801_VIIRS375.tif,data/kmz/Llaima/20260513_051801_VIIRS375.kmz,853,0.016666666666666666
Llaima,VIIRS375,2026-05-13 06:42:00+00:00,acquisition_utc,data/tif/Llaima/20260513_064200_VIIRS375.tif,data/kmz/Llaima/20260513_064200_VIIRS375.kmz,857,0.0
Llaima,VIIRS375,2026-05-14 06:24:00+00:00,acquisition_utc,data/tif/Llaima/20260514_062400_VIIRS375.tif,data/kmz/Llaima/20260514_062400_VIIRS375.kmz,867,0.0
Llaima,VIIRS375,2026-05-15 04:42:01+00:00,acquisition_utc,data/tif/Llaima/20260515_044201_VIIRS375.tif,data/kmz/Llaima/20260515_044201_VIIRS375.kmz,873,0.016666666666666666
Llaima,VIIRS375,2026-05-15 06:24:01+00:00,acquisition_utc,data/tif/Llaima/20260515_062401_VIIRS375.tif,data/kmz/Llaima/20260515_062401_VIIRS375.kmz,879,0.016666666666666666
Llaima,VIIRS375,2026-05-16 06:54:02+00:00,acquisition_utc,data/tif/Llaima/20260516_065402_VIIRS375.tif,data/kmz/Llaima/20260516_065402_VIIRS375.kmz,891,0.03333333333333333
Llaima,VIIRS375,2026-05-17 04:54:02+00:00,acquisition_utc,data/tif/Llaima/20260517_045402_VIIRS375.tif,data/kmz/Llaima/20260517_045402_VIIRS375.kmz,895,0.03333333333333333
Llaima,VIIRS375,2026-05-17 06:36:02+00:00,acquisition_utc,data/tif/Llaima/20260517_063602_VIIRS375.tif,data/kmz/Llaima/20260517_063602_VIIRS375.kmz,901,0.03333333333333333
Llaima,VIIRS375,2026-05-18 05:24:01+00:00,acquisition_utc,data/tif/Llaima/20260518_052401_VIIRS375.tif,data/kmz/Llaima/20260518_052401_VIIRS375.kmz,910,0.016666666666666666
Llaima,VIIRS375,2026-05-18 06:12:02+00:00,acquisition_utc,data/tif/Llaima/20260518_061202_VIIRS375.tif,data/kmz/Llaima/20260518_061202_VIIRS375.kmz,912,0.03333333333333333
Llaima,VIIRS375,2026-05-18 06:48:00+00:00,acquisition_utc,data/tif/Llaima/20260518_064800_VIIRS375.tif,data/kmz/Llaima/20260518_064800_VIIRS375.kmz,914,0.0
Llaima,VIIRS375,2026-05-19 06:48:01+00:00,acquisition_utc,data/tif/Llaima/20260519_064801_VIIRS375.tif,data/kmz/Llaima/20260519_064801_VIIRS375.kmz,926,0.016666666666666666
Llaima,VIIRS375,2026-05-20 04:48:01+00:00,acquisition_utc,data/tif/Llaima/20260520_044801_VIIRS375.tif,data/kmz/Llaima/20260520_044801_VIIRS375.kmz,930,0.016666666666666666
Llaima,VIIRS375,2026-05-20 05:36:02+00:00,acquisition_utc,data/tif/Llaima/20260520_053602_VIIRS375.tif,data/kmz/Llaima/20260520_053602_VIIRS375.kmz,932,0.03333333333333333
Llaima,VIIRS750,2026-05-09 06:36:01+00:00,acquisition_utc,data/tif/Llaima/20260509_063601_VIIRS750.tif,data/kmz/Llaima/20260509_063601_VIIRS750.kmz,812,0.016666666666666666
Llaima,VIIRS750,2026-05-10 04:36:01+00:00,acquisition_utc,data/tif/Llaima/20260510_043601_VIIRS750.tif,data/kmz/Llaima/20260510_043601_VIIRS750.kmz,818,0.016666666666666666
Llaima,VIIRS750,2026-05-10 06:18:01+00:00,acquisition_utc,data/tif/Llaima/20260510_061801_VIIRS750.tif,data/kmz/Llaima/20260510_061801_VIIRS750.kmz,824,0.016666666666666666
Llaima,VIIRS750,2026-05-11 06:00:01+00:00,acquisition_utc,data/tif/Llaima/20260511_060001_VIIRS750.tif,data/kmz/Llaima/20260511_060001_VIIRS750.kmz,832,0.016666666666666666
Llaima,VIIRS750,2026-05-12 04:48:02+00:00,acquisition_utc,data/tif/Llaima/20260512_044802_VIIRS750.tif,data/kmz/Llaima/20260512_044802_VIIRS750.kmz,838,0.03333333333333333
Llaima,VIIRS750,2026-05-12 06:30:02+00:00,acquisition_utc,data/tif/Llaima/20260512_063002_VIIRS750.tif,data/kmz/Llaima/20260512_063002_VIIRS750.kmz,844,0.03333333333333333
Llaima,VIIRS750,2026-05-13 06:06:02+00:00,acquisition_utc,data/tif/Llaima/20260513_060602_VIIRS750.tif,data/kmz/Llaima/20260513_060602_VIIRS750.kmz,856,0.03333333333333333
Llaima,VIIRS750,2026-05-13 06:42:00+00:00,acquisition_utc,data/tif/Llaima/20260513_064200_VIIRS750.tif,data/kmz/Llaima/20260513_064200_VIIRS750.kmz,858,0.0
Llaima,VIIRS750,2026-05-14 05:00:01+00:00,acquisition_utc,data/tif/Llaima/20260514_050001_VIIRS750.tif,data/kmz/Llaima/20260514_050001_VIIRS750.kmz,864,0.016666666666666666
Llaima,VIIRS750,2026-05-14 06:42:01+00:00,acquisition_utc,data/tif/Llaima/20260514_064201_VIIRS750.tif,data/kmz/Llaima/20260514_064201_VIIRS750.kmz,870,0.016666666666666666
Llaima,VIIRS750,2026-05-15 04:42:01+00:00,acquisition_utc,data/tif/Llaima/20260515_044201_VIIRS750.tif,data/kmz/Llaima/20260515_044201_VIIRS750.kmz,874,0.016666666666666666
Llaima,VIIRS750,2026-05-15 05:30:02+00:00,acquisition_utc,data/tif/Llaima/20260515_053002_VIIRS750.tif,data/kmz/Llaima/20260515_053002_VIIRS750.kmz,876,0.03333333333333333
Llaima,VIIRS750,2026-05-15 06:24:01+00:00,acquisition_utc,data/tif/Llaima/20260515_062401_VIIRS750.tif,data/kmz/Llaima/20260515_062401_VIIRS750.kmz,880,0.016666666666666666
Llaima,VIIRS750,2026-05-16 05:12:02+00:00,acquisition_utc,data/tif/Llaima/20260516_051202_VIIRS750.tif,data/kmz/Llaima/20260516_051202_VIIRS750.kmz,884,0.03333333333333333
Llaima,VIIRS750,2026-05-16 06:06:01+00:00,acquisition_utc,data/tif/Llaima/20260516_060601_VIIRS750.tif,data/kmz/Llaima/20260516_060601_VIIRS750.kmz,890,0.016666666666666666
Llaima,VIIRS750,2026-05-17 04:54:02+00:00,acquisition_utc,data/tif/Llaima/20260517_045402_VIIRS750.tif,data/kmz/Llaima/20260517_045402_VIIRS750.kmz,896,0.03333333333333333
Llaima,VIIRS750,2026-05-17 06:36:02+00:00,acquisition_utc,data/tif/Llaima/20260517_063602_VIIRS750.tif,data/kmz/Llaima/20260517_063602_VIIRS750.kmz,902,0.03333333333333333
Llaima,VIIRS750,2026-05-18 04:36:02+00:00,acquisition_utc,data/tif/Llaima/20260518_043602_VIIRS750.tif,data/kmz/Llaima/20260518_043602_VIIRS750.kmz,907,0.03333333333333333
Llaima,VIIRS750,2026-05-18 05:24:01+00:00,acquisition_utc,data/tif/Llaima/20260518_052401_VIIRS750.tif,data/kmz/Llaima/20260518_052401_VIIRS750.kmz,911,0.016666666666666666
Llaima,VIIRS750,2026-05-18 06:12:02+00:00,acquisition_utc,data/tif/Llaima/20260518_061202_VIIRS750.tif,data/kmz/Llaima/20260518_061202_VIIRS750.kmz,913,0.03333333333333333
Llaima,VIIRS750,2026-05-18 06:48:00+00:00,acquisition_utc,data/tif/Llaima/20260518_064800_VIIRS750.tif,data/kmz/Llaima/20260518_064800_VIIRS750.kmz,915,0.0
Llaima,VIIRS750,2026-05-19 05:06:01+00:00,acquisition_utc,data/tif/Llaima/20260519_050601_VIIRS750.tif,data/kmz/Llaima/20260519_050601_VIIRS750.kmz,921,0.016666666666666666
Llaima,VIIRS750,2026-05-19 05:54:02+00:00,acquisition_utc,data/tif/Llaima/20260519_055402_VIIRS750.tif,data/kmz/Llaima/20260519_055402_VIIRS750.kmz,923,0.03333333333333333
Llaima,VIIRS750,2026-05-19 06:48:01+00:00,acquisition_utc,data/tif/Llaima/20260519_064801_VIIRS750.tif,data/kmz/Llaima/20260519_064801_VIIRS750.kmz,927,0.016666666666666666
Llaima,VIIRS750,2026-05-20 04:48:01+00:00,acquisition_utc,data/tif/Llaima/20260520_044801_VIIRS750.tif,data/kmz/Llaima/20260520_044801_VIIRS750.kmz,931,0.016666666666666666
NevadosDeChillan,MODIS,2026-05-09 08:20:00+00:00,acquisition_utc,data/tif/ChillanNevadosde/20260509_082000_MODIS.tif,data/kmz/ChillanNevadosde/20260509_082000_MODIS.kmz,984,0.0
NevadosDeChillan,MODIS,2026-05-10 01:25:00+00:00,acquisition_utc,data/tif/ChillanNevadosde/20260510_012500_MODIS.tif,data/kmz/ChillanNevadosde/20260510_012500_MODIS.kmz,985,0.0
NevadosDeChillan,MODIS,2026-05-10 07:20:00+00:00,acquisition_utc,data/tif/ChillanNevadosde/20260510_072000_MODIS.tif,data/kmz/ChillanNevadosde/20260510_072000_MODIS.kmz,994,0.0
NevadosDeChillan,MODIS,2026-05-11 02:00:00+00:00,acquisition_utc,data/tif/ChillanNevadosde/20260511_020000_MODIS.tif,data/kmz/ChillanNevadosde/20260511_020000_MODIS.kmz,995,0.0
NevadosDeChillan,MODIS,2026-05-11 08:00:00+00:00,acquisition_utc,data/tif/ChillanNevadosde/20260511_080000_MODIS.tif,data/kmz/ChillanNevadosde/20260511_080000_MODIS.kmz,1004,0.0
NevadosDeChillan,MODIS,2026-05-12 02:40:00+00:00,acquisition_utc,data/tif/ChillanNevadosde/20260512_024000_MODIS.tif,data/kmz/ChillanNevadosde/20260512_024000_MODIS.kmz,1005,0.0
NevadosDeChillan,MODIS,2026-05-12 07:00:00+00:00,acquisition_utc,data/tif/ChillanNevadosde/20260512_070000_MODIS.tif,data/kmz/ChillanNevadosde/20260512_070000_MODIS.kmz,1016,0.0
NevadosDeChillan,MODIS,2026-05-13 01:40:00+00:00,acquisition_utc,data/tif/ChillanNevadosde/20260513_014000_MODIS.tif,data/kmz/ChillanNevadosde/20260513_014000_MODIS.kmz,1017,0.0
NevadosDeChillan,MODIS,2026-05-13 07:40:00+00:00,acquisition_utc,data/tif/ChillanNevadosde/20260513_074000_MODIS.tif,data/kmz/ChillanNevadosde/20260513_074000_MODIS.kmz,1026,5.0
NevadosDeChillan,MODIS,2026-05-14 02:20:00+00:00,acquisition_utc,data/tif/ChillanNevadosde/20260514_022000_MODIS.tif,data/kmz/ChillanNevadosde/20260514_022000_MODIS.kmz,1027,0.0
NevadosDeChillan,MODIS,2026-05-14 08:15:00+00:00,acquisition_utc,data/tif/ChillanNevadosde/20260514_081500_MODIS.tif,data/kmz/ChillanNevadosde/20260514_081500_MODIS.kmz,1038,0.0
NevadosDeChillan,MODIS,2026-05-15 01:20:00+00:00,acquisition_utc,data/tif/ChillanNevadosde/20260515_012000_MODIS.tif,data/kmz/ChillanNevadosde/20260515_012000_MODIS.kmz,1039,0.0
NevadosDeChillan,MODIS,2026-05-15 07:15:00+00:00,acquisition_utc,data/tif/ChillanNevadosde/20260515_071500_MODIS.tif,data/kmz/ChillanNevadosde/20260515_071500_MODIS.kmz,1048,0.0
NevadosDeChillan,MODIS,2026-05-16 02:00:00+00:00,acquisition_utc,data/tif/ChillanNevadosde/20260516_020000_MODIS.tif,data/kmz/ChillanNevadosde/20260516_020000_MODIS.kmz,1049,0.0
NevadosDeChillan,MODIS,2026-05-17 02:40:00+00:00,acquisition_utc,data/tif/ChillanNevadosde/20260517_024000_MODIS.tif,data/kmz/ChillanNevadosde/20260517_024000_MODIS.kmz,1059,0.0
NevadosDeChillan,MODIS,2026-05-17 06:55:00+00:00,acquisition_utc,data/tif/ChillanNevadosde/20260517_065500_MODIS.tif,data/kmz/ChillanNevadosde/20260517_065500_MODIS.kmz,1070,0.0
NevadosDeChillan,MODIS,2026-05-17 08:30:00+00:00,acquisition_utc,data/tif/ChillanNevadosde/20260517_083000_MODIS.tif,data/kmz/ChillanNevadosde/20260517_083000_MODIS.kmz,1071,0.0
NevadosDeChillan,MODIS,2026-05-18 01:40:00+00:00,acquisition_utc,data/tif/ChillanNevadosde/20260518_014000_MODIS.tif,data/kmz/ChillanNevadosde/20260518_014000_MODIS.kmz,1072,0.0
NevadosDeChillan,MODIS,2026-05-18 07:30:00+00:00,acquisition_utc,data/tif/ChillanNevadosde/20260518_073000_MODIS.tif,data/kmz/ChillanNevadosde/20260518_073000_MODIS.kmz,1083,0.0
NevadosDeChillan,MODIS,2026-05-19 02:20:00+00:00,acquisition_utc,data/tif/ChillanNevadosde/20260519_022000_MODIS.tif,data/kmz/ChillanNevadosde/20260519_022000_MODIS.kmz,1084,0.0
NevadosDeChillan,MODIS,2026-05-19 08:10:00+00:00,acquisition_utc,data/tif/ChillanNevadosde/20260519_081000_MODIS.tif,data/kmz/ChillanNevadosde/20260519_081000_MODIS.kmz,1095,0.0
NevadosDeChillan,MODIS,2026-05-20 01:20:00+00:00,acquisition_utc,data/tif/ChillanNevadosde/20260520_012000_MODIS.tif,data/kmz/ChillanNevadosde/20260520_012000_MODIS.kmz,1096,0.0
NevadosDeChillan,VIIRS375,2026-05-09 05:42:02+00:00,acquisition_utc,data/tif/ChillanNevadosde/20260509_054202_VIIRS375.tif,data/kmz/ChillanNevadosde/20260509_054202_VIIRS375.kmz,978,0.03333333333333333
NevadosDeChillan,VIIRS375,2026-05-09 06:36:01+00:00,acquisition_utc,data/tif/ChillanNevadosde/20260509_063601_VIIRS375.tif,data/kmz/ChillanNevadosde/20260509_063601_VIIRS375.kmz,982,0.016666666666666666
NevadosDeChillan,VIIRS375,2026-05-10 06:18:01+00:00,acquisition_utc,data/tif/ChillanNevadosde/20260510_061801_VIIRS375.tif,data/kmz/ChillanNevadosde/20260510_061801_VIIRS375.kmz,992,0.016666666666666666
NevadosDeChillan,VIIRS375,2026-05-11 05:06:02+00:00,acquisition_utc,data/tif/ChillanNevadosde/20260511_050602_VIIRS375.tif,data/kmz/ChillanNevadosde/20260511_050602_VIIRS375.kmz,996,0.03333333333333333
NevadosDeChillan,VIIRS375,2026-05-12 05:36:01+00:00,acquisition_utc,data/tif/ChillanNevadosde/20260512_053601_VIIRS375.tif,data/kmz/ChillanNevadosde/20260512_053601_VIIRS375.kmz,1010,0.016666666666666666
NevadosDeChillan,VIIRS375,2026-05-12 07:00:00+00:00,acquisition_utc,data/tif/ChillanNevadosde/20260512_070000_VIIRS375.tif,data/kmz/ChillanNevadosde/20260512_070000_VIIRS375.kmz,1014,0.0
NevadosDeChillan,VIIRS375,2026-05-13 06:06:02+00:00,acquisition_utc,data/tif/ChillanNevadosde/20260513_060602_VIIRS375.tif,data/kmz/ChillanNevadosde/20260513_060602_VIIRS375.kmz,1022,0.03333333333333333
NevadosDeChillan,VIIRS375,2026-05-13 06:42:00+00:00,acquisition_utc,data/tif/ChillanNevadosde/20260513_064200_VIIRS375.tif,data/kmz/ChillanNevadosde/20260513_064200_VIIRS375.kmz,1024,0.0
NevadosDeChillan,VIIRS375,2026-05-14 05:48:02+00:00,acquisition_utc,data/tif/ChillanNevadosde/20260514_054802_VIIRS375.tif,data/kmz/ChillanNevadosde/20260514_054802_VIIRS375.kmz,1032,0.03333333333333333
NevadosDeChillan,VIIRS375,2026-05-14 06:24:00+00:00,acquisition_utc,data/tif/ChillanNevadosde/20260514_062400_VIIRS375.tif,data/kmz/ChillanNevadosde/20260514_062400_VIIRS375.kmz,1034,0.0
NevadosDeChillan,VIIRS375,2026-05-14 06:42:01+00:00,acquisition_utc,data/tif/ChillanNevadosde/20260514_064201_VIIRS375.tif,data/kmz/ChillanNevadosde/20260514_064201_VIIRS375.kmz,1036,0.016666666666666666
NevadosDeChillan,VIIRS375,2026-05-15 04:42:01+00:00,acquisition_utc,data/tif/ChillanNevadosde/20260515_044201_VIIRS375.tif,data/kmz/ChillanNevadosde/20260515_044201_VIIRS375.kmz,1040,0.016666666666666666
NevadosDeChillan,VIIRS375,2026-05-15 06:24:01+00:00,acquisition_utc,data/tif/ChillanNevadosde/20260515_062401_VIIRS375.tif,data/kmz/ChillanNevadosde/20260515_062401_VIIRS375.kmz,1046,0.016666666666666666
NevadosDeChillan,VIIRS375,2026-05-16 06:54:02+00:00,acquisition_utc,data/tif/ChillanNevadosde/20260516_065402_VIIRS375.tif,data/kmz/ChillanNevadosde/20260516_065402_VIIRS375.kmz,1056,0.03333333333333333
NevadosDeChillan,VIIRS375,2026-05-17 05:42:01+00:00,acquisition_utc,data/tif/ChillanNevadosde/20260517_054201_VIIRS375.tif,data/kmz/ChillanNevadosde/20260517_054201_VIIRS375.kmz,1064,0.016666666666666666
NevadosDeChillan,VIIRS375,2026-05-17 06:36:02+00:00,acquisition_utc,data/tif/ChillanNevadosde/20260517_063602_VIIRS375.tif,data/kmz/ChillanNevadosde/20260517_063602_VIIRS375.kmz,1068,0.03333333333333333
NevadosDeChillan,VIIRS375,2026-05-18 05:24:01+00:00,acquisition_utc,data/tif/ChillanNevadosde/20260518_052401_VIIRS375.tif,data/kmz/ChillanNevadosde/20260518_052401_VIIRS375.kmz,1077,0.016666666666666666
NevadosDeChillan,VIIRS375,2026-05-18 06:12:02+00:00,acquisition_utc,data/tif/ChillanNevadosde/20260518_061202_VIIRS375.tif,data/kmz/ChillanNevadosde/20260518_061202_VIIRS375.kmz,1079,0.03333333333333333
NevadosDeChillan,VIIRS375,2026-05-18 06:48:00+00:00,acquisition_utc,data/tif/ChillanNevadosde/20260518_064800_VIIRS375.tif,data/kmz/ChillanNevadosde/20260518_064800_VIIRS375.kmz,1081,0.0
NevadosDeChillan,VIIRS375,2026-05-19 06:48:01+00:00,acquisition_utc,data/tif/ChillanNevadosde/20260519_064801_VIIRS375.tif,data/kmz/ChillanNevadosde/20260519_064801_VIIRS375.kmz,1093,0.016666666666666666
NevadosDeChillan,VIIRS375,2026-05-20 04:48:01+00:00,acquisition_utc,data/tif/ChillanNevadosde/20260520_044801_VIIRS375.tif,data/kmz/ChillanNevadosde/20260520_044801_VIIRS375.kmz,1097,0.016666666666666666
NevadosDeChillan,VIIRS375,2026-05-20 05:36:02+00:00,acquisition_utc,data/tif/ChillanNevadosde/20260520_053602_VIIRS375.tif,data/kmz/ChillanNevadosde/20260520_053602_VIIRS375.kmz,1099,0.03333333333333333
NevadosDeChillan,VIIRS750,2026-05-09 06:36:01+00:00,acquisition_utc,data/tif/ChillanNevadosde/20260509_063601_VIIRS750.tif,data/kmz/ChillanNevadosde/20260509_063601_VIIRS750.kmz,983,0.016666666666666666
NevadosDeChillan,VIIRS750,2026-05-10 06:18:01+00:00,acquisition_utc,data/tif/ChillanNevadosde/20260510_061801_VIIRS750.tif,data/kmz/ChillanNevadosde/20260510_061801_VIIRS750.kmz,993,0.016666666666666666
NevadosDeChillan,VIIRS750,2026-05-11 05:06:02+00:00,acquisition_utc,data/tif/ChillanNevadosde/20260511_050602_VIIRS750.tif,data/kmz/ChillanNevadosde/20260511_050602_VIIRS750.kmz,997,0.03333333333333333
NevadosDeChillan,VIIRS750,2026-05-12 04:48:02+00:00,acquisition_utc,data/tif/ChillanNevadosde/20260512_044802_VIIRS750.tif,data/kmz/ChillanNevadosde/20260512_044802_VIIRS750.kmz,1007,0.03333333333333333
NevadosDeChillan,VIIRS750,2026-05-12 05:36:01+00:00,acquisition_utc,data/tif/ChillanNevadosde/20260512_053601_VIIRS750.tif,data/kmz/ChillanNevadosde/20260512_053601_VIIRS750.kmz,1011,0.016666666666666666
NevadosDeChillan,VIIRS750,2026-05-12 06:24:02+00:00,acquisition_utc,data/tif/ChillanNevadosde/20260512_062402_VIIRS750.tif,data/kmz/ChillanNevadosde/20260512_062402_VIIRS750.kmz,1013,0.03333333333333333
NevadosDeChillan,VIIRS750,2026-05-12 07:00:00+00:00,acquisition_utc,data/tif/ChillanNevadosde/20260512_070000_VIIRS750.tif,data/kmz/ChillanNevadosde/20260512_070000_VIIRS750.kmz,1015,0.0
NevadosDeChillan,VIIRS750,2026-05-13 05:18:01+00:00,acquisition_utc,data/tif/ChillanNevadosde/20260513_051801_VIIRS750.tif,data/kmz/ChillanNevadosde/20260513_051801_VIIRS750.kmz,1021,0.016666666666666666
NevadosDeChillan,VIIRS750,2026-05-13 06:06:02+00:00,acquisition_utc,data/tif/ChillanNevadosde/20260513_060602_VIIRS750.tif,data/kmz/ChillanNevadosde/20260513_060602_VIIRS750.kmz,1023,0.03333333333333333
NevadosDeChillan,VIIRS750,2026-05-13 06:42:00+00:00,acquisition_utc,data/tif/ChillanNevadosde/20260513_064200_VIIRS750.tif,data/kmz/ChillanNevadosde/20260513_064200_VIIRS750.kmz,1025,0.0
NevadosDeChillan,VIIRS750,2026-05-14 05:00:01+00:00,acquisition_utc,data/tif/ChillanNevadosde/20260514_050001_VIIRS750.tif,data/kmz/ChillanNevadosde/20260514_050001_VIIRS750.kmz,1031,0.016666666666666666
NevadosDeChillan,VIIRS750,2026-05-14 06:42:01+00:00,acquisition_utc,data/tif/ChillanNevadosde/20260514_064201_VIIRS750.tif,data/kmz/ChillanNevadosde/20260514_064201_VIIRS750.kmz,1037,0.016666666666666666
NevadosDeChillan,VIIRS750,2026-05-15 04:42:01+00:00,acquisition_utc,data/tif/ChillanNevadosde/20260515_044201_VIIRS750.tif,data/kmz/ChillanNevadosde/20260515_044201_VIIRS750.kmz,1041,0.016666666666666666
NevadosDeChillan,VIIRS750,2026-05-15 05:30:02+00:00,acquisition_utc,data/tif/ChillanNevadosde/20260515_053002_VIIRS750.tif,data/kmz/ChillanNevadosde/20260515_053002_VIIRS750.kmz,1043,0.03333333333333333
NevadosDeChillan,VIIRS750,2026-05-15 06:24:01+00:00,acquisition_utc,data/tif/ChillanNevadosde/20260515_062401_VIIRS750.tif,data/kmz/ChillanNevadosde/20260515_062401_VIIRS750.kmz,1047,0.016666666666666666
NevadosDeChillan,VIIRS750,2026-05-16 05:12:02+00:00,acquisition_utc,data/tif/ChillanNevadosde/20260516_051202_VIIRS750.tif,data/kmz/ChillanNevadosde/20260516_051202_VIIRS750.kmz,1051,0.03333333333333333
NevadosDeChillan,VIIRS750,2026-05-16 06:06:01+00:00,acquisition_utc,data/tif/ChillanNevadosde/20260516_060601_VIIRS750.tif,data/kmz/ChillanNevadosde/20260516_060601_VIIRS750.kmz,1055,0.016666666666666666
NevadosDeChillan,VIIRS750,2026-05-17 04:54:02+00:00,acquisition_utc,data/tif/ChillanNevadosde/20260517_045402_VIIRS750.tif,data/kmz/ChillanNevadosde/20260517_045402_VIIRS750.kmz,1061,0.03333333333333333
NevadosDeChillan,VIIRS750,2026-05-17 06:36:02+00:00,acquisition_utc,data/tif/ChillanNevadosde/20260517_063602_VIIRS750.tif,data/kmz/ChillanNevadosde/20260517_063602_VIIRS750.kmz,1069,0.03333333333333333
NevadosDeChillan,VIIRS750,2026-05-18 04:36:02+00:00,acquisition_utc,data/tif/ChillanNevadosde/20260518_043602_VIIRS750.tif,data/kmz/ChillanNevadosde/20260518_043602_VIIRS750.kmz,1074,0.03333333333333333
NevadosDeChillan,VIIRS750,2026-05-18 05:24:01+00:00,acquisition_utc,data/tif/ChillanNevadosde/20260518_052401_VIIRS750.tif,data/kmz/ChillanNevadosde/20260518_052401_VIIRS750.kmz,1078,0.016666666666666666
NevadosDeChillan,VIIRS750,2026-05-18 06:12:02+00:00,acquisition_utc,data/tif/ChillanNevadosde/20260518_061202_VIIRS750.tif,data/kmz/ChillanNevadosde/20260518_061202_VIIRS750.kmz,1080,0.03333333333333333
NevadosDeChillan,VIIRS750,2026-05-18 06:48:00+00:00,acquisition_utc,data/tif/ChillanNevadosde/20260518_064800_VIIRS750.tif,data/kmz/ChillanNevadosde/20260518_064800_VIIRS750.kmz,1082,0.0
NevadosDeChillan,VIIRS750,2026-05-19 05:06:01+00:00,acquisition_utc,data/tif/ChillanNevadosde/20260519_050601_VIIRS750.tif,data/kmz/ChillanNevadosde/20260519_050601_VIIRS750.kmz,1088,0.016666666666666666
NevadosDeChillan,VIIRS750,2026-05-19 05:54:02+00:00,acquisition_utc,data/tif/ChillanNevadosde/20260519_055402_VIIRS750.tif,data/kmz/ChillanNevadosde/20260519_055402_VIIRS750.kmz,1090,0.03333333333333333
NevadosDeChillan,VIIRS750,2026-05-19 06:48:01+00:00,acquisition_utc,data/tif/ChillanNevadosde/20260519_064801_VIIRS750.tif,data/kmz/ChillanNevadosde/20260519_064801_VIIRS750.kmz,1094,0.016666666666666666
NevadosDeChillan,VIIRS750,2026-05-20 04:48:01+00:00,acquisition_utc,data/tif/ChillanNevadosde/20260520_044801_VIIRS750.tif,data/kmz/ChillanNevadosde/20260520_044801_VIIRS750.kmz,1098,0.016666666666666666
PlanchonPeteroa,MODIS,2026-05-09 08:20:00+00:00,acquisition_utc,data/tif/PlanchonPeteroa/20260509_082000_MODIS.tif,data/kmz/PlanchonPeteroa/20260509_082000_MODIS.kmz,1150,0.0
PlanchonPeteroa,MODIS,2026-05-10 01:25:00+00:00,acquisition_utc,data/tif/PlanchonPeteroa/20260510_012500_MODIS.tif,data/kmz/PlanchonPeteroa/20260510_012500_MODIS.kmz,1151,0.0
PlanchonPeteroa,MODIS,2026-05-11 08:00:00+00:00,acquisition_utc,data/tif/PlanchonPeteroa/20260511_080000_MODIS.tif,data/kmz/PlanchonPeteroa/20260511_080000_MODIS.kmz,1170,0.0
PlanchonPeteroa,MODIS,2026-05-12 02:40:00+00:00,acquisition_utc,data/tif/PlanchonPeteroa/20260512_024000_MODIS.tif,data/kmz/PlanchonPeteroa/20260512_024000_MODIS.kmz,1172,0.0
PlanchonPeteroa,MODIS,2026-05-12 07:00:00+00:00,acquisition_utc,data/tif/PlanchonPeteroa/20260512_070000_MODIS.tif,data/kmz/PlanchonPeteroa/20260512_070000_MODIS.kmz,1181,0.0
PlanchonPeteroa,MODIS,2026-05-13 01:40:00+00:00,acquisition_utc,data/tif/PlanchonPeteroa/20260513_014000_MODIS.tif,data/kmz/PlanchonPeteroa/20260513_014000_MODIS.kmz,1182,0.0
PlanchonPeteroa,MODIS,2026-05-13 07:35:00+00:00,acquisition_utc,data/tif/PlanchonPeteroa/20260513_073500_MODIS.tif,data/kmz/PlanchonPeteroa/20260513_073500_MODIS.kmz,1191,0.0
PlanchonPeteroa,MODIS,2026-05-14 02:20:00+00:00,acquisition_utc,data/tif/PlanchonPeteroa/20260514_022000_MODIS.tif,data/kmz/PlanchonPeteroa/20260514_022000_MODIS.kmz,1192,0.0
PlanchonPeteroa,MODIS,2026-05-14 08:15:00+00:00,acquisition_utc,data/tif/PlanchonPeteroa/20260514_081500_MODIS.tif,data/kmz/PlanchonPeteroa/20260514_081500_MODIS.kmz,1203,0.0
PlanchonPeteroa,MODIS,2026-05-15 01:20:00+00:00,acquisition_utc,data/tif/PlanchonPeteroa/20260515_012000_MODIS.tif,data/kmz/PlanchonPeteroa/20260515_012000_MODIS.kmz,1204,0.0
PlanchonPeteroa,MODIS,2026-05-16 02:00:00+00:00,acquisition_utc,data/tif/PlanchonPeteroa/20260516_020000_MODIS.tif,data/kmz/PlanchonPeteroa/20260516_020000_MODIS.kmz,1214,0.0
PlanchonPeteroa,MODIS,2026-05-16 07:55:00+00:00,acquisition_utc,data/tif/PlanchonPeteroa/20260516_075500_MODIS.tif,data/kmz/PlanchonPeteroa/20260516_075500_MODIS.kmz,1221,0.0
PlanchonPeteroa,MODIS,2026-05-17 02:40:00+00:00,acquisition_utc,data/tif/PlanchonPeteroa/20260517_024000_MODIS.tif,data/kmz/PlanchonPeteroa/20260517_024000_MODIS.kmz,1222,0.0
PlanchonPeteroa,MODIS,2026-05-17 06:55:00+00:00,acquisition_utc,data/tif/PlanchonPeteroa/20260517_065500_MODIS.tif,data/kmz/PlanchonPeteroa/20260517_065500_MODIS.kmz,1231,0.0
PlanchonPeteroa,MODIS,2026-05-17 08:30:00+00:00,acquisition_utc,data/tif/PlanchonPeteroa/20260517_083000_MODIS.tif,data/kmz/PlanchonPeteroa/20260517_083000_MODIS.kmz,1232,0.0
PlanchonPeteroa,MODIS,2026-05-18 01:40:00+00:00,acquisition_utc,data/tif/PlanchonPeteroa/20260518_014000_MODIS.tif,data/kmz/PlanchonPeteroa/20260518_014000_MODIS.kmz,1233,0.0
PlanchonPeteroa,MODIS,2026-05-18 07:30:00+00:00,acquisition_utc,data/tif/PlanchonPeteroa/20260518_073000_MODIS.tif,data/kmz/PlanchonPeteroa/20260518_073000_MODIS.kmz,1244,0.0
PlanchonPeteroa,MODIS,2026-05-19 02:20:00+00:00,acquisition_utc,data/tif/PlanchonPeteroa/20260519_022000_MODIS.tif,data/kmz/PlanchonPeteroa/20260519_022000_MODIS.kmz,1245,0.0
PlanchonPeteroa,MODIS,2026-05-19 08:10:00+00:00,acquisition_utc,data/tif/PlanchonPeteroa/20260519_081000_MODIS.tif,data/kmz/PlanchonPeteroa/20260519_081000_MODIS.kmz,1256,0.0
PlanchonPeteroa,MODIS,2026-05-20 01:20:00+00:00,acquisition_utc,data/tif/PlanchonPeteroa/20260520_012000_MODIS.tif,data/kmz/PlanchonPeteroa/20260520_012000_MODIS.kmz,1257,0.0
PlanchonPeteroa,VIIRS375,2026-05-09 05:42:02+00:00,acquisition_utc,data/tif/PlanchonPeteroa/20260509_054202_VIIRS375.tif,data/kmz/PlanchonPeteroa/20260509_054202_VIIRS375.kmz,1144,0.03333333333333333
PlanchonPeteroa,VIIRS375,2026-05-09 06:36:01+00:00,acquisition_utc,data/tif/PlanchonPeteroa/20260509_063601_VIIRS375.tif,data/kmz/PlanchonPeteroa/20260509_063601_VIIRS375.kmz,1148,0.016666666666666666
PlanchonPeteroa,VIIRS375,2026-05-10 06:18:01+00:00,acquisition_utc,data/tif/PlanchonPeteroa/20260510_061801_VIIRS375.tif,data/kmz/PlanchonPeteroa/20260510_061801_VIIRS375.kmz,1158,0.016666666666666666
PlanchonPeteroa,VIIRS375,2026-05-11 05:54:01+00:00,acquisition_utc,data/tif/PlanchonPeteroa/20260511_055401_VIIRS375.tif,data/kmz/PlanchonPeteroa/20260511_055401_VIIRS375.kmz,1166,0.016666666666666666
PlanchonPeteroa,VIIRS375,2026-05-12 05:36:01+00:00,acquisition_utc,data/tif/PlanchonPeteroa/20260512_053601_VIIRS375.tif,data/kmz/PlanchonPeteroa/20260512_053601_VIIRS375.kmz,1177,0.016666666666666666
PlanchonPeteroa,VIIRS375,2026-05-13 06:06:02+00:00,acquisition_utc,data/tif/PlanchonPeteroa/20260513_060602_VIIRS375.tif,data/kmz/PlanchonPeteroa/20260513_060602_VIIRS375.kmz,1187,0.03333333333333333
PlanchonPeteroa,VIIRS375,2026-05-13 06:42:00+00:00,acquisition_utc,data/tif/PlanchonPeteroa/20260513_064200_VIIRS375.tif,data/kmz/PlanchonPeteroa/20260513_064200_VIIRS375.kmz,1189,0.0
PlanchonPeteroa,VIIRS375,2026-05-14 05:48:02+00:00,acquisition_utc,data/tif/PlanchonPeteroa/20260514_054802_VIIRS375.tif,data/kmz/PlanchonPeteroa/20260514_054802_VIIRS375.kmz,1197,0.03333333333333333
PlanchonPeteroa,VIIRS375,2026-05-14 06:24:00+00:00,acquisition_utc,data/tif/PlanchonPeteroa/20260514_062400_VIIRS375.tif,data/kmz/PlanchonPeteroa/20260514_062400_VIIRS375.kmz,1199,0.0
PlanchonPeteroa,VIIRS375,2026-05-14 06:42:01+00:00,acquisition_utc,data/tif/PlanchonPeteroa/20260514_064201_VIIRS375.tif,data/kmz/PlanchonPeteroa/20260514_064201_VIIRS375.kmz,1201,0.016666666666666666
PlanchonPeteroa,VIIRS375,2026-05-15 04:42:01+00:00,acquisition_utc,data/tif/PlanchonPeteroa/20260515_044201_VIIRS375.tif,data/kmz/PlanchonPeteroa/20260515_044201_VIIRS375.kmz,1205,0.016666666666666666
PlanchonPeteroa,VIIRS375,2026-05-17 05:42:01+00:00,acquisition_utc,data/tif/PlanchonPeteroa/20260517_054201_VIIRS375.tif,data/kmz/PlanchonPeteroa/20260517_054201_VIIRS375.kmz,1227,0.016666666666666666
PlanchonPeteroa,VIIRS375,2026-05-17 06:30:02+00:00,acquisition_utc,data/tif/PlanchonPeteroa/20260517_063002_VIIRS375.tif,data/kmz/PlanchonPeteroa/20260517_063002_VIIRS375.kmz,1229,0.03333333333333333
PlanchonPeteroa,VIIRS375,2026-05-18 05:24:01+00:00,acquisition_utc,data/tif/PlanchonPeteroa/20260518_052401_VIIRS375.tif,data/kmz/PlanchonPeteroa/20260518_052401_VIIRS375.kmz,1238,0.016666666666666666
PlanchonPeteroa,VIIRS375,2026-05-18 06:12:02+00:00,acquisition_utc,data/tif/PlanchonPeteroa/20260518_061202_VIIRS375.tif,data/kmz/PlanchonPeteroa/20260518_061202_VIIRS375.kmz,1240,0.03333333333333333
PlanchonPeteroa,VIIRS375,2026-05-18 06:48:00+00:00,acquisition_utc,data/tif/PlanchonPeteroa/20260518_064800_VIIRS375.tif,data/kmz/PlanchonPeteroa/20260518_064800_VIIRS375.kmz,1242,0.0
PlanchonPeteroa,VIIRS375,2026-05-19 06:48:01+00:00,acquisition_utc,data/tif/PlanchonPeteroa/20260519_064801_VIIRS375.tif,data/kmz/PlanchonPeteroa/20260519_064801_VIIRS375.kmz,1254,0.016666666666666666
PlanchonPeteroa,VIIRS375,2026-05-20 04:48:01+00:00,acquisition_utc,data/tif/PlanchonPeteroa/20260520_044801_VIIRS375.tif,data/kmz/PlanchonPeteroa/20260520_044801_VIIRS375.kmz,1258,0.016666666666666666
PlanchonPeteroa,VIIRS375,2026-05-20 05:36:02+00:00,acquisition_utc,data/tif/PlanchonPeteroa/20260520_053602_VIIRS375.tif,data/kmz/PlanchonPeteroa/20260520_053602_VIIRS375.kmz,1260,0.03333333333333333
PlanchonPeteroa,VIIRS750,2026-05-09 06:36:01+00:00,acquisition_utc,data/tif/PlanchonPeteroa/20260509_063601_VIIRS750.tif,data/kmz/PlanchonPeteroa/20260509_063601_VIIRS750.kmz,1149,0.016666666666666666
PlanchonPeteroa,VIIRS750,2026-05-10 04:36:01+00:00,acquisition_utc,data/tif/PlanchonPeteroa/20260510_043601_VIIRS750.tif,data/kmz/PlanchonPeteroa/20260510_043601_VIIRS750.kmz,1153,0.016666666666666666
PlanchonPeteroa,VIIRS750,2026-05-10 06:18:01+00:00,acquisition_utc,data/tif/PlanchonPeteroa/20260510_061801_VIIRS750.tif,data/kmz/PlanchonPeteroa/20260510_061801_VIIRS750.kmz,1159,0.016666666666666666
PlanchonPeteroa,VIIRS750,2026-05-11 05:54:01+00:00,acquisition_utc,data/tif/PlanchonPeteroa/20260511_055401_VIIRS750.tif,data/kmz/PlanchonPeteroa/20260511_055401_VIIRS750.kmz,1167,0.016666666666666666
PlanchonPeteroa,VIIRS750,2026-05-12 04:48:02+00:00,acquisition_utc,data/tif/PlanchonPeteroa/20260512_044802_VIIRS750.tif,data/kmz/PlanchonPeteroa/20260512_044802_VIIRS750.kmz,1174,0.03333333333333333
PlanchonPeteroa,VIIRS750,2026-05-12 05:36:01+00:00,acquisition_utc,data/tif/PlanchonPeteroa/20260512_053601_VIIRS750.tif,data/kmz/PlanchonPeteroa/20260512_053601_VIIRS750.kmz,1178,0.016666666666666666
PlanchonPeteroa,VIIRS750,2026-05-13 06:06:02+00:00,acquisition_utc,data/tif/PlanchonPeteroa/20260513_060602_VIIRS750.tif,data/kmz/PlanchonPeteroa/20260513_060602_VIIRS750.kmz,1188,0.03333333333333333
PlanchonPeteroa,VIIRS750,2026-05-13 06:42:00+00:00,acquisition_utc,data/tif/PlanchonPeteroa/20260513_064200_VIIRS750.tif,data/kmz/PlanchonPeteroa/20260513_064200_VIIRS750.kmz,1190,0.0
PlanchonPeteroa,VIIRS750,2026-05-14 05:00:01+00:00,acquisition_utc,data/tif/PlanchonPeteroa/20260514_050001_VIIRS750.tif,data/kmz/PlanchonPeteroa/20260514_050001_VIIRS750.kmz,1196,0.016666666666666666
PlanchonPeteroa,VIIRS750,2026-05-14 06:42:01+00:00,acquisition_utc,data/tif/PlanchonPeteroa/20260514_064201_VIIRS750.tif,data/kmz/PlanchonPeteroa/20260514_064201_VIIRS750.kmz,1202,0.016666666666666666
PlanchonPeteroa,VIIRS750,2026-05-15 04:42:01+00:00,acquisition_utc,data/tif/PlanchonPeteroa/20260515_044201_VIIRS750.tif,data/kmz/PlanchonPeteroa/20260515_044201_VIIRS750.kmz,1206,0.016666666666666666
PlanchonPeteroa,VIIRS750,2026-05-15 05:30:02+00:00,acquisition_utc,data/tif/PlanchonPeteroa/20260515_053002_VIIRS750.tif,data/kmz/PlanchonPeteroa/20260515_053002_VIIRS750.kmz,1208,0.03333333333333333
PlanchonPeteroa,VIIRS750,2026-05-15 06:24:01+00:00,acquisition_utc,data/tif/PlanchonPeteroa/20260515_062401_VIIRS750.tif,data/kmz/PlanchonPeteroa/20260515_062401_VIIRS750.kmz,1212,0.016666666666666666
PlanchonPeteroa,VIIRS750,2026-05-16 05:12:02+00:00,acquisition_utc,data/tif/PlanchonPeteroa/20260516_051202_VIIRS750.tif,data/kmz/PlanchonPeteroa/20260516_051202_VIIRS750.kmz,1216,0.03333333333333333
PlanchonPeteroa,VIIRS750,2026-05-17 04:54:02+00:00,acquisition_utc,data/tif/PlanchonPeteroa/20260517_045402_VIIRS750.tif,data/kmz/PlanchonPeteroa/20260517_045402_VIIRS750.kmz,1224,0.03333333333333333
PlanchonPeteroa,VIIRS750,2026-05-17 05:42:01+00:00,acquisition_utc,data/tif/PlanchonPeteroa/20260517_054201_VIIRS750.tif,data/kmz/PlanchonPeteroa/20260517_054201_VIIRS750.kmz,1228,0.016666666666666666
PlanchonPeteroa,VIIRS750,2026-05-17 06:30:02+00:00,acquisition_utc,data/tif/PlanchonPeteroa/20260517_063002_VIIRS750.tif,data/kmz/PlanchonPeteroa/20260517_063002_VIIRS750.kmz,1230,0.03333333333333333
PlanchonPeteroa,VIIRS750,2026-05-18 04:36:02+00:00,acquisition_utc,data/tif/PlanchonPeteroa/20260518_043602_VIIRS750.tif,data/kmz/PlanchonPeteroa/20260518_043602_VIIRS750.kmz,1235,0.03333333333333333
PlanchonPeteroa,VIIRS750,2026-05-18 05:24:01+00:00,acquisition_utc,data/tif/PlanchonPeteroa/20260518_052401_VIIRS750.tif,data/kmz/PlanchonPeteroa/20260518_052401_VIIRS750.kmz,1239,0.016666666666666666
PlanchonPeteroa,VIIRS750,2026-05-18 06:12:02+00:00,acquisition_utc,data/tif/PlanchonPeteroa/20260518_061202_VIIRS750.tif,data/kmz/PlanchonPeteroa/20260518_061202_VIIRS750.kmz,1241,0.03333333333333333
PlanchonPeteroa,VIIRS750,2026-05-18 06:48:00+00:00,acquisition_utc,data/tif/PlanchonPeteroa/20260518_064800_VIIRS750.tif,data/kmz/PlanchonPeteroa/20260518_064800_VIIRS750.kmz,1243,0.0
PlanchonPeteroa,VIIRS750,2026-05-19 05:06:01+00:00,acquisition_utc,data/tif/PlanchonPeteroa/20260519_050601_VIIRS750.tif,data/kmz/PlanchonPeteroa/20260519_050601_VIIRS750.kmz,1249,0.016666666666666666
PlanchonPeteroa,VIIRS750,2026-05-19 05:54:02+00:00,acquisition_utc,data/tif/PlanchonPeteroa/20260519_055402_VIIRS750.tif,data/kmz/PlanchonPeteroa/20260519_055402_VIIRS750.kmz,1251,0.03333333333333333
PlanchonPeteroa,VIIRS750,2026-05-19 06:48:01+00:00,acquisition_utc,data/tif/PlanchonPeteroa/20260519_064801_VIIRS750.tif,data/kmz/PlanchonPeteroa/20260519_064801_VIIRS750.kmz,1255,0.016666666666666666
PlanchonPeteroa,VIIRS750,2026-05-20 04:48:01+00:00,acquisition_utc,data/tif/PlanchonPeteroa/20260520_044801_VIIRS750.tif,data/kmz/PlanchonPeteroa/20260520_044801_VIIRS750.kmz,1259,0.016666666666666666
PuyehueCordonCaulle,MODIS,2026-05-09 08:25:00+00:00,acquisition_utc,data/tif/PuyehueCordonCaulle/20260509_082500_MODIS.tif,data/kmz/PuyehueCordonCaulle/20260509_082500_MODIS.kmz,1311,5.0
PuyehueCordonCaulle,MODIS,2026-05-10 01:20:00+00:00,acquisition_utc,data/tif/PuyehueCordonCaulle/20260510_012000_MODIS.tif,data/kmz/PuyehueCordonCaulle/20260510_012000_MODIS.kmz,1312,0.0
PuyehueCordonCaulle,MODIS,2026-05-10 03:00:00+00:00,acquisition_utc,data/tif/PuyehueCordonCaulle/20260510_030000_MODIS.tif,data/kmz/PuyehueCordonCaulle/20260510_030000_MODIS.kmz,1313,0.0
PuyehueCordonCaulle,MODIS,2026-05-11 08:00:00+00:00,acquisition_utc,data/tif/PuyehueCordonCaulle/20260511_080000_MODIS.tif,data/kmz/PuyehueCordonCaulle/20260511_080000_MODIS.kmz,1332,0.0
PuyehueCordonCaulle,MODIS,2026-05-12 02:40:00+00:00,acquisition_utc,data/tif/PuyehueCordonCaulle/20260512_024000_MODIS.tif,data/kmz/PuyehueCordonCaulle/20260512_024000_MODIS.kmz,1333,0.0
PuyehueCordonCaulle,MODIS,2026-05-12 07:00:00+00:00,acquisition_utc,data/tif/PuyehueCordonCaulle/20260512_070000_MODIS.tif,data/kmz/PuyehueCordonCaulle/20260512_070000_MODIS.kmz,1344,0.0
PuyehueCordonCaulle,MODIS,2026-05-13 01:40:00+00:00,acquisition_utc,data/tif/PuyehueCordonCaulle/20260513_014000_MODIS.tif,data/kmz/PuyehueCordonCaulle/20260513_014000_MODIS.kmz,1347,0.0
PuyehueCordonCaulle,MODIS,2026-05-13 07:40:00+00:00,acquisition_utc,data/tif/PuyehueCordonCaulle/20260513_074000_MODIS.tif,data/kmz/PuyehueCordonCaulle/20260513_074000_MODIS.kmz,1358,0.0
PuyehueCordonCaulle,MODIS,2026-05-14 02:20:00+00:00,acquisition_utc,data/tif/PuyehueCordonCaulle/20260514_022000_MODIS.tif,data/kmz/PuyehueCordonCaulle/20260514_022000_MODIS.kmz,1359,0.0
PuyehueCordonCaulle,MODIS,2026-05-14 08:15:00+00:00,acquisition_utc,data/tif/PuyehueCordonCaulle/20260514_081500_MODIS.tif,data/kmz/PuyehueCordonCaulle/20260514_081500_MODIS.kmz,1370,0.0
PuyehueCordonCaulle,MODIS,2026-05-15 01:20:00+00:00,acquisition_utc,data/tif/PuyehueCordonCaulle/20260515_012000_MODIS.tif,data/kmz/PuyehueCordonCaulle/20260515_012000_MODIS.kmz,1371,0.0
PuyehueCordonCaulle,MODIS,2026-05-15 03:00:00+00:00,acquisition_utc,data/tif/PuyehueCordonCaulle/20260515_030000_MODIS.tif,data/kmz/PuyehueCordonCaulle/20260515_030000_MODIS.kmz,1372,0.0
PuyehueCordonCaulle,MODIS,2026-05-15 07:15:00+00:00,acquisition_utc,data/tif/PuyehueCordonCaulle/20260515_071500_MODIS.tif,data/kmz/PuyehueCordonCaulle/20260515_071500_MODIS.kmz,1381,0.0
PuyehueCordonCaulle,MODIS,2026-05-16 02:00:00+00:00,acquisition_utc,data/tif/PuyehueCordonCaulle/20260516_020000_MODIS.tif,data/kmz/PuyehueCordonCaulle/20260516_020000_MODIS.kmz,1382,0.0
PuyehueCordonCaulle,MODIS,2026-05-16 07:55:00+00:00,acquisition_utc,data/tif/PuyehueCordonCaulle/20260516_075500_MODIS.tif,data/kmz/PuyehueCordonCaulle/20260516_075500_MODIS.kmz,1392,0.0
PuyehueCordonCaulle,MODIS,2026-05-17 02:40:00+00:00,acquisition_utc,data/tif/PuyehueCordonCaulle/20260517_024000_MODIS.tif,data/kmz/PuyehueCordonCaulle/20260517_024000_MODIS.kmz,1393,0.0
PuyehueCordonCaulle,MODIS,2026-05-17 06:55:00+00:00,acquisition_utc,data/tif/PuyehueCordonCaulle/20260517_065500_MODIS.tif,data/kmz/PuyehueCordonCaulle/20260517_065500_MODIS.kmz,1402,0.0
PuyehueCordonCaulle,MODIS,2026-05-17 08:30:00+00:00,acquisition_utc,data/tif/PuyehueCordonCaulle/20260517_083000_MODIS.tif,data/kmz/PuyehueCordonCaulle/20260517_083000_MODIS.kmz,1403,0.0
PuyehueCordonCaulle,MODIS,2026-05-18 07:35:00+00:00,acquisition_utc,data/tif/PuyehueCordonCaulle/20260518_073500_MODIS.tif,data/kmz/PuyehueCordonCaulle/20260518_073500_MODIS.kmz,1415,5.0
PuyehueCordonCaulle,MODIS,2026-05-19 02:20:00+00:00,acquisition_utc,data/tif/PuyehueCordonCaulle/20260519_022000_MODIS.tif,data/kmz/PuyehueCordonCaulle/20260519_022000_MODIS.kmz,1416,0.0
PuyehueCordonCaulle,MODIS,2026-05-19 08:10:00+00:00,acquisition_utc,data/tif/PuyehueCordonCaulle/20260519_081000_MODIS.tif,data/kmz/PuyehueCordonCaulle/20260519_081000_MODIS.kmz,1427,0.0
PuyehueCordonCaulle,MODIS,2026-05-20 01:20:00+00:00,acquisition_utc,data/tif/PuyehueCordonCaulle/20260520_012000_MODIS.tif,data/kmz/PuyehueCordonCaulle/20260520_012000_MODIS.kmz,1428,0.0
PuyehueCordonCaulle,MODIS,2026-05-20 03:00:00+00:00,acquisition_utc,data/tif/PuyehueCordonCaulle/20260520_030000_MODIS.tif,data/kmz/PuyehueCordonCaulle/20260520_030000_MODIS.kmz,1429,0.0
PuyehueCordonCaulle,MODIS,2026-05-20 07:10:00+00:00,acquisition_utc,data/tif/PuyehueCordonCaulle/20260520_071000_MODIS.tif,data/kmz/PuyehueCordonCaulle/20260520_071000_MODIS.kmz,1440,0.0
PuyehueCordonCaulle,VIIRS375,2026-05-09 05:42:02+00:00,acquisition_utc,data/tif/PuyehueCordonCaulle/20260509_054202_VIIRS375.tif,data/kmz/PuyehueCordonCaulle/20260509_054202_VIIRS375.kmz,1304,0.03333333333333333
PuyehueCordonCaulle,VIIRS375,2026-05-09 06:36:01+00:00,acquisition_utc,data/tif/PuyehueCordonCaulle/20260509_063601_VIIRS375.tif,data/kmz/PuyehueCordonCaulle/20260509_063601_VIIRS375.kmz,1308,0.016666666666666666
PuyehueCordonCaulle,VIIRS375,2026-05-10 06:18:01+00:00,acquisition_utc,data/tif/PuyehueCordonCaulle/20260510_061801_VIIRS375.tif,data/kmz/PuyehueCordonCaulle/20260510_061801_VIIRS375.kmz,1320,0.016666666666666666
PuyehueCordonCaulle,VIIRS375,2026-05-11 06:00:01+00:00,acquisition_utc,data/tif/PuyehueCordonCaulle/20260511_060001_VIIRS375.tif,data/kmz/PuyehueCordonCaulle/20260511_060001_VIIRS375.kmz,1328,0.016666666666666666
PuyehueCordonCaulle,VIIRS375,2026-05-11 06:48:02+00:00,acquisition_utc,data/tif/PuyehueCordonCaulle/20260511_064802_VIIRS375.tif,data/kmz/PuyehueCordonCaulle/20260511_064802_VIIRS375.kmz,1330,0.03333333333333333
PuyehueCordonCaulle,VIIRS375,2026-05-12 05:42:01+00:00,acquisition_utc,data/tif/PuyehueCordonCaulle/20260512_054201_VIIRS375.tif,data/kmz/PuyehueCordonCaulle/20260512_054201_VIIRS375.kmz,1340,0.016666666666666666
PuyehueCordonCaulle,VIIRS375,2026-05-12 07:00:00+00:00,acquisition_utc,data/tif/PuyehueCordonCaulle/20260512_070000_VIIRS375.tif,data/kmz/PuyehueCordonCaulle/20260512_070000_VIIRS375.kmz,1345,0.0
PuyehueCordonCaulle,VIIRS375,2026-05-13 05:18:01+00:00,acquisition_utc,data/tif/PuyehueCordonCaulle/20260513_051801_VIIRS375.tif,data/kmz/PuyehueCordonCaulle/20260513_051801_VIIRS375.kmz,1352,0.016666666666666666
PuyehueCordonCaulle,VIIRS375,2026-05-13 06:42:00+00:00,acquisition_utc,data/tif/PuyehueCordonCaulle/20260513_064200_VIIRS375.tif,data/kmz/PuyehueCordonCaulle/20260513_064200_VIIRS375.kmz,1356,0.0
PuyehueCordonCaulle,VIIRS375,2026-05-14 06:24:00+00:00,acquisition_utc,data/tif/PuyehueCordonCaulle/20260514_062400_VIIRS375.tif,data/kmz/PuyehueCordonCaulle/20260514_062400_VIIRS375.kmz,1366,0.0
PuyehueCordonCaulle,VIIRS375,2026-05-15 04:42:01+00:00,acquisition_utc,data/tif/PuyehueCordonCaulle/20260515_044201_VIIRS375.tif,data/kmz/PuyehueCordonCaulle/20260515_044201_VIIRS375.kmz,1373,0.016666666666666666
PuyehueCordonCaulle,VIIRS375,2026-05-15 06:24:01+00:00,acquisition_utc,data/tif/PuyehueCordonCaulle/20260515_062401_VIIRS375.tif,data/kmz/PuyehueCordonCaulle/20260515_062401_VIIRS375.kmz,1379,0.016666666666666666
PuyehueCordonCaulle,VIIRS375,2026-05-16 04:24:01+00:00,acquisition_utc,data/tif/PuyehueCordonCaulle/20260516_042401_VIIRS375.tif,data/kmz/PuyehueCordonCaulle/20260516_042401_VIIRS375.kmz,1383,0.016666666666666666
PuyehueCordonCaulle,VIIRS375,2026-05-16 06:54:02+00:00,acquisition_utc,data/tif/PuyehueCordonCaulle/20260516_065402_VIIRS375.tif,data/kmz/PuyehueCordonCaulle/20260516_065402_VIIRS375.kmz,1390,0.03333333333333333
PuyehueCordonCaulle,VIIRS375,2026-05-17 05:48:01+00:00,acquisition_utc,data/tif/PuyehueCordonCaulle/20260517_054801_VIIRS375.tif,data/kmz/PuyehueCordonCaulle/20260517_054801_VIIRS375.kmz,1398,0.016666666666666666
PuyehueCordonCaulle,VIIRS375,2026-05-17 06:36:02+00:00,acquisition_utc,data/tif/PuyehueCordonCaulle/20260517_063602_VIIRS375.tif,data/kmz/PuyehueCordonCaulle/20260517_063602_VIIRS375.kmz,1400,0.03333333333333333
PuyehueCordonCaulle,VIIRS375,2026-05-18 05:24:01+00:00,acquisition_utc,data/tif/PuyehueCordonCaulle/20260518_052401_VIIRS375.tif,data/kmz/PuyehueCordonCaulle/20260518_052401_VIIRS375.kmz,1409,0.016666666666666666
PuyehueCordonCaulle,VIIRS375,2026-05-18 06:18:02+00:00,acquisition_utc,data/tif/PuyehueCordonCaulle/20260518_061802_VIIRS375.tif,data/kmz/PuyehueCordonCaulle/20260518_061802_VIIRS375.kmz,1411,0.03333333333333333
PuyehueCordonCaulle,VIIRS375,2026-05-18 06:48:00+00:00,acquisition_utc,data/tif/PuyehueCordonCaulle/20260518_064800_VIIRS375.tif,data/kmz/PuyehueCordonCaulle/20260518_064800_VIIRS375.kmz,1413,0.0
PuyehueCordonCaulle,VIIRS375,2026-05-19 05:06:01+00:00,acquisition_utc,data/tif/PuyehueCordonCaulle/20260519_050601_VIIRS375.tif,data/kmz/PuyehueCordonCaulle/20260519_050601_VIIRS375.kmz,1419,0.016666666666666666
PuyehueCordonCaulle,VIIRS375,2026-05-19 06:48:01+00:00,acquisition_utc,data/tif/PuyehueCordonCaulle/20260519_064801_VIIRS375.tif,data/kmz/PuyehueCordonCaulle/20260519_064801_VIIRS375.kmz,1425,0.016666666666666666
PuyehueCordonCaulle,VIIRS375,2026-05-20 04:48:01+00:00,acquisition_utc,data/tif/PuyehueCordonCaulle/20260520_044801_VIIRS375.tif,data/kmz/PuyehueCordonCaulle/20260520_044801_VIIRS375.kmz,1432,0.016666666666666666
PuyehueCordonCaulle,VIIRS375,2026-05-20 05:36:02+00:00,acquisition_utc,data/tif/PuyehueCordonCaulle/20260520_053602_VIIRS375.tif,data/kmz/PuyehueCordonCaulle/20260520_053602_VIIRS375.kmz,1434,0.03333333333333333
PuyehueCordonCaulle,VIIRS750,2026-05-09 06:36:01+00:00,acquisition_utc,data/tif/PuyehueCordonCaulle/20260509_063601_VIIRS750.tif,data/kmz/PuyehueCordonCaulle/20260509_063601_VIIRS750.kmz,1309,0.016666666666666666
PuyehueCordonCaulle,VIIRS750,2026-05-10 04:36:01+00:00,acquisition_utc,data/tif/PuyehueCordonCaulle/20260510_043601_VIIRS750.tif,data/kmz/PuyehueCordonCaulle/20260510_043601_VIIRS750.kmz,1315,0.016666666666666666
PuyehueCordonCaulle,VIIRS750,2026-05-11 06:00:01+00:00,acquisition_utc,data/tif/PuyehueCordonCaulle/20260511_060001_VIIRS750.tif,data/kmz/PuyehueCordonCaulle/20260511_060001_VIIRS750.kmz,1329,0.016666666666666666
PuyehueCordonCaulle,VIIRS750,2026-05-12 04:48:02+00:00,acquisition_utc,data/tif/PuyehueCordonCaulle/20260512_044802_VIIRS750.tif,data/kmz/PuyehueCordonCaulle/20260512_044802_VIIRS750.kmz,1335,0.03333333333333333
PuyehueCordonCaulle,VIIRS750,2026-05-12 06:30:02+00:00,acquisition_utc,data/tif/PuyehueCordonCaulle/20260512_063002_VIIRS750.tif,data/kmz/PuyehueCordonCaulle/20260512_063002_VIIRS750.kmz,1343,0.03333333333333333
PuyehueCordonCaulle,VIIRS750,2026-05-13 05:18:01+00:00,acquisition_utc,data/tif/PuyehueCordonCaulle/20260513_051801_VIIRS750.tif,data/kmz/PuyehueCordonCaulle/20260513_051801_VIIRS750.kmz,1353,0.016666666666666666
PuyehueCordonCaulle,VIIRS750,2026-05-14 05:00:01+00:00,acquisition_utc,data/tif/PuyehueCordonCaulle/20260514_050001_VIIRS750.tif,data/kmz/PuyehueCordonCaulle/20260514_050001_VIIRS750.kmz,1363,0.016666666666666666
PuyehueCordonCaulle,VIIRS750,2026-05-14 06:42:01+00:00,acquisition_utc,data/tif/PuyehueCordonCaulle/20260514_064201_VIIRS750.tif,data/kmz/PuyehueCordonCaulle/20260514_064201_VIIRS750.kmz,1369,0.016666666666666666
PuyehueCordonCaulle,VIIRS750,2026-05-15 04:42:01+00:00,acquisition_utc,data/tif/PuyehueCordonCaulle/20260515_044201_VIIRS750.tif,data/kmz/PuyehueCordonCaulle/20260515_044201_VIIRS750.kmz,1374,0.016666666666666666
PuyehueCordonCaulle,VIIRS750,2026-05-15 05:30:02+00:00,acquisition_utc,data/tif/PuyehueCordonCaulle/20260515_053002_VIIRS750.tif,data/kmz/PuyehueCordonCaulle/20260515_053002_VIIRS750.kmz,1376,0.03333333333333333
PuyehueCordonCaulle,VIIRS750,2026-05-15 06:24:01+00:00,acquisition_utc,data/tif/PuyehueCordonCaulle/20260515_062401_VIIRS750.tif,data/kmz/PuyehueCordonCaulle/20260515_062401_VIIRS750.kmz,1380,0.016666666666666666
PuyehueCordonCaulle,VIIRS750,2026-05-16 05:12:02+00:00,acquisition_utc,data/tif/PuyehueCordonCaulle/20260516_051202_VIIRS750.tif,data/kmz/PuyehueCordonCaulle/20260516_051202_VIIRS750.kmz,1385,0.03333333333333333
PuyehueCordonCaulle,VIIRS750,2026-05-16 06:06:01+00:00,acquisition_utc,data/tif/PuyehueCordonCaulle/20260516_060601_VIIRS750.tif,data/kmz/PuyehueCordonCaulle/20260516_060601_VIIRS750.kmz,1389,0.016666666666666666
PuyehueCordonCaulle,VIIRS750,2026-05-17 04:54:02+00:00,acquisition_utc,data/tif/PuyehueCordonCaulle/20260517_045402_VIIRS750.tif,data/kmz/PuyehueCordonCaulle/20260517_045402_VIIRS750.kmz,1395,0.03333333333333333
PuyehueCordonCaulle,VIIRS750,2026-05-17 05:48:01+00:00,acquisition_utc,data/tif/PuyehueCordonCaulle/20260517_054801_VIIRS750.tif,data/kmz/PuyehueCordonCaulle/20260517_054801_VIIRS750.kmz,1399,0.016666666666666666
PuyehueCordonCaulle,VIIRS750,2026-05-17 06:36:02+00:00,acquisition_utc,data/tif/PuyehueCordonCaulle/20260517_063602_VIIRS750.tif,data/kmz/PuyehueCordonCaulle/20260517_063602_VIIRS750.kmz,1401,0.03333333333333333
PuyehueCordonCaulle,VIIRS750,2026-05-18 04:36:02+00:00,acquisition_utc,data/tif/PuyehueCordonCaulle/20260518_043602_VIIRS750.tif,data/kmz/PuyehueCordonCaulle/20260518_043602_VIIRS750.kmz,1406,0.03333333333333333
PuyehueCordonCaulle,VIIRS750,2026-05-18 05:24:01+00:00,acquisition_utc,data/tif/PuyehueCordonCaulle/20260518_052401_VIIRS750.tif,data/kmz/PuyehueCordonCaulle/20260518_052401_VIIRS750.kmz,1410,0.016666666666666666
PuyehueCordonCaulle,VIIRS750,2026-05-18 06:18:02+00:00,acquisition_utc,data/tif/PuyehueCordonCaulle/20260518_061802_VIIRS750.tif,data/kmz/PuyehueCordonCaulle/20260518_061802_VIIRS750.kmz,1412,0.03333333333333333
PuyehueCordonCaulle,VIIRS750,2026-05-18 06:48:00+00:00,acquisition_utc,data/tif/PuyehueCordonCaulle/20260518_064800_VIIRS750.tif,data/kmz/PuyehueCordonCaulle/20260518_064800_VIIRS750.kmz,1414,0.0
PuyehueCordonCaulle,VIIRS750,2026-05-19 05:54:02+00:00,acquisition_utc,data/tif/PuyehueCordonCaulle/20260519_055402_VIIRS750.tif,data/kmz/PuyehueCordonCaulle/20260519_055402_VIIRS750.kmz,1422,0.03333333333333333
PuyehueCordonCaulle,VIIRS750,2026-05-19 06:48:01+00:00,acquisition_utc,data/tif/PuyehueCordonCaulle/20260519_064801_VIIRS750.tif,data/kmz/PuyehueCordonCaulle/20260519_064801_VIIRS750.kmz,1426,0.016666666666666666
PuyehueCordonCaulle,VIIRS750,2026-05-20 04:48:01+00:00,acquisition_utc,data/tif/PuyehueCordonCaulle/20260520_044801_VIIRS750.tif,data/kmz/PuyehueCordonCaulle/20260520_044801_VIIRS750.kmz,1433,0.016666666666666666
Tupungatito,MODIS,2026-05-10 01:25:00+00:00,acquisition_utc,data/tif/Tupungatito/20260510_012500_MODIS.tif,data/kmz/Tupungatito/20260510_012500_MODIS.kmz,1484,0.0
Tupungatito,MODIS,2026-05-11 02:05:00+00:00,acquisition_utc,data/tif/Tupungatito/20260511_020500_MODIS.tif,data/kmz/Tupungatito/20260511_020500_MODIS.kmz,1494,0.0
Tupungatito,MODIS,2026-05-11 08:00:00+00:00,acquisition_utc,data/tif/Tupungatito/20260511_080000_MODIS.tif,data/kmz/Tupungatito/20260511_080000_MODIS.kmz,1503,0.0
Tupungatito,MODIS,2026-05-12 02:40:00+00:00,acquisition_utc,data/tif/Tupungatito/20260512_024000_MODIS.tif,data/kmz/Tupungatito/20260512_024000_MODIS.kmz,1505,0.0
Tupungatito,MODIS,2026-05-12 07:00:00+00:00,acquisition_utc,data/tif/Tupungatito/20260512_070000_MODIS.tif,data/kmz/Tupungatito/20260512_070000_MODIS.kmz,1514,0.0
Tupungatito,MODIS,2026-05-13 01:45:00+00:00,acquisition_utc,data/tif/Tupungatito/20260513_014500_MODIS.tif,data/kmz/Tupungatito/20260513_014500_MODIS.kmz,1515,0.0
Tupungatito,MODIS,2026-05-13 07:35:00+00:00,acquisition_utc,data/tif/Tupungatito/20260513_073500_MODIS.tif,data/kmz/Tupungatito/20260513_073500_MODIS.kmz,1524,0.0
Tupungatito,MODIS,2026-05-14 02:20:00+00:00,acquisition_utc,data/tif/Tupungatito/20260514_022000_MODIS.tif,data/kmz/Tupungatito/20260514_022000_MODIS.kmz,1525,0.0
Tupungatito,MODIS,2026-05-14 08:15:00+00:00,acquisition_utc,data/tif/Tupungatito/20260514_081500_MODIS.tif,data/kmz/Tupungatito/20260514_081500_MODIS.kmz,1536,0.0
Tupungatito,MODIS,2026-05-15 01:25:00+00:00,acquisition_utc,data/tif/Tupungatito/20260515_012500_MODIS.tif,data/kmz/Tupungatito/20260515_012500_MODIS.kmz,1537,0.0
Tupungatito,MODIS,2026-05-15 07:15:00+00:00,acquisition_utc,data/tif/Tupungatito/20260515_071500_MODIS.tif,data/kmz/Tupungatito/20260515_071500_MODIS.kmz,1548,0.0
Tupungatito,MODIS,2026-05-16 02:00:00+00:00,acquisition_utc,data/tif/Tupungatito/20260516_020000_MODIS.tif,data/kmz/Tupungatito/20260516_020000_MODIS.kmz,1549,0.0
Tupungatito,MODIS,2026-05-16 07:50:00+00:00,acquisition_utc,data/tif/Tupungatito/20260516_075000_MODIS.tif,data/kmz/Tupungatito/20260516_075000_MODIS.kmz,1556,0.0
Tupungatito,MODIS,2026-05-17 01:05:00+00:00,acquisition_utc,data/tif/Tupungatito/20260517_010500_MODIS.tif,data/kmz/Tupungatito/20260517_010500_MODIS.kmz,1557,0.0
Tupungatito,MODIS,2026-05-17 02:40:00+00:00,acquisition_utc,data/tif/Tupungatito/20260517_024000_MODIS.tif,data/kmz/Tupungatito/20260517_024000_MODIS.kmz,1558,0.0
Tupungatito,MODIS,2026-05-17 06:55:00+00:00,acquisition_utc,data/tif/Tupungatito/20260517_065500_MODIS.tif,data/kmz/Tupungatito/20260517_065500_MODIS.kmz,1567,0.0
Tupungatito,MODIS,2026-05-18 01:40:00+00:00,acquisition_utc,data/tif/Tupungatito/20260518_014000_MODIS.tif,data/kmz/Tupungatito/20260518_014000_MODIS.kmz,1568,0.0
Tupungatito,MODIS,2026-05-18 07:30:00+00:00,acquisition_utc,data/tif/Tupungatito/20260518_073000_MODIS.tif,data/kmz/Tupungatito/20260518_073000_MODIS.kmz,1579,0.0
Tupungatito,MODIS,2026-05-19 02:20:00+00:00,acquisition_utc,data/tif/Tupungatito/20260519_022000_MODIS.tif,data/kmz/Tupungatito/20260519_022000_MODIS.kmz,1580,0.0
Tupungatito,MODIS,2026-05-19 08:10:00+00:00,acquisition_utc,data/tif/Tupungatito/20260519_081000_MODIS.tif,data/kmz/Tupungatito/20260519_081000_MODIS.kmz,1591,0.0
Tupungatito,MODIS,2026-05-20 01:20:00+00:00,acquisition_utc,data/tif/Tupungatito/20260520_012000_MODIS.tif,data/kmz/Tupungatito/20260520_012000_MODIS.kmz,1592,0.0
Tupungatito,VIIRS375,2026-05-09 05:42:02+00:00,acquisition_utc,data/tif/Tupungatito/20260509_054202_VIIRS375.tif,data/kmz/Tupungatito/20260509_054202_VIIRS375.kmz,1477,0.03333333333333333
Tupungatito,VIIRS375,2026-05-10 06:12:01+00:00,acquisition_utc,data/tif/Tupungatito/20260510_061201_VIIRS375.tif,data/kmz/Tupungatito/20260510_061201_VIIRS375.kmz,1491,0.016666666666666666
Tupungatito,VIIRS375,2026-05-11 05:54:01+00:00,acquisition_utc,data/tif/Tupungatito/20260511_055401_VIIRS375.tif,data/kmz/Tupungatito/20260511_055401_VIIRS375.kmz,1499,0.016666666666666666
Tupungatito,VIIRS375,2026-05-11 06:42:02+00:00,acquisition_utc,data/tif/Tupungatito/20260511_064202_VIIRS375.tif,data/kmz/Tupungatito/20260511_064202_VIIRS375.kmz,1501,0.03333333333333333
Tupungatito,VIIRS375,2026-05-12 05:36:01+00:00,acquisition_utc,data/tif/Tupungatito/20260512_053601_VIIRS375.tif,data/kmz/Tupungatito/20260512_053601_VIIRS375.kmz,1510,0.016666666666666666
Tupungatito,VIIRS375,2026-05-12 06:24:02+00:00,acquisition_utc,data/tif/Tupungatito/20260512_062402_VIIRS375.tif,data/kmz/Tupungatito/20260512_062402_VIIRS375.kmz,1512,0.03333333333333333
Tupungatito,VIIRS375,2026-05-13 05:18:01+00:00,acquisition_utc,data/tif/Tupungatito/20260513_051801_VIIRS375.tif,data/kmz/Tupungatito/20260513_051801_VIIRS375.kmz,1518,0.016666666666666666
Tupungatito,VIIRS375,2026-05-13 06:06:02+00:00,acquisition_utc,data/tif/Tupungatito/20260513_060602_VIIRS375.tif,data/kmz/Tupungatito/20260513_060602_VIIRS375.kmz,1520,0.03333333333333333
Tupungatito,VIIRS375,2026-05-14 05:48:02+00:00,acquisition_utc,data/tif/Tupungatito/20260514_054802_VIIRS375.tif,data/kmz/Tupungatito/20260514_054802_VIIRS375.kmz,1530,0.03333333333333333
Tupungatito,VIIRS375,2026-05-14 06:42:01+00:00,acquisition_utc,data/tif/Tupungatito/20260514_064201_VIIRS375.tif,data/kmz/Tupungatito/20260514_064201_VIIRS375.kmz,1534,0.016666666666666666
Tupungatito,VIIRS375,2026-05-15 04:42:01+00:00,acquisition_utc,data/tif/Tupungatito/20260515_044201_VIIRS375.tif,data/kmz/Tupungatito/20260515_044201_VIIRS375.kmz,1538,0.016666666666666666
Tupungatito,VIIRS375,2026-05-15 06:24:01+00:00,acquisition_utc,data/tif/Tupungatito/20260515_062401_VIIRS375.tif,data/kmz/Tupungatito/20260515_062401_VIIRS375.kmz,1546,0.016666666666666666
Tupungatito,VIIRS375,2026-05-17 05:42:01+00:00,acquisition_utc,data/tif/Tupungatito/20260517_054201_VIIRS375.tif,data/kmz/Tupungatito/20260517_054201_VIIRS375.kmz,1563,0.016666666666666666
Tupungatito,VIIRS375,2026-05-17 06:30:02+00:00,acquisition_utc,data/tif/Tupungatito/20260517_063002_VIIRS375.tif,data/kmz/Tupungatito/20260517_063002_VIIRS375.kmz,1565,0.03333333333333333
Tupungatito,VIIRS375,2026-05-18 05:24:01+00:00,acquisition_utc,data/tif/Tupungatito/20260518_052401_VIIRS375.tif,data/kmz/Tupungatito/20260518_052401_VIIRS375.kmz,1573,0.016666666666666666
Tupungatito,VIIRS375,2026-05-18 06:12:02+00:00,acquisition_utc,data/tif/Tupungatito/20260518_061202_VIIRS375.tif,data/kmz/Tupungatito/20260518_061202_VIIRS375.kmz,1575,0.03333333333333333
Tupungatito,VIIRS375,2026-05-18 06:48:00+00:00,acquisition_utc,data/tif/Tupungatito/20260518_064800_VIIRS375.tif,data/kmz/Tupungatito/20260518_064800_VIIRS375.kmz,1577,0.0
Tupungatito,VIIRS375,2026-05-19 05:06:01+00:00,acquisition_utc,data/tif/Tupungatito/20260519_050601_VIIRS375.tif,data/kmz/Tupungatito/20260519_050601_VIIRS375.kmz,1583,0.016666666666666666
Tupungatito,VIIRS375,2026-05-20 04:48:01+00:00,acquisition_utc,data/tif/Tupungatito/20260520_044801_VIIRS375.tif,data/kmz/Tupungatito/20260520_044801_VIIRS375.kmz,1593,0.016666666666666666
Tupungatito,VIIRS375,2026-05-20 05:36:02+00:00,acquisition_utc,data/tif/Tupungatito/20260520_053602_VIIRS375.tif,data/kmz/Tupungatito/20260520_053602_VIIRS375.kmz,1595,0.03333333333333333
Tupungatito,VIIRS750,2026-05-09 06:36:01+00:00,acquisition_utc,data/tif/Tupungatito/20260509_063601_VIIRS750.tif,data/kmz/Tupungatito/20260509_063601_VIIRS750.kmz,1482,0.016666666666666666
Tupungatito,VIIRS750,2026-05-10 06:12:01+00:00,acquisition_utc,data/tif/Tupungatito/20260510_061201_VIIRS750.tif,data/kmz/Tupungatito/20260510_061201_VIIRS750.kmz,1492,0.016666666666666666
Tupungatito,VIIRS750,2026-05-11 05:54:01+00:00,acquisition_utc,data/tif/Tupungatito/20260511_055401_VIIRS750.tif,data/kmz/Tupungatito/20260511_055401_VIIRS750.kmz,1500,0.016666666666666666
Tupungatito,VIIRS750,2026-05-12 04:48:02+00:00,acquisition_utc,data/tif/Tupungatito/20260512_044802_VIIRS750.tif,data/kmz/Tupungatito/20260512_044802_VIIRS750.kmz,1507,0.03333333333333333
Tupungatito,VIIRS750,2026-05-12 05:36:01+00:00,acquisition_utc,data/tif/Tupungatito/20260512_053601_VIIRS750.tif,data/kmz/Tupungatito/20260512_053601_VIIRS750.kmz,1511,0.016666666666666666
Tupungatito,VIIRS750,2026-05-13 05:18:01+00:00,acquisition_utc,data/tif/Tupungatito/20260513_051801_VIIRS750.tif,data/kmz/Tupungatito/20260513_051801_VIIRS750.kmz,1519,0.016666666666666666
Tupungatito,VIIRS750,2026-05-13 06:06:02+00:00,acquisition_utc,data/tif/Tupungatito/20260513_060602_VIIRS750.tif,data/kmz/Tupungatito/20260513_060602_VIIRS750.kmz,1521,0.03333333333333333
Tupungatito,VIIRS750,2026-05-13 06:42:00+00:00,acquisition_utc,data/tif/Tupungatito/20260513_064200_VIIRS750.tif,data/kmz/Tupungatito/20260513_064200_VIIRS750.kmz,1523,0.0
Tupungatito,VIIRS750,2026-05-14 05:00:01+00:00,acquisition_utc,data/tif/Tupungatito/20260514_050001_VIIRS750.tif,data/kmz/Tupungatito/20260514_050001_VIIRS750.kmz,1529,0.016666666666666666
Tupungatito,VIIRS750,2026-05-14 06:42:01+00:00,acquisition_utc,data/tif/Tupungatito/20260514_064201_VIIRS750.tif,data/kmz/Tupungatito/20260514_064201_VIIRS750.kmz,1535,0.016666666666666666
Tupungatito,VIIRS750,2026-05-15 05:30:02+00:00,acquisition_utc,data/tif/Tupungatito/20260515_053002_VIIRS750.tif,data/kmz/Tupungatito/20260515_053002_VIIRS750.kmz,1541,0.03333333333333333
Tupungatito,VIIRS750,2026-05-15 06:24:01+00:00,acquisition_utc,data/tif/Tupungatito/20260515_062401_VIIRS750.tif,data/kmz/Tupungatito/20260515_062401_VIIRS750.kmz,1547,0.016666666666666666
Tupungatito,VIIRS750,2026-05-16 05:12:02+00:00,acquisition_utc,data/tif/Tupungatito/20260516_051202_VIIRS750.tif,data/kmz/Tupungatito/20260516_051202_VIIRS750.kmz,1551,0.03333333333333333
Tupungatito,VIIRS750,2026-05-17 04:54:02+00:00,acquisition_utc,data/tif/Tupungatito/20260517_045402_VIIRS750.tif,data/kmz/Tupungatito/20260517_045402_VIIRS750.kmz,1560,0.03333333333333333
Tupungatito,VIIRS750,2026-05-17 05:42:01+00:00,acquisition_utc,data/tif/Tupungatito/20260517_054201_VIIRS750.tif,data/kmz/Tupungatito/20260517_054201_VIIRS750.kmz,1564,0.016666666666666666
Tupungatito,VIIRS750,2026-05-17 06:30:02+00:00,acquisition_utc,data/tif/Tupungatito/20260517_063002_VIIRS750.tif,data/kmz/Tupungatito/20260517_063002_VIIRS750.kmz,1566,0.03333333333333333
Tupungatito,VIIRS750,2026-05-18 04:30:02+00:00,acquisition_utc,data/tif/Tupungatito/20260518_043002_VIIRS750.tif,data/kmz/Tupungatito/20260518_043002_VIIRS750.kmz,1570,0.03333333333333333
Tupungatito,VIIRS750,2026-05-18 05:24:01+00:00,acquisition_utc,data/tif/Tupungatito/20260518_052401_VIIRS750.tif,data/kmz/Tupungatito/20260518_052401_VIIRS750.kmz,1574,0.016666666666666666
Tupungatito,VIIRS750,2026-05-18 06:12:02+00:00,acquisition_utc,data/tif/Tupungatito/20260518_061202_VIIRS750.tif,data/kmz/Tupungatito/20260518_061202_VIIRS750.kmz,1576,0.03333333333333333
Tupungatito,VIIRS750,2026-05-18 06:48:00+00:00,acquisition_utc,data/tif/Tupungatito/20260518_064800_VIIRS750.tif,data/kmz/Tupungatito/20260518_064800_VIIRS750.kmz,1578,0.0
Tupungatito,VIIRS750,2026-05-19 05:06:01+00:00,acquisition_utc,data/tif/Tupungatito/20260519_050601_VIIRS750.tif,data/kmz/Tupungatito/20260519_050601_VIIRS750.kmz,1584,0.016666666666666666
Tupungatito,VIIRS750,2026-05-19 05:54:02+00:00,acquisition_utc,data/tif/Tupungatito/20260519_055402_VIIRS750.tif,data/kmz/Tupungatito/20260519_055402_VIIRS750.kmz,1586,0.03333333333333333
Tupungatito,VIIRS750,2026-05-19 06:48:01+00:00,acquisition_utc,data/tif/Tupungatito/20260519_064801_VIIRS750.tif,data/kmz/Tupungatito/20260519_064801_VIIRS750.kmz,1590,0.016666666666666666
Tupungatito,VIIRS750,2026-05-20 04:48:01+00:00,acquisition_utc,data/tif/Tupungatito/20260520_044801_VIIRS750.tif,data/kmz/Tupungatito/20260520_044801_VIIRS750.kmz,1594,0.016666666666666666
Villarrica,MODIS,2026-05-09 08:20:00+00:00,acquisition_utc,data/tif/Villarrica/20260509_082000_MODIS.tif,data/kmz/Villarrica/20260509_082000_MODIS.kmz,1646,0.0
Villarrica,MODIS,2026-05-10 01:20:00+00:00,acquisition_utc,data/tif/Villarrica/20260510_012000_MODIS.tif,data/kmz/Villarrica/20260510_012000_MODIS.kmz,1647,0.0
Villarrica,MODIS,2026-05-10 03:00:00+00:00,acquisition_utc,data/tif/Villarrica/20260510_030000_MODIS.tif,data/kmz/Villarrica/20260510_030000_MODIS.kmz,1648,0.0
Villarrica,MODIS,2026-05-11 08:00:00+00:00,acquisition_utc,data/tif/Villarrica/20260511_080000_MODIS.tif,data/kmz/Villarrica/20260511_080000_MODIS.kmz,1667,0.0
Villarrica,MODIS,2026-05-12 02:40:00+00:00,acquisition_utc,data/tif/Villarrica/20260512_024000_MODIS.tif,data/kmz/Villarrica/20260512_024000_MODIS.kmz,1668,0.0
Villarrica,MODIS,2026-05-12 07:00:00+00:00,acquisition_utc,data/tif/Villarrica/20260512_070000_MODIS.tif,data/kmz/Villarrica/20260512_070000_MODIS.kmz,1677,0.0
Villarrica,MODIS,2026-05-13 01:40:00+00:00,acquisition_utc,data/tif/Villarrica/20260513_014000_MODIS.tif,data/kmz/Villarrica/20260513_014000_MODIS.kmz,1680,0.0
Villarrica,MODIS,2026-05-13 07:40:00+00:00,acquisition_utc,data/tif/Villarrica/20260513_074000_MODIS.tif,data/kmz/Villarrica/20260513_074000_MODIS.kmz,1691,0.0
Villarrica,MODIS,2026-05-14 02:20:00+00:00,acquisition_utc,data/tif/Villarrica/20260514_022000_MODIS.tif,data/kmz/Villarrica/20260514_022000_MODIS.kmz,1692,0.0
Villarrica,MODIS,2026-05-14 08:15:00+00:00,acquisition_utc,data/tif/Villarrica/20260514_081500_MODIS.tif,data/kmz/Villarrica/20260514_081500_MODIS.kmz,1703,0.0
Villarrica,MODIS,2026-05-15 01:20:00+00:00,acquisition_utc,data/tif/Villarrica/20260515_012000_MODIS.tif,data/kmz/Villarrica/20260515_012000_MODIS.kmz,1704,0.0
Villarrica,MODIS,2026-05-15 03:00:00+00:00,acquisition_utc,data/tif/Villarrica/20260515_030000_MODIS.tif,data/kmz/Villarrica/20260515_030000_MODIS.kmz,1705,0.0
Villarrica,MODIS,2026-05-15 07:15:00+00:00,acquisition_utc,data/tif/Villarrica/20260515_071500_MODIS.tif,data/kmz/Villarrica/20260515_071500_MODIS.kmz,1714,0.0
Villarrica,MODIS,2026-05-16 02:00:00+00:00,acquisition_utc,data/tif/Villarrica/20260516_020000_MODIS.tif,data/kmz/Villarrica/20260516_020000_MODIS.kmz,1715,0.0
Villarrica,MODIS,2026-05-16 07:55:00+00:00,acquisition_utc,data/tif/Villarrica/20260516_075500_MODIS.tif,data/kmz/Villarrica/20260516_075500_MODIS.kmz,1724,0.0
Villarrica,MODIS,2026-05-17 02:40:00+00:00,acquisition_utc,data/tif/Villarrica/20260517_024000_MODIS.tif,data/kmz/Villarrica/20260517_024000_MODIS.kmz,1725,0.0
Villarrica,MODIS,2026-05-17 06:55:00+00:00,acquisition_utc,data/tif/Villarrica/20260517_065500_MODIS.tif,data/kmz/Villarrica/20260517_065500_MODIS.kmz,1736,0.0
Villarrica,MODIS,2026-05-17 08:30:00+00:00,acquisition_utc,data/tif/Villarrica/20260517_083000_MODIS.tif,data/kmz/Villarrica/20260517_083000_MODIS.kmz,1737,0.0
Villarrica,MODIS,2026-05-18 01:40:00+00:00,acquisition_utc,data/tif/Villarrica/20260518_014000_MODIS.tif,data/kmz/Villarrica/20260518_014000_MODIS.kmz,1738,0.0
Villarrica,MODIS,2026-05-18 07:30:00+00:00,acquisition_utc,data/tif/Villarrica/20260518_073000_MODIS.tif,data/kmz/Villarrica/20260518_073000_MODIS.kmz,1749,0.0
Villarrica,MODIS,2026-05-19 02:20:00+00:00,acquisition_utc,data/tif/Villarrica/20260519_022000_MODIS.tif,data/kmz/Villarrica/20260519_022000_MODIS.kmz,1750,0.0
Villarrica,MODIS,2026-05-19 08:10:00+00:00,acquisition_utc,data/tif/Villarrica/20260519_081000_MODIS.tif,data/kmz/Villarrica/20260519_081000_MODIS.kmz,1761,0.0
Villarrica,MODIS,2026-05-20 01:20:00+00:00,acquisition_utc,data/tif/Villarrica/20260520_012000_MODIS.tif,data/kmz/Villarrica/20260520_012000_MODIS.kmz,1762,0.0
Villarrica,MODIS,2026-05-20 03:00:00+00:00,acquisition_utc,data/tif/Villarrica/20260520_030000_MODIS.tif,data/kmz/Villarrica/20260520_030000_MODIS.kmz,1763,0.0
Villarrica,VIIRS375,2026-05-09 05:42:02+00:00,acquisition_utc,data/tif/Villarrica/20260509_054202_VIIRS375.tif,data/kmz/Villarrica/20260509_054202_VIIRS375.kmz,1639,0.03333333333333333
Villarrica,VIIRS375,2026-05-09 06:36:01+00:00,acquisition_utc,data/tif/Villarrica/20260509_063601_VIIRS375.tif,data/kmz/Villarrica/20260509_063601_VIIRS375.kmz,1643,0.016666666666666666
Villarrica,VIIRS375,2026-05-10 04:36:01+00:00,acquisition_utc,data/tif/Villarrica/20260510_043601_VIIRS375.tif,data/kmz/Villarrica/20260510_043601_VIIRS375.kmz,1649,0.016666666666666666
Villarrica,VIIRS375,2026-05-10 06:18:01+00:00,acquisition_utc,data/tif/Villarrica/20260510_061801_VIIRS375.tif,data/kmz/Villarrica/20260510_061801_VIIRS375.kmz,1655,0.016666666666666666
Villarrica,VIIRS375,2026-05-11 06:00:01+00:00,acquisition_utc,data/tif/Villarrica/20260511_060001_VIIRS375.tif,data/kmz/Villarrica/20260511_060001_VIIRS375.kmz,1663,0.016666666666666666
Villarrica,VIIRS375,2026-05-11 06:48:02+00:00,acquisition_utc,data/tif/Villarrica/20260511_064802_VIIRS375.tif,data/kmz/Villarrica/20260511_064802_VIIRS375.kmz,1665,0.03333333333333333
Villarrica,VIIRS375,2026-05-12 04:48:02+00:00,acquisition_utc,data/tif/Villarrica/20260512_044802_VIIRS375.tif,data/kmz/Villarrica/20260512_044802_VIIRS375.kmz,1669,0.03333333333333333
Villarrica,VIIRS375,2026-05-12 07:00:00+00:00,acquisition_utc,data/tif/Villarrica/20260512_070000_VIIRS375.tif,data/kmz/Villarrica/20260512_070000_VIIRS375.kmz,1678,0.0
Villarrica,VIIRS375,2026-05-13 05:18:01+00:00,acquisition_utc,data/tif/Villarrica/20260513_051801_VIIRS375.tif,data/kmz/Villarrica/20260513_051801_VIIRS375.kmz,1685,0.016666666666666666
Villarrica,VIIRS375,2026-05-13 06:42:00+00:00,acquisition_utc,data/tif/Villarrica/20260513_064200_VIIRS375.tif,data/kmz/Villarrica/20260513_064200_VIIRS375.kmz,1689,0.0
Villarrica,VIIRS375,2026-05-14 06:24:00+00:00,acquisition_utc,data/tif/Villarrica/20260514_062400_VIIRS375.tif,data/kmz/Villarrica/20260514_062400_VIIRS375.kmz,1699,0.0
Villarrica,VIIRS375,2026-05-15 04:42:01+00:00,acquisition_utc,data/tif/Villarrica/20260515_044201_VIIRS375.tif,data/kmz/Villarrica/20260515_044201_VIIRS375.kmz,1706,0.016666666666666666
Villarrica,VIIRS375,2026-05-15 06:24:01+00:00,acquisition_utc,data/tif/Villarrica/20260515_062401_VIIRS375.tif,data/kmz/Villarrica/20260515_062401_VIIRS375.kmz,1712,0.016666666666666666
Villarrica,VIIRS375,2026-05-16 06:54:02+00:00,acquisition_utc,data/tif/Villarrica/20260516_065402_VIIRS375.tif,data/kmz/Villarrica/20260516_065402_VIIRS375.kmz,1722,0.03333333333333333
Villarrica,VIIRS375,2026-05-17 05:48:01+00:00,acquisition_utc,data/tif/Villarrica/20260517_054801_VIIRS375.tif,data/kmz/Villarrica/20260517_054801_VIIRS375.kmz,1732,0.016666666666666666
Villarrica,VIIRS375,2026-05-18 05:24:01+00:00,acquisition_utc,data/tif/Villarrica/20260518_052401_VIIRS375.tif,data/kmz/Villarrica/20260518_052401_VIIRS375.kmz,1743,0.016666666666666666
Villarrica,VIIRS375,2026-05-18 06:48:00+00:00,acquisition_utc,data/tif/Villarrica/20260518_064800_VIIRS375.tif,data/kmz/Villarrica/20260518_064800_VIIRS375.kmz,1747,0.0
Villarrica,VIIRS375,2026-05-19 06:48:01+00:00,acquisition_utc,data/tif/Villarrica/20260519_064801_VIIRS375.tif,data/kmz/Villarrica/20260519_064801_VIIRS375.kmz,1759,0.016666666666666666
Villarrica,VIIRS375,2026-05-20 04:48:01+00:00,acquisition_utc,data/tif/Villarrica/20260520_044801_VIIRS375.tif,data/kmz/Villarrica/20260520_044801_VIIRS375.kmz,1764,0.016666666666666666
Villarrica,VIIRS375,2026-05-20 05:36:02+00:00,acquisition_utc,data/tif/Villarrica/20260520_053602_VIIRS375.tif,data/kmz/Villarrica/20260520_053602_VIIRS375.kmz,1766,0.03333333333333333
Villarrica,VIIRS750,2026-05-09 06:36:01+00:00,acquisition_utc,data/tif/Villarrica/20260509_063601_VIIRS750.tif,data/kmz/Villarrica/20260509_063601_VIIRS750.kmz,1644,0.016666666666666666
Villarrica,VIIRS750,2026-05-10 04:36:01+00:00,acquisition_utc,data/tif/Villarrica/20260510_043601_VIIRS750.tif,data/kmz/Villarrica/20260510_043601_VIIRS750.kmz,1650,0.016666666666666666
Villarrica,VIIRS750,2026-05-11 06:00:01+00:00,acquisition_utc,data/tif/Villarrica/20260511_060001_VIIRS750.tif,data/kmz/Villarrica/20260511_060001_VIIRS750.kmz,1664,0.016666666666666666
Villarrica,VIIRS750,2026-05-12 04:48:02+00:00,acquisition_utc,data/tif/Villarrica/20260512_044802_VIIRS750.tif,data/kmz/Villarrica/20260512_044802_VIIRS750.kmz,1670,0.03333333333333333
Villarrica,VIIRS750,2026-05-12 06:30:02+00:00,acquisition_utc,data/tif/Villarrica/20260512_063002_VIIRS750.tif,data/kmz/Villarrica/20260512_063002_VIIRS750.kmz,1676,0.03333333333333333
Villarrica,VIIRS750,2026-05-12 07:00:00+00:00,acquisition_utc,data/tif/Villarrica/20260512_070000_VIIRS750.tif,data/kmz/Villarrica/20260512_070000_VIIRS750.kmz,1679,0.0
Villarrica,VIIRS750,2026-05-13 05:18:01+00:00,acquisition_utc,data/tif/Villarrica/20260513_051801_VIIRS750.tif,data/kmz/Villarrica/20260513_051801_VIIRS750.kmz,1686,0.016666666666666666
Villarrica,VIIRS750,2026-05-13 06:06:02+00:00,acquisition_utc,data/tif/Villarrica/20260513_060602_VIIRS750.tif,data/kmz/Villarrica/20260513_060602_VIIRS750.kmz,1688,0.03333333333333333
Villarrica,VIIRS750,2026-05-13 06:42:00+00:00,acquisition_utc,data/tif/Villarrica/20260513_064200_VIIRS750.tif,data/kmz/Villarrica/20260513_064200_VIIRS750.kmz,1690,0.0
Villarrica,VIIRS750,2026-05-14 05:00:01+00:00,acquisition_utc,data/tif/Villarrica/20260514_050001_VIIRS750.tif,data/kmz/Villarrica/20260514_050001_VIIRS750.kmz,1696,0.016666666666666666
Villarrica,VIIRS750,2026-05-14 06:42:01+00:00,acquisition_utc,data/tif/Villarrica/20260514_064201_VIIRS750.tif,data/kmz/Villarrica/20260514_064201_VIIRS750.kmz,1702,0.016666666666666666
Villarrica,VIIRS750,2026-05-15 05:30:02+00:00,acquisition_utc,data/tif/Villarrica/20260515_053002_VIIRS750.tif,data/kmz/Villarrica/20260515_053002_VIIRS750.kmz,1709,0.03333333333333333
Villarrica,VIIRS750,2026-05-16 05:12:02+00:00,acquisition_utc,data/tif/Villarrica/20260516_051202_VIIRS750.tif,data/kmz/Villarrica/20260516_051202_VIIRS750.kmz,1717,0.03333333333333333
Villarrica,VIIRS750,2026-05-16 06:06:01+00:00,acquisition_utc,data/tif/Villarrica/20260516_060601_VIIRS750.tif,data/kmz/Villarrica/20260516_060601_VIIRS750.kmz,1721,0.016666666666666666
Villarrica,VIIRS750,2026-05-17 04:54:02+00:00,acquisition_utc,data/tif/Villarrica/20260517_045402_VIIRS750.tif,data/kmz/Villarrica/20260517_045402_VIIRS750.kmz,1727,0.03333333333333333
Villarrica,VIIRS750,2026-05-17 05:48:01+00:00,acquisition_utc,data/tif/Villarrica/20260517_054801_VIIRS750.tif,data/kmz/Villarrica/20260517_054801_VIIRS750.kmz,1733,0.016666666666666666
Villarrica,VIIRS750,2026-05-17 06:36:02+00:00,acquisition_utc,data/tif/Villarrica/20260517_063602_VIIRS750.tif,data/kmz/Villarrica/20260517_063602_VIIRS750.kmz,1735,0.03333333333333333
Villarrica,VIIRS750,2026-05-18 04:36:02+00:00,acquisition_utc,data/tif/Villarrica/20260518_043602_VIIRS750.tif,data/kmz/Villarrica/20260518_043602_VIIRS750.kmz,1740,0.03333333333333333
Villarrica,VIIRS750,2026-05-18 05:24:01+00:00,acquisition_utc,data/tif/Villarrica/20260518_052401_VIIRS750.tif,data/kmz/Villarrica/20260518_052401_VIIRS750.kmz,1744,0.016666666666666666
Villarrica,VIIRS750,2026-05-18 06:48:00+00:00,acquisition_utc,data/tif/Villarrica/20260518_064800_VIIRS750.tif,data/kmz/Villarrica/20260518_064800_VIIRS750.kmz,1748,0.0
Villarrica,VIIRS750,2026-05-19 05:06:01+00:00,acquisition_utc,data/tif/Villarrica/20260519_050601_VIIRS750.tif,data/kmz/Villarrica/20260519_050601_VIIRS750.kmz,1754,0.016666666666666666
Villarrica,VIIRS750,2026-05-19 05:54:02+00:00,acquisition_utc,data/tif/Villarrica/20260519_055402_VIIRS750.tif,data/kmz/Villarrica/20260519_055402_VIIRS750.kmz,1756,0.03333333333333333
Villarrica,VIIRS750,2026-05-19 06:48:01+00:00,acquisition_utc,data/tif/Villarrica/20260519_064801_VIIRS750.tif,data/kmz/Villarrica/20260519_064801_VIIRS750.kmz,1760,0.016666666666666666
Villarrica,VIIRS750,2026-05-20 04:48:01+00:00,acquisition_utc,data/tif/Villarrica/20260520_044801_VIIRS750.tif,data/kmz/Villarrica/20260520_044801_VIIRS750.kmz,1765,0.016666666666666666
