v,fam,sensor,acq,lat_commit,lat_panel,lat_m,vrp,mvrp,tipo
Lascar,VIIRS375,VIIRS_NOAA20,2026-09-14 04:54:00+00:00,5.3425,6.042222222222223,3.1983333333333333,0.074,0.86,FALSO_POSITIVO
Lascar,VIIRS,VIIRS_NOAA20_750,2026-09-14 04:54:00+00:00,5.3425,6.042222222222223,3.1983333333333333,0.0,0.0,RUTINA
Lascar,VIIRS375,VIIRS_NOAA21,2026-09-14 05:36:00+00:00,4.6425,5.342222222222222,4.0,0.174,0.22,ALERTA_TERMICA
Lascar,VIIRS,VIIRS_NOAA21_750,2026-09-14 05:36:00+00:00,4.6425,5.342222222222222,4.0,0.208,0.52,ALERTA_TERMICA
Lascar,VIIRS375,VIIRS_NOAA20,2026-09-14 06:36:00+00:00,3.6425,4.342222222222222,5.250555555555556,0.043,0.0,RUTINA
Lascar,VIIRS,VIIRS_NOAA20_750,2026-09-14 06:36:00+00:00,3.6425,4.342222222222222,5.250555555555556,0.0,0.0,RUTINA
Lascar,MODIS,MODIS_AQUA,2026-09-14 07:35:00+00:00,2.6591666666666667,3.358888888888889,4.2675,5.0,0.0,RUTINA
Lascar,MODIS,MODIS_TERRA,2026-09-15 01:15:00+00:00,6.189166666666667,6.6738888888888885,1.5997222222222223,5.0,0.0,RUTINA
Lascar,VIIRS375,VIIRS_NOAA21,2026-09-15 05:18:00+00:00,2.1391666666666667,2.6238888888888887,3.049722222222222,0.116,0.23,ALERTA_TERMICA
Lascar,VIIRS,VIIRS_NOAA21_750,2026-09-15 05:18:00+00:00,2.1391666666666667,2.6238888888888887,2.5597222222222222,0.038,0.0,RUTINA
Lascar,VIIRS375,VIIRS_NOAA20,2026-09-15 06:18:00+00:00,7.148888888888889,7.628055555555555,3.299166666666667,0.083,0.24,ALERTA_TERMICA
Lascar,VIIRS,VIIRS_NOAA20_750,2026-09-15 06:18:00+00:00,7.148888888888889,7.628055555555555,5.05,0.0,0.0,RUTINA
Lascar,MODIS,MODIS_AQUA,2026-09-15 08:10:00+00:00,5.282222222222222,5.761388888888889,3.183611111111111,5.0,0.0,RUTINA
Lascar,MODIS,MODIS_TERRA,2026-09-16 01:55:00+00:00,9.273888888888889,9.66388888888889,2.4341666666666666,5.0,0.0,RUTINA
Lascar,VIIRS375,VIIRS_NOAA21,2026-09-16 05:00:00+00:00,6.190555555555555,6.580555555555556,2.7675,0.05,0.07,ALERTA_TERMICA
Lascar,VIIRS,VIIRS_NOAA21_750,2026-09-16 05:00:00+00:00,6.190555555555555,6.580555555555556,2.7675,0.0,0.0,RUTINA
Lascar,VIIRS375,VIIRS_SNPP,2026-09-16 05:36:00+00:00,5.5905555555555555,5.980555555555555,3.7508333333333335,0.117,0.0,RUTINA
Lascar,VIIRS,VIIRS_SNPP_750,2026-09-16 05:36:00+00:00,5.5905555555555555,5.980555555555555,3.5005555555555556,0.0,0.0,RUTINA
Lascar,MODIS,MODIS_AQUA,2026-09-16 07:10:00+00:00,4.023888888888889,4.413888888888889,2.855,5.0,0.0,RUTINA
Lascar,MODIS,MODIS_TERRA,2026-09-17 00:55:00+00:00,6.5375,6.988611111111111,2.6805555555555554,5.0,0.0,RUTINA
Lascar,VIIRS375,VIIRS_NOAA21,2026-09-17 04:42:00+00:00,2.754166666666667,3.205277777777778,3.3991666666666664,0.038,0.0,RUTINA
Lascar,VIIRS,VIIRS_NOAA21_750,2026-09-17 04:42:00+00:00,2.754166666666667,3.205277777777778,3.3991666666666664,0.0,0.0,RUTINA
Lascar,VIIRS375,VIIRS_NOAA20,2026-09-17 05:36:00+00:00,7.716388888888889,8.181666666666667,4.1691666666666665,0.042,0.0,RUTINA
Lascar,VIIRS,VIIRS_NOAA20_750,2026-09-17 05:36:00+00:00,7.716388888888889,8.181666666666667,5.247777777777777,0.0,0.0,RUTINA
Lascar,VIIRS375,VIIRS_NOAA21,2026-09-17 06:24:00+00:00,6.916388888888889,7.381666666666667,4.4475,0.072,0.0,RUTINA
Lascar,VIIRS,VIIRS_NOAA21_750,2026-09-17 06:24:00+00:00,6.916388888888889,7.381666666666667,5.118333333333333,0.0,0.0,RUTINA
Lascar,MODIS,MODIS_AQUA,2026-09-17 07:50:00+00:00,5.483055555555556,5.948333333333333,3.0147222222222223,0.492,0.0,RUTINA
Lascar,MODIS,MODIS_TERRA,2026-09-18 01:35:00+00:00,7.467777777777778,7.970277777777778,3.437222222222222,5.0,0.0,RUTINA
Lascar,VIIRS375,VIIRS_NOAA20,2026-09-18 05:18:00+00:00,3.7511111111111113,4.253611111111111,2.5516666666666667,0.02,0.0,RUTINA
Lascar,VIIRS,VIIRS_NOAA20_750,2026-09-18 05:18:00+00:00,3.7511111111111113,4.253611111111111,2.5516666666666667,0.0,0.0,RUTINA
Lascar,VIIRS375,VIIRS_NOAA21,2026-09-18 06:06:00+00:00,2.951111111111111,3.453611111111111,2.4994444444444444,0.016,0.0,RUTINA
Lascar,VIIRS,VIIRS_NOAA21_750,2026-09-18 06:06:00+00:00,2.951111111111111,3.453611111111111,1.9997222222222222,4.953,0.0,RUTINA
Lascar,VIIRS375,VIIRS_SNPP,2026-09-18 06:42:00+00:00,2.351111111111111,2.8536111111111113,4.0675,0.014,0.0,RUTINA
Lascar,VIIRS,VIIRS_SNPP_750,2026-09-18 06:42:00+00:00,2.351111111111111,2.8536111111111113,3.1483333333333334,0.0,0.0,RUTINA
Lascar,MODIS,MODIS_AQUA,2026-09-18 08:25:00+00:00,5.945833333333334,6.385555555555555,2.3508333333333336,5.0,0.0,RUTINA
Lascar,VIIRS375,VIIRS_NOAA20,2026-09-19 05:00:00+00:00,3.8555555555555556,4.253055555555555,4.346388888888889,0.047,0.0,RUTINA
Lascar,VIIRS,VIIRS_NOAA20_750,2026-09-19 05:00:00+00:00,3.8555555555555556,4.253055555555555,3.350277777777778,0.0,0.0,RUTINA
Lascar,VIIRS375,VIIRS_NOAA21,2026-09-19 05:48:00+00:00,3.0555555555555554,3.4530555555555558,4.048333333333333,0.0,0.0,RUTINA
Lascar,VIIRS,VIIRS_NOAA21_750,2026-09-19 05:48:00+00:00,3.0555555555555554,3.4530555555555558,2.7983333333333333,0.0,0.0,RUTINA
Lascar,VIIRS375,VIIRS_NOAA20,2026-09-19 06:42:00+00:00,2.1555555555555554,2.5530555555555554,4.326666666666667,0.019,0.0,RUTINA
Lascar,VIIRS,VIIRS_NOAA20_750,2026-09-19 06:42:00+00:00,2.1555555555555554,2.5530555555555554,2.6463888888888887,0.0,0.0,RUTINA
Lascar,MODIS,MODIS_AQUA,2026-09-19 07:25:00+00:00,6.601388888888889,7.0183333333333335,2.181111111111111,5.0,0.0,RUTINA
Lascar,MODIS,MODIS_TERRA,2026-09-20 01:15:00+00:00,8.174166666666666,8.5525,1.5991666666666666,5.0,0.0,RUTINA
Lascar,VIIRS375,VIIRS_NOAA20,2026-09-20 04:42:00+00:00,4.724166666666667,5.1025,3.1475,0.0,0.0,RUTINA
Lascar,VIIRS,VIIRS_NOAA20_750,2026-09-20 04:42:00+00:00,4.724166666666667,5.1025,2.3994444444444443,0.0,0.0,RUTINA
Lascar,VIIRS375,VIIRS_NOAA21,2026-09-20 05:24:00+00:00,4.024166666666667,4.4025,2.6972222222222224,0.122,0.19,ALERTA_TERMICA
Lascar,VIIRS,VIIRS_NOAA21_750,2026-09-20 05:24:00+00:00,4.024166666666667,4.4025,2.1969444444444446,0.0,0.0,RUTINA
Lascar,VIIRS,VIIRS_SNPP_750,2026-09-20 06:00:00+00:00,3.424166666666667,3.8025,2.5972222222222223,0.0,0.19,ALERTA_TERMICA
Lascar,VIIRS375,VIIRS_NOAA20,2026-09-20 06:24:00+00:00,3.0241666666666664,3.4025,3.1983333333333333,0.05,0.0,RUTINA
Lascar,VIIRS,VIIRS_NOAA20_750,2026-09-20 06:24:00+00:00,3.0241666666666664,3.4025,2.6980555555555554,0.0,0.0,RUTINA
Lascar,MODIS,MODIS_AQUA,2026-09-20 08:05:00+00:00,6.190833333333333,6.561944444444444,2.0147222222222223,5.0,0.0,RUTINA
Lascar,MODIS,MODIS_TERRA,2026-09-21 01:50:00+00:00,1.9541666666666666,2.3341666666666665,1.0152777777777777,5.0,0.0,RUTINA
Lascar,VIIRS375,VIIRS_NOAA21,2026-09-21 05:06:00+00:00,5.3125,5.690833333333333,2.999722222222222,0.085,0.52,FALSO_POSITIVO
Lascar,VIIRS,VIIRS_NOAA21_750,2026-09-21 05:06:00+00:00,5.3125,5.690833333333333,2.4972222222222222,0.0,0.0,RUTINA
Lascar,VIIRS,VIIRS_SNPP_750,2026-09-21 05:42:00+00:00,4.7125,5.090833333333333,2.6491666666666664,0.0,0.22,ALERTA_TERMICA
Lascar,VIIRS375,VIIRS_NOAA20,2026-09-21 06:06:00+00:00,4.3125,4.690833333333333,2.5005555555555556,0.189,0.27,ALERTA_TERMICA
Lascar,VIIRS,VIIRS_NOAA20_750,2026-09-21 06:06:00+00:00,4.3125,4.690833333333333,2.7480555555555557,0.0,0.0,RUTINA
Lascar,MODIS,MODIS_TERRA,2026-09-22 00:55:00+00:00,12.489166666666666,12.945555555555556,2.6822222222222223,5.0,0.0,RUTINA
Lascar,VIIRS375,VIIRS_NOAA21,2026-09-22 04:48:00+00:00,8.605833333333333,9.062222222222223,3.0505555555555555,0.049,0.0,RUTINA
Lascar,VIIRS,VIIRS_SNPP_750,2026-09-22 05:24:00+00:00,8.005833333333333,8.462222222222222,3.448888888888889,0.0,0.24,ALERTA_TERMICA
Lascar,VIIRS375,VIIRS_NOAA20,2026-09-22 05:42:00+00:00,7.7058333333333335,8.162222222222223,3.8983333333333334,0.149,0.33,ALERTA_TERMICA
Lascar,VIIRS375,VIIRS_NOAA21,2026-09-22 06:30:00+00:00,6.905833333333334,7.362222222222222,4.597777777777778,0.0,0.0,RUTINA
Lascar,MODIS,MODIS_AQUA,2026-09-22 07:45:00+00:00,5.655833333333334,6.112222222222222,3.348333333333333,5.0,0.0,RUTINA
Lascar,MODIS,MODIS_TERRA,2026-09-23 01:30:00+00:00,3.371111111111111,3.846388888888889,1.0255555555555556,43.454,0.0,RUTINA
Lascar,VIIRS375,VIIRS_NOAA20,2026-09-23 05:24:00+00:00,5.712777777777778,6.152777777777778,2.700833333333333,0.089,0.2,ALERTA_TERMICA
Lascar,VIIRS,VIIRS_NOAA20_750,2026-09-23 05:24:00+00:00,5.712777777777778,6.152777777777778,2.700833333333333,0.0,0.0,RUTINA
Lascar,VIIRS375,VIIRS_NOAA21,2026-09-23 06:12:00+00:00,4.9127777777777775,5.352777777777778,2.8541666666666665,0.148,0.27,ALERTA_TERMICA
Lascar,VIIRS,VIIRS_NOAA21_750,2026-09-23 06:12:00+00:00,4.9127777777777775,5.352777777777778,2.8541666666666665,0.0,0.0,RUTINA
Lascar,VIIRS375,VIIRS_SNPP,2026-09-23 06:48:00+00:00,4.312777777777778,4.752777777777778,3.3008333333333333,0.042,0.0,RUTINA
Lascar,VIIRS,VIIRS_SNPP_750,2026-09-23 06:48:00+00:00,4.312777777777778,4.752777777777778,3.048611111111111,0.0,0.0,RUTINA
Lascar,MODIS,MODIS_AQUA,2026-09-23 08:20:00+00:00,2.7794444444444446,3.2194444444444446,2.016388888888889,5.0,0.0,RUTINA
Lascar,VIIRS375,VIIRS_SNPP,2026-09-24 04:48:00+00:00,2.7691666666666666,3.0566666666666666,2.5480555555555555,0.0,0.0,RUTINA
Lascar,VIIRS375,VIIRS_NOAA20,2026-09-24 05:06:00+00:00,2.4691666666666667,2.756666666666667,2.7483333333333335,0.103,1.25,FALSO_POSITIVO
Lascar,VIIRS,VIIRS_NOAA20_750,2026-09-24 05:06:00+00:00,2.4691666666666667,2.756666666666667,2.495833333333333,0.0,0.0,RUTINA
Lascar,VIIRS375,VIIRS_NOAA21,2026-09-24 05:54:00+00:00,1.6691666666666667,1.9566666666666668,2.457777777777778,0.118,0.0,RUTINA
Lascar,VIIRS,VIIRS_NOAA21_750,2026-09-24 05:54:00+00:00,1.6691666666666667,1.9566666666666668,2.457777777777778,0.0,0.0,RUTINA
Lascar,VIIRS375,VIIRS_SNPP,2026-09-24 06:30:00+00:00,7.164722222222222,7.360555555555556,2.5980555555555553,0.041,0.0,RUTINA
Lascar,VIIRS,VIIRS_SNPP_750,2026-09-24 06:30:00+00:00,7.164722222222222,7.360555555555556,3.348333333333333,0.0,0.0,RUTINA
Lascar,MODIS,MODIS_AQUA,2026-09-24 07:20:00+00:00,6.331388888888889,6.527222222222222,1.7647222222222223,25.423,0.0,RUTINA
Lascar,MODIS,MODIS_TERRA,2026-09-25 01:10:00+00:00,2.7105555555555556,3.1233333333333335,2.685,32.62,0.0,RUTINA
Lascar,VIIRS375,VIIRS_NOAA20,2026-09-25 04:48:00+00:00,4.914722222222222,5.323333333333333,3.046111111111111,0.048,0.0,RUTINA
Lascar,VIIRS,VIIRS_NOAA20_750,2026-09-25 04:48:00+00:00,4.914722222222222,5.323333333333333,3.046111111111111,0.172,0.0,RUTINA
Lascar,VIIRS375,VIIRS_NOAA21,2026-09-25 05:30:00+00:00,4.214722222222222,4.623333333333333,3.3497222222222223,0.216,0.31,ALERTA_TERMICA
Lascar,VIIRS,VIIRS_NOAA21_750,2026-09-25 05:30:00+00:00,4.214722222222222,4.623333333333333,3.3497222222222223,0.416,0.0,RUTINA
Lascar,VIIRS375,VIIRS_NOAA20,2026-09-25 06:30:00+00:00,3.214722222222222,3.6233333333333335,4.357777777777778,0.042,0.0,RUTINA
Lascar,VIIRS,VIIRS_NOAA20_750,2026-09-25 06:30:00+00:00,3.214722222222222,3.6233333333333335,4.357777777777778,0.0,0.0,RUTINA
Lascar,MODIS,MODIS_AQUA,2026-09-25 08:00:00+00:00,1.7147222222222223,2.1233333333333335,2.097777777777778,0.721,0.56,ALERTA_TERMICA
Lascar,MODIS,MODIS_TERRA,2026-09-26 01:50:00+00:00,2.1019444444444444,2.450833333333333,1.0152777777777777,21.548,0.0,RUTINA
Lascar,VIIRS375,VIIRS_NOAA21,2026-09-26 05:12:00+00:00,4.239166666666667,4.692777777777778,2.3983333333333334,0.113,0.13,ALERTA_TERMICA
Lascar,VIIRS,VIIRS_NOAA21_750,2026-09-26 05:12:00+00:00,4.239166666666667,4.692777777777778,2.3983333333333334,0.0,0.0,RUTINA
Lascar,VIIRS375,VIIRS_SNPP,2026-09-26 05:48:00+00:00,3.6391666666666667,4.092777777777778,2.798611111111111,0.328,0.58,FALSO_POSITIVO
Lascar,VIIRS,VIIRS_SNPP_750,2026-09-26 05:48:00+00:00,3.6391666666666667,4.092777777777778,3.0483333333333333,0.485,0.74,ALERTA_TERMICA
Lascar,VIIRS375,VIIRS_NOAA20,2026-09-26 06:12:00+00:00,3.2391666666666667,3.6927777777777777,3.8980555555555556,0.181,0.21,ALERTA_TERMICA
Lascar,VIIRS,VIIRS_NOAA20_750,2026-09-26 06:12:00+00:00,3.2391666666666667,3.6927777777777777,3.8980555555555556,0.0,0.0,RUTINA
Lascar,MODIS,MODIS_AQUA,2026-09-26 08:35:00+00:00,5.851666666666667,6.251388888888889,2.265277777777778,5.0,0.0,RUTINA
Lascar,MODIS,MODIS_TERRA,2026-09-27 00:50:00+00:00,3.2444444444444445,3.5875,1.2663888888888888,25.179,0.0,RUTINA
Lascar,VIIRS375,VIIRS_NOAA21,2026-09-27 04:54:00+00:00,5.272222222222222,5.685277777777777,2.446388888888889,0.099,0.0,RUTINA
Lascar,VIIRS,VIIRS_NOAA21_750,2026-09-27 04:54:00+00:00,5.272222222222222,5.685277777777777,2.446388888888889,0.0,0.0,RUTINA
Lascar,VIIRS375,VIIRS_SNPP,2026-09-27 05:30:00+00:00,4.6722222222222225,5.085277777777778,3.3497222222222223,0.133,1.78,FALSO_POSITIVO
Lascar,MODIS,MODIS_AQUA,2026-09-27 07:35:00+00:00,2.588888888888889,3.0019444444444443,2.2669444444444444,36.825,0.0,RUTINA
Lascar,VIIRS375,VIIRS_NOAA21,2026-09-27 06:36:00+00:00,8.618055555555555,9.0475,3.0077777777777777,0.05,0.0,RUTINA
Lascar,VIIRS,VIIRS_NOAA21_750,2026-09-27 06:36:00+00:00,8.618055555555555,9.0475,3.0077777777777777,0.0,0.0,RUTINA
Lascar,MODIS,MODIS_TERRA,2026-09-28 01:30:00+00:00,9.411111111111111,9.870833333333334,4.351388888888889,44.525,0.0,RUTINA
Lascar,VIIRS375,VIIRS_NOAA20,2026-09-28 05:30:00+00:00,5.411111111111111,5.870833333333334,2.848333333333333,0.198,0.68,FALSO_POSITIVO
Lascar,VIIRS,VIIRS_NOAA20_750,2026-09-28 05:30:00+00:00,5.411111111111111,5.870833333333334,2.848333333333333,0.069,0.37,ALERTA_TERMICA
Lascar,MODIS,MODIS_AQUA,2026-09-28 08:15:00+00:00,2.661111111111111,3.120833333333333,2.1025,54.254,0.0,RUTINA
Lascar,VIIRS375,VIIRS_NOAA21,2026-09-28 06:18:00+00:00,13.304444444444444,13.7475,3.486111111111111,0.06,0.0,RUTINA
Lascar,VIIRS,VIIRS_NOAA21_750,2026-09-28 06:18:00+00:00,13.304444444444444,13.7475,3.807777777777778,0.0,0.0,RUTINA
Lascar,VIIRS375,VIIRS_NOAA20,2026-09-29 05:12:00+00:00,3.013333333333333,3.4325,3.6494444444444443,0.0,0.0,RUTINA
Lascar,VIIRS,VIIRS_NOAA20_750,2026-09-29 05:12:00+00:00,3.013333333333333,3.4325,3.8336111111111113,0.0,0.0,RUTINA
Lascar,VIIRS375,VIIRS_NOAA21,2026-09-29 06:00:00+00:00,2.2133333333333334,2.6325,3.848333333333333,0.056,0.0,RUTINA
Lascar,VIIRS,VIIRS_NOAA21_750,2026-09-29 06:00:00+00:00,2.2133333333333334,2.6325,4.098333333333334,0.0,0.0,RUTINA
Lascar,VIIRS375,VIIRS_SNPP,2026-09-29 06:36:00+00:00,8.35388888888889,8.745833333333334,5.9991666666666665,0.062,0.0,RUTINA
Lascar,VIIRS,VIIRS_SNPP_750,2026-09-29 06:36:00+00:00,8.35388888888889,8.745833333333334,5.9991666666666665,0.397,0.0,RUTINA
Lascar,MODIS,MODIS_AQUA,2026-09-29 07:15:00+00:00,7.703888888888889,8.095833333333333,1.7838888888888889,5.0,0.0,RUTINA
Lascar,MODIS,MODIS_TERRA,2026-09-30 01:10:00+00:00,7.160555555555556,7.638333333333334,1.1822222222222223,5.0,0.0,RUTINA
Lascar,VIIRS375,VIIRS_NOAA20,2026-09-30 04:54:00+00:00,3.4272222222222224,3.905,2.4494444444444445,0.022,0.0,RUTINA
Lascar,VIIRS,VIIRS_NOAA20_750,2026-09-30 04:54:00+00:00,3.4272222222222224,3.905,2.4494444444444445,0.0,0.0,RUTINA
Lascar,VIIRS375,VIIRS_NOAA21,2026-09-30 05:36:00+00:00,2.727222222222222,3.205,2.5097222222222224,0.04,0.0,RUTINA
Lascar,VIIRS,VIIRS_NOAA21_750,2026-09-30 05:36:00+00:00,2.727222222222222,3.205,2.2494444444444444,0.0,0.0,RUTINA
Lascar,VIIRS375,VIIRS_NOAA20,2026-09-30 06:36:00+00:00,9.945277777777777,10.470833333333333,2.7558333333333334,0.036,0.0,RUTINA
Lascar,VIIRS,VIIRS_NOAA20_750,2026-09-30 06:36:00+00:00,9.945277777777777,10.470833333333333,2.7558333333333334,0.0,0.0,RUTINA
Lascar,MODIS,MODIS_AQUA,2026-09-30 07:50:00+00:00,8.711944444444445,9.2375,2.266388888888889,5.0,0.0,RUTINA
Lascar,MODIS,MODIS_TERRA,2026-10-01 01:50:00+00:00,6.874444444444444,7.213333333333333,2.7683333333333335,5.0,0.0,RUTINA
Lascar,VIIRS375,VIIRS_NOAA20,2026-10-01 06:18:00+00:00,2.4077777777777776,2.7466666666666666,6.5488888888888885,0.077,0.09,ALERTA_TERMICA
Lascar,VIIRS,VIIRS_NOAA20_750,2026-10-01 06:18:00+00:00,2.4077777777777776,2.7466666666666666,5.552222222222222,0.0,0.0,RUTINA
Lascar,MODIS,MODIS_AQUA,2026-10-01 08:30:00+00:00,8.711944444444445,9.260277777777778,2.3508333333333336,5.0,0.0,RUTINA
Lascar,MODIS,MODIS_TERRA,2026-10-02 00:50:00+00:00,3.6566666666666667,3.9908333333333332,4.018611111111111,18.393,0.0,RUTINA
Lascar,VIIRS375,VIIRS_NOAA21,2026-10-02 05:00:00+00:00,7.255833333333333,7.635555555555555,4.542222222222223,0.085,0.07,ALERTA_TERMICA
Lascar,VIIRS,VIIRS_NOAA21_750,2026-10-02 05:00:00+00:00,7.255833333333333,7.635555555555555,3.0972222222222223,0.0,0.0,RUTINA
Lascar,VIIRS375,VIIRS_NOAA20,2026-10-02 06:00:00+00:00,6.255833333333333,6.635555555555555,6.027777777777778,0.131,0.58,FALSO_POSITIVO
Lascar,VIIRS,VIIRS_NOAA20_750,2026-10-02 06:00:00+00:00,6.255833333333333,6.635555555555555,3.0991666666666666,0.0,0.0,RUTINA
Lascar,MODIS,MODIS_AQUA,2026-10-02 07:30:00+00:00,4.755833333333333,5.135555555555555,2.5980555555555553,5.0,0.0,RUTINA
PuyehueCordonCaulle,MODIS,MODIS_TERRA,2026-09-14 02:10:00+00:00,2.0980555555555553,2.662777777777778,1.9333333333333333,159.904,0.0,RUTINA
PuyehueCordonCaulle,VIIRS375,VIIRS_NOAA20,2026-09-14 05:00:00+00:00,5.240277777777778,5.942222222222222,3.348333333333333,0.576,0.39,ALERTA_TERMICA
PuyehueCordonCaulle,VIIRS375,VIIRS_NOAA21,2026-09-14 05:42:00+00:00,4.540277777777778,5.242222222222222,3.9,0.852,0.62,ALERTA_TERMICA
PuyehueCordonCaulle,VIIRS,VIIRS_NOAA21_750,2026-09-14 05:42:00+00:00,4.540277777777778,5.242222222222222,3.9,0.566,0.63,ALERTA_TERMICA
PuyehueCordonCaulle,VIIRS375,VIIRS_NOAA20,2026-09-14 06:42:00+00:00,3.540277777777778,4.242222222222222,5.150555555555556,0.482,0.07,ALERTA_TERMICA
PuyehueCordonCaulle,VIIRS,VIIRS_NOAA20_750,2026-09-14 06:42:00+00:00,3.540277777777778,4.242222222222222,5.150555555555556,2.699,0.0,RUTINA
PuyehueCordonCaulle,MODIS,MODIS_AQUA,2026-09-14 07:40:00+00:00,2.573611111111111,3.2755555555555556,4.184166666666667,185.723,0.0,RUTINA
PuyehueCordonCaulle,MODIS,MODIS_TERRA,2026-09-15 01:10:00+00:00,6.417222222222223,6.7572222222222225,1.6830555555555555,5.0,0.0,RUTINA
PuyehueCordonCaulle,VIIRS375,VIIRS_NOAA20,2026-09-15 04:42:00+00:00,2.883888888888889,3.223888888888889,3.16,0.487,0.0,RUTINA
PuyehueCordonCaulle,VIIRS375,VIIRS_NOAA21,2026-09-15 05:24:00+00:00,2.1838888888888888,2.523888888888889,2.9497222222222224,0.057,0.0,RUTINA
PuyehueCordonCaulle,VIIRS,VIIRS_NOAA21_750,2026-09-15 05:24:00+00:00,2.1838888888888888,2.523888888888889,2.459722222222222,1.155,0.0,RUTINA
PuyehueCordonCaulle,MODIS,MODIS_TERRA,2026-09-15 02:50:00+00:00,10.751666666666667,11.094722222222222,1.2683333333333333,5.0,0.0,RUTINA
PuyehueCordonCaulle,VIIRS375,VIIRS_SNPP,2026-09-15 06:00:00+00:00,7.585,7.928055555555556,5.3502777777777775,0.021,0.0,RUTINA
PuyehueCordonCaulle,VIIRS,VIIRS_SNPP_750,2026-09-15 06:00:00+00:00,7.585,7.928055555555556,6.600555555555555,0.45,0.0,RUTINA
PuyehueCordonCaulle,MODIS,MODIS_AQUA,2026-09-15 08:15:00+00:00,5.335,5.678055555555556,3.100277777777778,5.0,0.0,RUTINA
PuyehueCordonCaulle,MODIS,MODIS_TERRA,2026-09-16 01:50:00+00:00,3.073888888888889,3.4358333333333335,1.4333333333333333,256.324,0.0,RUTINA
PuyehueCordonCaulle,VIIRS375,VIIRS_NOAA21,2026-09-16 05:06:00+00:00,6.158611111111111,6.480555555555555,2.6675,0.108,0.0,RUTINA
PuyehueCordonCaulle,VIIRS,VIIRS_NOAA21_750,2026-09-16 05:06:00+00:00,6.158611111111111,6.480555555555555,2.6675,0.0,0.0,RUTINA
PuyehueCordonCaulle,VIIRS375,VIIRS_NOAA20,2026-09-16 06:00:00+00:00,5.258611111111111,5.580555555555556,2.8544444444444443,0.878,0.8,ALERTA_TERMICA
PuyehueCordonCaulle,VIIRS,VIIRS_NOAA20_750,2026-09-16 06:00:00+00:00,5.258611111111111,5.580555555555556,2.8544444444444443,0.536,0.77,ALERTA_TERMICA
PuyehueCordonCaulle,MODIS,MODIS_AQUA,2026-09-16 07:15:00+00:00,4.008611111111111,4.330555555555556,2.7716666666666665,111.195,0.0,RUTINA
PuyehueCordonCaulle,VIIRS375,VIIRS_NOAA21,2026-09-16 06:48:00+00:00,9.822777777777778,10.087222222222222,3.221111111111111,0.234,0.0,RUTINA
PuyehueCordonCaulle,VIIRS,VIIRS_NOAA21_750,2026-09-16 06:48:00+00:00,9.822777777777778,10.087222222222222,3.221111111111111,2.674,0.0,RUTINA
PuyehueCordonCaulle,MODIS,MODIS_TERRA,2026-09-17 02:30:00+00:00,5.058333333333334,5.405277777777778,2.347777777777778,5.0,0.0,RUTINA
PuyehueCordonCaulle,VIIRS375,VIIRS_NOAA21,2026-09-17 04:48:00+00:00,2.7583333333333333,3.105277777777778,4.046944444444445,0.057,0.24,FALSO_POSITIVO
PuyehueCordonCaulle,VIIRS,VIIRS_NOAA21_750,2026-09-17 04:48:00+00:00,2.7583333333333333,3.105277777777778,3.5572222222222223,3.495,0.0,RUTINA
PuyehueCordonCaulle,VIIRS,VIIRS_NOAA20_750,2026-09-17 05:42:00+00:00,7.784722222222222,8.081666666666667,5.147777777777778,0.657,0.42,ALERTA_TERMICA
PuyehueCordonCaulle,VIIRS375,VIIRS_NOAA21,2026-09-17 06:30:00+00:00,6.9847222222222225,7.281666666666666,4.3475,1.135,0.27,ALERTA_TERMICA
PuyehueCordonCaulle,VIIRS,VIIRS_NOAA21_750,2026-09-17 06:30:00+00:00,6.9847222222222225,7.281666666666666,5.0183333333333335,0.245,0.38,ALERTA_TERMICA
PuyehueCordonCaulle,VIIRS375,VIIRS_SNPP,2026-09-17 07:06:00+00:00,6.384722222222222,6.681666666666667,6.001111111111111,0.226,0.0,RUTINA
PuyehueCordonCaulle,VIIRS,VIIRS_SNPP_750,2026-09-17 07:06:00+00:00,6.384722222222222,6.681666666666667,6.248888888888889,0.0,0.0,RUTINA
PuyehueCordonCaulle,MODIS,MODIS_AQUA,2026-09-17 07:55:00+00:00,5.5680555555555555,5.865,2.931388888888889,217.579,0.0,RUTINA
PuyehueCordonCaulle,MODIS,MODIS_TERRA,2026-09-18 01:30:00+00:00,2.113888888888889,2.4719444444444445,1.3488888888888888,5.0,0.0,RUTINA
PuyehueCordonCaulle,VIIRS375,VIIRS_NOAA21,2026-09-18 04:30:00+00:00,4.681388888888889,5.0536111111111115,2.2666666666666666,1.311,0.0,RUTINA
PuyehueCordonCaulle,VIIRS,VIIRS_NOAA21_750,2026-09-18 04:30:00+00:00,4.681388888888889,5.0536111111111115,2.0966666666666667,0.894,0.0,RUTINA
PuyehueCordonCaulle,VIIRS375,VIIRS_NOAA20,2026-09-18 05:24:00+00:00,3.781388888888889,4.153611111111111,2.4516666666666667,0.865,0.78,ALERTA_TERMICA
PuyehueCordonCaulle,VIIRS,VIIRS_NOAA20_750,2026-09-18 05:24:00+00:00,3.781388888888889,4.153611111111111,2.4516666666666667,0.536,1.43,ALERTA_TERMICA
PuyehueCordonCaulle,VIIRS375,VIIRS_SNPP,2026-09-18 06:48:00+00:00,2.381388888888889,2.7536111111111112,3.9675,1.153,0.3,ALERTA_TERMICA
PuyehueCordonCaulle,VIIRS,VIIRS_SNPP_750,2026-09-18 06:48:00+00:00,2.381388888888889,2.7536111111111112,3.298888888888889,0.0,0.0,RUTINA
PuyehueCordonCaulle,MODIS,MODIS_AQUA,2026-09-18 08:30:00+00:00,6.026111111111111,6.302222222222222,2.2675,107.753,0.0,RUTINA
PuyehueCordonCaulle,MODIS,MODIS_TERRA,2026-09-19 02:10:00+00:00,1.4547222222222222,1.7916666666666667,2.4322222222222223,143.973,0.0,RUTINA
PuyehueCordonCaulle,VIIRS375,VIIRS_NOAA20,2026-09-19 05:06:00+00:00,3.834722222222222,4.1530555555555555,4.246388888888889,2.497,0.13,ALERTA_TERMICA
PuyehueCordonCaulle,VIIRS,VIIRS_NOAA20_750,2026-09-19 05:06:00+00:00,3.834722222222222,4.1530555555555555,3.250277777777778,0.708,0.0,RUTINA
PuyehueCordonCaulle,VIIRS375,VIIRS_NOAA21,2026-09-19 05:48:00+00:00,3.1347222222222224,3.4530555555555558,4.048333333333333,1.525,0.0,RUTINA
PuyehueCordonCaulle,VIIRS,VIIRS_NOAA21_750,2026-09-19 05:48:00+00:00,3.1347222222222224,3.4530555555555558,2.7983333333333333,5.0,0.0,RUTINA
PuyehueCordonCaulle,VIIRS375,VIIRS_NOAA20,2026-09-19 06:48:00+00:00,2.1347222222222224,2.4530555555555558,4.226666666666667,1.481,0.0,RUTINA
PuyehueCordonCaulle,VIIRS,VIIRS_NOAA20_750,2026-09-19 06:48:00+00:00,2.1347222222222224,2.4530555555555558,2.546388888888889,0.0,0.0,RUTINA
PuyehueCordonCaulle,MODIS,MODIS_AQUA,2026-09-19 07:30:00+00:00,6.593055555555556,6.935,3.098611111111111,158.57,0.0,RUTINA
PuyehueCordonCaulle,MODIS,MODIS_TERRA,2026-09-20 01:10:00+00:00,2.7380555555555555,3.0516666666666667,1.4327777777777777,5.0,0.0,RUTINA
PuyehueCordonCaulle,MODIS,MODIS_TERRA,2026-09-20 02:45:00+00:00,1.1547222222222222,1.4683333333333333,1.5244444444444445,5.0,0.0,RUTINA
PuyehueCordonCaulle,VIIRS375,VIIRS_NOAA20,2026-09-20 04:48:00+00:00,4.683055555555556,5.0025,3.0475,2.27,0.0,RUTINA
PuyehueCordonCaulle,VIIRS,VIIRS_NOAA20_750,2026-09-20 04:48:00+00:00,4.683055555555556,5.0025,2.2994444444444446,1.425,0.0,RUTINA
PuyehueCordonCaulle,VIIRS375,VIIRS_NOAA21,2026-09-20 05:30:00+00:00,3.9830555555555556,4.3025,2.5972222222222223,0.069,0.0,RUTINA
PuyehueCordonCaulle,VIIRS,VIIRS_NOAA21_750,2026-09-20 05:30:00+00:00,3.9830555555555556,4.3025,2.0969444444444445,2.063,0.0,RUTINA
PuyehueCordonCaulle,VIIRS,VIIRS_SNPP_750,2026-09-20 06:06:00+00:00,3.3830555555555555,3.7025,2.4972222222222222,0.345,0.0,RUTINA
PuyehueCordonCaulle,VIIRS375,VIIRS_NOAA20,2026-09-20 06:30:00+00:00,2.9830555555555556,3.3025,3.3466666666666667,0.039,0.0,RUTINA
PuyehueCordonCaulle,VIIRS,VIIRS_NOAA20_750,2026-09-20 06:30:00+00:00,2.9830555555555556,3.3025,2.5980555555555553,0.0,0.0,RUTINA
PuyehueCordonCaulle,MODIS,MODIS_AQUA,2026-09-20 08:10:00+00:00,6.093333333333334,6.478611111111111,1.9313888888888888,5.0,0.0,RUTINA
PuyehueCordonCaulle,MODIS,MODIS_TERRA,2026-09-21 01:50:00+00:00,1.9597222222222221,2.3341666666666665,1.1841666666666666,5.0,0.0,RUTINA
PuyehueCordonCaulle,VIIRS375,VIIRS_NOAA20,2026-09-21 04:30:00+00:00,5.299166666666666,5.6177777777777775,2.5972222222222223,0.063,0.0,RUTINA
PuyehueCordonCaulle,VIIRS,VIIRS_NOAA20_750,2026-09-21 04:30:00+00:00,5.299166666666666,5.6177777777777775,2.5972222222222223,0.0,0.0,RUTINA
PuyehueCordonCaulle,VIIRS375,VIIRS_NOAA21,2026-09-21 05:12:00+00:00,4.599166666666667,4.917777777777777,2.1483333333333334,0.212,0.0,RUTINA
PuyehueCordonCaulle,VIIRS,VIIRS_NOAA21_750,2026-09-21 05:12:00+00:00,4.599166666666667,4.917777777777777,2.397222222222222,1.039,0.0,RUTINA
PuyehueCordonCaulle,VIIRS,VIIRS_SNPP_750,2026-09-21 05:48:00+00:00,3.9991666666666665,4.317777777777778,2.549166666666667,0.398,0.0,RUTINA
PuyehueCordonCaulle,VIIRS375,VIIRS_NOAA20,2026-09-21 06:06:00+00:00,3.6991666666666667,4.017777777777778,2.5005555555555556,0.209,0.0,RUTINA
PuyehueCordonCaulle,VIIRS,VIIRS_NOAA20_750,2026-09-21 06:06:00+00:00,3.6991666666666667,4.017777777777778,2.7480555555555557,3.569,0.0,RUTINA
PuyehueCordonCaulle,VIIRS375,VIIRS_NOAA21,2026-09-21 06:54:00+00:00,2.8991666666666664,3.2177777777777776,3.198888888888889,0.077,0.0,RUTINA
PuyehueCordonCaulle,VIIRS,VIIRS_NOAA21_750,2026-09-21 06:54:00+00:00,2.8991666666666664,3.2177777777777776,2.700833333333333,0.076,0.0,RUTINA
PuyehueCordonCaulle,MODIS,MODIS_AQUA,2026-09-21 07:10:00+00:00,2.6325,2.951111111111111,2.4347222222222222,5.0,0.0,RUTINA
PuyehueCordonCaulle,MODIS,MODIS_AQUA,2026-09-21 08:45:00+00:00,1.7863888888888888,2.0408333333333335,2.0991666666666666,5.0,0.0,RUTINA
PuyehueCordonCaulle,MODIS,MODIS_TERRA,2026-09-22 02:25:00+00:00,5.257777777777778,5.676388888888889,1.6827777777777777,5.0,0.0,RUTINA
PuyehueCordonCaulle,VIIRS375,VIIRS_NOAA21,2026-09-22 04:54:00+00:00,2.7744444444444443,3.1930555555555555,3.9483333333333333,0.049,0.0,RUTINA
PuyehueCordonCaulle,VIIRS,VIIRS_SNPP_750,2026-09-22 05:30:00+00:00,8.069444444444445,8.362222222222222,3.348888888888889,2.37,0.0,RUTINA
PuyehueCordonCaulle,VIIRS375,VIIRS_NOAA20,2026-09-22 05:48:00+00:00,7.769444444444445,8.062222222222223,4.551111111111111,0.129,0.0,RUTINA
PuyehueCordonCaulle,VIIRS,VIIRS_NOAA21_750,2026-09-22 06:36:00+00:00,6.969444444444444,7.262222222222222,2.7511111111111113,0.567,0.0,RUTINA
PuyehueCordonCaulle,MODIS,MODIS_AQUA,2026-09-22 07:45:00+00:00,5.819444444444445,6.112222222222222,3.348333333333333,215.027,0.0,RUTINA
PuyehueCordonCaulle,MODIS,MODIS_TERRA,2026-09-23 01:30:00+00:00,3.4619444444444443,3.846388888888889,1.0255555555555556,5.0,0.0,RUTINA
PuyehueCordonCaulle,VIIRS375,VIIRS_NOAA21,2026-09-23 04:36:00+00:00,6.6325,6.9527777777777775,2.497777777777778,1.163,0.0,RUTINA
PuyehueCordonCaulle,VIIRS,VIIRS_NOAA21_750,2026-09-23 04:36:00+00:00,6.6325,6.9527777777777775,2.497777777777778,0.038,0.0,RUTINA
PuyehueCordonCaulle,VIIRS375,VIIRS_NOAA20,2026-09-23 05:30:00+00:00,5.7325,6.052777777777778,2.6008333333333336,0.062,0.0,RUTINA
PuyehueCordonCaulle,VIIRS,VIIRS_NOAA20_750,2026-09-23 05:30:00+00:00,5.7325,6.052777777777778,2.6008333333333336,0.579,0.0,RUTINA
PuyehueCordonCaulle,VIIRS375,VIIRS_NOAA21,2026-09-23 06:18:00+00:00,4.9325,5.252777777777778,2.754166666666667,0.099,0.0,RUTINA
PuyehueCordonCaulle,VIIRS,VIIRS_NOAA21_750,2026-09-23 06:18:00+00:00,4.9325,5.252777777777778,2.754166666666667,0.552,0.0,RUTINA
PuyehueCordonCaulle,VIIRS375,VIIRS_SNPP,2026-09-23 06:54:00+00:00,4.3325,4.652777777777778,3.200833333333333,0.015,0.0,RUTINA
PuyehueCordonCaulle,VIIRS,VIIRS_SNPP_750,2026-09-23 06:54:00+00:00,4.3325,4.652777777777778,2.948611111111111,0.0,0.0,RUTINA
PuyehueCordonCaulle,MODIS,MODIS_AQUA,2026-09-23 08:25:00+00:00,2.8158333333333334,3.136111111111111,1.9330555555555555,5.0,0.0,RUTINA
PuyehueCordonCaulle,MODIS,MODIS_TERRA,2026-09-24 02:05:00+00:00,5.5761111111111115,5.773333333333333,1.2677777777777777,5.0,0.0,RUTINA
PuyehueCordonCaulle,VIIRS375,VIIRS_SNPP,2026-09-24 04:54:00+00:00,2.7594444444444446,2.9566666666666666,2.4480555555555554,1.183,0.0,RUTINA
PuyehueCordonCaulle,VIIRS375,VIIRS_NOAA20,2026-09-24 05:12:00+00:00,2.4594444444444443,2.6566666666666667,2.6483333333333334,0.066,0.0,RUTINA
PuyehueCordonCaulle,VIIRS,VIIRS_NOAA20_750,2026-09-24 05:12:00+00:00,2.4594444444444443,2.6566666666666667,2.3958333333333335,0.0,0.0,RUTINA
PuyehueCordonCaulle,VIIRS375,VIIRS_NOAA21,2026-09-24 05:54:00+00:00,1.7594444444444444,1.9566666666666668,2.457777777777778,0.105,0.0,RUTINA
PuyehueCordonCaulle,VIIRS,VIIRS_NOAA21_750,2026-09-24 05:54:00+00:00,1.7594444444444444,1.9566666666666668,2.457777777777778,0.57,0.0,RUTINA
PuyehueCordonCaulle,VIIRS,VIIRS_NOAA20_750,2026-09-24 06:54:00+00:00,6.797777777777778,6.960555555555556,2.45,0.0,0.0,RUTINA
PuyehueCordonCaulle,MODIS,MODIS_AQUA,2026-09-24 07:25:00+00:00,6.2811111111111115,6.443888888888889,1.6813888888888888,5.0,0.0,RUTINA
PuyehueCordonCaulle,VIIRS375,VIIRS_NOAA20,2026-09-24 06:54:00+00:00,16.52638888888889,16.979166666666668,2.6991666666666667,0.602,0.0,RUTINA
PuyehueCordonCaulle,MODIS,MODIS_TERRA,2026-09-25 01:10:00+00:00,2.7794444444444446,3.1233333333333335,2.685,5.0,0.0,RUTINA
PuyehueCordonCaulle,MODIS,MODIS_TERRA,2026-09-25 02:45:00+00:00,6.9875,7.373333333333333,2.3519444444444444,5.0,0.0,RUTINA
PuyehueCordonCaulle,VIIRS375,VIIRS_NOAA20,2026-09-25 04:54:00+00:00,4.8375,5.223333333333334,3.2,1.109,0.0,RUTINA
PuyehueCordonCaulle,VIIRS,VIIRS_NOAA20_750,2026-09-25 04:54:00+00:00,4.8375,5.223333333333334,3.2,0.0,0.0,RUTINA
PuyehueCordonCaulle,VIIRS375,VIIRS_NOAA21,2026-09-25 05:36:00+00:00,4.1375,4.523333333333333,3.249722222222222,0.048,0.0,RUTINA
PuyehueCordonCaulle,VIIRS,VIIRS_NOAA21_750,2026-09-25 05:36:00+00:00,4.1375,4.523333333333333,3.4972222222222222,3.665,0.0,RUTINA
PuyehueCordonCaulle,VIIRS375,VIIRS_NOAA20,2026-09-25 06:36:00+00:00,3.1375,3.5233333333333334,4.501111111111111,0.046,0.0,RUTINA
PuyehueCordonCaulle,VIIRS,VIIRS_NOAA20_750,2026-09-25 06:36:00+00:00,3.1375,3.5233333333333334,4.501111111111111,0.0,0.0,RUTINA
PuyehueCordonCaulle,MODIS,MODIS_AQUA,2026-09-25 08:05:00+00:00,1.6541666666666666,2.04,2.0144444444444445,5.0,0.0,RUTINA
PuyehueCordonCaulle,MODIS,MODIS_TERRA,2026-09-26 01:45:00+00:00,2.2911111111111113,2.5341666666666667,1.0986111111111112,1.428,0.0,RUTINA
PuyehueCordonCaulle,VIIRS375,VIIRS_NOAA20,2026-09-26 04:36:00+00:00,4.942222222222222,5.292777777777777,2.4972222222222222,1.103,0.0,RUTINA
PuyehueCordonCaulle,VIIRS,VIIRS_NOAA20_750,2026-09-26 04:36:00+00:00,4.942222222222222,5.292777777777777,2.2480555555555557,0.0,0.0,RUTINA
PuyehueCordonCaulle,VIIRS375,VIIRS_NOAA21,2026-09-26 05:18:00+00:00,4.242222222222222,4.592777777777778,2.5483333333333333,0.816,0.0,RUTINA
PuyehueCordonCaulle,VIIRS,VIIRS_NOAA21_750,2026-09-26 05:18:00+00:00,4.242222222222222,4.592777777777778,2.2983333333333333,1.722,0.0,RUTINA
PuyehueCordonCaulle,VIIRS375,VIIRS_SNPP,2026-09-26 05:54:00+00:00,3.6422222222222222,3.992777777777778,2.9483333333333333,0.534,0.0,RUTINA
PuyehueCordonCaulle,VIIRS,VIIRS_SNPP_750,2026-09-26 05:54:00+00:00,3.6422222222222222,3.992777777777778,2.9483333333333333,2.79,0.0,RUTINA
PuyehueCordonCaulle,VIIRS375,VIIRS_NOAA20,2026-09-26 06:12:00+00:00,3.3422222222222224,3.6927777777777777,4.151111111111111,0.029,0.0,RUTINA
PuyehueCordonCaulle,MODIS,MODIS_AQUA,2026-09-26 07:05:00+00:00,2.4588888888888887,2.8094444444444444,2.0144444444444445,5.0,0.0,RUTINA
PuyehueCordonCaulle,MODIS,MODIS_AQUA,2026-09-26 08:40:00+00:00,10.749444444444444,10.85138888888889,2.1819444444444445,5.0,0.0,RUTINA
PuyehueCordonCaulle,MODIS,MODIS_TERRA,2026-09-27 02:25:00+00:00,7.779722222222222,8.168611111111112,1.4333333333333333,5.0,0.0,RUTINA
PuyehueCordonCaulle,VIIRS375,VIIRS_NOAA21,2026-09-27 05:00:00+00:00,5.1963888888888885,5.585277777777778,2.5975,1.0,0.0,RUTINA
PuyehueCordonCaulle,VIIRS,VIIRS_NOAA21_750,2026-09-27 05:00:00+00:00,5.1963888888888885,5.585277777777778,2.5975,3.226,0.0,RUTINA
PuyehueCordonCaulle,VIIRS,VIIRS_SNPP_750,2026-09-27 05:36:00+00:00,4.596388888888889,4.985277777777778,2.7491666666666665,0.711,0.0,RUTINA
PuyehueCordonCaulle,VIIRS375,VIIRS_NOAA20,2026-09-27 05:54:00+00:00,4.296388888888889,4.685277777777777,2.703333333333333,0.47,0.0,RUTINA
PuyehueCordonCaulle,VIIRS,VIIRS_NOAA20_750,2026-09-27 05:54:00+00:00,4.296388888888889,4.685277777777777,3.1980555555555554,5.526,0.0,RUTINA
PuyehueCordonCaulle,MODIS,MODIS_AQUA,2026-09-27 07:40:00+00:00,2.5297222222222224,2.9186111111111113,2.183611111111111,3.003,0.0,RUTINA
PuyehueCordonCaulle,VIIRS375,VIIRS_NOAA21,2026-09-27 06:42:00+00:00,8.573333333333334,8.9475,3.149722222222222,0.19,0.0,RUTINA
PuyehueCordonCaulle,VIIRS,VIIRS_NOAA21_750,2026-09-27 06:42:00+00:00,8.573333333333334,8.9475,2.9077777777777776,0.0,0.0,RUTINA
PuyehueCordonCaulle,MODIS,MODIS_TERRA,2026-09-28 01:25:00+00:00,9.552222222222222,9.954166666666667,4.434722222222222,172.091,0.0,RUTINA
PuyehueCordonCaulle,VIIRS375,VIIRS_NOAA21,2026-09-28 04:42:00+00:00,6.268888888888889,6.670833333333333,2.397222222222222,0.564,0.11,ALERTA_TERMICA
PuyehueCordonCaulle,VIIRS,VIIRS_NOAA21_750,2026-09-28 04:42:00+00:00,6.268888888888889,6.670833333333333,2.648888888888889,0.094,0.0,RUTINA
PuyehueCordonCaulle,VIIRS375,VIIRS_NOAA20,2026-09-28 05:36:00+00:00,5.368888888888889,5.770833333333333,2.7483333333333335,0.452,0.26,ALERTA_TERMICA
PuyehueCordonCaulle,VIIRS,VIIRS_NOAA20_750,2026-09-28 05:36:00+00:00,5.368888888888889,5.770833333333333,3.001388888888889,0.259,0.38,ALERTA_TERMICA
PuyehueCordonCaulle,VIIRS375,VIIRS_SNPP,2026-09-28 07:00:00+00:00,3.968888888888889,4.370833333333334,5.350833333333333,0.495,0.0,RUTINA
PuyehueCordonCaulle,VIIRS,VIIRS_SNPP_750,2026-09-28 07:00:00+00:00,3.968888888888889,4.370833333333334,5.350833333333333,0.035,0.0,RUTINA
PuyehueCordonCaulle,MODIS,MODIS_AQUA,2026-09-28 08:20:00+00:00,2.6355555555555554,3.0375,2.265833333333333,171.016,0.0,RUTINA
PuyehueCordonCaulle,VIIRS375,VIIRS_NOAA21,2026-09-28 06:24:00+00:00,13.376111111111111,13.6475,3.707777777777778,0.299,0.0,RUTINA
PuyehueCordonCaulle,VIIRS,VIIRS_NOAA21_750,2026-09-28 06:24:00+00:00,13.376111111111111,13.6475,3.9519444444444445,1.341,0.0,RUTINA
PuyehueCordonCaulle,MODIS,MODIS_TERRA,2026-09-29 02:05:00+00:00,6.2122222222222225,6.549166666666666,1.2686111111111111,5.0,0.0,RUTINA
PuyehueCordonCaulle,VIIRS375,VIIRS_NOAA20,2026-09-29 05:18:00+00:00,2.9955555555555557,3.3325,3.733611111111111,0.051,0.0,RUTINA
PuyehueCordonCaulle,VIIRS,VIIRS_NOAA20_750,2026-09-29 05:18:00+00:00,2.9955555555555557,3.3325,3.733611111111111,2.006,0.0,RUTINA
PuyehueCordonCaulle,VIIRS375,VIIRS_NOAA21,2026-09-29 06:00:00+00:00,2.2955555555555556,2.6325,3.848333333333333,0.534,0.0,RUTINA
PuyehueCordonCaulle,VIIRS,VIIRS_NOAA21_750,2026-09-29 06:00:00+00:00,2.2955555555555556,2.6325,4.098333333333334,2.968,0.0,RUTINA
PuyehueCordonCaulle,VIIRS375,VIIRS_NOAA20,2026-09-29 07:00:00+00:00,8.053888888888888,8.345833333333333,4.598333333333334,0.173,0.0,RUTINA
PuyehueCordonCaulle,VIIRS,VIIRS_NOAA20_750,2026-09-29 07:00:00+00:00,8.053888888888888,8.345833333333333,4.598333333333334,0.0,0.0,RUTINA
PuyehueCordonCaulle,MODIS,MODIS_AQUA,2026-09-29 07:20:00+00:00,7.720555555555555,8.0125,1.7005555555555556,5.0,0.0,RUTINA
PuyehueCordonCaulle,MODIS,MODIS_TERRA,2026-09-30 01:05:00+00:00,7.358611111111111,7.721666666666667,1.2655555555555555,5.0,0.0,RUTINA
PuyehueCordonCaulle,VIIRS375,VIIRS_NOAA20,2026-09-30 05:00:00+00:00,3.4419444444444443,3.805,2.3494444444444444,0.017,0.0,RUTINA
PuyehueCordonCaulle,VIIRS,VIIRS_NOAA20_750,2026-09-30 05:00:00+00:00,3.4419444444444443,3.805,2.3494444444444444,0.0,0.0,RUTINA
PuyehueCordonCaulle,VIIRS375,VIIRS_NOAA21,2026-09-30 05:42:00+00:00,2.7419444444444445,3.105,2.4097222222222223,0.017,0.0,RUTINA
PuyehueCordonCaulle,VIIRS,VIIRS_NOAA21_750,2026-09-30 05:42:00+00:00,2.7419444444444445,3.105,2.1494444444444443,0.0,0.0,RUTINA
PuyehueCordonCaulle,MODIS,MODIS_TERRA,2026-09-30 02:45:00+00:00,13.965555555555556,14.320833333333333,2.348333333333333,5.0,0.0,RUTINA
PuyehueCordonCaulle,VIIRS375,VIIRS_NOAA20,2026-09-30 06:42:00+00:00,10.015555555555556,10.370833333333334,2.6558333333333333,0.851,0.0,RUTINA
PuyehueCordonCaulle,VIIRS,VIIRS_NOAA20_750,2026-09-30 06:42:00+00:00,10.015555555555556,10.370833333333334,2.6558333333333333,0.0,0.0,RUTINA
PuyehueCordonCaulle,MODIS,MODIS_AQUA,2026-09-30 07:55:00+00:00,8.79888888888889,9.154166666666667,2.1830555555555557,5.0,0.0,RUTINA
PuyehueCordonCaulle,MODIS,MODIS_TERRA,2026-10-01 01:45:00+00:00,6.971111111111111,7.296666666666667,1.1005555555555555,222.981,0.0,RUTINA
PuyehueCordonCaulle,VIIRS375,VIIRS_NOAA20,2026-10-01 04:42:00+00:00,4.021111111111111,4.346666666666667,7.6497222222222225,2.739,0.05,ALERTA_TERMICA
PuyehueCordonCaulle,VIIRS,VIIRS_NOAA20_750,2026-10-01 04:42:00+00:00,4.021111111111111,4.346666666666667,6.400555555555556,0.758,0.0,RUTINA
PuyehueCordonCaulle,VIIRS375,VIIRS_NOAA20,2026-10-01 06:24:00+00:00,2.321111111111111,2.6466666666666665,6.703055555555555,0.028,0.0,RUTINA
PuyehueCordonCaulle,VIIRS,VIIRS_NOAA20_750,2026-10-01 06:24:00+00:00,2.321111111111111,2.6466666666666665,5.704166666666667,0.397,0.0,RUTINA
PuyehueCordonCaulle,MODIS,MODIS_AQUA,2026-10-01 08:35:00+00:00,8.804444444444444,9.176944444444445,2.2675,5.0,0.0,RUTINA
PuyehueCordonCaulle,VIIRS375,VIIRS_NOAA21,2026-10-02 05:06:00+00:00,7.259722222222222,7.535555555555556,4.9975,0.014,0.0,RUTINA
PuyehueCordonCaulle,VIIRS,VIIRS_NOAA21_750,2026-10-02 05:06:00+00:00,7.259722222222222,7.535555555555556,2.9972222222222222,0.662,0.0,RUTINA
PuyehueCordonCaulle,VIIRS375,VIIRS_NOAA20,2026-10-02 06:00:00+00:00,6.3597222222222225,6.635555555555555,6.027777777777778,0.0,0.0,RUTINA
PuyehueCordonCaulle,VIIRS,VIIRS_NOAA20_750,2026-10-02 06:00:00+00:00,6.3597222222222225,6.635555555555555,3.0991666666666666,0.0,0.0,RUTINA
PuyehueCordonCaulle,VIIRS375,VIIRS_NOAA21,2026-10-02 06:48:00+00:00,5.559722222222222,5.835555555555556,6.060277777777777,0.038,0.0,RUTINA
PuyehueCordonCaulle,VIIRS,VIIRS_NOAA21_750,2026-10-02 06:48:00+00:00,5.559722222222222,5.835555555555556,3.2975,0.0,0.0,RUTINA
PuyehueCordonCaulle,MODIS,MODIS_AQUA,2026-10-02 07:35:00+00:00,4.776388888888889,5.052222222222222,2.7672222222222222,5.0,0.0,RUTINA
Lastarria,VIIRS375,VIIRS_NOAA20,2026-09-14 04:54:00+00:00,5.293611111111111,6.042222222222223,3.1983333333333333,0.0,0.0,RUTINA
Lastarria,VIIRS,VIIRS_NOAA20_750,2026-09-14 04:54:00+00:00,5.293611111111111,6.042222222222223,3.4483333333333333,0.0,0.0,RUTINA
Lastarria,VIIRS375,VIIRS_NOAA21,2026-09-14 05:42:00+00:00,4.493611111111111,5.242222222222222,3.9,0.117,0.0,RUTINA
Lastarria,VIIRS,VIIRS_NOAA21_750,2026-09-14 05:42:00+00:00,4.493611111111111,5.242222222222222,3.9,0.0,0.0,RUTINA
Lastarria,VIIRS375,VIIRS_NOAA20,2026-09-14 06:36:00+00:00,3.593611111111111,4.342222222222222,5.250555555555556,0.046,0.0,RUTINA
Lastarria,VIIRS,VIIRS_NOAA20_750,2026-09-14 06:36:00+00:00,3.593611111111111,4.342222222222222,5.250555555555556,0.0,0.0,RUTINA
Lastarria,MODIS,MODIS_AQUA,2026-09-14 07:35:00+00:00,2.6102777777777777,3.358888888888889,4.2675,5.0,0.0,RUTINA
Lastarria,MODIS,MODIS_TERRA,2026-09-15 01:15:00+00:00,12.251666666666667,12.678055555555556,1.5997222222222223,5.0,0.0,RUTINA
Lastarria,VIIRS375,VIIRS_NOAA21,2026-09-15 05:18:00+00:00,8.201666666666666,8.628055555555555,3.049722222222222,0.077,0.0,RUTINA
Lastarria,VIIRS,VIIRS_NOAA21_750,2026-09-15 05:18:00+00:00,8.201666666666666,8.628055555555555,2.5597222222222222,0.0,0.0,RUTINA
Lastarria,VIIRS375,VIIRS_NOAA20,2026-09-15 06:18:00+00:00,7.201666666666667,7.628055555555555,3.299166666666667,0.05,0.03,ALERTA_TERMICA
Lastarria,VIIRS,VIIRS_NOAA20_750,2026-09-15 06:18:00+00:00,7.201666666666667,7.628055555555555,5.05,0.551,0.0,RUTINA
Lastarria,MODIS,MODIS_AQUA,2026-09-15 08:10:00+00:00,5.335,5.761388888888889,3.183611111111111,5.0,0.0,RUTINA
Lastarria,MODIS,MODIS_TERRA,2026-09-16 01:55:00+00:00,2.9775,3.3525,2.4341666666666666,5.0,0.0,RUTINA
Lastarria,VIIRS375,VIIRS_NOAA21,2026-09-16 05:00:00+00:00,6.186388888888889,6.580555555555556,2.7675,0.084,0.0,RUTINA
Lastarria,VIIRS,VIIRS_NOAA21_750,2026-09-16 05:00:00+00:00,6.186388888888889,6.580555555555556,2.7675,2.703,1.48,FALSO_POSITIVO
Lastarria,VIIRS375,VIIRS_NOAA20,2026-09-16 06:00:00+00:00,5.186388888888889,5.580555555555556,2.8544444444444443,0.02,0.0,RUTINA
Lastarria,VIIRS,VIIRS_NOAA20_750,2026-09-16 06:00:00+00:00,5.186388888888889,5.580555555555556,2.5991666666666666,0.0,0.0,RUTINA
Lastarria,MODIS,MODIS_AQUA,2026-09-16 07:10:00+00:00,4.019722222222223,4.413888888888889,2.855,5.0,0.0,RUTINA
Lastarria,MODIS,MODIS_TERRA,2026-09-17 00:55:00+00:00,6.601111111111111,6.988611111111111,2.6805555555555554,5.0,0.0,RUTINA
Lastarria,VIIRS375,VIIRS_NOAA21,2026-09-17 04:42:00+00:00,2.8177777777777777,3.205277777777778,3.6572222222222224,0.065,0.0,RUTINA
Lastarria,VIIRS,VIIRS_NOAA21_750,2026-09-17 04:42:00+00:00,2.8177777777777777,3.205277777777778,3.3991666666666664,0.0,0.0,RUTINA
Lastarria,VIIRS375,VIIRS_NOAA20,2026-09-17 05:36:00+00:00,7.739444444444445,8.181666666666667,4.1691666666666665,0.027,0.0,RUTINA
Lastarria,VIIRS,VIIRS_NOAA20_750,2026-09-17 05:36:00+00:00,7.739444444444445,8.181666666666667,5.247777777777777,0.463,0.0,RUTINA
Lastarria,VIIRS375,VIIRS_NOAA21,2026-09-17 06:24:00+00:00,6.939444444444445,7.381666666666667,4.4475,0.018,0.8,FALSO_POSITIVO
Lastarria,VIIRS,VIIRS_NOAA21_750,2026-09-17 06:24:00+00:00,6.939444444444445,7.381666666666667,5.118333333333333,0.0,0.0,RUTINA
Lastarria,MODIS,MODIS_AQUA,2026-09-17 07:50:00+00:00,5.506111111111111,5.948333333333333,3.0147222222222223,5.0,0.0,RUTINA
Lastarria,MODIS,MODIS_TERRA,2026-09-18 01:35:00+00:00,2.0383333333333336,2.388611111111111,3.437222222222222,5.0,0.0,RUTINA
Lastarria,VIIRS375,VIIRS_NOAA20,2026-09-18 05:18:00+00:00,3.806388888888889,4.253611111111111,2.5516666666666667,0.051,0.0,RUTINA
Lastarria,VIIRS,VIIRS_NOAA20_750,2026-09-18 05:18:00+00:00,3.806388888888889,4.253611111111111,2.5516666666666667,0.0,0.0,RUTINA
Lastarria,VIIRS375,VIIRS_NOAA21,2026-09-18 06:06:00+00:00,3.006388888888889,3.453611111111111,2.4994444444444444,0.014,0.0,RUTINA
Lastarria,VIIRS,VIIRS_NOAA21_750,2026-09-18 06:06:00+00:00,3.006388888888889,3.453611111111111,1.9997222222222222,0.0,0.0,RUTINA
Lastarria,VIIRS375,VIIRS_SNPP,2026-09-18 06:42:00+00:00,2.406388888888889,2.8536111111111113,4.0675,0.03,0.0,RUTINA
Lastarria,VIIRS,VIIRS_SNPP_750,2026-09-18 06:42:00+00:00,2.406388888888889,2.8536111111111113,3.1483333333333334,0.0,0.0,RUTINA
Lastarria,MODIS,MODIS_AQUA,2026-09-18 08:25:00+00:00,6.030833333333334,6.385555555555555,2.3508333333333336,5.0,0.0,RUTINA
Lastarria,MODIS,MODIS_TERRA,2026-09-19 02:10:00+00:00,1.3805555555555555,1.7916666666666667,2.4322222222222223,5.0,0.0,RUTINA
Lastarria,VIIRS375,VIIRS_NOAA20,2026-09-19 05:00:00+00:00,3.786111111111111,4.253055555555555,4.346388888888889,0.074,0.0,RUTINA
Lastarria,VIIRS,VIIRS_NOAA20_750,2026-09-19 05:00:00+00:00,3.786111111111111,4.253055555555555,3.350277777777778,0.0,0.0,RUTINA
Lastarria,VIIRS375,VIIRS_NOAA21,2026-09-19 05:48:00+00:00,2.986111111111111,3.4530555555555558,4.048333333333333,0.055,0.0,RUTINA
Lastarria,VIIRS,VIIRS_NOAA21_750,2026-09-19 05:48:00+00:00,2.986111111111111,3.4530555555555558,2.7983333333333333,0.0,0.0,RUTINA
Lastarria,VIIRS375,VIIRS_NOAA20,2026-09-19 06:42:00+00:00,2.0861111111111112,2.5530555555555554,4.326666666666667,0.019,0.0,RUTINA
Lastarria,VIIRS,VIIRS_NOAA20_750,2026-09-19 06:42:00+00:00,2.0861111111111112,2.5530555555555554,2.6463888888888887,0.0,0.0,RUTINA
Lastarria,MODIS,MODIS_AQUA,2026-09-19 07:30:00+00:00,6.496666666666667,6.935,3.098611111111111,3.501,0.0,RUTINA
Lastarria,MODIS,MODIS_TERRA,2026-09-20 01:15:00+00:00,2.6030555555555557,2.9683333333333333,1.5991666666666666,5.0,0.0,RUTINA
Lastarria,VIIRS375,VIIRS_NOAA20,2026-09-20 04:42:00+00:00,4.696111111111111,5.1025,3.1475,0.0,0.0,RUTINA
Lastarria,VIIRS,VIIRS_NOAA20_750,2026-09-20 04:42:00+00:00,4.696111111111111,5.1025,2.3994444444444443,0.0,0.0,RUTINA
Lastarria,VIIRS375,VIIRS_NOAA21,2026-09-20 05:24:00+00:00,3.996111111111111,4.4025,2.6972222222222224,0.033,0.0,RUTINA
Lastarria,VIIRS,VIIRS_NOAA21_750,2026-09-20 05:24:00+00:00,3.996111111111111,4.4025,2.1969444444444446,0.0,0.0,RUTINA
Lastarria,VIIRS,VIIRS_SNPP_750,2026-09-20 06:06:00+00:00,3.296111111111111,3.7025,2.4972222222222222,0.0,0.0,RUTINA
Lastarria,VIIRS375,VIIRS_NOAA20,2026-09-20 06:24:00+00:00,2.996111111111111,3.4025,3.1983333333333333,0.02,0.0,RUTINA
Lastarria,VIIRS,VIIRS_NOAA20_750,2026-09-20 06:24:00+00:00,2.996111111111111,3.4025,2.6980555555555554,0.0,0.0,RUTINA
Lastarria,MODIS,MODIS_AQUA,2026-09-20 08:05:00+00:00,6.188611111111111,6.561944444444444,2.0147222222222223,1.179,0.0,RUTINA
Lastarria,MODIS,MODIS_TERRA,2026-09-21 01:50:00+00:00,1.9047222222222222,2.3341666666666665,1.0152777777777777,5.0,0.0,RUTINA
Lastarria,VIIRS375,VIIRS_NOAA21,2026-09-21 05:06:00+00:00,4.6130555555555555,5.017777777777778,2.999722222222222,0.0,0.0,RUTINA
Lastarria,VIIRS,VIIRS_NOAA21_750,2026-09-21 05:06:00+00:00,4.6130555555555555,5.017777777777778,2.4972222222222222,0.0,0.0,RUTINA
Lastarria,VIIRS,VIIRS_SNPP_750,2026-09-21 05:42:00+00:00,4.013055555555556,4.417777777777777,2.6491666666666664,0.0,0.0,RUTINA
Lastarria,VIIRS375,VIIRS_NOAA20,2026-09-21 06:06:00+00:00,3.6130555555555555,4.017777777777778,2.5005555555555556,0.047,0.05,ALERTA_TERMICA
Lastarria,VIIRS,VIIRS_NOAA20_750,2026-09-21 06:06:00+00:00,3.6130555555555555,4.017777777777778,2.7480555555555557,0.0,0.0,RUTINA
Lastarria,MODIS,MODIS_AQUA,2026-09-21 08:45:00+00:00,1.6333333333333333,2.0408333333333335,2.0991666666666666,4.966,0.0,RUTINA
Lastarria,MODIS,MODIS_TERRA,2026-09-22 00:55:00+00:00,6.711944444444445,7.176388888888889,2.6822222222222223,5.0,0.0,RUTINA
Lastarria,VIIRS375,VIIRS_NOAA21,2026-09-22 04:48:00+00:00,2.828611111111111,3.2930555555555556,3.0505555555555555,0.033,0.0,RUTINA
Lastarria,VIIRS375,VIIRS_NOAA20,2026-09-22 05:48:00+00:00,7.628055555555555,8.062222222222223,4.049166666666666,0.044,0.0,RUTINA
Lastarria,VIIRS,VIIRS_NOAA20_750,2026-09-22 05:48:00+00:00,7.628055555555555,8.062222222222223,3.048611111111111,0.0,0.0,RUTINA
Lastarria,VIIRS375,VIIRS_NOAA21,2026-09-22 06:30:00+00:00,6.928055555555556,7.362222222222222,4.597777777777778,0.044,0.0,RUTINA
Lastarria,MODIS,MODIS_AQUA,2026-09-22 07:45:00+00:00,5.678055555555556,6.112222222222222,3.348333333333333,5.0,0.0,RUTINA
Lastarria,MODIS,MODIS_TERRA,2026-09-23 01:30:00+00:00,3.383888888888889,3.846388888888889,1.0255555555555556,62.841,0.0,RUTINA
Lastarria,VIIRS375,VIIRS_NOAA20,2026-09-23 05:24:00+00:00,5.754722222222222,6.152777777777778,2.700833333333333,0.044,0.0,RUTINA
Lastarria,VIIRS,VIIRS_NOAA20_750,2026-09-23 05:24:00+00:00,5.754722222222222,6.152777777777778,2.700833333333333,0.0,0.0,RUTINA
Lastarria,VIIRS375,VIIRS_NOAA21,2026-09-23 06:12:00+00:00,4.954722222222222,5.352777777777778,2.8541666666666665,0.055,0.0,RUTINA
Lastarria,VIIRS,VIIRS_NOAA21_750,2026-09-23 06:12:00+00:00,4.954722222222222,5.352777777777778,2.8541666666666665,0.0,0.0,RUTINA
Lastarria,VIIRS375,VIIRS_SNPP,2026-09-23 06:48:00+00:00,4.354722222222223,4.752777777777778,3.3008333333333333,0.052,0.03,ALERTA_TERMICA
Lastarria,VIIRS,VIIRS_SNPP_750,2026-09-23 06:48:00+00:00,4.354722222222223,4.752777777777778,3.048611111111111,0.0,0.0,RUTINA
Lastarria,MODIS,MODIS_AQUA,2026-09-23 08:20:00+00:00,2.821388888888889,3.2194444444444446,2.016388888888889,5.0,0.0,RUTINA
Lastarria,MODIS,MODIS_TERRA,2026-09-24 02:10:00+00:00,11.42361111111111,11.693888888888889,0.9308333333333333,5.0,0.0,RUTINA
Lastarria,VIIRS375,VIIRS_SNPP,2026-09-24 04:48:00+00:00,8.790277777777778,9.060555555555556,2.5480555555555555,0.0,0.0,RUTINA
Lastarria,VIIRS375,VIIRS_NOAA20,2026-09-24 05:06:00+00:00,8.490277777777777,8.760555555555555,2.7483333333333335,0.051,0.0,RUTINA
Lastarria,VIIRS,VIIRS_NOAA20_750,2026-09-24 05:06:00+00:00,8.490277777777777,8.760555555555555,2.495833333333333,0.0,0.0,RUTINA
Lastarria,VIIRS375,VIIRS_NOAA21,2026-09-24 05:54:00+00:00,7.690277777777778,7.960555555555556,2.457777777777778,0.17,0.12,ALERTA_TERMICA
Lastarria,VIIRS,VIIRS_NOAA21_750,2026-09-24 05:54:00+00:00,7.690277777777778,7.960555555555556,2.457777777777778,0.0,0.0,RUTINA
Lastarria,VIIRS375,VIIRS_SNPP,2026-09-24 06:30:00+00:00,7.090277777777778,7.360555555555556,2.5980555555555553,0.13,0.07,ALERTA_TERMICA
Lastarria,VIIRS,VIIRS_SNPP_750,2026-09-24 06:30:00+00:00,7.090277777777778,7.360555555555556,3.348333333333333,0.0,0.0,RUTINA
Lastarria,MODIS,MODIS_AQUA,2026-09-24 07:20:00+00:00,6.256944444444445,6.527222222222222,1.7647222222222223,5.0,0.0,RUTINA
Lastarria,MODIS,MODIS_TERRA,2026-09-25 01:10:00+00:00,2.701111111111111,3.1233333333333335,2.685,5.0,0.0,RUTINA
Lastarria,VIIRS375,VIIRS_NOAA20,2026-09-25 04:48:00+00:00,4.9302777777777775,5.323333333333333,3.046111111111111,0.036,0.0,RUTINA
Lastarria,VIIRS,VIIRS_NOAA20_750,2026-09-25 04:48:00+00:00,4.9302777777777775,5.323333333333333,3.046111111111111,0.0,0.0,RUTINA
Lastarria,VIIRS375,VIIRS_NOAA21,2026-09-25 05:36:00+00:00,4.130277777777778,4.523333333333333,3.249722222222222,0.0,0.0,RUTINA
Lastarria,VIIRS,VIIRS_NOAA21_750,2026-09-25 05:36:00+00:00,4.130277777777778,4.523333333333333,3.249722222222222,0.0,0.0,RUTINA
Lastarria,VIIRS375,VIIRS_NOAA20,2026-09-25 06:30:00+00:00,3.230277777777778,3.6233333333333335,4.357777777777778,0.147,0.1,ALERTA_TERMICA
Lastarria,VIIRS,VIIRS_NOAA20_750,2026-09-25 06:30:00+00:00,3.230277777777778,3.6233333333333335,4.601111111111111,0.0,0.0,RUTINA
Lastarria,MODIS,MODIS_AQUA,2026-09-25 08:00:00+00:00,1.7302777777777778,2.1233333333333335,2.097777777777778,5.0,0.0,RUTINA
Lastarria,MODIS,MODIS_TERRA,2026-09-26 01:50:00+00:00,2.1397222222222223,2.450833333333333,1.0152777777777777,5.0,0.0,RUTINA
Lastarria,VIIRS375,VIIRS_NOAA21,2026-09-26 05:12:00+00:00,4.330555555555556,4.692777777777778,2.6483333333333334,0.049,0.0,RUTINA
Lastarria,VIIRS,VIIRS_NOAA21_750,2026-09-26 05:12:00+00:00,4.330555555555556,4.692777777777778,2.3983333333333334,0.321,0.0,RUTINA
Lastarria,VIIRS375,VIIRS_SNPP,2026-09-26 05:48:00+00:00,3.7305555555555556,4.092777777777778,3.0483333333333333,0.377,0.32,ALERTA_TERMICA
Lastarria,VIIRS,VIIRS_SNPP_750,2026-09-26 05:48:00+00:00,3.7305555555555556,4.092777777777778,3.0483333333333333,0.0,0.0,RUTINA
Lastarria,VIIRS375,VIIRS_NOAA20,2026-09-26 06:12:00+00:00,3.3305555555555557,3.6927777777777777,3.8980555555555556,0.063,0.05,ALERTA_TERMICA
Lastarria,VIIRS,VIIRS_NOAA20_750,2026-09-26 06:12:00+00:00,3.3305555555555557,3.6927777777777777,3.8980555555555556,0.586,0.0,RUTINA
Lastarria,MODIS,MODIS_AQUA,2026-09-26 08:35:00+00:00,5.896388888888889,6.251388888888889,2.265277777777778,5.0,0.0,RUTINA
Lastarria,MODIS,MODIS_TERRA,2026-09-27 00:50:00+00:00,3.283888888888889,3.5875,1.2663888888888888,26.883,0.0,RUTINA
Lastarria,VIIRS375,VIIRS_NOAA21,2026-09-27 04:54:00+00:00,5.240277777777778,5.685277777777777,2.446388888888889,0.045,0.0,RUTINA
Lastarria,VIIRS,VIIRS_NOAA21_750,2026-09-27 04:54:00+00:00,5.240277777777778,5.685277777777777,2.446388888888889,0.0,0.0,RUTINA
Lastarria,VIIRS375,VIIRS_NOAA20,2026-09-27 05:54:00+00:00,4.240277777777778,4.685277777777777,2.703333333333333,0.21,0.05,ALERTA_TERMICA
Lastarria,VIIRS,VIIRS_NOAA20_750,2026-09-27 05:54:00+00:00,4.240277777777778,4.685277777777777,2.9494444444444445,0.0,0.0,RUTINA
Lastarria,MODIS,MODIS_AQUA,2026-09-27 07:35:00+00:00,2.5569444444444445,3.0019444444444443,2.2669444444444444,5.0,0.0,RUTINA
Lastarria,VIIRS375,VIIRS_NOAA21,2026-09-27 06:36:00+00:00,8.713333333333333,9.0475,3.0077777777777777,0.051,0.05,ALERTA_TERMICA
Lastarria,VIIRS,VIIRS_NOAA21_750,2026-09-27 06:36:00+00:00,8.713333333333333,9.0475,3.0077777777777777,0.0,0.0,RUTINA
Lastarria,VIIRS375,VIIRS_NOAA20,2026-09-28 05:30:00+00:00,14.067222222222222,14.5475,2.848333333333333,0.058,0.0,RUTINA
Lastarria,VIIRS,VIIRS_NOAA20_750,2026-09-28 05:30:00+00:00,14.067222222222222,14.5475,2.848333333333333,0.0,0.0,RUTINA
Lastarria,VIIRS375,VIIRS_NOAA21,2026-09-28 06:18:00+00:00,13.267222222222221,13.7475,3.486111111111111,0.046,0.0,RUTINA
Lastarria,VIIRS,VIIRS_NOAA21_750,2026-09-28 06:18:00+00:00,13.267222222222221,13.7475,3.807777777777778,0.0,0.0,RUTINA
Lastarria,VIIRS375,VIIRS_SNPP,2026-09-28 06:54:00+00:00,12.667222222222222,13.1475,5.198611111111111,0.0,0.0,RUTINA
Lastarria,VIIRS,VIIRS_SNPP_750,2026-09-28 06:54:00+00:00,12.667222222222222,13.1475,5.198611111111111,0.0,0.0,RUTINA
Lastarria,MODIS,MODIS_AQUA,2026-09-28 08:15:00+00:00,11.317222222222222,11.7975,2.1025,5.0,0.0,RUTINA
Lastarria,MODIS,MODIS_TERRA,2026-09-29 02:10:00+00:00,6.069444444444445,6.465833333333333,2.4322222222222223,5.0,0.0,RUTINA
Lastarria,VIIRS375,VIIRS_NOAA20,2026-09-29 05:12:00+00:00,3.036111111111111,3.4325,3.6494444444444443,0.0,0.0,RUTINA
Lastarria,VIIRS,VIIRS_NOAA20_750,2026-09-29 05:12:00+00:00,3.036111111111111,3.4325,3.8336111111111113,0.0,0.0,RUTINA
Lastarria,VIIRS375,VIIRS_NOAA21,2026-09-29 06:00:00+00:00,2.236111111111111,2.6325,3.848333333333333,0.068,0.42,FALSO_POSITIVO
Lastarria,VIIRS,VIIRS_NOAA21_750,2026-09-29 06:00:00+00:00,2.236111111111111,2.6325,4.098333333333334,1.152,0.0,RUTINA
Lastarria,VIIRS375,VIIRS_SNPP,2026-09-29 06:36:00+00:00,8.437777777777777,8.745833333333334,5.9991666666666665,0.075,0.0,RUTINA
Lastarria,VIIRS,VIIRS_SNPP_750,2026-09-29 06:36:00+00:00,8.437777777777777,8.745833333333334,5.9991666666666665,0.0,0.0,RUTINA
Lastarria,MODIS,MODIS_AQUA,2026-09-29 07:15:00+00:00,7.7877777777777775,8.095833333333333,1.7838888888888889,5.0,0.0,RUTINA
Lastarria,MODIS,MODIS_TERRA,2026-09-30 01:10:00+00:00,15.41638888888889,15.904166666666667,1.1822222222222223,5.0,0.0,RUTINA
Lastarria,VIIRS375,VIIRS_NOAA20,2026-09-30 04:54:00+00:00,11.683055555555555,12.170833333333333,2.4494444444444445,0.03,0.0,RUTINA
Lastarria,VIIRS,VIIRS_NOAA20_750,2026-09-30 04:54:00+00:00,11.683055555555555,12.170833333333333,2.4494444444444445,0.0,0.0,RUTINA
Lastarria,VIIRS375,VIIRS_NOAA21,2026-09-30 05:42:00+00:00,10.883055555555556,11.370833333333334,2.4097222222222223,0.064,0.0,RUTINA
Lastarria,VIIRS,VIIRS_NOAA21_750,2026-09-30 05:42:00+00:00,10.883055555555556,11.370833333333334,2.1494444444444443,0.0,0.0,RUTINA
Lastarria,VIIRS375,VIIRS_NOAA20,2026-09-30 06:36:00+00:00,9.983055555555556,10.470833333333333,2.7558333333333334,0.034,0.0,RUTINA
Lastarria,VIIRS,VIIRS_NOAA20_750,2026-09-30 06:36:00+00:00,9.983055555555556,10.470833333333333,2.7558333333333334,0.0,0.0,RUTINA
Lastarria,MODIS,MODIS_AQUA,2026-09-30 07:50:00+00:00,8.749722222222223,9.2375,2.266388888888889,5.0,0.0,RUTINA
Lastarria,MODIS,MODIS_TERRA,2026-10-01 01:50:00+00:00,6.759444444444444,7.213333333333333,2.7683333333333335,5.0,0.0,RUTINA
Lastarria,VIIRS375,VIIRS_NOAA20,2026-10-01 06:18:00+00:00,2.292777777777778,2.7466666666666666,6.5488888888888885,0.057,0.56,FALSO_POSITIVO
Lastarria,VIIRS,VIIRS_NOAA20_750,2026-10-01 06:18:00+00:00,2.292777777777778,2.7466666666666666,5.552222222222222,0.0,0.0,RUTINA
Lastarria,MODIS,MODIS_AQUA,2026-10-01 08:30:00+00:00,8.814166666666667,9.260277777777778,2.3508333333333336,5.0,0.0,RUTINA
Lastarria,MODIS,MODIS_TERRA,2026-10-02 00:50:00+00:00,3.641388888888889,3.9908333333333332,4.018611111111111,5.0,0.0,RUTINA
Lastarria,VIIRS375,VIIRS_NOAA21,2026-10-02 05:00:00+00:00,7.262222222222222,7.635555555555555,5.0975,0.061,0.0,RUTINA
Lastarria,VIIRS,VIIRS_NOAA21_750,2026-10-02 05:00:00+00:00,7.262222222222222,7.635555555555555,3.0972222222222223,0.0,0.0,RUTINA
Lastarria,VIIRS375,VIIRS_NOAA20,2026-10-02 06:00:00+00:00,6.262222222222222,6.635555555555555,6.027777777777778,0.083,0.18,ALERTA_TERMICA
Lastarria,VIIRS,VIIRS_NOAA20_750,2026-10-02 06:00:00+00:00,6.262222222222222,6.635555555555555,3.0991666666666666,0.811,0.0,RUTINA
Lastarria,MODIS,MODIS_AQUA,2026-10-02 07:30:00+00:00,4.762222222222222,5.135555555555555,2.5980555555555553,5.0,0.0,RUTINA
Isluga,VIIRS375,VIIRS_NOAA20,2026-09-14 04:54:00+00:00,5.250555555555556,6.042222222222223,3.1983333333333333,0.06,0.0,RUTINA
Isluga,VIIRS,VIIRS_NOAA20_750,2026-09-14 04:54:00+00:00,5.250555555555556,6.042222222222223,3.1983333333333333,0.0,0.0,RUTINA
Isluga,VIIRS375,VIIRS_NOAA21,2026-09-14 05:36:00+00:00,4.5505555555555555,5.342222222222222,4.0,0.136,0.16,ALERTA_TERMICA
Isluga,VIIRS,VIIRS_NOAA21_750,2026-09-14 05:36:00+00:00,4.5505555555555555,5.342222222222222,4.0,2.888,0.0,RUTINA
Isluga,VIIRS375,VIIRS_NOAA20,2026-09-14 06:36:00+00:00,3.5505555555555555,4.342222222222222,5.250555555555556,0.066,0.0,RUTINA
Isluga,VIIRS,VIIRS_NOAA20_750,2026-09-14 06:36:00+00:00,3.5505555555555555,4.342222222222222,5.250555555555556,2.808,0.0,RUTINA
Isluga,MODIS,MODIS_AQUA,2026-09-14 07:30:00+00:00,2.6505555555555556,3.442222222222222,4.350833333333333,5.0,0.0,RUTINA
Isluga,MODIS,MODIS_TERRA,2026-09-15 01:15:00+00:00,6.201944444444444,6.6738888888888885,1.5997222222222223,46.906,0.0,RUTINA
Isluga,VIIRS375,VIIRS_NOAA21,2026-09-15 05:18:00+00:00,2.1519444444444447,2.6238888888888887,2.798611111111111,0.171,0.4,ALERTA_TERMICA
Isluga,VIIRS,VIIRS_NOAA21_750,2026-09-15 05:18:00+00:00,2.1519444444444447,2.6238888888888887,2.5597222222222222,0.019,0.0,RUTINA
Isluga,VIIRS375,VIIRS_NOAA20,2026-09-15 06:12:00+00:00,7.196111111111111,7.728055555555556,3.3991666666666664,0.042,0.0,RUTINA
Isluga,VIIRS,VIIRS_NOAA20_750,2026-09-15 06:12:00+00:00,7.196111111111111,7.728055555555556,5.15,2.835,0.0,RUTINA
Isluga,MODIS,MODIS_AQUA,2026-09-15 08:10:00+00:00,5.229444444444445,5.761388888888889,3.183611111111111,5.0,0.0,RUTINA
Isluga,MODIS,MODIS_TERRA,2026-09-16 01:55:00+00:00,2.933611111111111,3.3525,2.4341666666666666,26.727,0.0,RUTINA
Isluga,VIIRS375,VIIRS_NOAA21,2026-09-16 05:00:00+00:00,6.138055555555556,6.580555555555556,2.7675,0.076,0.12,ALERTA_TERMICA
Isluga,VIIRS,VIIRS_NOAA21_750,2026-09-16 05:00:00+00:00,6.138055555555556,6.580555555555556,2.7675,0.0,0.0,RUTINA
Isluga,VIIRS375,VIIRS_NOAA20,2026-09-16 05:54:00+00:00,5.2380555555555555,5.680555555555555,2.9544444444444444,0.174,0.16,ALERTA_TERMICA
Isluga,VIIRS,VIIRS_NOAA20_750,2026-09-16 05:54:00+00:00,5.2380555555555555,5.680555555555555,2.6991666666666667,3.524,0.0,RUTINA
Isluga,VIIRS375,VIIRS_NOAA21,2026-09-16 06:42:00+00:00,9.801388888888889,10.187222222222223,3.321111111111111,0.044,0.0,RUTINA
Isluga,VIIRS,VIIRS_NOAA21_750,2026-09-16 06:42:00+00:00,9.801388888888889,10.187222222222223,3.321111111111111,0.0,0.0,RUTINA
Isluga,MODIS,MODIS_TERRA,2026-09-17 00:55:00+00:00,6.570277777777778,6.988611111111111,2.6805555555555554,36.489,0.0,RUTINA
Isluga,VIIRS375,VIIRS_NOAA20,2026-09-17 05:36:00+00:00,7.713333333333333,8.181666666666667,4.1691666666666665,0.924,1.17,FALSO_POSITIVO
Isluga,VIIRS,VIIRS_NOAA20_750,2026-09-17 05:36:00+00:00,7.713333333333333,8.181666666666667,5.247777777777777,1.46,0.0,RUTINA
Isluga,VIIRS375,VIIRS_NOAA21,2026-09-17 06:24:00+00:00,6.913333333333333,7.381666666666667,4.4475,0.018,0.0,RUTINA
Isluga,VIIRS,VIIRS_NOAA21_750,2026-09-17 06:24:00+00:00,6.913333333333333,7.381666666666667,5.118333333333333,1.784,0.0,RUTINA
Isluga,MODIS,MODIS_AQUA,2026-09-17 07:50:00+00:00,5.48,5.948333333333333,3.0147222222222223,5.0,0.0,RUTINA
Isluga,MODIS,MODIS_TERRA,2026-09-18 01:35:00+00:00,12.806111111111111,13.21888888888889,3.437222222222222,55.002,0.0,RUTINA
Isluga,VIIRS375,VIIRS_NOAA20,2026-09-18 05:18:00+00:00,9.089444444444444,9.502222222222223,2.5516666666666667,0.049,0.0,RUTINA
Isluga,VIIRS,VIIRS_NOAA20_750,2026-09-18 05:18:00+00:00,9.089444444444444,9.502222222222223,2.5516666666666667,0.0,0.0,RUTINA
Isluga,VIIRS375,VIIRS_NOAA21,2026-09-18 06:00:00+00:00,8.389444444444445,8.802222222222222,2.5994444444444444,0.039,0.0,RUTINA
Isluga,VIIRS,VIIRS_NOAA21_750,2026-09-18 06:00:00+00:00,8.389444444444445,8.802222222222222,2.0997222222222223,0.0,0.0,RUTINA
Isluga,VIIRS375,VIIRS_SNPP,2026-09-18 06:42:00+00:00,7.689444444444445,8.102222222222222,4.0675,0.155,0.0,RUTINA
Isluga,VIIRS,VIIRS_SNPP_750,2026-09-18 06:42:00+00:00,7.689444444444445,8.102222222222222,3.1483333333333334,1.49,0.0,RUTINA
Isluga,MODIS,MODIS_AQUA,2026-09-18 08:25:00+00:00,5.972777777777778,6.385555555555555,2.3508333333333336,31.255,0.0,RUTINA
Isluga,VIIRS375,VIIRS_NOAA20,2026-09-19 05:00:00+00:00,3.8361111111111112,4.253055555555555,4.098611111111111,0.1,0.34,FALSO_POSITIVO
Isluga,VIIRS,VIIRS_NOAA20_750,2026-09-19 05:00:00+00:00,3.8361111111111112,4.253055555555555,3.350277777777778,0.0,0.0,RUTINA
Isluga,VIIRS375,VIIRS_NOAA21,2026-09-19 05:42:00+00:00,3.136111111111111,3.5530555555555554,4.148333333333333,0.053,0.06,ALERTA_TERMICA
Isluga,VIIRS,VIIRS_NOAA21_750,2026-09-19 05:42:00+00:00,3.136111111111111,3.5530555555555554,2.8983333333333334,2.13,1.36,FALSO_POSITIVO
Isluga,VIIRS375,VIIRS_NOAA20,2026-09-19 06:42:00+00:00,2.136111111111111,2.5530555555555554,4.326666666666667,0.07,0.0,RUTINA
Isluga,VIIRS,VIIRS_NOAA20_750,2026-09-19 06:42:00+00:00,2.136111111111111,2.5530555555555554,2.6463888888888887,1.511,0.0,RUTINA
Isluga,MODIS,MODIS_AQUA,2026-09-19 07:25:00+00:00,6.607777777777778,7.0183333333333335,2.181111111111111,16.447,0.0,RUTINA
Isluga,MODIS,MODIS_TERRA,2026-09-20 01:15:00+00:00,2.5755555555555554,2.9683333333333333,1.5991666666666666,39.644,0.0,RUTINA
Isluga,VIIRS375,VIIRS_NOAA21,2026-09-20 05:24:00+00:00,3.9716666666666667,4.4025,2.6972222222222224,0.13,0.34,ALERTA_TERMICA
Isluga,VIIRS,VIIRS_NOAA21_750,2026-09-20 05:24:00+00:00,3.9716666666666667,4.4025,2.1969444444444446,0.0,0.0,RUTINA
Isluga,VIIRS,VIIRS_SNPP_750,2026-09-20 06:00:00+00:00,3.3716666666666666,3.8025,2.5972222222222223,3.332,0.16,ALERTA_TERMICA
Isluga,VIIRS375,VIIRS_NOAA20,2026-09-20 06:24:00+00:00,2.9716666666666667,3.4025,3.1983333333333333,0.067,0.0,RUTINA
Isluga,VIIRS,VIIRS_NOAA20_750,2026-09-20 06:24:00+00:00,2.9716666666666667,3.4025,2.6980555555555554,2.2,0.0,RUTINA
Isluga,MODIS,MODIS_AQUA,2026-09-20 08:05:00+00:00,6.143888888888889,6.561944444444444,2.0147222222222223,2.743,0.0,RUTINA
Isluga,MODIS,MODIS_TERRA,2026-09-21 01:55:00+00:00,7.793888888888889,8.20111111111111,2.9325,13.155,0.0,RUTINA
Isluga,VIIRS375,VIIRS_NOAA21,2026-09-21 05:06:00+00:00,4.610555555555556,5.017777777777778,2.999722222222222,0.057,0.23,ALERTA_TERMICA
Isluga,VIIRS,VIIRS_NOAA21_750,2026-09-21 05:06:00+00:00,4.610555555555556,5.017777777777778,2.4972222222222222,0.0,0.0,RUTINA
Isluga,VIIRS375,VIIRS_SNPP,2026-09-21 05:42:00+00:00,4.010555555555555,4.417777777777777,3.1483333333333334,0.102,0.42,FALSO_POSITIVO
Isluga,VIIRS,VIIRS_SNPP_750,2026-09-21 05:42:00+00:00,4.010555555555555,4.417777777777777,2.6491666666666664,2.936,0.0,RUTINA
Isluga,VIIRS375,VIIRS_NOAA20,2026-09-21 06:00:00+00:00,3.7105555555555556,4.1177777777777775,3.601111111111111,0.113,0.12,ALERTA_TERMICA
Isluga,VIIRS,VIIRS_NOAA20_750,2026-09-21 06:00:00+00:00,3.7105555555555556,4.1177777777777775,2.6005555555555557,0.0,0.0,RUTINA
Isluga,MODIS,MODIS_AQUA,2026-09-21 08:40:00+00:00,1.7516666666666667,2.1241666666666665,2.1825,24.506,0.0,RUTINA
Isluga,MODIS,MODIS_TERRA,2026-09-22 00:55:00+00:00,6.689166666666667,7.176388888888889,2.6822222222222223,20.715,0.0,RUTINA
Isluga,VIIRS375,VIIRS_NOAA21,2026-09-22 04:48:00+00:00,2.805833333333333,3.2930555555555556,3.0505555555555555,0.075,0.06,ALERTA_TERMICA
Isluga,VIIRS,VIIRS_NOAA21_750,2026-09-22 04:48:00+00:00,2.805833333333333,3.2930555555555556,2.7977777777777777,0.0,0.0,RUTINA
Isluga,VIIRS,VIIRS_SNPP_750,2026-09-22 05:24:00+00:00,8.0775,8.462222222222222,3.448888888888889,0.0,0.0,RUTINA
Isluga,VIIRS375,VIIRS_NOAA20,2026-09-22 05:42:00+00:00,7.7775,8.162222222222223,3.8983333333333334,0.33,0.41,ALERTA_TERMICA
Isluga,VIIRS375,VIIRS_NOAA21,2026-09-22 06:30:00+00:00,6.9775,7.362222222222222,4.597777777777778,0.065,0.0,RUTINA
Isluga,MODIS,MODIS_AQUA,2026-09-22 07:40:00+00:00,5.810833333333333,6.195555555555556,2.9330555555555557,5.0,0.0,RUTINA
Isluga,MODIS,MODIS_TERRA,2026-09-23 01:35:00+00:00,3.274722222222222,3.7630555555555554,2.5155555555555558,32.263,0.0,RUTINA
Isluga,VIIRS375,VIIRS_NOAA20,2026-09-23 05:24:00+00:00,5.670277777777778,6.152777777777778,2.700833333333333,0.308,1.07,FALSO_POSITIVO
Isluga,VIIRS,VIIRS_NOAA20_750,2026-09-23 05:24:00+00:00,5.670277777777778,6.152777777777778,2.700833333333333,3.182,0.0,RUTINA
Isluga,VIIRS375,VIIRS_NOAA21,2026-09-23 06:12:00+00:00,4.870277777777778,5.352777777777778,2.8541666666666665,0.0,0.0,RUTINA
Isluga,VIIRS,VIIRS_NOAA21_750,2026-09-23 06:12:00+00:00,4.870277777777778,5.352777777777778,2.6572222222222224,0.0,0.0,RUTINA
Isluga,VIIRS375,VIIRS_SNPP,2026-09-23 06:48:00+00:00,4.270277777777777,4.752777777777778,3.3008333333333333,0.056,0.0,RUTINA
Isluga,VIIRS,VIIRS_SNPP_750,2026-09-23 06:48:00+00:00,4.270277777777777,4.752777777777778,3.048611111111111,0.0,0.0,RUTINA
Isluga,MODIS,MODIS_AQUA,2026-09-23 08:20:00+00:00,2.7369444444444446,3.2194444444444446,2.016388888888889,43.967,0.0,RUTINA
Isluga,VIIRS375,VIIRS_NOAA20,2026-09-24 05:06:00+00:00,2.4458333333333333,2.756666666666667,2.7483333333333335,0.103,0.36,ALERTA_TERMICA
Isluga,VIIRS,VIIRS_NOAA20_750,2026-09-24 05:06:00+00:00,2.4458333333333333,2.756666666666667,2.495833333333333,0.0,0.0,RUTINA
Isluga,VIIRS375,VIIRS_NOAA21,2026-09-24 05:48:00+00:00,1.7458333333333333,2.0566666666666666,2.557777777777778,0.185,0.26,ALERTA_TERMICA
Isluga,VIIRS,VIIRS_NOAA21_750,2026-09-24 05:48:00+00:00,1.7458333333333333,2.0566666666666666,2.557777777777778,0.0,0.0,RUTINA
Isluga,VIIRS375,VIIRS_NOAA20,2026-09-24 06:48:00+00:00,6.818611111111111,7.060555555555555,2.799166666666667,0.015,0.0,RUTINA
Isluga,VIIRS,VIIRS_NOAA20_750,2026-09-24 06:48:00+00:00,6.818611111111111,7.060555555555555,2.55,0.0,0.0,RUTINA
Isluga,MODIS,MODIS_AQUA,2026-09-24 07:20:00+00:00,6.285277777777778,6.527222222222222,1.7647222222222223,3.669,0.0,RUTINA
Isluga,MODIS,MODIS_TERRA,2026-09-25 01:15:00+00:00,2.598888888888889,3.04,2.8513888888888888,52.859,0.0,RUTINA
Isluga,VIIRS375,VIIRS_NOAA21,2026-09-25 05:30:00+00:00,4.2122222222222225,4.623333333333333,3.3497222222222223,0.211,0.67,FALSO_POSITIVO
Isluga,VIIRS,VIIRS_NOAA21_750,2026-09-25 05:30:00+00:00,4.2122222222222225,4.623333333333333,3.3497222222222223,0.0,0.0,RUTINA
Isluga,VIIRS375,VIIRS_NOAA20,2026-09-25 06:30:00+00:00,3.212222222222222,3.6233333333333335,4.357777777777778,0.07,0.83,FALSO_POSITIVO
Isluga,VIIRS,VIIRS_NOAA20_750,2026-09-25 06:30:00+00:00,3.212222222222222,3.6233333333333335,4.357777777777778,0.0,0.0,RUTINA
Isluga,MODIS,MODIS_AQUA,2026-09-25 07:55:00+00:00,1.7955555555555556,2.2066666666666666,2.181111111111111,70.242,0.0,RUTINA
Isluga,MODIS,MODIS_TERRA,2026-09-26 01:50:00+00:00,2.0636111111111113,2.450833333333333,1.0152777777777777,15.774,0.0,RUTINA
Isluga,VIIRS375,VIIRS_NOAA21,2026-09-26 05:12:00+00:00,4.248055555555555,4.692777777777778,2.3983333333333334,0.062,0.27,ALERTA_TERMICA
Isluga,VIIRS,VIIRS_NOAA21_750,2026-09-26 05:12:00+00:00,4.248055555555555,4.692777777777778,2.3983333333333334,0.0,0.0,RUTINA
Isluga,VIIRS375,VIIRS_SNPP,2026-09-26 05:48:00+00:00,3.6480555555555556,4.092777777777778,2.798611111111111,0.36,0.23,ALERTA_TERMICA
Isluga,VIIRS,VIIRS_SNPP_750,2026-09-26 05:48:00+00:00,3.6480555555555556,4.092777777777778,3.0483333333333333,0.173,0.0,RUTINA
Isluga,VIIRS375,VIIRS_NOAA20,2026-09-26 06:06:00+00:00,3.3480555555555553,3.792777777777778,3.250277777777778,0.091,0.15,ALERTA_TERMICA
Isluga,VIIRS,VIIRS_NOAA20_750,2026-09-26 06:06:00+00:00,3.3480555555555553,3.792777777777778,3.250277777777778,0.0,0.0,RUTINA
Isluga,MODIS,MODIS_AQUA,2026-09-26 08:35:00+00:00,5.892222222222222,6.251388888888889,2.265277777777778,23.785,0.0,RUTINA
Isluga,MODIS,MODIS_TERRA,2026-09-27 00:55:00+00:00,3.1744444444444446,3.504166666666667,2.6819444444444445,14.167,0.0,RUTINA
Isluga,VIIRS375,VIIRS_NOAA21,2026-09-27 04:54:00+00:00,5.280833333333334,5.685277777777777,2.446388888888889,0.065,0.0,RUTINA
Isluga,VIIRS,VIIRS_NOAA21_750,2026-09-27 04:54:00+00:00,5.280833333333334,5.685277777777777,2.446388888888889,0.0,0.0,RUTINA
Isluga,VIIRS375,VIIRS_NOAA20,2026-09-27 05:48:00+00:00,4.380833333333333,4.785277777777778,2.8033333333333332,0.061,0.12,ALERTA_TERMICA
Isluga,VIIRS,VIIRS_NOAA20_750,2026-09-27 05:48:00+00:00,4.380833333333333,4.785277777777778,3.0494444444444446,0.0,0.0,RUTINA
Isluga,MODIS,MODIS_AQUA,2026-09-27 07:35:00+00:00,2.5975,3.0019444444444443,2.2669444444444444,32.435,0.0,RUTINA
Isluga,VIIRS375,VIIRS_NOAA21,2026-09-27 06:36:00+00:00,8.701944444444445,9.0475,3.0077777777777777,0.05,0.0,RUTINA
Isluga,VIIRS,VIIRS_NOAA21_750,2026-09-27 06:36:00+00:00,8.701944444444445,9.0475,3.0077777777777777,0.0,0.0,RUTINA
Isluga,VIIRS375,VIIRS_NOAA20,2026-09-28 05:30:00+00:00,5.431388888888889,5.870833333333334,2.848333333333333,0.098,0.26,ALERTA_TERMICA
Isluga,VIIRS,VIIRS_NOAA20_750,2026-09-28 05:30:00+00:00,5.431388888888889,5.870833333333334,2.848333333333333,0.0,0.0,RUTINA
Isluga,VIIRS375,VIIRS_NOAA21,2026-09-28 06:18:00+00:00,13.294722222222223,13.7475,3.486111111111111,0.06,0.13,ALERTA_TERMICA
Isluga,VIIRS,VIIRS_NOAA21_750,2026-09-28 06:18:00+00:00,13.294722222222223,13.7475,3.807777777777778,0.0,0.0,RUTINA
Isluga,VIIRS375,VIIRS_SNPP,2026-09-28 06:54:00+00:00,12.694722222222222,13.1475,5.198611111111111,0.044,0.0,RUTINA
Isluga,VIIRS,VIIRS_SNPP_750,2026-09-28 06:54:00+00:00,12.694722222222222,13.1475,5.198611111111111,0.0,0.0,RUTINA
Isluga,MODIS,MODIS_AQUA,2026-09-28 08:15:00+00:00,11.344722222222222,11.7975,2.1025,46.326,0.0,RUTINA
Isluga,VIIRS375,VIIRS_NOAA20,2026-09-29 05:12:00+00:00,3.062222222222222,3.4325,3.6494444444444443,0.302,0.0,RUTINA
Isluga,VIIRS,VIIRS_NOAA20_750,2026-09-29 05:12:00+00:00,3.062222222222222,3.4325,3.8336111111111113,7.656,0.0,RUTINA
Isluga,VIIRS375,VIIRS_NOAA21,2026-09-29 05:54:00+00:00,2.362222222222222,2.7325,3.9483333333333333,0.293,0.77,FALSO_POSITIVO
Isluga,VIIRS,VIIRS_NOAA21_750,2026-09-29 05:54:00+00:00,2.362222222222222,2.7325,4.198333333333333,2.634,0.0,RUTINA
Isluga,VIIRS375,VIIRS_SNPP,2026-09-29 06:36:00+00:00,8.321388888888889,8.745833333333334,5.9991666666666665,0.02,0.0,RUTINA
Isluga,VIIRS,VIIRS_SNPP_750,2026-09-29 06:36:00+00:00,8.321388888888889,8.745833333333334,5.9991666666666665,0.0,0.0,RUTINA
Isluga,MODIS,MODIS_TERRA,2026-09-30 01:10:00+00:00,7.140555555555555,7.638333333333334,1.1822222222222223,5.0,0.0,RUTINA
Isluga,VIIRS375,VIIRS_NOAA20,2026-09-30 04:54:00+00:00,3.4072222222222224,3.905,2.4494444444444445,0.093,0.0,RUTINA
Isluga,VIIRS,VIIRS_NOAA20_750,2026-09-30 04:54:00+00:00,3.4072222222222224,3.905,2.4494444444444445,0.48,0.0,RUTINA
Isluga,VIIRS375,VIIRS_NOAA21,2026-09-30 05:36:00+00:00,2.707222222222222,3.205,2.5097222222222224,0.018,0.0,RUTINA
Isluga,VIIRS,VIIRS_NOAA21_750,2026-09-30 05:36:00+00:00,2.707222222222222,3.205,2.2494444444444444,0.0,0.0,RUTINA
Isluga,VIIRS375,VIIRS_NOAA20,2026-09-30 06:36:00+00:00,9.953611111111112,10.470833333333333,2.7558333333333334,0.067,0.0,RUTINA
Isluga,VIIRS,VIIRS_NOAA20_750,2026-09-30 06:36:00+00:00,9.953611111111112,10.470833333333333,2.7558333333333334,0.0,0.0,RUTINA
Isluga,MODIS,MODIS_AQUA,2026-09-30 07:50:00+00:00,8.720277777777778,9.2375,2.266388888888889,5.0,0.0,RUTINA
Isluga,MODIS,MODIS_TERRA,2026-10-01 01:50:00+00:00,6.796944444444445,7.213333333333333,2.7683333333333335,28.751,0.0,RUTINA
Isluga,VIIRS375,VIIRS_NOAA20,2026-10-01 06:18:00+00:00,2.330277777777778,2.7466666666666666,6.5488888888888885,0.0,0.0,RUTINA
Isluga,VIIRS,VIIRS_NOAA20_750,2026-10-01 06:18:00+00:00,2.330277777777778,2.7466666666666666,5.552222222222222,0.0,0.0,RUTINA
Isluga,MODIS,MODIS_AQUA,2026-10-01 08:30:00+00:00,8.6575,9.260277777777778,2.3508333333333336,5.0,0.0,RUTINA
Isluga,MODIS,MODIS_TERRA,2026-10-02 00:50:00+00:00,3.6719444444444442,3.9908333333333332,3.696388888888889,20.894,0.0,RUTINA
Isluga,VIIRS375,VIIRS_NOAA21,2026-10-02 05:00:00+00:00,7.233611111111111,7.635555555555555,4.542222222222223,0.057,0.27,ALERTA_TERMICA
Isluga,VIIRS,VIIRS_NOAA21_750,2026-10-02 05:00:00+00:00,7.233611111111111,7.635555555555555,3.0972222222222223,0.0,0.0,RUTINA
Isluga,VIIRS375,VIIRS_NOAA20,2026-10-02 05:54:00+00:00,6.333611111111111,6.735555555555556,6.127777777777778,0.189,0.26,ALERTA_TERMICA
Isluga,VIIRS,VIIRS_NOAA20_750,2026-10-02 05:54:00+00:00,6.333611111111111,6.735555555555556,3.1991666666666667,0.0,0.0,RUTINA
Isluga,VIIRS375,VIIRS_NOAA21,2026-10-02 06:42:00+00:00,5.533611111111111,5.935555555555555,6.160277777777778,0.06,0.0,RUTINA
Isluga,VIIRS,VIIRS_NOAA21_750,2026-10-02 06:42:00+00:00,5.533611111111111,5.935555555555555,2.8422222222222224,0.0,0.0,RUTINA
Isluga,MODIS,MODIS_AQUA,2026-10-02 07:30:00+00:00,4.733611111111111,5.135555555555555,2.5980555555555553,5.0,0.0,RUTINA
Tupungatito,MODIS,MODIS_TERRA,2026-09-14 02:10:00+00:00,8.230555555555556,8.775555555555556,1.9333333333333333,5.0,0.0,RUTINA
Tupungatito,VIIRS375,VIIRS_NOAA21,2026-09-14 05:42:00+00:00,4.697222222222222,5.242222222222222,3.9,0.109,0.13,ALERTA_TERMICA
Tupungatito,VIIRS,VIIRS_NOAA21_750,2026-09-14 05:42:00+00:00,4.697222222222222,5.242222222222222,3.9,0.0,0.0,RUTINA
Tupungatito,VIIRS375,VIIRS_NOAA20,2026-09-14 06:36:00+00:00,3.797222222222222,4.342222222222222,5.250555555555556,0.023,0.0,RUTINA
Tupungatito,VIIRS,VIIRS_NOAA20_750,2026-09-14 06:36:00+00:00,3.797222222222222,4.342222222222222,5.250555555555556,0.854,0.0,RUTINA
Tupungatito,MODIS,MODIS_AQUA,2026-09-14 07:35:00+00:00,2.813888888888889,3.358888888888889,4.2675,5.0,0.0,RUTINA
Tupungatito,MODIS,MODIS_TERRA,2026-09-15 01:10:00+00:00,6.361944444444444,6.7572222222222225,1.6830555555555555,5.0,0.0,RUTINA
Tupungatito,VIIRS375,VIIRS_NOAA20,2026-09-15 04:36:00+00:00,2.928611111111111,3.323888888888889,2.4991666666666665,0.01,0.0,RUTINA
Tupungatito,VIIRS375,VIIRS_NOAA21,2026-09-15 05:24:00+00:00,2.1286111111111112,2.523888888888889,2.9497222222222224,0.08,0.15,ALERTA_TERMICA
Tupungatito,VIIRS,VIIRS_NOAA21_750,2026-09-15 05:24:00+00:00,2.1286111111111112,2.523888888888889,2.459722222222222,0.0,0.0,RUTINA
Tupungatito,VIIRS375,VIIRS_NOAA20,2026-09-15 06:18:00+00:00,7.209722222222222,7.628055555555555,3.299166666666667,0.011,0.0,RUTINA
Tupungatito,VIIRS,VIIRS_NOAA20_750,2026-09-15 06:18:00+00:00,7.209722222222222,7.628055555555555,5.05,0.0,0.0,RUTINA
Tupungatito,MODIS,MODIS_AQUA,2026-09-15 08:15:00+00:00,5.259722222222222,5.678055555555556,3.100277777777778,5.0,0.0,RUTINA
Tupungatito,MODIS,MODIS_TERRA,2026-09-16 01:50:00+00:00,3.0269444444444447,3.4358333333333335,1.4333333333333333,5.0,0.0,RUTINA
Tupungatito,VIIRS375,VIIRS_NOAA21,2026-09-16 05:06:00+00:00,6.148611111111111,6.480555555555555,2.6675,0.037,0.11,ALERTA_TERMICA
Tupungatito,VIIRS,VIIRS_NOAA21_750,2026-09-16 05:06:00+00:00,6.148611111111111,6.480555555555555,2.6675,0.0,0.0,RUTINA
Tupungatito,VIIRS375,VIIRS_NOAA20,2026-09-16 06:00:00+00:00,5.248611111111111,5.580555555555556,2.8544444444444443,0.054,0.0,RUTINA
Tupungatito,VIIRS,VIIRS_NOAA20_750,2026-09-16 06:00:00+00:00,5.248611111111111,5.580555555555556,2.8544444444444443,3.24,0.0,RUTINA
Tupungatito,MODIS,MODIS_AQUA,2026-09-16 07:15:00+00:00,3.998611111111111,4.330555555555556,2.7716666666666665,5.0,0.0,RUTINA
Tupungatito,MODIS,MODIS_TERRA,2026-09-17 00:50:00+00:00,6.702222222222222,7.071944444444444,2.763888888888889,5.0,0.0,RUTINA
Tupungatito,VIIRS375,VIIRS_NOAA21,2026-09-17 04:48:00+00:00,2.7355555555555555,3.105277777777778,4.046944444444445,0.07,0.05,ALERTA_TERMICA
Tupungatito,VIIRS,VIIRS_NOAA21_750,2026-09-17 04:48:00+00:00,2.7355555555555555,3.105277777777778,3.5572222222222223,0.0,0.0,RUTINA
Tupungatito,VIIRS,VIIRS_NOAA20_750,2026-09-17 05:42:00+00:00,7.640833333333333,8.081666666666667,5.147777777777778,0.0,0.0,RUTINA
Tupungatito,VIIRS375,VIIRS_NOAA21,2026-09-17 06:24:00+00:00,6.940833333333333,7.381666666666667,4.4475,0.078,0.0,RUTINA
Tupungatito,VIIRS,VIIRS_NOAA21_750,2026-09-17 06:24:00+00:00,6.940833333333333,7.381666666666667,5.118333333333333,0.0,0.0,RUTINA
Tupungatito,MODIS,MODIS_AQUA,2026-09-17 07:50:00+00:00,5.5075,5.948333333333333,3.0147222222222223,5.0,0.0,RUTINA
Tupungatito,MODIS,MODIS_TERRA,2026-09-18 01:30:00+00:00,2.131666666666667,2.4719444444444445,1.6025,4.517,0.0,RUTINA
Tupungatito,VIIRS375,VIIRS_NOAA20,2026-09-18 05:24:00+00:00,3.7094444444444443,4.153611111111111,2.4516666666666667,0.076,0.27,ALERTA_TERMICA
Tupungatito,VIIRS,VIIRS_NOAA20_750,2026-09-18 05:24:00+00:00,3.7094444444444443,4.153611111111111,2.4516666666666667,0.0,0.0,RUTINA
Tupungatito,VIIRS375,VIIRS_NOAA21,2026-09-18 06:06:00+00:00,3.0094444444444446,3.453611111111111,2.665277777777778,0.05,0.14,ALERTA_TERMICA
Tupungatito,VIIRS,VIIRS_NOAA21_750,2026-09-18 06:06:00+00:00,3.0094444444444446,3.453611111111111,1.9997222222222222,0.0,0.0,RUTINA
Tupungatito,VIIRS375,VIIRS_SNPP,2026-09-18 06:42:00+00:00,2.4094444444444445,2.8536111111111113,4.0675,0.074,0.06,ALERTA_TERMICA
Tupungatito,VIIRS,VIIRS_SNPP_750,2026-09-18 06:42:00+00:00,2.4094444444444445,2.8536111111111113,3.398888888888889,2.065,0.0,RUTINA
Tupungatito,MODIS,MODIS_AQUA,2026-09-18 08:30:00+00:00,5.910277777777778,6.302222222222222,2.2675,5.0,0.0,RUTINA
Tupungatito,MODIS,MODIS_TERRA,2026-09-19 02:10:00+00:00,1.3644444444444443,1.7916666666666667,2.4322222222222223,5.0,0.0,RUTINA
Tupungatito,VIIRS375,VIIRS_NOAA20,2026-09-19 05:06:00+00:00,3.807777777777778,4.1530555555555555,4.246388888888889,0.072,0.05,ALERTA_TERMICA
Tupungatito,VIIRS,VIIRS_NOAA20_750,2026-09-19 05:06:00+00:00,3.807777777777778,4.1530555555555555,3.250277777777778,2.089,0.0,RUTINA
Tupungatito,VIIRS375,VIIRS_NOAA21,2026-09-19 05:48:00+00:00,3.1077777777777778,3.4530555555555558,4.048333333333333,0.032,0.14,ALERTA_TERMICA
Tupungatito,VIIRS,VIIRS_NOAA21_750,2026-09-19 05:48:00+00:00,3.1077777777777778,3.4530555555555558,2.7983333333333333,0.0,0.0,RUTINA
Tupungatito,VIIRS375,VIIRS_NOAA20,2026-09-19 06:42:00+00:00,2.207777777777778,2.5530555555555554,4.326666666666667,0.048,0.0,RUTINA
Tupungatito,VIIRS,VIIRS_NOAA20_750,2026-09-19 06:42:00+00:00,2.207777777777778,2.5530555555555554,2.6463888888888887,0.0,0.0,RUTINA
Tupungatito,MODIS,MODIS_AQUA,2026-09-19 07:30:00+00:00,6.4675,6.935,3.098611111111111,5.0,0.0,RUTINA
Tupungatito,MODIS,MODIS_TERRA,2026-09-20 01:10:00+00:00,2.673611111111111,3.0516666666666667,1.4327777777777777,5.0,0.0,RUTINA
Tupungatito,VIIRS375,VIIRS_NOAA20,2026-09-20 04:42:00+00:00,4.7125,5.1025,3.1475,0.298,0.0,RUTINA
Tupungatito,VIIRS,VIIRS_NOAA20_750,2026-09-20 04:42:00+00:00,4.7125,5.1025,2.3994444444444443,0.0,0.0,RUTINA
Tupungatito,VIIRS375,VIIRS_NOAA21,2026-09-20 05:30:00+00:00,3.9125,4.3025,2.5972222222222223,0.01,0.1,FALSO_POSITIVO
Tupungatito,VIIRS,VIIRS_NOAA21_750,2026-09-20 05:30:00+00:00,3.9125,4.3025,2.0969444444444445,0.0,0.0,RUTINA
Tupungatito,VIIRS,VIIRS_SNPP_750,2026-09-20 06:06:00+00:00,3.3125,3.7025,2.4972222222222222,0.0,0.0,RUTINA
Tupungatito,VIIRS375,VIIRS_NOAA20,2026-09-20 06:24:00+00:00,3.0125,3.4025,3.4466666666666668,0.067,0.0,RUTINA
Tupungatito,VIIRS,VIIRS_NOAA20_750,2026-09-20 06:24:00+00:00,3.0125,3.4025,2.6980555555555554,0.0,0.0,RUTINA
Tupungatito,MODIS,MODIS_TERRA,2026-09-21 01:50:00+00:00,1.9336111111111112,2.3341666666666665,1.1841666666666666,0.417,0.0,RUTINA
Tupungatito,VIIRS375,VIIRS_NOAA21,2026-09-21 05:12:00+00:00,4.480833333333333,4.917777777777777,2.1483333333333334,0.011,0.0,RUTINA
Tupungatito,VIIRS,VIIRS_NOAA21_750,2026-09-21 05:12:00+00:00,4.480833333333333,4.917777777777777,2.397222222222222,0.0,0.0,RUTINA
Tupungatito,VIIRS,VIIRS_SNPP_750,2026-09-21 05:48:00+00:00,3.8808333333333334,4.317777777777778,2.549166666666667,0.0,0.0,RUTINA
Tupungatito,VIIRS375,VIIRS_NOAA20,2026-09-21 06:06:00+00:00,3.5808333333333335,4.017777777777778,2.5005555555555556,0.007,0.0,RUTINA
Tupungatito,VIIRS,VIIRS_NOAA20_750,2026-09-21 06:06:00+00:00,3.5808333333333335,4.017777777777778,2.7480555555555557,0.0,0.0,RUTINA
Tupungatito,MODIS,MODIS_AQUA,2026-09-21 07:10:00+00:00,2.5141666666666667,2.951111111111111,2.4347222222222222,5.0,0.0,RUTINA
Tupungatito,MODIS,MODIS_AQUA,2026-09-21 08:45:00+00:00,1.675,2.0408333333333335,2.0991666666666666,5.0,0.0,RUTINA
Tupungatito,MODIS,MODIS_TERRA,2026-09-22 00:50:00+00:00,6.819444444444445,7.259722222222222,1.2647222222222223,5.0,0.0,RUTINA
Tupungatito,VIIRS375,VIIRS_NOAA21,2026-09-22 04:54:00+00:00,2.7527777777777778,3.1930555555555555,3.9483333333333333,0.028,0.0,RUTINA
Tupungatito,VIIRS,VIIRS_SNPP_750,2026-09-22 05:30:00+00:00,7.9725,8.362222222222222,3.348888888888889,0.0,0.0,RUTINA
Tupungatito,VIIRS375,VIIRS_NOAA20,2026-09-22 05:48:00+00:00,7.6725,8.062222222222223,4.551111111111111,0.0,0.0,RUTINA
Tupungatito,VIIRS375,VIIRS_NOAA21,2026-09-22 06:30:00+00:00,6.9725,7.362222222222222,5.099166666666667,0.03,0.0,RUTINA
Tupungatito,MODIS,MODIS_AQUA,2026-09-22 07:45:00+00:00,5.7225,6.112222222222222,3.348333333333333,5.0,0.0,RUTINA
Tupungatito,MODIS,MODIS_TERRA,2026-09-23 01:30:00+00:00,9.657222222222222,10.052777777777777,1.0255555555555556,5.0,0.0,RUTINA
Tupungatito,VIIRS375,VIIRS_NOAA21,2026-09-23 04:30:00+00:00,6.657222222222222,7.052777777777778,2.597777777777778,0.0,0.0,RUTINA
Tupungatito,VIIRS,VIIRS_NOAA21_750,2026-09-23 04:30:00+00:00,6.657222222222222,7.052777777777778,2.597777777777778,0.0,0.0,RUTINA
Tupungatito,VIIRS375,VIIRS_NOAA20,2026-09-23 05:30:00+00:00,5.657222222222222,6.052777777777778,2.6008333333333336,0.009,0.0,RUTINA
Tupungatito,VIIRS,VIIRS_NOAA20_750,2026-09-23 05:30:00+00:00,5.657222222222222,6.052777777777778,2.6008333333333336,0.0,0.0,RUTINA
Tupungatito,VIIRS375,VIIRS_NOAA21,2026-09-23 06:12:00+00:00,4.957222222222223,5.352777777777778,2.8541666666666665,0.011,0.0,RUTINA
Tupungatito,VIIRS,VIIRS_NOAA21_750,2026-09-23 06:12:00+00:00,4.957222222222223,5.352777777777778,2.8541666666666665,0.783,0.0,RUTINA
Tupungatito,VIIRS375,VIIRS_SNPP,2026-09-23 06:48:00+00:00,4.357222222222222,4.752777777777778,3.3008333333333333,0.062,0.0,RUTINA
Tupungatito,VIIRS,VIIRS_SNPP_750,2026-09-23 06:48:00+00:00,4.357222222222222,4.752777777777778,3.048611111111111,0.0,0.0,RUTINA
Tupungatito,MODIS,MODIS_AQUA,2026-09-23 08:25:00+00:00,2.7405555555555554,3.136111111111111,1.9330555555555555,5.0,0.0,RUTINA
Tupungatito,MODIS,MODIS_TERRA,2026-09-24 02:10:00+00:00,5.4158333333333335,5.69,0.9308333333333333,5.0,0.0,RUTINA
Tupungatito,VIIRS375,VIIRS_SNPP,2026-09-24 04:48:00+00:00,2.7825,3.0566666666666666,2.5480555555555555,0.119,0.0,RUTINA
Tupungatito,VIIRS375,VIIRS_NOAA20,2026-09-24 05:12:00+00:00,2.3825,2.6566666666666667,2.6483333333333334,0.014,0.0,RUTINA
Tupungatito,VIIRS,VIIRS_NOAA20_750,2026-09-24 05:12:00+00:00,2.3825,2.6566666666666667,2.3958333333333335,0.425,0.0,RUTINA
Tupungatito,VIIRS375,VIIRS_NOAA21,2026-09-24 05:54:00+00:00,1.6825,1.9566666666666668,2.700277777777778,0.008,0.31,FALSO_POSITIVO
Tupungatito,VIIRS,VIIRS_NOAA21_750,2026-09-24 05:54:00+00:00,1.6825,1.9566666666666668,2.457777777777778,0.0,0.0,RUTINA
Tupungatito,VIIRS375,VIIRS_SNPP,2026-09-24 06:30:00+00:00,7.073333333333333,7.360555555555556,2.5980555555555553,0.048,1.13,FALSO_POSITIVO
Tupungatito,VIIRS,VIIRS_SNPP_750,2026-09-24 06:30:00+00:00,7.073333333333333,7.360555555555556,3.348333333333333,0.0,0.0,RUTINA
Tupungatito,MODIS,MODIS_AQUA,2026-09-24 07:25:00+00:00,6.156666666666666,6.443888888888889,1.6813888888888888,5.0,0.0,RUTINA
Tupungatito,MODIS,MODIS_TERRA,2026-09-25 01:10:00+00:00,8.496944444444445,8.956666666666667,2.9347222222222222,5.0,0.0,RUTINA
Tupungatito,VIIRS375,VIIRS_NOAA20,2026-09-25 04:54:00+00:00,4.7636111111111115,5.223333333333334,3.2,0.119,0.0,RUTINA
Tupungatito,VIIRS,VIIRS_NOAA20_750,2026-09-25 04:54:00+00:00,4.7636111111111115,5.223333333333334,3.2,0.0,0.0,RUTINA
Tupungatito,VIIRS375,VIIRS_NOAA21,2026-09-25 05:36:00+00:00,4.063611111111111,4.523333333333333,3.249722222222222,0.008,0.0,RUTINA
Tupungatito,VIIRS,VIIRS_NOAA21_750,2026-09-25 05:36:00+00:00,4.063611111111111,4.523333333333333,3.4972222222222222,0.0,0.0,RUTINA
Tupungatito,VIIRS375,VIIRS_NOAA20,2026-09-25 06:30:00+00:00,3.163611111111111,3.6233333333333335,4.601111111111111,0.039,0.0,RUTINA
Tupungatito,VIIRS,VIIRS_NOAA20_750,2026-09-25 06:30:00+00:00,3.163611111111111,3.6233333333333335,4.601111111111111,0.594,0.0,RUTINA
Tupungatito,MODIS,MODIS_AQUA,2026-09-25 08:00:00+00:00,1.6636111111111112,2.1233333333333335,2.097777777777778,5.0,0.0,RUTINA
Tupungatito,MODIS,MODIS_TERRA,2026-09-26 01:50:00+00:00,2.0980555555555553,2.450833333333333,1.0152777777777777,5.0,0.0,RUTINA
Tupungatito,VIIRS375,VIIRS_NOAA21,2026-09-26 05:18:00+00:00,4.246944444444445,4.592777777777778,2.5483333333333333,0.019,0.0,RUTINA
Tupungatito,VIIRS,VIIRS_NOAA21_750,2026-09-26 05:18:00+00:00,4.246944444444445,4.592777777777778,2.2983333333333333,0.0,0.0,RUTINA
Tupungatito,VIIRS375,VIIRS_SNPP,2026-09-26 05:54:00+00:00,3.6469444444444443,3.992777777777778,2.9483333333333333,0.045,0.0,RUTINA
Tupungatito,VIIRS,VIIRS_SNPP_750,2026-09-26 05:54:00+00:00,3.6469444444444443,3.992777777777778,2.9483333333333333,0.0,0.0,RUTINA
Tupungatito,VIIRS375,VIIRS_NOAA20,2026-09-26 06:12:00+00:00,3.3469444444444445,3.6927777777777777,4.151111111111111,0.018,0.0,RUTINA
Tupungatito,MODIS,MODIS_AQUA,2026-09-26 08:40:00+00:00,5.7975,6.168055555555555,2.1819444444444445,5.0,0.0,RUTINA
Tupungatito,MODIS,MODIS_TERRA,2026-09-27 00:50:00+00:00,3.248611111111111,3.5875,1.2663888888888888,5.0,0.0,RUTINA
Tupungatito,MODIS,MODIS_TERRA,2026-09-27 02:25:00+00:00,1.6652777777777779,2.004166666666667,1.4333333333333333,5.0,0.0,RUTINA
Tupungatito,VIIRS375,VIIRS_NOAA21,2026-09-27 05:00:00+00:00,10.324166666666667,10.6475,2.5975,0.024,0.0,RUTINA
Tupungatito,VIIRS,VIIRS_NOAA21_750,2026-09-27 05:00:00+00:00,10.324166666666667,10.6475,2.5975,0.0,0.0,RUTINA
Tupungatito,VIIRS,VIIRS_SNPP_750,2026-09-27 05:36:00+00:00,9.724166666666667,10.0475,2.7491666666666665,1.117,0.0,RUTINA
Tupungatito,VIIRS375,VIIRS_NOAA20,2026-09-27 05:54:00+00:00,9.424166666666666,9.7475,2.703333333333333,0.275,0.37,FALSO_POSITIVO
Tupungatito,VIIRS,VIIRS_NOAA20_750,2026-09-27 05:54:00+00:00,9.424166666666666,9.7475,3.1980555555555554,3.088,0.0,RUTINA
Tupungatito,VIIRS375,VIIRS_NOAA21,2026-09-27 06:36:00+00:00,8.724166666666667,9.0475,3.249722222222222,0.095,0.0,RUTINA
Tupungatito,VIIRS,VIIRS_NOAA21_750,2026-09-27 06:36:00+00:00,8.724166666666667,9.0475,3.0077777777777777,0.0,0.0,RUTINA
Tupungatito,MODIS,MODIS_AQUA,2026-09-27 07:40:00+00:00,7.6575,7.980833333333333,2.183611111111111,5.0,0.0,RUTINA
Tupungatito,MODIS,MODIS_TERRA,2026-09-28 01:30:00+00:00,9.440833333333334,9.870833333333334,4.351388888888889,5.0,0.0,RUTINA
Tupungatito,VIIRS375,VIIRS_NOAA21,2026-09-28 04:42:00+00:00,6.240833333333334,6.670833333333333,2.397222222222222,0.0,0.0,RUTINA
Tupungatito,VIIRS,VIIRS_NOAA21_750,2026-09-28 04:42:00+00:00,6.240833333333334,6.670833333333333,2.648888888888889,0.0,0.0,RUTINA
Tupungatito,VIIRS375,VIIRS_NOAA20,2026-09-28 05:36:00+00:00,5.340833333333333,5.770833333333333,3.001388888888889,0.1,0.09,ALERTA_TERMICA
Tupungatito,VIIRS,VIIRS_NOAA20_750,2026-09-28 05:36:00+00:00,5.340833333333333,5.770833333333333,3.001388888888889,0.0,0.0,RUTINA
Tupungatito,VIIRS375,VIIRS_SNPP,2026-09-28 06:54:00+00:00,4.0408333333333335,4.470833333333333,5.198611111111111,0.044,0.0,RUTINA
Tupungatito,VIIRS,VIIRS_SNPP_750,2026-09-28 06:54:00+00:00,4.0408333333333335,4.470833333333333,5.450833333333334,0.0,0.0,RUTINA
Tupungatito,MODIS,MODIS_AQUA,2026-09-28 08:15:00+00:00,2.6908333333333334,3.120833333333333,2.1025,5.0,0.0,RUTINA
Tupungatito,VIIRS375,VIIRS_NOAA21,2026-09-28 06:18:00+00:00,13.382222222222222,13.7475,3.807777777777778,0.063,0.0,RUTINA
Tupungatito,VIIRS,VIIRS_NOAA21_750,2026-09-28 06:18:00+00:00,13.382222222222222,13.7475,3.807777777777778,0.0,0.0,RUTINA
Tupungatito,MODIS,MODIS_TERRA,2026-09-29 02:05:00+00:00,6.161944444444444,6.549166666666666,1.2686111111111111,5.0,0.0,RUTINA
Tupungatito,VIIRS375,VIIRS_NOAA20,2026-09-29 05:18:00+00:00,2.9452777777777777,3.3325,3.733611111111111,0.062,0.04,ALERTA_TERMICA
Tupungatito,VIIRS,VIIRS_NOAA20_750,2026-09-29 05:18:00+00:00,2.9452777777777777,3.3325,4.056111111111111,1.729,0.0,RUTINA
Tupungatito,VIIRS375,VIIRS_NOAA21,2026-09-29 06:00:00+00:00,2.245277777777778,2.6325,3.848333333333333,0.042,0.0,RUTINA
Tupungatito,VIIRS,VIIRS_NOAA21_750,2026-09-29 06:00:00+00:00,2.245277777777778,2.6325,4.098333333333334,0.0,0.0,RUTINA
Tupungatito,VIIRS375,VIIRS_SNPP,2026-09-29 06:36:00+00:00,8.29111111111111,8.745833333333334,5.9991666666666665,0.054,0.0,RUTINA
Tupungatito,VIIRS,VIIRS_SNPP_750,2026-09-29 06:36:00+00:00,8.29111111111111,8.745833333333334,5.9991666666666665,2.099,0.0,RUTINA
Tupungatito,MODIS,MODIS_AQUA,2026-09-29 07:15:00+00:00,7.641111111111111,8.095833333333333,1.7838888888888889,5.0,0.0,RUTINA
Tupungatito,MODIS,MODIS_TERRA,2026-09-30 01:10:00+00:00,7.2283333333333335,7.638333333333334,1.1822222222222223,5.0,0.0,RUTINA
Tupungatito,VIIRS375,VIIRS_NOAA20,2026-09-30 05:00:00+00:00,3.395,3.805,2.3494444444444444,0.012,0.0,RUTINA
Tupungatito,VIIRS,VIIRS_NOAA20_750,2026-09-30 05:00:00+00:00,3.395,3.805,2.3494444444444444,0.0,0.0,RUTINA
Tupungatito,VIIRS375,VIIRS_NOAA21,2026-09-30 05:42:00+00:00,2.695,3.105,2.4097222222222223,0.014,0.0,RUTINA
Tupungatito,VIIRS,VIIRS_NOAA21_750,2026-09-30 05:42:00+00:00,2.695,3.105,2.1494444444444443,0.777,0.0,RUTINA
Tupungatito,VIIRS375,VIIRS_NOAA20,2026-09-30 06:36:00+00:00,10.030833333333334,10.470833333333333,2.7558333333333334,0.011,0.0,RUTINA
Tupungatito,VIIRS,VIIRS_NOAA20_750,2026-09-30 06:36:00+00:00,10.030833333333334,10.470833333333333,2.7558333333333334,0.0,0.0,RUTINA
Tupungatito,MODIS,MODIS_AQUA,2026-09-30 07:55:00+00:00,8.714166666666667,9.154166666666667,2.1830555555555557,0.332,0.0,RUTINA
Tupungatito,MODIS,MODIS_TERRA,2026-10-01 01:45:00+00:00,6.953055555555555,7.296666666666667,1.1005555555555555,5.0,0.0,RUTINA
Tupungatito,VIIRS375,VIIRS_NOAA20,2026-10-01 04:36:00+00:00,4.103055555555556,4.446666666666666,7.504166666666666,0.038,0.0,RUTINA
Tupungatito,VIIRS,VIIRS_NOAA20_750,2026-10-01 04:36:00+00:00,4.103055555555556,4.446666666666666,6.500555555555556,0.0,0.0,RUTINA
Tupungatito,VIIRS375,VIIRS_NOAA20,2026-10-01 06:18:00+00:00,2.4030555555555555,2.7466666666666666,6.803055555555556,0.017,0.0,RUTINA
Tupungatito,VIIRS,VIIRS_NOAA20_750,2026-10-01 06:18:00+00:00,2.4030555555555555,2.7466666666666666,5.804166666666666,0.0,0.0,RUTINA
Tupungatito,MODIS,MODIS_AQUA,2026-10-01 08:30:00+00:00,8.746666666666666,9.260277777777778,2.3508333333333336,5.0,0.0,RUTINA
Tupungatito,MODIS,MODIS_TERRA,2026-10-02 00:50:00+00:00,3.71,3.9908333333333332,4.018611111111111,5.0,0.0,RUTINA
Tupungatito,MODIS,MODIS_TERRA,2026-10-02 02:25:00+00:00,9.802777777777777,10.21888888888889,2.9325,5.0,0.0,RUTINA
Tupungatito,VIIRS375,VIIRS_NOAA21,2026-10-02 05:06:00+00:00,7.1194444444444445,7.535555555555556,4.9975,0.014,0.0,RUTINA
Tupungatito,VIIRS,VIIRS_NOAA21_750,2026-10-02 05:06:00+00:00,7.1194444444444445,7.535555555555556,2.9972222222222222,0.0,0.0,RUTINA
Tupungatito,VIIRS375,VIIRS_NOAA20,2026-10-02 06:00:00+00:00,6.219444444444444,6.635555555555555,6.027777777777778,0.014,0.0,RUTINA
Tupungatito,VIIRS,VIIRS_NOAA20_750,2026-10-02 06:00:00+00:00,6.219444444444444,6.635555555555555,3.0991666666666666,0.0,0.0,RUTINA
Tupungatito,MODIS,MODIS_AQUA,2026-10-02 07:30:00+00:00,4.719444444444444,5.135555555555555,2.5980555555555553,5.0,0.0,RUTINA
PlanchonPeteroa,MODIS,MODIS_TERRA,2026-09-14 02:10:00+00:00,1.9666666666666666,2.662777777777778,1.6825,5.0,0.0,RUTINA
PlanchonPeteroa,VIIRS375,VIIRS_NOAA20,2026-09-14 05:00:00+00:00,5.106388888888889,5.942222222222222,3.348333333333333,0.078,0.0,RUTINA
PlanchonPeteroa,VIIRS,VIIRS_NOAA20_750,2026-09-14 05:00:00+00:00,5.106388888888889,5.942222222222222,3.348333333333333,0.0,0.0,RUTINA
PlanchonPeteroa,VIIRS375,VIIRS_NOAA21,2026-09-14 05:42:00+00:00,4.4063888888888885,5.242222222222222,3.9,0.075,0.08,ALERTA_TERMICA
PlanchonPeteroa,VIIRS,VIIRS_NOAA21_750,2026-09-14 05:42:00+00:00,4.4063888888888885,5.242222222222222,3.9,0.0,0.0,RUTINA
PlanchonPeteroa,VIIRS375,VIIRS_NOAA20,2026-09-14 06:36:00+00:00,3.506388888888889,4.342222222222222,5.250555555555556,0.051,0.0,RUTINA
PlanchonPeteroa,VIIRS,VIIRS_NOAA20_750,2026-09-14 06:36:00+00:00,3.506388888888889,4.342222222222222,5.250555555555556,0.0,0.0,RUTINA
PlanchonPeteroa,MODIS,MODIS_AQUA,2026-09-14 07:35:00+00:00,2.5230555555555556,3.358888888888889,4.2675,5.0,0.0,RUTINA
PlanchonPeteroa,MODIS,MODIS_TERRA,2026-09-15 01:10:00+00:00,6.439722222222223,6.7572222222222225,1.6830555555555555,5.0,0.0,RUTINA
PlanchonPeteroa,VIIRS375,VIIRS_NOAA20,2026-09-15 04:42:00+00:00,2.906388888888889,3.223888888888889,2.3991666666666664,0.0,0.0,RUTINA
PlanchonPeteroa,VIIRS375,VIIRS_NOAA21,2026-09-15 05:24:00+00:00,2.2063888888888887,2.523888888888889,2.9497222222222224,0.043,0.0,RUTINA
PlanchonPeteroa,VIIRS,VIIRS_NOAA21_750,2026-09-15 05:24:00+00:00,2.2063888888888887,2.523888888888889,2.459722222222222,0.0,0.0,RUTINA
PlanchonPeteroa,VIIRS375,VIIRS_NOAA20,2026-09-15 06:18:00+00:00,7.276111111111111,7.628055555555555,3.299166666666667,0.047,0.04,ALERTA_TERMICA
PlanchonPeteroa,VIIRS,VIIRS_NOAA20_750,2026-09-15 06:18:00+00:00,7.276111111111111,7.628055555555555,5.05,0.0,0.0,RUTINA
PlanchonPeteroa,MODIS,MODIS_AQUA,2026-09-15 08:15:00+00:00,5.3261111111111115,5.678055555555556,3.100277777777778,5.0,0.0,RUTINA
PlanchonPeteroa,MODIS,MODIS_TERRA,2026-09-16 01:50:00+00:00,3.0436111111111113,3.4358333333333335,1.4333333333333333,48.023,0.0,RUTINA
PlanchonPeteroa,VIIRS375,VIIRS_NOAA21,2026-09-16 05:06:00+00:00,6.115,6.480555555555555,2.6675,0.04,0.0,RUTINA
PlanchonPeteroa,VIIRS,VIIRS_NOAA21_750,2026-09-16 05:06:00+00:00,6.115,6.480555555555555,2.6675,0.0,0.0,RUTINA
PlanchonPeteroa,VIIRS375,VIIRS_NOAA20,2026-09-16 06:00:00+00:00,5.215,5.580555555555556,2.8544444444444443,2.124,2.4,FALSO_POSITIVO
PlanchonPeteroa,VIIRS,VIIRS_NOAA20_750,2026-09-16 06:00:00+00:00,5.215,5.580555555555556,2.8544444444444443,3.041,0.0,RUTINA
PlanchonPeteroa,MODIS,MODIS_AQUA,2026-09-16 07:15:00+00:00,3.965,4.330555555555556,2.7716666666666665,45.06,0.0,RUTINA
PlanchonPeteroa,VIIRS375,VIIRS_NOAA21,2026-09-16 06:48:00+00:00,9.685555555555556,10.087222222222222,3.221111111111111,0.04,0.0,RUTINA
PlanchonPeteroa,VIIRS,VIIRS_NOAA21_750,2026-09-16 06:48:00+00:00,9.685555555555556,10.087222222222222,3.221111111111111,0.0,0.0,RUTINA
PlanchonPeteroa,MODIS,MODIS_TERRA,2026-09-17 00:50:00+00:00,6.658055555555555,7.071944444444444,2.763888888888889,4.544,0.0,RUTINA
PlanchonPeteroa,MODIS,MODIS_TERRA,2026-09-17 02:30:00+00:00,4.991388888888889,5.405277777777778,2.347777777777778,22.446,0.0,RUTINA
PlanchonPeteroa,VIIRS375,VIIRS_NOAA21,2026-09-17 04:48:00+00:00,2.691388888888889,3.105277777777778,3.5572222222222223,0.034,0.0,RUTINA
PlanchonPeteroa,VIIRS,VIIRS_NOAA21_750,2026-09-17 04:48:00+00:00,2.691388888888889,3.105277777777778,3.299166666666667,0.0,0.0,RUTINA
PlanchonPeteroa,VIIRS375,VIIRS_NOAA20,2026-09-17 05:42:00+00:00,7.683055555555556,8.081666666666667,4.069166666666667,0.214,0.18,ALERTA_TERMICA
PlanchonPeteroa,VIIRS,VIIRS_NOAA20_750,2026-09-17 05:42:00+00:00,7.683055555555556,8.081666666666667,5.147777777777778,3.159,0.0,RUTINA
PlanchonPeteroa,VIIRS375,VIIRS_NOAA21,2026-09-17 06:24:00+00:00,6.983055555555556,7.381666666666667,4.4475,0.052,0.0,RUTINA
PlanchonPeteroa,VIIRS,VIIRS_NOAA21_750,2026-09-17 06:24:00+00:00,6.983055555555556,7.381666666666667,5.118333333333333,2.262,0.0,RUTINA
PlanchonPeteroa,MODIS,MODIS_AQUA,2026-09-17 07:50:00+00:00,5.549722222222222,5.948333333333333,3.0147222222222223,58.643,0.0,RUTINA
PlanchonPeteroa,MODIS,MODIS_TERRA,2026-09-18 01:30:00+00:00,2.151666666666667,2.4719444444444445,1.3488888888888888,2.729,0.0,RUTINA
PlanchonPeteroa,VIIRS375,VIIRS_NOAA20,2026-09-18 05:24:00+00:00,3.7383333333333333,4.153611111111111,2.4516666666666667,0.021,0.0,RUTINA
PlanchonPeteroa,VIIRS,VIIRS_NOAA20_750,2026-09-18 05:24:00+00:00,3.7383333333333333,4.153611111111111,2.4516666666666667,0.0,0.0,RUTINA
PlanchonPeteroa,VIIRS375,VIIRS_NOAA21,2026-09-18 06:06:00+00:00,3.0383333333333336,3.453611111111111,2.4994444444444444,0.107,0.0,RUTINA
PlanchonPeteroa,VIIRS,VIIRS_NOAA21_750,2026-09-18 06:06:00+00:00,3.0383333333333336,3.453611111111111,1.9997222222222222,0.019,0.0,RUTINA
PlanchonPeteroa,VIIRS375,VIIRS_SNPP,2026-09-18 06:42:00+00:00,2.4383333333333335,2.8536111111111113,4.0675,0.064,0.0,RUTINA
PlanchonPeteroa,VIIRS,VIIRS_SNPP_750,2026-09-18 06:42:00+00:00,2.4383333333333335,2.8536111111111113,3.398888888888889,0.0,0.0,RUTINA
PlanchonPeteroa,MODIS,MODIS_AQUA,2026-09-18 08:30:00+00:00,5.991666666666666,6.302222222222222,2.2675,60.174,0.0,RUTINA
PlanchonPeteroa,MODIS,MODIS_TERRA,2026-09-19 02:10:00+00:00,1.4594444444444445,1.7916666666666667,2.4322222222222223,5.0,0.0,RUTINA
PlanchonPeteroa,VIIRS375,VIIRS_NOAA20,2026-09-19 05:06:00+00:00,3.7891666666666666,4.1530555555555555,4.246388888888889,0.103,0.0,RUTINA
PlanchonPeteroa,VIIRS,VIIRS_NOAA20_750,2026-09-19 05:06:00+00:00,3.7891666666666666,4.1530555555555555,3.250277777777778,6.646,0.0,RUTINA
PlanchonPeteroa,VIIRS375,VIIRS_NOAA21,2026-09-19 05:48:00+00:00,3.089166666666667,3.4530555555555558,4.048333333333333,0.537,0.0,RUTINA
PlanchonPeteroa,VIIRS,VIIRS_NOAA21_750,2026-09-19 05:48:00+00:00,3.089166666666667,3.4530555555555558,2.7983333333333333,6.243,0.0,RUTINA
PlanchonPeteroa,VIIRS375,VIIRS_NOAA20,2026-09-19 06:42:00+00:00,2.1891666666666665,2.5530555555555554,4.326666666666667,0.03,0.0,RUTINA
PlanchonPeteroa,VIIRS,VIIRS_NOAA20_750,2026-09-19 06:42:00+00:00,2.1891666666666665,2.5530555555555554,2.6463888888888887,0.0,0.0,RUTINA
PlanchonPeteroa,MODIS,MODIS_AQUA,2026-09-19 07:30:00+00:00,6.538055555555555,6.935,3.098611111111111,5.0,0.0,RUTINA
PlanchonPeteroa,MODIS,MODIS_TERRA,2026-09-20 01:10:00+00:00,13.12138888888889,13.47861111111111,1.4327777777777777,5.0,0.0,RUTINA
PlanchonPeteroa,VIIRS375,VIIRS_NOAA20,2026-09-20 04:48:00+00:00,9.488055555555556,9.845277777777778,3.0475,0.038,0.0,RUTINA
PlanchonPeteroa,VIIRS,VIIRS_NOAA20_750,2026-09-20 04:48:00+00:00,9.488055555555556,9.845277777777778,2.2994444444444446,0.0,0.0,RUTINA
PlanchonPeteroa,VIIRS375,VIIRS_NOAA21,2026-09-20 05:30:00+00:00,8.788055555555555,9.145277777777778,2.5972222222222223,0.116,0.0,RUTINA
PlanchonPeteroa,VIIRS,VIIRS_NOAA21_750,2026-09-20 05:30:00+00:00,8.788055555555555,9.145277777777778,2.0969444444444445,3.073,0.0,RUTINA
PlanchonPeteroa,VIIRS,VIIRS_SNPP_750,2026-09-20 06:06:00+00:00,8.188055555555556,8.545277777777779,2.4972222222222222,0.0,0.0,RUTINA
PlanchonPeteroa,VIIRS375,VIIRS_NOAA20,2026-09-20 06:24:00+00:00,7.888055555555556,8.245277777777778,3.4466666666666668,0.057,0.0,RUTINA
PlanchonPeteroa,VIIRS,VIIRS_NOAA20_750,2026-09-20 06:24:00+00:00,7.888055555555556,8.245277777777778,2.6980555555555554,3.154,0.0,RUTINA
PlanchonPeteroa,MODIS,MODIS_AQUA,2026-09-20 08:10:00+00:00,6.121388888888889,6.478611111111111,1.9313888888888888,5.0,0.0,RUTINA
PlanchonPeteroa,MODIS,MODIS_TERRA,2026-09-21 01:50:00+00:00,1.9219444444444445,2.3341666666666665,1.0152777777777777,5.0,0.0,RUTINA
PlanchonPeteroa,VIIRS375,VIIRS_NOAA21,2026-09-21 05:12:00+00:00,5.197222222222222,5.590833333333333,2.1483333333333334,0.055,0.0,RUTINA
PlanchonPeteroa,VIIRS,VIIRS_NOAA21_750,2026-09-21 05:12:00+00:00,5.197222222222222,5.590833333333333,2.397222222222222,0.0,0.0,RUTINA
PlanchonPeteroa,VIIRS,VIIRS_SNPP_750,2026-09-21 05:48:00+00:00,4.597222222222222,4.990833333333334,2.549166666666667,0.0,0.0,RUTINA
PlanchonPeteroa,VIIRS375,VIIRS_NOAA20,2026-09-21 06:06:00+00:00,4.2972222222222225,4.690833333333333,2.5005555555555556,0.046,0.0,RUTINA
PlanchonPeteroa,VIIRS,VIIRS_NOAA20_750,2026-09-21 06:06:00+00:00,4.2972222222222225,4.690833333333333,2.7480555555555557,2.762,0.0,RUTINA
PlanchonPeteroa,MODIS,MODIS_AQUA,2026-09-21 07:10:00+00:00,3.2305555555555556,3.6241666666666665,2.4347222222222222,5.0,0.0,RUTINA
PlanchonPeteroa,MODIS,MODIS_AQUA,2026-09-21 08:45:00+00:00,1.6472222222222221,2.0408333333333335,2.0991666666666666,5.0,0.0,RUTINA
PlanchonPeteroa,MODIS,MODIS_TERRA,2026-09-22 00:50:00+00:00,6.777777777777778,7.259722222222222,1.2647222222222223,5.0,0.0,RUTINA
PlanchonPeteroa,MODIS,MODIS_TERRA,2026-09-22 02:30:00+00:00,5.111111111111111,5.593055555555556,1.5994444444444444,5.0,0.0,RUTINA
PlanchonPeteroa,VIIRS375,VIIRS_NOAA21,2026-09-22 04:54:00+00:00,2.7111111111111112,3.1930555555555555,2.9505555555555554,0.025,0.0,RUTINA
PlanchonPeteroa,VIIRS,VIIRS_NOAA21_750,2026-09-22 04:54:00+00:00,2.7111111111111112,3.1930555555555555,2.6977777777777776,0.418,0.0,RUTINA
PlanchonPeteroa,VIIRS,VIIRS_SNPP_750,2026-09-22 05:30:00+00:00,7.9622222222222225,8.362222222222222,3.348888888888889,0.0,0.0,RUTINA
PlanchonPeteroa,VIIRS375,VIIRS_NOAA20,2026-09-22 05:48:00+00:00,7.662222222222222,8.062222222222223,4.049166666666666,0.072,0.0,RUTINA
PlanchonPeteroa,VIIRS375,VIIRS_NOAA21,2026-09-22 06:30:00+00:00,6.9622222222222225,7.362222222222222,4.597777777777778,0.017,0.0,RUTINA
PlanchonPeteroa,MODIS,MODIS_AQUA,2026-09-22 07:45:00+00:00,5.7122222222222225,6.112222222222222,3.348333333333333,5.0,0.0,RUTINA
PlanchonPeteroa,MODIS,MODIS_TERRA,2026-09-23 01:30:00+00:00,3.3786111111111112,3.846388888888889,1.0255555555555556,5.0,0.0,RUTINA
PlanchonPeteroa,VIIRS375,VIIRS_NOAA21,2026-09-23 04:36:00+00:00,6.494722222222222,6.9527777777777775,2.497777777777778,0.022,0.0,RUTINA
PlanchonPeteroa,VIIRS,VIIRS_NOAA21_750,2026-09-23 04:36:00+00:00,6.494722222222222,6.9527777777777775,2.497777777777778,0.0,0.0,RUTINA
PlanchonPeteroa,VIIRS375,VIIRS_NOAA20,2026-09-23 05:30:00+00:00,5.594722222222222,6.052777777777778,2.6008333333333336,0.046,0.0,RUTINA
PlanchonPeteroa,VIIRS,VIIRS_NOAA20_750,2026-09-23 05:30:00+00:00,5.594722222222222,6.052777777777778,2.6008333333333336,1.307,0.0,RUTINA
PlanchonPeteroa,VIIRS375,VIIRS_NOAA21,2026-09-23 06:12:00+00:00,4.894722222222223,5.352777777777778,2.8541666666666665,0.015,0.0,RUTINA
PlanchonPeteroa,VIIRS,VIIRS_NOAA21_750,2026-09-23 06:12:00+00:00,4.894722222222223,5.352777777777778,2.8541666666666665,0.0,0.0,RUTINA
PlanchonPeteroa,VIIRS375,VIIRS_SNPP,2026-09-23 06:48:00+00:00,4.294722222222222,4.752777777777778,3.3008333333333333,0.019,0.0,RUTINA
PlanchonPeteroa,VIIRS,VIIRS_SNPP_750,2026-09-23 06:48:00+00:00,4.294722222222222,4.752777777777778,3.048611111111111,0.0,0.0,RUTINA
PlanchonPeteroa,MODIS,MODIS_AQUA,2026-09-23 08:25:00+00:00,2.6780555555555554,3.136111111111111,1.9330555555555555,5.0,0.0,RUTINA
PlanchonPeteroa,MODIS,MODIS_TERRA,2026-09-24 02:10:00+00:00,5.335833333333333,5.69,0.9308333333333333,5.0,0.0,RUTINA
PlanchonPeteroa,VIIRS375,VIIRS_SNPP,2026-09-24 04:54:00+00:00,2.6025,2.9566666666666666,2.4480555555555554,0.026,0.0,RUTINA
PlanchonPeteroa,VIIRS375,VIIRS_NOAA20,2026-09-24 05:12:00+00:00,2.3025,2.6566666666666667,2.6483333333333334,0.014,0.0,RUTINA
PlanchonPeteroa,VIIRS,VIIRS_NOAA20_750,2026-09-24 05:12:00+00:00,2.3025,2.6566666666666667,2.3958333333333335,0.222,0.0,RUTINA
PlanchonPeteroa,VIIRS375,VIIRS_NOAA21,2026-09-24 05:54:00+00:00,1.6025,1.9566666666666668,2.457777777777778,0.01,0.91,FALSO_POSITIVO
PlanchonPeteroa,VIIRS,VIIRS_NOAA21_750,2026-09-24 05:54:00+00:00,1.6025,1.9566666666666668,2.457777777777778,0.74,0.0,RUTINA
PlanchonPeteroa,VIIRS375,VIIRS_SNPP,2026-09-24 06:30:00+00:00,7.112777777777778,7.360555555555556,2.5980555555555553,0.012,0.0,RUTINA
PlanchonPeteroa,VIIRS,VIIRS_NOAA20_750,2026-09-24 06:48:00+00:00,6.812777777777778,7.060555555555555,2.55,0.0,0.0,RUTINA
PlanchonPeteroa,MODIS,MODIS_AQUA,2026-09-24 07:25:00+00:00,6.196111111111111,6.443888888888889,1.6813888888888888,5.0,0.0,RUTINA
PlanchonPeteroa,VIIRS375,VIIRS_NOAA20,2026-09-24 06:48:00+00:00,16.558055555555555,17.079166666666666,2.799166666666667,0.014,0.0,RUTINA
PlanchonPeteroa,MODIS,MODIS_TERRA,2026-09-25 01:10:00+00:00,2.668888888888889,3.1233333333333335,2.685,5.0,0.0,RUTINA
PlanchonPeteroa,VIIRS375,VIIRS_NOAA20,2026-09-25 04:54:00+00:00,4.787222222222222,5.223333333333334,2.946111111111111,0.043,0.0,RUTINA
PlanchonPeteroa,VIIRS,VIIRS_NOAA20_750,2026-09-25 04:54:00+00:00,4.787222222222222,5.223333333333334,2.946111111111111,0.0,0.0,RUTINA
PlanchonPeteroa,VIIRS375,VIIRS_NOAA21,2026-09-25 05:36:00+00:00,4.0872222222222225,4.523333333333333,3.249722222222222,0.051,0.0,RUTINA
PlanchonPeteroa,VIIRS,VIIRS_NOAA21_750,2026-09-25 05:36:00+00:00,4.0872222222222225,4.523333333333333,3.249722222222222,2.188,0.0,RUTINA
PlanchonPeteroa,VIIRS375,VIIRS_NOAA20,2026-09-25 06:30:00+00:00,3.187222222222222,3.6233333333333335,4.601111111111111,0.057,0.0,RUTINA
PlanchonPeteroa,VIIRS,VIIRS_NOAA20_750,2026-09-25 06:30:00+00:00,3.187222222222222,3.6233333333333335,4.601111111111111,0.0,0.0,RUTINA
PlanchonPeteroa,MODIS,MODIS_AQUA,2026-09-25 08:00:00+00:00,1.6872222222222222,2.1233333333333335,2.097777777777778,5.0,0.0,RUTINA
PlanchonPeteroa,MODIS,MODIS_TERRA,2026-09-26 01:50:00+00:00,2.161388888888889,2.450833333333333,1.0152777777777777,5.0,0.0,RUTINA
PlanchonPeteroa,VIIRS375,VIIRS_NOAA21,2026-09-26 05:18:00+00:00,4.1625,4.592777777777778,2.5483333333333333,0.026,0.0,RUTINA
PlanchonPeteroa,VIIRS,VIIRS_NOAA21_750,2026-09-26 05:18:00+00:00,4.1625,4.592777777777778,2.2983333333333333,0.0,0.0,RUTINA
PlanchonPeteroa,VIIRS375,VIIRS_SNPP,2026-09-26 05:54:00+00:00,3.5625,3.992777777777778,2.9483333333333333,0.058,0.0,RUTINA
PlanchonPeteroa,VIIRS,VIIRS_SNPP_750,2026-09-26 05:54:00+00:00,3.5625,3.992777777777778,2.9483333333333333,2.137,0.0,RUTINA
PlanchonPeteroa,VIIRS375,VIIRS_NOAA20,2026-09-26 06:12:00+00:00,3.2625,3.6927777777777777,3.8980555555555556,0.032,0.0,RUTINA
PlanchonPeteroa,VIIRS,VIIRS_NOAA20_750,2026-09-26 06:12:00+00:00,3.2625,3.6927777777777777,3.8980555555555556,0.0,0.0,RUTINA
PlanchonPeteroa,MODIS,MODIS_AQUA,2026-09-26 08:40:00+00:00,5.738888888888889,6.168055555555555,2.1819444444444445,5.0,0.0,RUTINA
PlanchonPeteroa,MODIS,MODIS_TERRA,2026-09-27 02:25:00+00:00,1.6505555555555556,2.004166666666667,1.4333333333333333,23.825,0.0,RUTINA
PlanchonPeteroa,VIIRS375,VIIRS_NOAA21,2026-09-27 05:00:00+00:00,5.097777777777778,5.585277777777778,2.346388888888889,0.059,0.0,RUTINA
PlanchonPeteroa,VIIRS,VIIRS_NOAA21_750,2026-09-27 05:00:00+00:00,5.097777777777778,5.585277777777778,2.346388888888889,0.0,0.0,RUTINA
PlanchonPeteroa,VIIRS,VIIRS_SNPP_750,2026-09-27 05:36:00+00:00,4.497777777777777,4.985277777777778,2.7491666666666665,2.59,0.0,RUTINA
PlanchonPeteroa,VIIRS375,VIIRS_NOAA20,2026-09-27 05:54:00+00:00,4.197777777777778,4.685277777777777,2.703333333333333,0.214,0.26,ALERTA_TERMICA
PlanchonPeteroa,VIIRS,VIIRS_NOAA20_750,2026-09-27 05:54:00+00:00,4.197777777777778,4.685277777777777,2.9494444444444445,3.283,0.0,RUTINA
PlanchonPeteroa,VIIRS375,VIIRS_NOAA21,2026-09-27 06:36:00+00:00,3.497777777777778,3.9852777777777777,3.0077777777777777,0.046,0.0,RUTINA
PlanchonPeteroa,VIIRS,VIIRS_NOAA21_750,2026-09-27 06:36:00+00:00,3.497777777777778,3.9852777777777777,3.0077777777777777,0.0,0.0,RUTINA
PlanchonPeteroa,MODIS,MODIS_AQUA,2026-09-27 07:40:00+00:00,2.431111111111111,2.9186111111111113,2.183611111111111,53.387,0.0,RUTINA
PlanchonPeteroa,MODIS,MODIS_TERRA,2026-09-28 01:30:00+00:00,9.391944444444444,9.870833333333334,4.351388888888889,5.0,0.0,RUTINA
PlanchonPeteroa,VIIRS375,VIIRS_NOAA21,2026-09-28 04:42:00+00:00,6.191944444444444,6.670833333333333,2.397222222222222,0.017,0.0,RUTINA
PlanchonPeteroa,VIIRS,VIIRS_NOAA21_750,2026-09-28 04:42:00+00:00,6.191944444444444,6.670833333333333,2.648888888888889,0.0,0.0,RUTINA
PlanchonPeteroa,VIIRS375,VIIRS_NOAA20,2026-09-28 05:36:00+00:00,5.291944444444445,5.770833333333333,2.7483333333333335,0.061,0.0,RUTINA
PlanchonPeteroa,VIIRS,VIIRS_NOAA20_750,2026-09-28 05:36:00+00:00,5.291944444444445,5.770833333333333,2.7483333333333335,1.18,0.0,RUTINA
PlanchonPeteroa,VIIRS375,VIIRS_SNPP,2026-09-28 06:54:00+00:00,3.9919444444444445,4.470833333333333,5.198611111111111,0.029,0.0,RUTINA
PlanchonPeteroa,VIIRS,VIIRS_SNPP_750,2026-09-28 06:54:00+00:00,3.9919444444444445,4.470833333333333,5.450833333333334,0.0,0.0,RUTINA
PlanchonPeteroa,MODIS,MODIS_AQUA,2026-09-28 08:15:00+00:00,2.6419444444444444,3.120833333333333,2.1025,5.0,0.0,RUTINA
PlanchonPeteroa,VIIRS375,VIIRS_NOAA21,2026-09-28 06:18:00+00:00,13.432222222222222,13.7475,3.486111111111111,0.038,0.0,RUTINA
PlanchonPeteroa,VIIRS,VIIRS_NOAA21_750,2026-09-28 06:18:00+00:00,13.432222222222222,13.7475,3.807777777777778,0.0,0.0,RUTINA
PlanchonPeteroa,MODIS,MODIS_TERRA,2026-09-29 02:05:00+00:00,6.166111111111111,6.549166666666666,1.2686111111111111,5.0,0.0,RUTINA
PlanchonPeteroa,VIIRS375,VIIRS_NOAA20,2026-09-29 05:18:00+00:00,2.9494444444444445,3.3325,3.5494444444444446,0.086,0.0,RUTINA
PlanchonPeteroa,VIIRS,VIIRS_NOAA20_750,2026-09-29 05:18:00+00:00,2.9494444444444445,3.3325,3.733611111111111,0.0,0.0,RUTINA
PlanchonPeteroa,VIIRS375,VIIRS_NOAA21,2026-09-29 06:00:00+00:00,2.2494444444444444,2.6325,3.848333333333333,0.074,0.0,RUTINA
PlanchonPeteroa,VIIRS,VIIRS_NOAA21_750,2026-09-29 06:00:00+00:00,2.2494444444444444,2.6325,4.098333333333334,0.0,0.0,RUTINA
PlanchonPeteroa,VIIRS375,VIIRS_SNPP,2026-09-29 06:36:00+00:00,8.418055555555556,8.745833333333334,5.9991666666666665,0.076,0.0,RUTINA
PlanchonPeteroa,VIIRS,VIIRS_SNPP_750,2026-09-29 06:36:00+00:00,8.418055555555556,8.745833333333334,5.9991666666666665,0.0,0.0,RUTINA
PlanchonPeteroa,MODIS,MODIS_AQUA,2026-09-29 07:15:00+00:00,7.768055555555556,8.095833333333333,1.7838888888888889,28.551,0.0,RUTINA
PlanchonPeteroa,MODIS,MODIS_TERRA,2026-09-30 01:10:00+00:00,15.409722222222221,15.904166666666667,1.1822222222222223,5.0,0.0,RUTINA
PlanchonPeteroa,VIIRS375,VIIRS_NOAA20,2026-09-30 05:00:00+00:00,11.57638888888889,12.070833333333333,2.3494444444444444,0.039,0.0,RUTINA
PlanchonPeteroa,VIIRS,VIIRS_NOAA20_750,2026-09-30 05:00:00+00:00,11.57638888888889,12.070833333333333,2.3494444444444444,0.0,0.0,RUTINA
PlanchonPeteroa,VIIRS375,VIIRS_NOAA21,2026-09-30 05:42:00+00:00,10.876388888888888,11.370833333333334,2.4097222222222223,0.012,0.0,RUTINA
PlanchonPeteroa,VIIRS,VIIRS_NOAA21_750,2026-09-30 05:42:00+00:00,10.876388888888888,11.370833333333334,2.1494444444444443,0.0,0.0,RUTINA
PlanchonPeteroa,VIIRS375,VIIRS_NOAA20,2026-09-30 06:36:00+00:00,9.97638888888889,10.470833333333333,2.7558333333333334,0.012,0.0,RUTINA
PlanchonPeteroa,VIIRS,VIIRS_NOAA20_750,2026-09-30 06:36:00+00:00,9.97638888888889,10.470833333333333,2.7558333333333334,0.0,0.0,RUTINA
PlanchonPeteroa,MODIS,MODIS_AQUA,2026-09-30 07:55:00+00:00,8.659722222222221,9.154166666666667,2.1830555555555557,5.0,0.0,RUTINA
PlanchonPeteroa,MODIS,MODIS_TERRA,2026-10-01 01:45:00+00:00,6.967777777777778,7.296666666666667,1.1005555555555555,5.0,0.0,RUTINA
PlanchonPeteroa,VIIRS375,VIIRS_NOAA20,2026-10-01 04:42:00+00:00,4.017777777777778,4.346666666666667,7.404166666666667,0.027,0.0,RUTINA
PlanchonPeteroa,VIIRS,VIIRS_NOAA20_750,2026-10-01 04:42:00+00:00,4.017777777777778,4.346666666666667,6.400555555555556,0.0,0.0,RUTINA
PlanchonPeteroa,VIIRS375,VIIRS_NOAA20,2026-10-01 06:18:00+00:00,2.417777777777778,2.7466666666666666,6.5488888888888885,0.024,0.0,RUTINA
PlanchonPeteroa,VIIRS,VIIRS_NOAA20_750,2026-10-01 06:18:00+00:00,2.417777777777778,2.7466666666666666,5.552222222222222,0.0,0.0,RUTINA
PlanchonPeteroa,MODIS,MODIS_AQUA,2026-10-01 08:35:00+00:00,8.630277777777778,9.176944444444445,2.2675,5.0,0.0,RUTINA
PlanchonPeteroa,VIIRS375,VIIRS_NOAA21,2026-10-02 05:06:00+00:00,7.211388888888889,7.535555555555556,4.9975,0.113,0.18,FALSO_POSITIVO
PlanchonPeteroa,VIIRS,VIIRS_NOAA21_750,2026-10-02 05:06:00+00:00,7.211388888888889,7.535555555555556,2.9972222222222222,0.0,0.0,RUTINA
PlanchonPeteroa,VIIRS375,VIIRS_NOAA20,2026-10-02 06:00:00+00:00,6.311388888888889,6.635555555555555,6.027777777777778,0.044,0.0,RUTINA
PlanchonPeteroa,VIIRS,VIIRS_NOAA20_750,2026-10-02 06:00:00+00:00,6.311388888888889,6.635555555555555,3.0991666666666666,0.0,0.0,RUTINA
PlanchonPeteroa,VIIRS375,VIIRS_NOAA21,2026-10-02 06:48:00+00:00,5.511388888888889,5.835555555555556,6.060277777777777,0.028,0.0,RUTINA
PlanchonPeteroa,VIIRS,VIIRS_NOAA21_750,2026-10-02 06:48:00+00:00,5.511388888888889,5.835555555555556,2.7422222222222223,0.0,0.0,RUTINA
PlanchonPeteroa,MODIS,MODIS_AQUA,2026-10-02 07:35:00+00:00,4.728055555555556,5.052222222222222,2.5147222222222223,5.0,0.0,RUTINA
Chaiten,MODIS,MODIS_TERRA,2026-09-14 02:10:00+00:00,2.048888888888889,2.662777777777778,1.9333333333333333,45.002,0.0,RUTINA
Chaiten,VIIRS375,VIIRS_NOAA21,2026-09-14 05:42:00+00:00,4.661666666666667,5.242222222222222,3.9,0.229,0.18,ALERTA_TERMICA
Chaiten,VIIRS,VIIRS_NOAA21_750,2026-09-14 05:42:00+00:00,4.661666666666667,5.242222222222222,3.9,0.094,0.0,RUTINA
Chaiten,VIIRS375,VIIRS_NOAA20,2026-09-14 06:42:00+00:00,3.6616666666666666,4.242222222222222,5.150555555555556,0.087,0.0,RUTINA
Chaiten,VIIRS,VIIRS_NOAA20_750,2026-09-14 06:42:00+00:00,3.6616666666666666,4.242222222222222,5.150555555555556,1.492,0.0,RUTINA
Chaiten,MODIS,MODIS_AQUA,2026-09-14 07:40:00+00:00,2.695,3.2755555555555556,4.184166666666667,72.522,0.0,RUTINA
Chaiten,MODIS,MODIS_TERRA,2026-09-15 01:10:00+00:00,6.421944444444445,6.7572222222222225,1.6830555555555555,26.293,0.0,RUTINA
Chaiten,VIIRS375,VIIRS_NOAA20,2026-09-15 04:42:00+00:00,2.888611111111111,3.223888888888889,3.16,0.049,0.0,RUTINA
Chaiten,VIIRS375,VIIRS_NOAA21,2026-09-15 05:24:00+00:00,2.1886111111111113,2.523888888888889,2.9497222222222224,0.116,0.0,RUTINA
Chaiten,VIIRS,VIIRS_NOAA21_750,2026-09-15 05:24:00+00:00,2.1886111111111113,2.523888888888889,2.459722222222222,0.0,0.0,RUTINA
Chaiten,MODIS,MODIS_TERRA,2026-09-15 02:50:00+00:00,10.686388888888889,11.094722222222222,1.2683333333333333,21.433,0.0,RUTINA
Chaiten,VIIRS375,VIIRS_NOAA20,2026-09-15 06:24:00+00:00,7.119722222222222,7.5280555555555555,3.1991666666666667,0.05,0.0,RUTINA
Chaiten,VIIRS,VIIRS_NOAA20_750,2026-09-15 06:24:00+00:00,7.119722222222222,7.5280555555555555,4.95,0.0,0.0,RUTINA
Chaiten,MODIS,MODIS_AQUA,2026-09-15 08:15:00+00:00,5.269722222222223,5.678055555555556,3.100277777777778,5.0,0.0,RUTINA
Chaiten,MODIS,MODIS_TERRA,2026-09-16 01:50:00+00:00,3.0544444444444445,3.4358333333333335,1.4333333333333333,5.0,0.0,RUTINA
Chaiten,VIIRS375,VIIRS_NOAA21,2026-09-16 05:06:00+00:00,6.195555555555556,6.480555555555555,2.6675,0.062,0.0,RUTINA
Chaiten,VIIRS,VIIRS_NOAA21_750,2026-09-16 05:06:00+00:00,6.195555555555556,6.480555555555555,2.6675,0.0,0.0,RUTINA
Chaiten,VIIRS375,VIIRS_NOAA20,2026-09-16 06:00:00+00:00,5.295555555555556,5.580555555555556,2.8544444444444443,0.419,0.0,RUTINA
Chaiten,VIIRS,VIIRS_NOAA20_750,2026-09-16 06:00:00+00:00,5.295555555555556,5.580555555555556,2.8544444444444443,0.396,0.0,RUTINA
Chaiten,MODIS,MODIS_AQUA,2026-09-16 07:15:00+00:00,4.045555555555556,4.330555555555556,2.7716666666666665,5.0,0.0,RUTINA
Chaiten,MODIS,MODIS_AQUA,2026-09-16 08:55:00+00:00,2.378888888888889,2.6638888888888888,1.9336111111111112,5.0,0.0,RUTINA
Chaiten,VIIRS375,VIIRS_NOAA21,2026-09-16 06:48:00+00:00,9.811111111111112,10.087222222222222,3.221111111111111,0.118,0.0,RUTINA
Chaiten,VIIRS,VIIRS_NOAA21_750,2026-09-16 06:48:00+00:00,9.811111111111112,10.087222222222222,3.221111111111111,0.0,0.0,RUTINA
Chaiten,MODIS,MODIS_TERRA,2026-09-17 02:30:00+00:00,5.068333333333333,5.405277777777778,2.347777777777778,26.614,0.0,RUTINA
Chaiten,VIIRS375,VIIRS_NOAA21,2026-09-17 04:48:00+00:00,2.7683333333333335,3.105277777777778,4.046944444444445,0.073,0.0,RUTINA
Chaiten,VIIRS,VIIRS_NOAA21_750,2026-09-17 04:48:00+00:00,2.7683333333333335,3.105277777777778,3.5572222222222223,0.0,0.0,RUTINA
Chaiten,VIIRS,VIIRS_NOAA20_750,2026-09-17 05:42:00+00:00,7.741944444444444,8.081666666666667,5.147777777777778,0.0,0.0,RUTINA
Chaiten,VIIRS375,VIIRS_NOAA21,2026-09-17 06:30:00+00:00,6.941944444444444,7.281666666666666,4.3475,0.046,0.0,RUTINA
Chaiten,VIIRS,VIIRS_NOAA21_750,2026-09-17 06:30:00+00:00,6.941944444444444,7.281666666666666,5.0183333333333335,3.53,0.0,RUTINA
Chaiten,VIIRS375,VIIRS_SNPP,2026-09-17 07:06:00+00:00,6.341944444444445,6.681666666666667,6.001111111111111,0.0,0.0,RUTINA
Chaiten,VIIRS,VIIRS_SNPP_750,2026-09-17 07:06:00+00:00,6.341944444444445,6.681666666666667,6.248888888888889,0.0,0.0,RUTINA
Chaiten,MODIS,MODIS_AQUA,2026-09-17 07:55:00+00:00,5.525277777777778,5.865,2.931388888888889,56.526,0.0,RUTINA
Chaiten,MODIS,MODIS_TERRA,2026-09-18 01:30:00+00:00,2.1666666666666665,2.4719444444444445,1.6025,84.901,0.0,RUTINA
Chaiten,VIIRS375,VIIRS_NOAA21,2026-09-18 04:30:00+00:00,4.647777777777778,5.0536111111111115,2.2666666666666666,0.047,0.0,RUTINA
Chaiten,VIIRS,VIIRS_NOAA21_750,2026-09-18 04:30:00+00:00,4.647777777777778,5.0536111111111115,2.0966666666666667,1.312,0.0,RUTINA
Chaiten,VIIRS375,VIIRS_NOAA20,2026-09-18 05:24:00+00:00,3.747777777777778,4.153611111111111,2.4516666666666667,0.063,0.0,RUTINA
Chaiten,VIIRS,VIIRS_NOAA20_750,2026-09-18 05:24:00+00:00,3.747777777777778,4.153611111111111,2.4516666666666667,3.477,0.0,RUTINA
Chaiten,VIIRS375,VIIRS_NOAA21,2026-09-18 06:12:00+00:00,2.9477777777777776,3.3536111111111113,2.5652777777777778,0.1,0.0,RUTINA
Chaiten,VIIRS,VIIRS_NOAA21_750,2026-09-18 06:12:00+00:00,2.9477777777777776,3.3536111111111113,1.8997222222222223,0.0,0.0,RUTINA
Chaiten,VIIRS375,VIIRS_SNPP,2026-09-18 06:48:00+00:00,2.347777777777778,2.7536111111111112,3.9675,0.034,0.0,RUTINA
Chaiten,VIIRS,VIIRS_SNPP_750,2026-09-18 06:48:00+00:00,2.347777777777778,2.7536111111111112,3.298888888888889,0.0,0.0,RUTINA
Chaiten,MODIS,MODIS_AQUA,2026-09-18 08:30:00+00:00,6.015,6.302222222222222,2.2675,5.0,0.0,RUTINA
Chaiten,VIIRS375,VIIRS_NOAA20,2026-09-19 05:06:00+00:00,3.7711111111111113,4.1530555555555555,4.246388888888889,0.017,0.0,RUTINA
Chaiten,VIIRS,VIIRS_NOAA20_750,2026-09-19 05:06:00+00:00,3.7711111111111113,4.1530555555555555,3.250277777777778,0.0,0.0,RUTINA
Chaiten,VIIRS375,VIIRS_NOAA21,2026-09-19 05:48:00+00:00,3.071111111111111,3.4530555555555558,4.048333333333333,0.016,0.0,RUTINA
Chaiten,VIIRS,VIIRS_NOAA21_750,2026-09-19 05:48:00+00:00,3.071111111111111,3.4530555555555558,2.7983333333333333,0.0,0.0,RUTINA
Chaiten,VIIRS375,VIIRS_NOAA20,2026-09-19 06:48:00+00:00,2.071111111111111,2.4530555555555558,4.226666666666667,0.022,0.0,RUTINA
Chaiten,VIIRS,VIIRS_NOAA20_750,2026-09-19 06:48:00+00:00,2.071111111111111,2.4530555555555558,2.546388888888889,0.0,0.0,RUTINA
Chaiten,MODIS,MODIS_AQUA,2026-09-19 07:30:00+00:00,6.511111111111111,6.935,3.098611111111111,5.0,0.0,RUTINA
Chaiten,MODIS,MODIS_TERRA,2026-09-20 01:10:00+00:00,2.6755555555555555,3.0516666666666667,1.4327777777777777,5.0,0.0,RUTINA
Chaiten,MODIS,MODIS_TERRA,2026-09-20 02:45:00+00:00,1.0922222222222222,1.4683333333333333,1.5244444444444445,5.0,0.0,RUTINA
Chaiten,VIIRS375,VIIRS_NOAA20,2026-09-20 04:48:00+00:00,4.651666666666666,5.0025,3.0475,0.022,0.0,RUTINA
Chaiten,VIIRS,VIIRS_NOAA20_750,2026-09-20 04:48:00+00:00,4.651666666666666,5.0025,2.2994444444444446,0.0,0.0,RUTINA
Chaiten,VIIRS375,VIIRS_NOAA21,2026-09-20 05:30:00+00:00,3.9516666666666667,4.3025,2.5972222222222223,0.052,0.0,RUTINA
Chaiten,VIIRS,VIIRS_NOAA21_750,2026-09-20 05:30:00+00:00,3.9516666666666667,4.3025,2.0969444444444445,6.225,0.0,RUTINA
Chaiten,VIIRS,VIIRS_SNPP_750,2026-09-20 06:06:00+00:00,3.3516666666666666,3.7025,2.4972222222222222,0.0,0.0,RUTINA
Chaiten,VIIRS375,VIIRS_NOAA20,2026-09-20 06:30:00+00:00,2.9516666666666667,3.3025,3.3466666666666667,0.0,0.0,RUTINA
Chaiten,VIIRS,VIIRS_NOAA20_750,2026-09-20 06:30:00+00:00,2.9516666666666667,3.3025,2.5980555555555553,0.0,0.0,RUTINA
Chaiten,MODIS,MODIS_AQUA,2026-09-20 08:10:00+00:00,6.155,6.478611111111111,1.9313888888888888,5.0,0.0,RUTINA
Chaiten,MODIS,MODIS_TERRA,2026-09-21 01:45:00+00:00,2.045,2.4175,1.2675,2.426,0.0,RUTINA
Chaiten,VIIRS375,VIIRS_NOAA20,2026-09-21 04:30:00+00:00,5.2844444444444445,5.6177777777777775,2.5972222222222223,0.041,0.0,RUTINA
Chaiten,VIIRS,VIIRS_NOAA20_750,2026-09-21 04:30:00+00:00,5.2844444444444445,5.6177777777777775,2.5972222222222223,0.0,0.0,RUTINA
Chaiten,VIIRS375,VIIRS_NOAA21,2026-09-21 05:12:00+00:00,4.584444444444444,4.917777777777777,2.1483333333333334,0.036,0.0,RUTINA
Chaiten,VIIRS,VIIRS_NOAA21_750,2026-09-21 05:12:00+00:00,4.584444444444444,4.917777777777777,2.397222222222222,1.245,0.0,RUTINA
Chaiten,VIIRS375,VIIRS_SNPP,2026-09-21 05:48:00+00:00,3.9844444444444442,4.317777777777778,3.801388888888889,0.145,0.0,RUTINA
Chaiten,VIIRS,VIIRS_SNPP_750,2026-09-21 05:48:00+00:00,3.9844444444444442,4.317777777777778,2.549166666666667,2.43,0.0,RUTINA
Chaiten,VIIRS375,VIIRS_NOAA21,2026-09-21 06:54:00+00:00,2.8844444444444446,3.2177777777777776,3.198888888888889,0.051,0.0,RUTINA
Chaiten,VIIRS,VIIRS_NOAA21_750,2026-09-21 06:54:00+00:00,2.8844444444444446,3.2177777777777776,2.700833333333333,0.0,0.0,RUTINA
Chaiten,MODIS,MODIS_AQUA,2026-09-21 07:10:00+00:00,2.617777777777778,2.951111111111111,2.4347222222222222,5.0,0.0,RUTINA
Chaiten,MODIS,MODIS_AQUA,2026-09-21 08:50:00+00:00,7.870277777777778,8.24,2.015833333333333,5.0,0.0,RUTINA
Chaiten,MODIS,MODIS_TERRA,2026-09-22 02:25:00+00:00,11.095555555555556,11.445555555555556,1.6827777777777777,5.0,0.0,RUTINA
Chaiten,VIIRS375,VIIRS_NOAA21,2026-09-22 04:54:00+00:00,8.612222222222222,8.962222222222222,3.9483333333333333,0.014,0.0,RUTINA
Chaiten,VIIRS,VIIRS_SNPP_750,2026-09-22 05:30:00+00:00,8.012222222222222,8.362222222222222,3.348888888888889,0.0,0.0,RUTINA
Chaiten,VIIRS375,VIIRS_NOAA20,2026-09-22 05:48:00+00:00,7.7122222222222225,8.062222222222223,4.551111111111111,0.015,0.0,RUTINA
Chaiten,VIIRS,VIIRS_NOAA21_750,2026-09-22 06:36:00+00:00,6.912222222222222,7.262222222222222,2.7511111111111113,1.862,0.0,RUTINA
Chaiten,MODIS,MODIS_AQUA,2026-09-22 07:50:00+00:00,5.678888888888889,6.028888888888889,3.265,5.0,0.0,RUTINA
Chaiten,MODIS,MODIS_TERRA,2026-09-23 01:25:00+00:00,3.502222222222222,3.9297222222222223,1.4316666666666666,5.0,0.0,RUTINA
Chaiten,VIIRS375,VIIRS_NOAA21,2026-09-23 04:36:00+00:00,6.651111111111111,6.9527777777777775,2.497777777777778,0.071,0.0,RUTINA
Chaiten,VIIRS,VIIRS_NOAA21_750,2026-09-23 04:36:00+00:00,6.651111111111111,6.9527777777777775,2.497777777777778,0.096,0.0,RUTINA
Chaiten,VIIRS375,VIIRS_NOAA20,2026-09-23 05:30:00+00:00,5.751111111111111,6.052777777777778,2.6008333333333336,0.014,0.0,RUTINA
Chaiten,VIIRS,VIIRS_NOAA20_750,2026-09-23 05:30:00+00:00,5.751111111111111,6.052777777777778,2.6008333333333336,0.63,0.0,RUTINA
Chaiten,VIIRS375,VIIRS_NOAA21,2026-09-23 06:18:00+00:00,4.9511111111111115,5.252777777777778,2.754166666666667,0.044,0.0,RUTINA
Chaiten,VIIRS,VIIRS_NOAA21_750,2026-09-23 06:18:00+00:00,4.9511111111111115,5.252777777777778,2.754166666666667,1.255,0.0,RUTINA
Chaiten,VIIRS375,VIIRS_SNPP,2026-09-23 06:54:00+00:00,4.351111111111111,4.652777777777778,3.200833333333333,0.144,0.0,RUTINA
Chaiten,VIIRS,VIIRS_SNPP_750,2026-09-23 06:54:00+00:00,4.351111111111111,4.652777777777778,2.948611111111111,0.961,0.0,RUTINA
Chaiten,MODIS,MODIS_AQUA,2026-09-23 08:25:00+00:00,2.8344444444444443,3.136111111111111,1.9330555555555555,5.0,0.0,RUTINA
Chaiten,MODIS,MODIS_TERRA,2026-09-24 02:05:00+00:00,5.473611111111111,5.773333333333333,1.2677777777777777,5.0,0.0,RUTINA
Chaiten,VIIRS375,VIIRS_SNPP,2026-09-24 04:54:00+00:00,2.6569444444444446,2.9566666666666666,2.4480555555555554,0.098,0.0,RUTINA
Chaiten,VIIRS375,VIIRS_NOAA20,2026-09-24 05:12:00+00:00,2.3569444444444443,2.6566666666666667,2.6483333333333334,0.032,0.0,RUTINA
Chaiten,VIIRS,VIIRS_NOAA20_750,2026-09-24 05:12:00+00:00,2.3569444444444443,2.6566666666666667,2.3958333333333335,0.0,0.0,RUTINA
Chaiten,VIIRS375,VIIRS_SNPP,2026-09-24 06:36:00+00:00,7.059444444444445,7.260555555555555,2.4980555555555557,0.065,0.0,RUTINA
Chaiten,VIIRS,VIIRS_NOAA20_750,2026-09-24 06:54:00+00:00,6.759444444444444,6.960555555555556,2.6991666666666667,0.0,0.0,RUTINA
Chaiten,MODIS,MODIS_AQUA,2026-09-24 07:25:00+00:00,6.2427777777777775,6.443888888888889,1.6813888888888888,5.0,0.0,RUTINA
Chaiten,VIIRS375,VIIRS_NOAA20,2026-09-24 06:54:00+00:00,16.52111111111111,16.979166666666668,2.6991666666666667,0.025,0.0,RUTINA
Chaiten,MODIS,MODIS_TERRA,2026-09-25 01:05:00+00:00,2.743333333333333,3.2066666666666666,1.0141666666666667,5.0,0.0,RUTINA
Chaiten,MODIS,MODIS_TERRA,2026-09-25 02:45:00+00:00,6.966666666666667,7.373333333333333,2.3519444444444444,5.0,0.0,RUTINA
Chaiten,VIIRS375,VIIRS_NOAA20,2026-09-25 04:54:00+00:00,4.816666666666666,5.223333333333334,3.2,0.026,0.0,RUTINA
Chaiten,VIIRS,VIIRS_NOAA20_750,2026-09-25 04:54:00+00:00,4.816666666666666,5.223333333333334,3.2,0.0,0.0,RUTINA
Chaiten,VIIRS375,VIIRS_NOAA21,2026-09-25 05:36:00+00:00,4.116666666666666,4.523333333333333,3.249722222222222,0.066,0.0,RUTINA
Chaiten,VIIRS,VIIRS_NOAA21_750,2026-09-25 05:36:00+00:00,4.116666666666666,4.523333333333333,3.4972222222222222,2.411,0.0,RUTINA
Chaiten,VIIRS375,VIIRS_NOAA20,2026-09-25 06:36:00+00:00,3.1166666666666667,3.5233333333333334,4.501111111111111,0.0,0.0,RUTINA
Chaiten,VIIRS,VIIRS_NOAA20_750,2026-09-25 06:36:00+00:00,3.1166666666666667,3.5233333333333334,4.501111111111111,0.0,0.0,RUTINA
Chaiten,MODIS,MODIS_AQUA,2026-09-25 08:05:00+00:00,1.6333333333333333,2.04,2.0144444444444445,5.0,0.0,RUTINA
Chaiten,MODIS,MODIS_TERRA,2026-09-26 01:45:00+00:00,2.2869444444444444,2.5341666666666667,1.0986111111111112,5.0,0.0,RUTINA
Chaiten,VIIRS375,VIIRS_NOAA20,2026-09-26 04:36:00+00:00,4.911944444444444,5.292777777777777,2.4972222222222222,0.026,0.0,RUTINA
Chaiten,VIIRS,VIIRS_NOAA20_750,2026-09-26 04:36:00+00:00,4.911944444444444,5.292777777777777,2.2480555555555557,0.0,0.0,RUTINA
Chaiten,VIIRS375,VIIRS_NOAA21,2026-09-26 05:18:00+00:00,4.211944444444445,4.592777777777778,2.5483333333333333,0.109,0.0,RUTINA
Chaiten,VIIRS,VIIRS_NOAA21_750,2026-09-26 05:18:00+00:00,4.211944444444445,4.592777777777778,2.2983333333333333,0.0,0.0,RUTINA
Chaiten,VIIRS375,VIIRS_SNPP,2026-09-26 05:54:00+00:00,3.6119444444444446,3.992777777777778,2.9483333333333333,0.037,0.0,RUTINA
Chaiten,VIIRS,VIIRS_SNPP_750,2026-09-26 05:54:00+00:00,3.6119444444444446,3.992777777777778,2.9483333333333333,0.0,0.0,RUTINA
Chaiten,VIIRS375,VIIRS_NOAA20,2026-09-26 06:18:00+00:00,3.2119444444444443,3.5927777777777776,3.0502777777777776,0.011,0.0,RUTINA
Chaiten,VIIRS,VIIRS_NOAA20_750,2026-09-26 06:18:00+00:00,3.2119444444444443,3.5927777777777776,3.2994444444444446,0.0,0.0,RUTINA
Chaiten,MODIS,MODIS_AQUA,2026-09-26 07:05:00+00:00,2.428611111111111,2.8094444444444444,2.0144444444444445,5.0,0.0,RUTINA
Chaiten,MODIS,MODIS_AQUA,2026-09-26 08:40:00+00:00,5.917777777777777,6.168055555555555,2.1819444444444445,5.0,0.0,RUTINA
Chaiten,MODIS,MODIS_TERRA,2026-09-27 02:25:00+00:00,1.7219444444444445,2.004166666666667,1.4333333333333333,5.0,0.0,RUTINA
Chaiten,VIIRS375,VIIRS_NOAA21,2026-09-27 05:00:00+00:00,5.325277777777778,5.585277777777778,2.5975,0.646,0.0,RUTINA
Chaiten,VIIRS,VIIRS_NOAA21_750,2026-09-27 05:00:00+00:00,5.325277777777778,5.585277777777778,2.5975,0.0,0.0,RUTINA
Chaiten,VIIRS,VIIRS_SNPP_750,2026-09-27 05:36:00+00:00,4.7252777777777775,4.985277777777778,2.7491666666666665,0.0,0.0,RUTINA
Chaiten,VIIRS375,VIIRS_NOAA20,2026-09-27 05:54:00+00:00,4.425277777777778,4.685277777777777,2.703333333333333,0.73,0.0,RUTINA
Chaiten,VIIRS,VIIRS_NOAA20_750,2026-09-27 05:54:00+00:00,4.425277777777778,4.685277777777777,3.1980555555555554,8.693,0.0,RUTINA
Chaiten,MODIS,MODIS_AQUA,2026-09-27 07:40:00+00:00,2.658611111111111,2.9186111111111113,2.183611111111111,5.0,0.0,RUTINA
Chaiten,VIIRS375,VIIRS_NOAA21,2026-09-27 06:42:00+00:00,8.673055555555555,8.9475,3.149722222222222,0.194,0.0,RUTINA
Chaiten,VIIRS,VIIRS_NOAA21_750,2026-09-27 06:42:00+00:00,8.673055555555555,8.9475,2.9077777777777776,0.0,0.0,RUTINA
Chaiten,MODIS,MODIS_TERRA,2026-09-28 01:25:00+00:00,9.528888888888888,9.954166666666667,4.434722222222222,36.903,0.0,RUTINA
Chaiten,VIIRS375,VIIRS_NOAA21,2026-09-28 04:42:00+00:00,6.245555555555556,6.670833333333333,2.397222222222222,0.068,0.0,RUTINA
Chaiten,VIIRS,VIIRS_NOAA21_750,2026-09-28 04:42:00+00:00,6.245555555555556,6.670833333333333,2.648888888888889,0.0,0.0,RUTINA
Chaiten,VIIRS375,VIIRS_NOAA20,2026-09-28 05:36:00+00:00,5.345555555555555,5.770833333333333,2.7483333333333335,0.47,0.0,RUTINA
Chaiten,VIIRS,VIIRS_NOAA20_750,2026-09-28 05:36:00+00:00,5.345555555555555,5.770833333333333,3.001388888888889,4.784,0.0,RUTINA
Chaiten,VIIRS375,VIIRS_SNPP,2026-09-28 07:00:00+00:00,3.9455555555555555,4.370833333333334,5.350833333333333,0.074,0.0,RUTINA
Chaiten,VIIRS,VIIRS_SNPP_750,2026-09-28 07:00:00+00:00,3.9455555555555555,4.370833333333334,5.350833333333333,0.0,0.0,RUTINA
Chaiten,MODIS,MODIS_AQUA,2026-09-28 08:20:00+00:00,2.612222222222222,3.0375,2.265833333333333,47.488,0.0,RUTINA
Chaiten,VIIRS375,VIIRS_NOAA21,2026-09-28 06:24:00+00:00,13.234166666666667,13.6475,3.707777777777778,0.425,0.0,RUTINA
Chaiten,VIIRS,VIIRS_NOAA21_750,2026-09-28 06:24:00+00:00,13.234166666666667,13.6475,3.9519444444444445,0.0,0.0,RUTINA
Chaiten,MODIS,MODIS_TERRA,2026-09-29 02:05:00+00:00,6.1819444444444445,6.549166666666666,1.2686111111111111,63.907,0.0,RUTINA
Chaiten,VIIRS375,VIIRS_NOAA21,2026-09-29 04:24:00+00:00,3.8652777777777776,4.2325,2.9525,0.0,0.0,RUTINA
Chaiten,VIIRS,VIIRS_NOAA21_750,2026-09-29 04:24:00+00:00,3.8652777777777776,4.2325,3.448888888888889,0.0,0.0,RUTINA
Chaiten,VIIRS375,VIIRS_NOAA20,2026-09-29 05:18:00+00:00,2.9652777777777777,3.3325,3.733611111111111,0.03,0.0,RUTINA
Chaiten,VIIRS,VIIRS_NOAA20_750,2026-09-29 05:18:00+00:00,2.9652777777777777,3.3325,4.056111111111111,0.0,0.0,RUTINA
Chaiten,VIIRS375,VIIRS_NOAA21,2026-09-29 06:06:00+00:00,2.165277777777778,2.5325,3.7483333333333335,0.314,0.0,RUTINA
Chaiten,VIIRS,VIIRS_NOAA21_750,2026-09-29 06:06:00+00:00,2.165277777777778,2.5325,3.9983333333333335,0.0,0.0,RUTINA
Chaiten,VIIRS375,VIIRS_NOAA20,2026-09-29 07:00:00+00:00,8.0275,8.345833333333333,4.598333333333334,0.022,0.0,RUTINA
Chaiten,VIIRS,VIIRS_NOAA20_750,2026-09-29 07:00:00+00:00,8.0275,8.345833333333333,4.598333333333334,0.0,0.0,RUTINA
Chaiten,MODIS,MODIS_AQUA,2026-09-29 07:20:00+00:00,7.694166666666667,8.0125,1.7005555555555556,5.0,0.0,RUTINA
Chaiten,MODIS,MODIS_TERRA,2026-09-30 01:05:00+00:00,7.383055555555556,7.721666666666667,1.2655555555555555,5.0,0.0,RUTINA
Chaiten,VIIRS375,VIIRS_NOAA20,2026-09-30 05:00:00+00:00,3.466388888888889,3.805,2.3494444444444444,0.023,0.0,RUTINA
Chaiten,VIIRS,VIIRS_NOAA20_750,2026-09-30 05:00:00+00:00,3.466388888888889,3.805,2.3494444444444444,0.0,0.0,RUTINA
Chaiten,VIIRS375,VIIRS_NOAA21,2026-09-30 05:42:00+00:00,2.766388888888889,3.105,2.4097222222222223,0.042,0.0,RUTINA
Chaiten,VIIRS,VIIRS_NOAA21_750,2026-09-30 05:42:00+00:00,2.766388888888889,3.105,2.1494444444444443,1.894,0.0,RUTINA
Chaiten,MODIS,MODIS_TERRA,2026-09-30 02:45:00+00:00,13.917777777777777,14.320833333333333,2.348333333333333,5.0,0.0,RUTINA
Chaiten,VIIRS375,VIIRS_NOAA20,2026-09-30 06:42:00+00:00,9.967777777777778,10.370833333333334,2.6558333333333333,0.119,0.0,RUTINA
Chaiten,VIIRS,VIIRS_NOAA20_750,2026-09-30 06:42:00+00:00,9.967777777777778,10.370833333333334,2.6558333333333333,0.0,0.0,RUTINA
Chaiten,MODIS,MODIS_AQUA,2026-09-30 07:55:00+00:00,8.751111111111111,9.154166666666667,2.1830555555555557,5.0,0.0,RUTINA
Chaiten,MODIS,MODIS_TERRA,2026-10-01 01:45:00+00:00,6.923055555555556,7.296666666666667,1.1005555555555555,51.133,0.0,RUTINA
Chaiten,VIIRS375,VIIRS_NOAA20,2026-10-01 04:42:00+00:00,3.9730555555555553,4.346666666666667,7.6497222222222225,0.035,0.0,RUTINA
Chaiten,VIIRS,VIIRS_NOAA20_750,2026-10-01 04:42:00+00:00,3.9730555555555553,4.346666666666667,6.400555555555556,0.0,0.0,RUTINA
Chaiten,VIIRS375,VIIRS_NOAA20,2026-10-01 06:24:00+00:00,2.2730555555555556,2.6466666666666665,6.703055555555555,0.0,0.0,RUTINA
Chaiten,VIIRS,VIIRS_NOAA20_750,2026-10-01 06:24:00+00:00,2.2730555555555556,2.6466666666666665,5.704166666666667,0.0,0.0,RUTINA
Chaiten,MODIS,MODIS_AQUA,2026-10-01 08:35:00+00:00,8.725555555555555,9.176944444444445,2.2675,5.0,0.0,RUTINA
Chaiten,VIIRS375,VIIRS_NOAA21,2026-10-02 05:06:00+00:00,7.15,7.535555555555556,4.9975,0.043,0.0,RUTINA
Chaiten,VIIRS,VIIRS_NOAA21_750,2026-10-02 05:06:00+00:00,7.15,7.535555555555556,2.9972222222222222,2.499,0.0,RUTINA
Chaiten,VIIRS375,VIIRS_NOAA21,2026-10-02 06:48:00+00:00,5.45,5.835555555555556,6.060277777777777,0.0,0.0,RUTINA
Chaiten,VIIRS,VIIRS_NOAA21_750,2026-10-02 06:48:00+00:00,5.45,5.835555555555556,3.2975,0.0,0.0,RUTINA
Chaiten,MODIS,MODIS_AQUA,2026-10-02 07:35:00+00:00,4.666666666666667,5.052222222222222,2.7672222222222222,5.0,0.0,RUTINA
NevadosDeChillan,MODIS,MODIS_TERRA,2026-09-14 02:10:00+00:00,2.2525,2.662777777777778,1.9333333333333333,35.834,0.0,RUTINA
NevadosDeChillan,VIIRS375,VIIRS_NOAA20,2026-09-14 05:00:00+00:00,5.913333333333333,5.942222222222222,3.348333333333333,0.032,0.0,RUTINA
NevadosDeChillan,VIIRS,VIIRS_NOAA20_750,2026-09-14 05:00:00+00:00,5.913333333333333,5.942222222222222,3.348333333333333,0.0,0.0,RUTINA
NevadosDeChillan,VIIRS375,VIIRS_NOAA21,2026-09-14 05:42:00+00:00,5.213333333333333,5.242222222222222,3.9,0.094,0.09,ALERTA_TERMICA
NevadosDeChillan,VIIRS,VIIRS_NOAA21_750,2026-09-14 05:42:00+00:00,5.213333333333333,5.242222222222222,3.9,0.0,0.0,RUTINA
NevadosDeChillan,VIIRS375,VIIRS_NOAA20,2026-09-14 06:36:00+00:00,4.3133333333333335,4.342222222222222,5.250555555555556,0.072,0.0,RUTINA
NevadosDeChillan,VIIRS,VIIRS_NOAA20_750,2026-09-14 06:36:00+00:00,4.3133333333333335,4.342222222222222,5.250555555555556,0.0,0.0,RUTINA
NevadosDeChillan,MODIS,MODIS_AQUA,2026-09-14 07:35:00+00:00,3.33,3.358888888888889,4.2675,73.518,0.0,RUTINA
NevadosDeChillan,MODIS,MODIS_TERRA,2026-09-15 01:10:00+00:00,12.606111111111112,12.761388888888888,1.6830555555555555,5.0,0.0,RUTINA
NevadosDeChillan,VIIRS375,VIIRS_NOAA20,2026-09-15 04:42:00+00:00,9.072777777777778,9.228055555555555,3.16,0.017,0.0,RUTINA
NevadosDeChillan,VIIRS375,VIIRS_NOAA21,2026-09-15 05:24:00+00:00,8.372777777777777,8.528055555555556,2.9497222222222224,0.063,0.0,RUTINA
NevadosDeChillan,VIIRS,VIIRS_NOAA21_750,2026-09-15 05:24:00+00:00,8.372777777777777,8.528055555555556,2.459722222222222,0.0,0.0,RUTINA
NevadosDeChillan,VIIRS375,VIIRS_NOAA20,2026-09-15 06:18:00+00:00,7.472777777777778,7.628055555555555,3.299166666666667,0.056,0.05,ALERTA_TERMICA
NevadosDeChillan,VIIRS,VIIRS_NOAA20_750,2026-09-15 06:18:00+00:00,7.472777777777778,7.628055555555555,5.05,0.0,0.0,RUTINA
NevadosDeChillan,MODIS,MODIS_AQUA,2026-09-15 08:15:00+00:00,5.522777777777778,5.678055555555556,3.100277777777778,5.0,0.0,RUTINA
NevadosDeChillan,MODIS,MODIS_TERRA,2026-09-16 01:50:00+00:00,3.3497222222222223,3.4358333333333335,1.4333333333333333,49.406,0.0,RUTINA
NevadosDeChillan,VIIRS375,VIIRS_NOAA21,2026-09-16 05:06:00+00:00,6.443888888888889,6.480555555555555,2.6675,0.04,0.0,RUTINA
NevadosDeChillan,VIIRS,VIIRS_NOAA21_750,2026-09-16 05:06:00+00:00,6.443888888888889,6.480555555555555,2.6675,0.0,0.0,RUTINA
NevadosDeChillan,VIIRS375,VIIRS_NOAA20,2026-09-16 06:00:00+00:00,5.543888888888889,5.580555555555556,2.8544444444444443,0.099,0.0,RUTINA
NevadosDeChillan,VIIRS,VIIRS_NOAA20_750,2026-09-16 06:00:00+00:00,5.543888888888889,5.580555555555556,2.8544444444444443,0.0,0.0,RUTINA
NevadosDeChillan,MODIS,MODIS_AQUA,2026-09-16 07:15:00+00:00,4.293888888888889,4.330555555555556,2.7716666666666665,24.703,0.0,RUTINA
NevadosDeChillan,VIIRS375,VIIRS_NOAA21,2026-09-16 06:48:00+00:00,10.040555555555555,10.087222222222222,3.221111111111111,0.037,0.0,RUTINA
NevadosDeChillan,VIIRS,VIIRS_NOAA21_750,2026-09-16 06:48:00+00:00,10.040555555555555,10.087222222222222,3.221111111111111,0.0,0.0,RUTINA
NevadosDeChillan,MODIS,MODIS_TERRA,2026-09-17 02:30:00+00:00,5.312777777777778,5.405277777777778,2.347777777777778,8.81,0.0,RUTINA
NevadosDeChillan,VIIRS375,VIIRS_NOAA21,2026-09-17 04:48:00+00:00,3.012777777777778,3.105277777777778,3.5572222222222223,0.026,0.0,RUTINA
NevadosDeChillan,VIIRS,VIIRS_NOAA21_750,2026-09-17 04:48:00+00:00,3.012777777777778,3.105277777777778,3.299166666666667,0.0,0.0,RUTINA
NevadosDeChillan,VIIRS375,VIIRS_NOAA20,2026-09-17 05:42:00+00:00,2.1127777777777776,2.205277777777778,4.069166666666667,0.045,0.0,RUTINA
NevadosDeChillan,VIIRS,VIIRS_NOAA20_750,2026-09-17 05:42:00+00:00,2.1127777777777776,2.205277777777778,5.147777777777778,0.0,0.0,RUTINA
NevadosDeChillan,VIIRS375,VIIRS_NOAA21,2026-09-17 06:24:00+00:00,7.3175,7.381666666666667,4.4475,0.084,0.0,RUTINA
NevadosDeChillan,VIIRS,VIIRS_NOAA21_750,2026-09-17 06:24:00+00:00,7.3175,7.381666666666667,5.118333333333333,0.0,0.0,RUTINA
NevadosDeChillan,VIIRS375,VIIRS_SNPP,2026-09-17 07:06:00+00:00,6.6175,6.681666666666667,6.001111111111111,0.056,0.0,RUTINA
NevadosDeChillan,VIIRS,VIIRS_SNPP_750,2026-09-17 07:06:00+00:00,6.6175,6.681666666666667,6.001111111111111,0.0,0.0,RUTINA
NevadosDeChillan,MODIS,MODIS_AQUA,2026-09-17 07:55:00+00:00,5.800833333333333,5.865,2.931388888888889,36.563,0.0,RUTINA
NevadosDeChillan,MODIS,MODIS_TERRA,2026-09-18 01:30:00+00:00,2.4141666666666666,2.4719444444444445,1.3488888888888888,23.275,0.0,RUTINA
NevadosDeChillan,VIIRS375,VIIRS_NOAA20,2026-09-18 05:24:00+00:00,4.023611111111111,4.153611111111111,2.4516666666666667,0.047,0.05,ALERTA_TERMICA
NevadosDeChillan,VIIRS,VIIRS_NOAA20_750,2026-09-18 05:24:00+00:00,4.023611111111111,4.153611111111111,2.4516666666666667,0.0,0.0,RUTINA
NevadosDeChillan,VIIRS375,VIIRS_NOAA21,2026-09-18 06:06:00+00:00,3.323611111111111,3.453611111111111,2.4994444444444444,0.052,0.36,FALSO_POSITIVO
NevadosDeChillan,VIIRS,VIIRS_NOAA21_750,2026-09-18 06:06:00+00:00,3.323611111111111,3.453611111111111,1.9997222222222222,2.396,0.0,RUTINA
NevadosDeChillan,VIIRS375,VIIRS_SNPP,2026-09-18 06:42:00+00:00,2.723611111111111,2.8536111111111113,4.0675,0.042,0.0,RUTINA
NevadosDeChillan,VIIRS,VIIRS_SNPP_750,2026-09-18 06:42:00+00:00,2.723611111111111,2.8536111111111113,3.398888888888889,0.0,0.0,RUTINA
NevadosDeChillan,MODIS,MODIS_AQUA,2026-09-18 08:30:00+00:00,6.1375,6.302222222222222,2.2675,59.693,0.0,RUTINA
NevadosDeChillan,MODIS,MODIS_TERRA,2026-09-19 02:10:00+00:00,1.6230555555555555,1.7916666666666667,2.4322222222222223,25.656,0.0,RUTINA
NevadosDeChillan,VIIRS375,VIIRS_NOAA20,2026-09-19 05:06:00+00:00,9.303611111111111,9.335,4.246388888888889,0.039,0.0,RUTINA
NevadosDeChillan,VIIRS,VIIRS_NOAA20_750,2026-09-19 05:06:00+00:00,9.303611111111111,9.335,3.250277777777778,0.0,0.0,RUTINA
NevadosDeChillan,VIIRS375,VIIRS_NOAA21,2026-09-19 05:48:00+00:00,8.60361111111111,8.635,4.048333333333333,0.076,0.0,RUTINA
NevadosDeChillan,VIIRS,VIIRS_NOAA21_750,2026-09-19 05:48:00+00:00,8.60361111111111,8.635,2.7983333333333333,0.0,0.0,RUTINA
NevadosDeChillan,VIIRS375,VIIRS_NOAA20,2026-09-19 06:48:00+00:00,7.603611111111111,7.635,4.226666666666667,0.0,0.0,RUTINA
NevadosDeChillan,VIIRS,VIIRS_NOAA20_750,2026-09-19 06:48:00+00:00,7.603611111111111,7.635,2.546388888888889,0.0,0.0,RUTINA
NevadosDeChillan,MODIS,MODIS_AQUA,2026-09-19 07:30:00+00:00,6.903611111111111,6.935,3.098611111111111,21.558,0.0,RUTINA
NevadosDeChillan,MODIS,MODIS_TERRA,2026-09-20 01:10:00+00:00,3.0230555555555556,3.0516666666666667,1.4327777777777777,5.0,0.0,RUTINA
NevadosDeChillan,VIIRS375,VIIRS_NOAA20,2026-09-20 04:48:00+00:00,4.920833333333333,5.0025,3.0475,0.086,0.0,RUTINA
NevadosDeChillan,VIIRS,VIIRS_NOAA20_750,2026-09-20 04:48:00+00:00,4.920833333333333,5.0025,2.2994444444444446,0.0,0.0,RUTINA
NevadosDeChillan,VIIRS375,VIIRS_NOAA21,2026-09-20 05:30:00+00:00,4.220833333333333,4.3025,2.5972222222222223,0.052,0.0,RUTINA
NevadosDeChillan,VIIRS,VIIRS_NOAA21_750,2026-09-20 05:30:00+00:00,4.220833333333333,4.3025,2.0969444444444445,1.616,0.0,RUTINA
NevadosDeChillan,VIIRS,VIIRS_SNPP_750,2026-09-20 06:06:00+00:00,3.620833333333333,3.7025,2.4972222222222222,4.566,0.0,RUTINA
NevadosDeChillan,VIIRS375,VIIRS_NOAA20,2026-09-20 06:24:00+00:00,3.3208333333333333,3.4025,3.4466666666666668,0.014,0.0,RUTINA
NevadosDeChillan,VIIRS,VIIRS_NOAA20_750,2026-09-20 06:24:00+00:00,3.3208333333333333,3.4025,2.6980555555555554,0.0,0.0,RUTINA
NevadosDeChillan,MODIS,MODIS_AQUA,2026-09-20 08:10:00+00:00,1.5541666666666667,1.6358333333333333,1.9313888888888888,5.0,0.0,RUTINA
NevadosDeChillan,MODIS,MODIS_TERRA,2026-09-21 01:50:00+00:00,2.305277777777778,2.3341666666666665,1.1841666666666666,5.0,0.0,RUTINA
NevadosDeChillan,VIIRS375,VIIRS_NOAA21,2026-09-21 05:12:00+00:00,4.825555555555556,4.917777777777777,2.1483333333333334,0.08,0.0,RUTINA
NevadosDeChillan,VIIRS,VIIRS_NOAA21_750,2026-09-21 05:12:00+00:00,4.825555555555556,4.917777777777777,2.397222222222222,1.023,0.0,RUTINA
NevadosDeChillan,VIIRS,VIIRS_SNPP_750,2026-09-21 05:48:00+00:00,4.225555555555555,4.317777777777778,2.549166666666667,0.052,0.0,RUTINA
NevadosDeChillan,VIIRS375,VIIRS_NOAA20,2026-09-21 06:06:00+00:00,3.9255555555555555,4.017777777777778,2.5005555555555556,0.023,0.0,RUTINA
NevadosDeChillan,VIIRS,VIIRS_NOAA20_750,2026-09-21 06:06:00+00:00,3.9255555555555555,4.017777777777778,2.7480555555555557,0.0,0.0,RUTINA
NevadosDeChillan,MODIS,MODIS_AQUA,2026-09-21 07:10:00+00:00,2.858888888888889,2.951111111111111,2.4347222222222222,5.0,0.0,RUTINA
NevadosDeChillan,MODIS,MODIS_AQUA,2026-09-21 08:45:00+00:00,1.968611111111111,2.0408333333333335,2.0991666666666666,5.0,0.0,RUTINA
NevadosDeChillan,MODIS,MODIS_TERRA,2026-09-22 02:30:00+00:00,5.506111111111111,5.593055555555556,1.5994444444444444,5.0,0.0,RUTINA
NevadosDeChillan,VIIRS375,VIIRS_NOAA21,2026-09-22 04:54:00+00:00,3.1061111111111113,3.1930555555555555,3.1975,0.058,0.0,RUTINA
NevadosDeChillan,VIIRS,VIIRS_SNPP_750,2026-09-22 05:30:00+00:00,2.506111111111111,2.5930555555555554,3.348888888888889,0.0,0.0,RUTINA
NevadosDeChillan,VIIRS375,VIIRS_NOAA20,2026-09-22 05:48:00+00:00,2.206111111111111,2.2930555555555556,4.049166666666666,0.132,0.0,RUTINA
NevadosDeChillan,VIIRS375,VIIRS_NOAA21,2026-09-22 06:36:00+00:00,7.1225,7.262222222222222,4.9991666666666665,0.0,0.0,RUTINA
NevadosDeChillan,MODIS,MODIS_AQUA,2026-09-22 07:45:00+00:00,5.9725,6.112222222222222,3.348333333333333,5.0,0.0,RUTINA
NevadosDeChillan,MODIS,MODIS_TERRA,2026-09-23 01:30:00+00:00,3.633888888888889,3.846388888888889,1.0255555555555556,5.0,0.0,RUTINA
NevadosDeChillan,VIIRS375,VIIRS_NOAA21,2026-09-23 04:36:00+00:00,6.897777777777778,6.9527777777777775,2.497777777777778,0.017,0.0,RUTINA
NevadosDeChillan,VIIRS,VIIRS_NOAA21_750,2026-09-23 04:36:00+00:00,6.897777777777778,6.9527777777777775,2.497777777777778,0.0,0.0,RUTINA
NevadosDeChillan,VIIRS375,VIIRS_NOAA20,2026-09-23 05:30:00+00:00,5.997777777777777,6.052777777777778,2.6008333333333336,0.017,0.0,RUTINA
NevadosDeChillan,VIIRS,VIIRS_NOAA20_750,2026-09-23 05:30:00+00:00,5.997777777777777,6.052777777777778,2.6008333333333336,0.0,0.0,RUTINA
NevadosDeChillan,VIIRS375,VIIRS_NOAA21,2026-09-23 06:12:00+00:00,5.297777777777778,5.352777777777778,2.8541666666666665,0.009,0.0,RUTINA
NevadosDeChillan,VIIRS,VIIRS_NOAA21_750,2026-09-23 06:12:00+00:00,5.297777777777778,5.352777777777778,2.8541666666666665,0.0,0.0,RUTINA
NevadosDeChillan,VIIRS375,VIIRS_SNPP,2026-09-23 06:48:00+00:00,4.697777777777778,4.752777777777778,3.3008333333333333,0.069,0.0,RUTINA
NevadosDeChillan,VIIRS,VIIRS_SNPP_750,2026-09-23 06:48:00+00:00,4.697777777777778,4.752777777777778,3.048611111111111,0.0,0.0,RUTINA
NevadosDeChillan,MODIS,MODIS_AQUA,2026-09-23 08:25:00+00:00,3.081111111111111,3.136111111111111,1.9330555555555555,5.0,0.0,RUTINA
NevadosDeChillan,MODIS,MODIS_TERRA,2026-09-24 02:10:00+00:00,5.653888888888889,5.69,0.9308333333333333,5.0,0.0,RUTINA
NevadosDeChillan,VIIRS375,VIIRS_SNPP,2026-09-24 04:54:00+00:00,2.9205555555555556,2.9566666666666666,2.4480555555555554,0.103,0.0,RUTINA
NevadosDeChillan,VIIRS375,VIIRS_NOAA20,2026-09-24 05:12:00+00:00,2.6205555555555557,2.6566666666666667,2.6483333333333334,0.011,0.0,RUTINA
NevadosDeChillan,VIIRS,VIIRS_NOAA20_750,2026-09-24 05:12:00+00:00,2.6205555555555557,2.6566666666666667,2.3958333333333335,0.0,0.0,RUTINA
NevadosDeChillan,VIIRS375,VIIRS_NOAA21,2026-09-24 05:54:00+00:00,1.9205555555555556,1.9566666666666668,2.457777777777778,0.007,0.23,FALSO_POSITIVO
NevadosDeChillan,VIIRS,VIIRS_NOAA21_750,2026-09-24 05:54:00+00:00,1.9205555555555556,1.9566666666666668,2.457777777777778,0.019,0.0,RUTINA
NevadosDeChillan,VIIRS375,VIIRS_SNPP,2026-09-24 06:30:00+00:00,7.445277777777778,7.516111111111111,2.5980555555555553,0.009,0.0,RUTINA
NevadosDeChillan,VIIRS,VIIRS_NOAA20_750,2026-09-24 06:54:00+00:00,7.045277777777778,7.1161111111111115,2.45,0.0,0.0,RUTINA
NevadosDeChillan,MODIS,MODIS_AQUA,2026-09-24 07:25:00+00:00,6.528611111111111,6.599444444444444,1.6813888888888888,5.0,0.0,RUTINA
NevadosDeChillan,VIIRS375,VIIRS_NOAA20,2026-09-24 06:54:00+00:00,16.78361111111111,16.979166666666668,2.6991666666666667,0.124,0.0,RUTINA
NevadosDeChillan,MODIS,MODIS_TERRA,2026-09-25 01:10:00+00:00,3.033611111111111,3.1233333333333335,2.685,5.0,0.0,RUTINA
NevadosDeChillan,VIIRS375,VIIRS_NOAA20,2026-09-25 04:54:00+00:00,5.066388888888889,5.223333333333334,2.946111111111111,0.0,0.0,RUTINA
NevadosDeChillan,VIIRS375,VIIRS_NOAA21,2026-09-25 05:36:00+00:00,4.366388888888889,4.523333333333333,3.249722222222222,0.028,0.0,RUTINA
NevadosDeChillan,VIIRS375,VIIRS_NOAA20,2026-09-25 06:30:00+00:00,3.466388888888889,3.6233333333333335,4.601111111111111,0.055,0.0,RUTINA
NevadosDeChillan,MODIS,MODIS_AQUA,2026-09-25 08:00:00+00:00,1.966388888888889,2.1233333333333335,2.097777777777778,5.0,0.0,RUTINA
NevadosDeChillan,VIIRS,VIIRS_NOAA20_750,2026-09-25 04:54:00+00:00,10.772222222222222,10.918611111111112,2.946111111111111,0.0,0.0,RUTINA
NevadosDeChillan,VIIRS,VIIRS_NOAA21_750,2026-09-25 05:36:00+00:00,10.072222222222223,10.21861111111111,3.249722222222222,0.0,0.0,RUTINA
NevadosDeChillan,VIIRS,VIIRS_NOAA20_750,2026-09-25 06:30:00+00:00,9.172222222222222,9.31861111111111,4.601111111111111,0.0,0.0,RUTINA
NevadosDeChillan,VIIRS375,VIIRS_NOAA20,2026-09-26 04:36:00+00:00,5.178333333333334,5.292777777777777,2.4972222222222222,0.0,0.0,RUTINA
NevadosDeChillan,VIIRS,VIIRS_NOAA20_750,2026-09-26 04:36:00+00:00,5.178333333333334,5.292777777777777,2.2480555555555557,0.0,0.0,RUTINA
NevadosDeChillan,VIIRS375,VIIRS_NOAA21,2026-09-26 05:18:00+00:00,4.4783333333333335,4.592777777777778,2.5483333333333333,0.053,0.0,RUTINA
NevadosDeChillan,VIIRS,VIIRS_NOAA21_750,2026-09-26 05:18:00+00:00,4.4783333333333335,4.592777777777778,2.2983333333333333,0.0,0.0,RUTINA
NevadosDeChillan,VIIRS375,VIIRS_SNPP,2026-09-26 05:54:00+00:00,3.8783333333333334,3.992777777777778,2.9483333333333333,0.055,0.0,RUTINA
NevadosDeChillan,VIIRS,VIIRS_SNPP_750,2026-09-26 05:54:00+00:00,3.8783333333333334,3.992777777777778,2.9483333333333333,0.017,0.0,RUTINA
NevadosDeChillan,VIIRS375,VIIRS_NOAA20,2026-09-26 06:12:00+00:00,3.578333333333333,3.6927777777777777,3.8980555555555556,0.196,0.0,RUTINA
NevadosDeChillan,VIIRS,VIIRS_NOAA20_750,2026-09-26 06:12:00+00:00,3.578333333333333,3.6927777777777777,4.151111111111111,0.0,0.0,RUTINA
NevadosDeChillan,MODIS,MODIS_AQUA,2026-09-26 08:40:00+00:00,6.084722222222222,6.168055555555555,2.1819444444444445,27.455,0.0,RUTINA
NevadosDeChillan,MODIS,MODIS_TERRA,2026-09-27 02:25:00+00:00,1.9558333333333333,2.004166666666667,1.4333333333333333,16.608,0.0,RUTINA
NevadosDeChillan,VIIRS375,VIIRS_NOAA21,2026-09-27 05:00:00+00:00,5.437777777777778,5.585277777777778,2.346388888888889,0.077,0.0,RUTINA
NevadosDeChillan,VIIRS,VIIRS_NOAA21_750,2026-09-27 05:00:00+00:00,5.437777777777778,5.585277777777778,2.346388888888889,0.0,0.0,RUTINA
NevadosDeChillan,VIIRS,VIIRS_SNPP_750,2026-09-27 05:36:00+00:00,4.837777777777778,4.985277777777778,2.7491666666666665,0.0,0.0,RUTINA
NevadosDeChillan,VIIRS375,VIIRS_NOAA20,2026-09-27 05:54:00+00:00,4.5377777777777775,4.685277777777777,2.703333333333333,0.055,0.0,RUTINA
NevadosDeChillan,VIIRS,VIIRS_NOAA20_750,2026-09-27 05:54:00+00:00,4.5377777777777775,4.685277777777777,2.9494444444444445,0.0,0.0,RUTINA
NevadosDeChillan,MODIS,MODIS_AQUA,2026-09-27 07:40:00+00:00,2.7711111111111113,2.9186111111111113,2.183611111111111,27.586,0.0,RUTINA
NevadosDeChillan,VIIRS375,VIIRS_NOAA21,2026-09-27 06:42:00+00:00,8.863611111111112,8.9475,3.149722222222222,0.0,0.0,RUTINA
NevadosDeChillan,VIIRS,VIIRS_NOAA21_750,2026-09-27 06:42:00+00:00,8.863611111111112,8.9475,2.9077777777777776,0.0,0.0,RUTINA
NevadosDeChillan,MODIS,MODIS_TERRA,2026-09-28 01:25:00+00:00,9.531666666666666,9.954166666666667,4.434722222222222,5.0,0.0,RUTINA
NevadosDeChillan,VIIRS375,VIIRS_NOAA21,2026-09-28 04:42:00+00:00,6.248333333333333,6.670833333333333,2.397222222222222,0.667,2.58,ALERTA_TERMICA
NevadosDeChillan,VIIRS,VIIRS_NOAA21_750,2026-09-28 04:42:00+00:00,6.248333333333333,6.670833333333333,2.648888888888889,0.795,0.23,ALERTA_TERMICA
NevadosDeChillan,VIIRS375,VIIRS_NOAA20,2026-09-28 05:36:00+00:00,5.348333333333334,5.770833333333333,2.7483333333333335,0.165,0.0,RUTINA
NevadosDeChillan,VIIRS,VIIRS_NOAA20_750,2026-09-28 05:36:00+00:00,5.348333333333334,5.770833333333333,2.7483333333333335,0.0,0.0,RUTINA
NevadosDeChillan,VIIRS375,VIIRS_SNPP,2026-09-28 07:00:00+00:00,3.9483333333333333,4.370833333333334,5.098611111111111,0.035,0.0,RUTINA
NevadosDeChillan,VIIRS,VIIRS_SNPP_750,2026-09-28 07:00:00+00:00,3.9483333333333333,4.370833333333334,5.350833333333333,0.0,0.0,RUTINA
NevadosDeChillan,MODIS,MODIS_AQUA,2026-09-28 08:15:00+00:00,2.6983333333333333,3.120833333333333,2.1025,5.0,0.0,RUTINA
NevadosDeChillan,VIIRS375,VIIRS_NOAA21,2026-09-28 06:18:00+00:00,13.623611111111112,13.7475,3.807777777777778,0.345,0.6,ALERTA_TERMICA
NevadosDeChillan,VIIRS,VIIRS_NOAA21_750,2026-09-28 06:18:00+00:00,13.623611111111112,13.7475,3.807777777777778,0.662,0.0,RUTINA
NevadosDeChillan,MODIS,MODIS_TERRA,2026-09-29 02:05:00+00:00,6.497777777777777,6.549166666666666,1.2686111111111111,5.0,0.0,RUTINA
NevadosDeChillan,VIIRS375,VIIRS_NOAA20,2026-09-29 05:18:00+00:00,3.281111111111111,3.3325,3.5494444444444446,3.167,5.73,ALERTA_TERMICA
NevadosDeChillan,VIIRS,VIIRS_NOAA20_750,2026-09-29 05:18:00+00:00,3.281111111111111,3.3325,3.733611111111111,2.11,5.48,ALERTA_TERMICA
NevadosDeChillan,VIIRS375,VIIRS_NOAA21,2026-09-29 06:00:00+00:00,2.581111111111111,2.6325,3.848333333333333,2.313,3.92,ALERTA_TERMICA
NevadosDeChillan,VIIRS,VIIRS_NOAA21_750,2026-09-29 06:00:00+00:00,2.581111111111111,2.6325,4.098333333333334,0.717,2.52,ALERTA_TERMICA
NevadosDeChillan,VIIRS375,VIIRS_SNPP,2026-09-29 06:36:00+00:00,8.571944444444444,8.745833333333334,5.9991666666666665,2.683,2.11,ALERTA_TERMICA
NevadosDeChillan,VIIRS,VIIRS_SNPP_750,2026-09-29 06:36:00+00:00,8.571944444444444,8.745833333333334,5.9991666666666665,0.676,2.03,ALERTA_TERMICA
NevadosDeChillan,MODIS,MODIS_AQUA,2026-09-29 07:20:00+00:00,7.838611111111111,8.0125,1.7005555555555556,9.501,0.13,ALERTA_TERMICA
NevadosDeChillan,MODIS,MODIS_TERRA,2026-09-30 01:05:00+00:00,7.586944444444445,7.721666666666667,1.2655555555555555,5.0,0.0,RUTINA
NevadosDeChillan,VIIRS375,VIIRS_NOAA20,2026-09-30 05:00:00+00:00,3.6702777777777778,3.805,2.3494444444444444,0.053,0.0,RUTINA
NevadosDeChillan,VIIRS,VIIRS_NOAA20_750,2026-09-30 05:00:00+00:00,3.6702777777777778,3.805,2.3494444444444444,0.427,0.0,RUTINA
NevadosDeChillan,VIIRS375,VIIRS_NOAA21,2026-09-30 05:42:00+00:00,2.9702777777777776,3.105,2.4097222222222223,0.014,0.0,RUTINA
NevadosDeChillan,VIIRS,VIIRS_NOAA21_750,2026-09-30 05:42:00+00:00,2.9702777777777776,3.105,2.1494444444444443,0.0,0.0,RUTINA
NevadosDeChillan,VIIRS375,VIIRS_SNPP,2026-09-30 06:18:00+00:00,2.370277777777778,2.505,3.5494444444444446,0.038,0.0,RUTINA
NevadosDeChillan,VIIRS,VIIRS_SNPP_750,2026-09-30 06:18:00+00:00,2.370277777777778,2.505,3.5494444444444446,0.103,0.0,RUTINA
NevadosDeChillan,MODIS,MODIS_AQUA,2026-09-30 07:55:00+00:00,8.973611111111111,9.154166666666667,2.1830555555555557,5.0,0.0,RUTINA
NevadosDeChillan,MODIS,MODIS_TERRA,2026-10-01 01:45:00+00:00,7.1963888888888885,7.296666666666667,1.1005555555555555,43.275,6.17,ALERTA_TERMICA
NevadosDeChillan,VIIRS375,VIIRS_NOAA20,2026-10-01 04:42:00+00:00,4.246388888888889,4.346666666666667,7.404166666666667,0.277,0.88,ALERTA_TERMICA
NevadosDeChillan,VIIRS,VIIRS_NOAA20_750,2026-10-01 04:42:00+00:00,4.246388888888889,4.346666666666667,6.400555555555556,0.0,0.09,ALERTA_TERMICA
NevadosDeChillan,VIIRS375,VIIRS_NOAA20,2026-10-01 06:18:00+00:00,2.6463888888888887,2.7466666666666666,6.5488888888888885,4.21,7.28,ALERTA_TERMICA
NevadosDeChillan,VIIRS,VIIRS_NOAA20_750,2026-10-01 06:18:00+00:00,2.6463888888888887,2.7466666666666666,5.552222222222222,2.922,7.06,ALERTA_TERMICA
NevadosDeChillan,MODIS,MODIS_AQUA,2026-10-01 08:35:00+00:00,8.934722222222222,9.176944444444445,2.2675,5.0,5.18,ALERTA_TERMICA
NevadosDeChillan,VIIRS375,VIIRS_NOAA21,2026-10-02 05:06:00+00:00,7.470277777777778,7.535555555555556,4.9975,0.299,0.0,RUTINA
NevadosDeChillan,VIIRS,VIIRS_NOAA21_750,2026-10-02 05:06:00+00:00,7.470277777777778,7.535555555555556,2.9972222222222222,0.303,0.0,RUTINA
NevadosDeChillan,VIIRS375,VIIRS_NOAA20,2026-10-02 06:00:00+00:00,6.570277777777778,6.635555555555555,6.027777777777778,0.021,0.0,RUTINA
NevadosDeChillan,VIIRS,VIIRS_NOAA20_750,2026-10-02 06:00:00+00:00,6.570277777777778,6.635555555555555,3.0991666666666666,0.0,0.0,RUTINA
NevadosDeChillan,VIIRS375,VIIRS_NOAA21,2026-10-02 06:48:00+00:00,5.770277777777777,5.835555555555556,6.060277777777777,0.022,0.0,RUTINA
NevadosDeChillan,VIIRS,VIIRS_NOAA21_750,2026-10-02 06:48:00+00:00,5.770277777777777,5.835555555555556,2.7422222222222223,0.0,0.0,RUTINA
NevadosDeChillan,MODIS,MODIS_AQUA,2026-10-02 07:35:00+00:00,4.986944444444444,5.052222222222222,2.5147222222222223,5.0,0.0,RUTINA
Llaima,MODIS,MODIS_TERRA,2026-09-14 02:10:00+00:00,2.526111111111111,2.662777777777778,1.9333333333333333,43.335,0.0,RUTINA
Llaima,VIIRS375,VIIRS_NOAA20,2026-09-14 05:00:00+00:00,5.872777777777777,5.942222222222222,3.348333333333333,0.03,0.0,RUTINA
Llaima,VIIRS,VIIRS_NOAA20_750,2026-09-14 05:00:00+00:00,5.872777777777777,5.942222222222222,3.348333333333333,0.0,0.0,RUTINA
Llaima,VIIRS375,VIIRS_NOAA21,2026-09-14 05:42:00+00:00,5.172777777777778,5.242222222222222,3.9,0.039,0.0,RUTINA
Llaima,VIIRS,VIIRS_NOAA21_750,2026-09-14 05:42:00+00:00,5.172777777777778,5.242222222222222,3.9,0.0,0.0,RUTINA
Llaima,VIIRS375,VIIRS_NOAA20,2026-09-14 06:42:00+00:00,4.172777777777778,4.242222222222222,5.150555555555556,0.0,0.0,RUTINA
Llaima,VIIRS,VIIRS_NOAA20_750,2026-09-14 06:42:00+00:00,4.172777777777778,4.242222222222222,5.150555555555556,0.0,0.0,RUTINA
Llaima,MODIS,MODIS_AQUA,2026-09-14 07:40:00+00:00,3.206111111111111,3.2755555555555556,4.184166666666667,38.135,0.0,RUTINA
Llaima,MODIS,MODIS_TERRA,2026-09-15 01:10:00+00:00,6.695277777777778,6.7572222222222225,1.6830555555555555,5.0,0.0,RUTINA
Llaima,VIIRS375,VIIRS_NOAA20,2026-09-15 04:42:00+00:00,3.1619444444444444,3.223888888888889,3.16,0.026,0.0,RUTINA
Llaima,VIIRS375,VIIRS_NOAA21,2026-09-15 05:24:00+00:00,2.4619444444444443,2.523888888888889,2.9497222222222224,0.053,0.0,RUTINA
Llaima,VIIRS,VIIRS_NOAA21_750,2026-09-15 05:24:00+00:00,2.4619444444444443,2.523888888888889,2.459722222222222,2.014,0.0,RUTINA
Llaima,VIIRS375,VIIRS_NOAA20,2026-09-15 06:18:00+00:00,7.570555555555556,7.628055555555555,3.299166666666667,0.047,0.0,RUTINA
Llaima,VIIRS,VIIRS_NOAA20_750,2026-09-15 06:18:00+00:00,7.570555555555556,7.628055555555555,5.05,4.448,0.0,RUTINA
Llaima,MODIS,MODIS_AQUA,2026-09-15 08:15:00+00:00,13.4275,13.462222222222222,3.100277777777778,51.83,0.0,RUTINA
Llaima,MODIS,MODIS_TERRA,2026-09-16 01:50:00+00:00,3.379722222222222,3.4358333333333335,1.4333333333333333,23.751,0.0,RUTINA
Llaima,VIIRS375,VIIRS_NOAA21,2026-09-16 05:06:00+00:00,6.390555555555555,6.480555555555555,2.6675,0.0,0.0,RUTINA
Llaima,VIIRS,VIIRS_NOAA21_750,2026-09-16 05:06:00+00:00,6.390555555555555,6.480555555555555,2.6675,0.0,0.0,RUTINA
Llaima,VIIRS375,VIIRS_NOAA20,2026-09-16 06:00:00+00:00,5.490555555555556,5.580555555555556,2.8544444444444443,0.045,0.0,RUTINA
Llaima,VIIRS,VIIRS_NOAA20_750,2026-09-16 06:00:00+00:00,5.490555555555556,5.580555555555556,2.8544444444444443,0.0,0.0,RUTINA
Llaima,MODIS,MODIS_AQUA,2026-09-16 07:15:00+00:00,4.240555555555556,4.330555555555556,2.7716666666666665,24.637,0.0,RUTINA
Llaima,VIIRS375,VIIRS_NOAA21,2026-09-16 06:48:00+00:00,10.048055555555555,10.087222222222222,3.221111111111111,0.0,0.0,RUTINA
Llaima,VIIRS,VIIRS_NOAA21_750,2026-09-16 06:48:00+00:00,10.048055555555555,10.087222222222222,3.221111111111111,0.0,0.0,RUTINA
Llaima,MODIS,MODIS_TERRA,2026-09-17 02:30:00+00:00,11.171944444444444,11.281666666666666,2.347777777777778,19.524,0.0,RUTINA
Llaima,VIIRS375,VIIRS_NOAA21,2026-09-17 04:48:00+00:00,8.871944444444445,8.981666666666667,3.5572222222222223,0.0,0.0,RUTINA
Llaima,VIIRS,VIIRS_NOAA21_750,2026-09-17 04:48:00+00:00,8.871944444444445,8.981666666666667,3.5572222222222223,0.0,0.0,RUTINA
Llaima,VIIRS,VIIRS_NOAA20_750,2026-09-17 05:42:00+00:00,7.9719444444444445,8.081666666666667,5.147777777777778,0.0,0.0,RUTINA
Llaima,VIIRS375,VIIRS_NOAA21,2026-09-17 06:30:00+00:00,7.171944444444445,7.281666666666666,4.3475,0.03,0.0,RUTINA
Llaima,VIIRS,VIIRS_NOAA21_750,2026-09-17 06:30:00+00:00,7.171944444444445,7.281666666666666,5.0183333333333335,0.0,0.0,RUTINA
Llaima,VIIRS375,VIIRS_SNPP,2026-09-17 07:06:00+00:00,6.571944444444444,6.681666666666667,6.001111111111111,0.0,0.0,RUTINA
Llaima,VIIRS,VIIRS_SNPP_750,2026-09-17 07:06:00+00:00,6.571944444444444,6.681666666666667,6.248888888888889,0.0,0.0,RUTINA
Llaima,MODIS,MODIS_AQUA,2026-09-17 07:55:00+00:00,5.755277777777778,5.865,2.931388888888889,22.54,0.0,RUTINA
Llaima,MODIS,MODIS_TERRA,2026-09-18 01:30:00+00:00,2.3897222222222223,2.4719444444444445,1.3488888888888888,21.072,0.0,RUTINA
Llaima,VIIRS375,VIIRS_NOAA21,2026-09-18 04:30:00+00:00,5.025,5.0536111111111115,2.2666666666666666,0.016,0.0,RUTINA
Llaima,VIIRS,VIIRS_NOAA21_750,2026-09-18 04:30:00+00:00,5.025,5.0536111111111115,2.0966666666666667,0.0,0.0,RUTINA
Llaima,VIIRS375,VIIRS_NOAA20,2026-09-18 05:24:00+00:00,4.125,4.153611111111111,2.4516666666666667,0.19,0.0,RUTINA
Llaima,VIIRS,VIIRS_NOAA20_750,2026-09-18 05:24:00+00:00,4.125,4.153611111111111,2.4516666666666667,0.38,0.0,RUTINA
Llaima,VIIRS375,VIIRS_NOAA21,2026-09-18 06:06:00+00:00,3.425,3.453611111111111,2.4994444444444444,0.05,0.0,RUTINA
Llaima,VIIRS,VIIRS_NOAA21_750,2026-09-18 06:06:00+00:00,3.425,3.453611111111111,1.9997222222222222,0.302,0.0,RUTINA
Llaima,MODIS,MODIS_AQUA,2026-09-18 08:30:00+00:00,6.185555555555555,6.302222222222222,2.2675,11.008,0.0,RUTINA
Llaima,MODIS,MODIS_TERRA,2026-09-19 02:10:00+00:00,1.6202777777777777,1.7916666666666667,2.4322222222222223,16.846,0.0,RUTINA
Llaima,VIIRS375,VIIRS_NOAA20,2026-09-19 05:06:00+00:00,4.069166666666667,4.1530555555555555,4.246388888888889,0.035,0.0,RUTINA
Llaima,VIIRS,VIIRS_NOAA20_750,2026-09-19 05:06:00+00:00,4.069166666666667,4.1530555555555555,3.250277777777778,0.0,0.0,RUTINA
Llaima,VIIRS375,VIIRS_NOAA21,2026-09-19 05:48:00+00:00,3.3691666666666666,3.4530555555555558,4.048333333333333,0.0,0.0,RUTINA
Llaima,VIIRS,VIIRS_NOAA21_750,2026-09-19 05:48:00+00:00,3.3691666666666666,3.4530555555555558,2.7983333333333333,0.075,0.0,RUTINA
Llaima,VIIRS375,VIIRS_NOAA20,2026-09-19 06:48:00+00:00,2.3691666666666666,2.4530555555555558,4.226666666666667,0.0,0.0,RUTINA
Llaima,VIIRS,VIIRS_NOAA20_750,2026-09-19 06:48:00+00:00,2.3691666666666666,2.4530555555555558,2.546388888888889,0.0,0.0,RUTINA
Llaima,MODIS,MODIS_AQUA,2026-09-19 07:30:00+00:00,6.862222222222222,6.935,3.098611111111111,64.673,0.0,RUTINA
Llaima,MODIS,MODIS_TERRA,2026-09-20 01:10:00+00:00,2.9786111111111113,3.0516666666666667,1.4327777777777777,5.0,0.0,RUTINA
Llaima,VIIRS375,VIIRS_NOAA20,2026-09-20 04:48:00+00:00,9.81611111111111,9.845277777777778,3.0475,0.139,0.0,RUTINA
Llaima,VIIRS,VIIRS_NOAA20_750,2026-09-20 04:48:00+00:00,9.81611111111111,9.845277777777778,2.2994444444444446,0.0,0.0,RUTINA
Llaima,VIIRS375,VIIRS_NOAA21,2026-09-20 05:30:00+00:00,9.116111111111111,9.145277777777778,2.5972222222222223,0.009,0.0,RUTINA
Llaima,VIIRS,VIIRS_NOAA21_750,2026-09-20 05:30:00+00:00,9.116111111111111,9.145277777777778,2.0969444444444445,0.0,0.0,RUTINA
Llaima,VIIRS,VIIRS_SNPP_750,2026-09-20 06:06:00+00:00,8.516111111111112,8.545277777777779,2.4972222222222222,0.0,0.0,RUTINA
Llaima,VIIRS375,VIIRS_NOAA20,2026-09-20 06:24:00+00:00,8.216111111111111,8.245277777777778,3.4466666666666668,0.012,0.0,RUTINA
Llaima,VIIRS,VIIRS_NOAA20_750,2026-09-20 06:24:00+00:00,8.216111111111111,8.245277777777778,2.6980555555555554,0.0,0.0,RUTINA
Llaima,MODIS,MODIS_AQUA,2026-09-20 08:10:00+00:00,6.4494444444444445,6.478611111111111,1.9313888888888888,5.0,0.0,RUTINA
Llaima,MODIS,MODIS_TERRA,2026-09-21 01:50:00+00:00,2.2608333333333333,2.3341666666666665,1.1841666666666666,5.0,0.0,RUTINA
Llaima,VIIRS375,VIIRS_NOAA21,2026-09-21 05:12:00+00:00,4.812777777777778,4.917777777777777,2.1483333333333334,0.083,0.0,RUTINA
Llaima,VIIRS,VIIRS_NOAA21_750,2026-09-21 05:12:00+00:00,4.812777777777778,4.917777777777777,2.397222222222222,3.027,0.0,RUTINA
Llaima,VIIRS,VIIRS_SNPP_750,2026-09-21 05:48:00+00:00,4.212777777777778,4.317777777777778,2.549166666666667,0.0,0.0,RUTINA
Llaima,VIIRS375,VIIRS_NOAA20,2026-09-21 06:06:00+00:00,3.912777777777778,4.017777777777778,2.5005555555555556,0.067,0.0,RUTINA
Llaima,VIIRS,VIIRS_NOAA20_750,2026-09-21 06:06:00+00:00,3.912777777777778,4.017777777777778,2.7480555555555557,0.0,0.0,RUTINA
Llaima,VIIRS375,VIIRS_NOAA21,2026-09-21 06:54:00+00:00,3.1127777777777776,3.2177777777777776,3.198888888888889,0.0,0.0,RUTINA
Llaima,VIIRS,VIIRS_NOAA21_750,2026-09-21 06:54:00+00:00,3.1127777777777776,3.2177777777777776,2.700833333333333,0.0,0.0,RUTINA
Llaima,MODIS,MODIS_AQUA,2026-09-21 07:10:00+00:00,2.846111111111111,2.951111111111111,2.4347222222222222,5.0,0.0,RUTINA
Llaima,MODIS,MODIS_AQUA,2026-09-21 08:45:00+00:00,8.213888888888889,8.323333333333334,2.0991666666666666,5.0,0.0,RUTINA
Llaima,MODIS,MODIS_TERRA,2026-09-22 02:25:00+00:00,5.646388888888889,5.676388888888889,1.6827777777777777,5.0,0.0,RUTINA
Llaima,VIIRS375,VIIRS_NOAA21,2026-09-22 04:54:00+00:00,3.1630555555555557,3.1930555555555555,3.1975,0.0,0.0,RUTINA
Llaima,VIIRS,VIIRS_SNPP_750,2026-09-22 05:30:00+00:00,2.5630555555555556,2.5930555555555554,3.348888888888889,0.0,0.0,RUTINA
Llaima,VIIRS375,VIIRS_NOAA20,2026-09-22 05:48:00+00:00,2.2630555555555554,2.2930555555555556,4.049166666666666,0.129,0.0,RUTINA
Llaima,VIIRS,VIIRS_NOAA21_750,2026-09-22 06:36:00+00:00,7.182222222222222,7.262222222222222,2.7511111111111113,0.0,0.0,RUTINA
Llaima,MODIS,MODIS_AQUA,2026-09-22 07:45:00+00:00,6.032222222222222,6.112222222222222,3.348333333333333,5.0,0.0,RUTINA
Llaima,MODIS,MODIS_TERRA,2026-09-23 01:30:00+00:00,9.939166666666667,10.052777777777777,1.0255555555555556,5.0,0.0,RUTINA
Llaima,VIIRS375,VIIRS_NOAA21,2026-09-23 04:36:00+00:00,6.839166666666666,6.9527777777777775,2.497777777777778,0.006,0.0,RUTINA
Llaima,VIIRS,VIIRS_NOAA21_750,2026-09-23 04:36:00+00:00,6.839166666666666,6.9527777777777775,2.497777777777778,0.0,0.0,RUTINA
Llaima,VIIRS375,VIIRS_NOAA20,2026-09-23 05:30:00+00:00,5.939166666666667,6.052777777777778,2.6008333333333336,0.009,0.0,RUTINA
Llaima,VIIRS,VIIRS_NOAA20_750,2026-09-23 05:30:00+00:00,5.939166666666667,6.052777777777778,2.6008333333333336,0.458,0.0,RUTINA
Llaima,VIIRS375,VIIRS_NOAA21,2026-09-23 06:12:00+00:00,5.239166666666667,5.352777777777778,2.8541666666666665,0.039,0.0,RUTINA
Llaima,VIIRS,VIIRS_NOAA21_750,2026-09-23 06:12:00+00:00,5.239166666666667,5.352777777777778,2.8541666666666665,0.0,0.0,RUTINA
Llaima,VIIRS375,VIIRS_SNPP,2026-09-23 06:54:00+00:00,4.539166666666667,4.652777777777778,3.200833333333333,0.146,0.0,RUTINA
Llaima,VIIRS,VIIRS_SNPP_750,2026-09-23 06:54:00+00:00,4.539166666666667,4.652777777777778,2.948611111111111,0.0,0.0,RUTINA
Llaima,MODIS,MODIS_AQUA,2026-09-23 08:25:00+00:00,3.0225,3.136111111111111,1.9330555555555555,5.0,0.0,RUTINA
Llaima,MODIS,MODIS_TERRA,2026-09-24 02:05:00+00:00,5.832222222222223,5.876666666666667,1.2677777777777777,3.876,0.0,RUTINA
Llaima,VIIRS375,VIIRS_SNPP,2026-09-24 04:54:00+00:00,3.0155555555555558,3.06,2.4480555555555554,0.083,0.0,RUTINA
Llaima,VIIRS375,VIIRS_NOAA20,2026-09-24 05:12:00+00:00,2.7155555555555555,2.76,2.6483333333333334,0.007,0.0,RUTINA
Llaima,VIIRS,VIIRS_NOAA20_750,2026-09-24 05:12:00+00:00,2.7155555555555555,2.76,2.3958333333333335,0.0,0.0,RUTINA
Llaima,VIIRS375,VIIRS_NOAA21,2026-09-24 05:54:00+00:00,2.0155555555555558,2.06,2.457777777777778,0.006,0.0,RUTINA
Llaima,VIIRS,VIIRS_NOAA21_750,2026-09-24 05:54:00+00:00,2.0155555555555558,2.06,2.457777777777778,0.0,0.0,RUTINA
Llaima,VIIRS375,VIIRS_SNPP,2026-09-24 06:30:00+00:00,7.473055555555556,7.516111111111111,2.5980555555555553,0.013,0.0,RUTINA
Llaima,VIIRS,VIIRS_NOAA20_750,2026-09-24 06:54:00+00:00,7.073055555555555,7.1161111111111115,2.45,0.0,0.0,RUTINA
Llaima,MODIS,MODIS_AQUA,2026-09-24 07:25:00+00:00,6.556388888888889,6.599444444444444,1.6813888888888888,5.0,0.0,RUTINA
Llaima,VIIRS375,VIIRS_NOAA20,2026-09-24 06:54:00+00:00,16.954444444444444,16.979166666666668,2.6991666666666667,0.242,0.0,RUTINA
Llaima,MODIS,MODIS_TERRA,2026-09-25 01:10:00+00:00,3.095833333333333,3.1233333333333335,2.685,5.0,0.0,RUTINA
Llaima,VIIRS375,VIIRS_NOAA20,2026-09-25 04:54:00+00:00,5.193611111111111,5.223333333333334,2.946111111111111,0.128,0.0,RUTINA
Llaima,VIIRS,VIIRS_NOAA20_750,2026-09-25 04:54:00+00:00,5.193611111111111,5.223333333333334,3.2,0.0,0.0,RUTINA
Llaima,VIIRS375,VIIRS_NOAA21,2026-09-25 05:36:00+00:00,4.493611111111111,4.523333333333333,3.249722222222222,0.101,0.0,RUTINA
Llaima,VIIRS,VIIRS_NOAA21_750,2026-09-25 05:36:00+00:00,4.493611111111111,4.523333333333333,3.249722222222222,1.834,0.0,RUTINA
Llaima,VIIRS375,VIIRS_NOAA20,2026-09-25 06:36:00+00:00,3.493611111111111,3.5233333333333334,4.501111111111111,0.0,0.0,RUTINA
Llaima,VIIRS,VIIRS_NOAA20_750,2026-09-25 06:36:00+00:00,3.493611111111111,3.5233333333333334,4.501111111111111,0.0,0.0,RUTINA
Llaima,MODIS,MODIS_AQUA,2026-09-25 08:00:00+00:00,2.093611111111111,2.1233333333333335,2.097777777777778,5.0,0.0,RUTINA
Llaima,MODIS,MODIS_TERRA,2026-09-26 01:45:00+00:00,2.5105555555555554,2.5341666666666667,1.0986111111111112,5.947,0.0,RUTINA
Llaima,VIIRS375,VIIRS_NOAA20,2026-09-26 04:36:00+00:00,5.1866666666666665,5.292777777777777,2.4972222222222222,0.065,0.0,RUTINA
Llaima,VIIRS,VIIRS_NOAA20_750,2026-09-26 04:36:00+00:00,5.1866666666666665,5.292777777777777,2.2480555555555557,0.0,0.0,RUTINA
Llaima,VIIRS375,VIIRS_NOAA21,2026-09-26 05:18:00+00:00,4.486666666666666,4.592777777777778,2.5483333333333333,0.07,0.0,RUTINA
Llaima,VIIRS,VIIRS_NOAA21_750,2026-09-26 05:18:00+00:00,4.486666666666666,4.592777777777778,2.2983333333333333,0.0,0.0,RUTINA
Llaima,VIIRS375,VIIRS_SNPP,2026-09-26 05:54:00+00:00,3.8866666666666667,3.992777777777778,2.9483333333333333,0.104,0.0,RUTINA
Llaima,VIIRS,VIIRS_SNPP_750,2026-09-26 05:54:00+00:00,3.8866666666666667,3.992777777777778,2.9483333333333333,4.528,0.0,RUTINA
Llaima,VIIRS375,VIIRS_NOAA20,2026-09-26 06:12:00+00:00,3.5866666666666664,3.6927777777777777,4.151111111111111,0.05,0.0,RUTINA
Llaima,MODIS,MODIS_AQUA,2026-09-26 08:40:00+00:00,6.138888888888889,6.168055555555555,2.1819444444444445,5.0,0.0,RUTINA
Llaima,MODIS,MODIS_TERRA,2026-09-27 02:25:00+00:00,1.9780555555555555,2.004166666666667,1.4333333333333333,5.0,0.0,RUTINA
Llaima,VIIRS375,VIIRS_NOAA21,2026-09-27 05:00:00+00:00,5.557777777777778,5.585277777777778,2.346388888888889,0.034,0.0,RUTINA
Llaima,VIIRS,VIIRS_NOAA21_750,2026-09-27 05:00:00+00:00,5.557777777777778,5.585277777777778,2.5975,0.0,0.0,RUTINA
Llaima,VIIRS,VIIRS_SNPP_750,2026-09-27 05:36:00+00:00,4.957777777777777,4.985277777777778,2.7491666666666665,2.497,0.0,RUTINA
Llaima,VIIRS375,VIIRS_NOAA20,2026-09-27 05:54:00+00:00,4.657777777777778,4.685277777777777,2.703333333333333,0.074,0.0,RUTINA
Llaima,VIIRS,VIIRS_NOAA20_750,2026-09-27 05:54:00+00:00,4.657777777777778,4.685277777777777,2.9494444444444445,2.747,0.0,RUTINA
Llaima,MODIS,MODIS_AQUA,2026-09-27 07:40:00+00:00,2.891111111111111,2.9186111111111113,2.183611111111111,50.192,0.0,RUTINA
Llaima,VIIRS375,VIIRS_NOAA21,2026-09-27 06:42:00+00:00,8.9225,8.9475,3.149722222222222,0.072,0.0,RUTINA
Llaima,VIIRS,VIIRS_NOAA21_750,2026-09-27 06:42:00+00:00,8.9225,8.9475,2.9077777777777776,0.0,0.0,RUTINA
Llaima,MODIS,MODIS_TERRA,2026-09-28 01:25:00+00:00,9.847777777777777,9.954166666666667,4.434722222222222,5.0,0.0,RUTINA
Llaima,VIIRS375,VIIRS_NOAA21,2026-09-28 04:42:00+00:00,6.564444444444445,6.670833333333333,2.397222222222222,0.046,0.0,RUTINA
Llaima,VIIRS,VIIRS_NOAA21_750,2026-09-28 04:42:00+00:00,6.564444444444445,6.670833333333333,2.648888888888889,0.0,0.0,RUTINA
Llaima,VIIRS375,VIIRS_NOAA20,2026-09-28 05:36:00+00:00,5.664444444444444,5.770833333333333,2.7483333333333335,0.075,0.0,RUTINA
Llaima,VIIRS,VIIRS_NOAA20_750,2026-09-28 05:36:00+00:00,5.664444444444444,5.770833333333333,3.001388888888889,0.0,0.0,RUTINA
Llaima,VIIRS375,VIIRS_SNPP,2026-09-28 07:00:00+00:00,4.264444444444444,4.370833333333334,5.098611111111111,0.039,0.0,RUTINA
Llaima,VIIRS,VIIRS_SNPP_750,2026-09-28 07:00:00+00:00,4.264444444444444,4.370833333333334,5.350833333333333,0.0,0.0,RUTINA
Llaima,MODIS,MODIS_AQUA,2026-09-28 08:20:00+00:00,2.931111111111111,3.0375,2.265833333333333,27.848,0.0,RUTINA
Llaima,MODIS,MODIS_TERRA,2026-09-29 02:05:00+00:00,6.460555555555556,6.549166666666666,1.2686111111111111,5.0,0.0,RUTINA
Llaima,VIIRS375,VIIRS_NOAA20,2026-09-29 05:18:00+00:00,3.243888888888889,3.3325,3.5494444444444446,0.052,0.0,RUTINA
Llaima,VIIRS,VIIRS_NOAA20_750,2026-09-29 05:18:00+00:00,3.243888888888889,3.3325,3.733611111111111,0.0,0.0,RUTINA
Llaima,VIIRS375,VIIRS_NOAA21,2026-09-29 06:00:00+00:00,2.543888888888889,2.6325,3.848333333333333,0.057,0.0,RUTINA
Llaima,VIIRS,VIIRS_NOAA21_750,2026-09-29 06:00:00+00:00,2.543888888888889,2.6325,4.098333333333334,2.602,0.0,RUTINA
Llaima,VIIRS375,VIIRS_NOAA20,2026-09-29 07:00:00+00:00,8.228055555555555,8.345833333333333,4.598333333333334,0.0,0.0,RUTINA
Llaima,VIIRS,VIIRS_NOAA20_750,2026-09-29 07:00:00+00:00,8.228055555555555,8.345833333333333,4.598333333333334,0.0,0.0,RUTINA
Llaima,MODIS,MODIS_AQUA,2026-09-29 07:20:00+00:00,7.894722222222223,8.0125,1.7005555555555556,17.561,0.0,RUTINA
Llaima,MODIS,MODIS_TERRA,2026-09-30 01:05:00+00:00,7.582777777777777,7.721666666666667,1.2655555555555555,5.0,0.0,RUTINA
Llaima,VIIRS375,VIIRS_NOAA20,2026-09-30 05:00:00+00:00,3.6661111111111113,3.805,2.3494444444444444,0.118,0.0,RUTINA
Llaima,VIIRS,VIIRS_NOAA20_750,2026-09-30 05:00:00+00:00,3.6661111111111113,3.805,2.3494444444444444,3.177,0.0,RUTINA
Llaima,VIIRS375,VIIRS_NOAA21,2026-09-30 05:42:00+00:00,2.966111111111111,3.105,2.4097222222222223,0.064,0.0,RUTINA
Llaima,VIIRS,VIIRS_NOAA21_750,2026-09-30 05:42:00+00:00,2.966111111111111,3.105,2.1494444444444443,2.405,0.0,RUTINA
Llaima,VIIRS375,VIIRS_NOAA20,2026-09-30 06:42:00+00:00,1.9661111111111111,2.105,2.6558333333333333,0.157,0.0,RUTINA
Llaima,VIIRS,VIIRS_NOAA20_750,2026-09-30 06:42:00+00:00,1.9661111111111111,2.105,2.6558333333333333,1.414,0.0,RUTINA
Llaima,MODIS,MODIS_AQUA,2026-09-30 07:55:00+00:00,9.125,9.154166666666667,2.1830555555555557,5.0,0.0,RUTINA
Llaima,MODIS,MODIS_TERRA,2026-10-01 01:45:00+00:00,7.262777777777778,7.296666666666667,1.1005555555555555,5.0,0.0,RUTINA
Llaima,VIIRS375,VIIRS_NOAA20,2026-10-01 04:42:00+00:00,4.312777777777778,4.346666666666667,7.404166666666667,0.375,0.0,RUTINA
Llaima,VIIRS,VIIRS_NOAA20_750,2026-10-01 04:42:00+00:00,4.312777777777778,4.346666666666667,6.400555555555556,0.0,0.0,RUTINA
Llaima,VIIRS375,VIIRS_NOAA20,2026-10-01 06:18:00+00:00,2.7127777777777777,2.7466666666666666,6.5488888888888885,0.0,0.0,RUTINA
Llaima,VIIRS,VIIRS_NOAA20_750,2026-10-01 06:18:00+00:00,2.7127777777777777,2.7466666666666666,5.804166666666666,0.0,0.0,RUTINA
Llaima,MODIS,MODIS_AQUA,2026-10-01 08:35:00+00:00,14.401111111111112,14.437777777777777,2.2675,30.534,0.0,RUTINA
Llaima,VIIRS375,VIIRS_NOAA21,2026-10-02 05:06:00+00:00,7.505,7.535555555555556,4.9975,0.106,0.0,RUTINA
Llaima,VIIRS,VIIRS_NOAA21_750,2026-10-02 05:06:00+00:00,7.505,7.535555555555556,2.9972222222222222,0.0,0.0,RUTINA
Llaima,VIIRS375,VIIRS_NOAA20,2026-10-02 06:00:00+00:00,6.605,6.635555555555555,6.027777777777778,0.086,0.0,RUTINA
Llaima,VIIRS,VIIRS_NOAA20_750,2026-10-02 06:00:00+00:00,6.605,6.635555555555555,3.0991666666666666,4.41,0.0,RUTINA
Llaima,VIIRS375,VIIRS_NOAA21,2026-10-02 06:48:00+00:00,5.805,5.835555555555556,6.060277777777777,0.054,0.0,RUTINA
Llaima,VIIRS,VIIRS_NOAA21_750,2026-10-02 06:48:00+00:00,5.805,5.835555555555556,3.2975,0.0,0.0,RUTINA
Llaima,MODIS,MODIS_AQUA,2026-10-02 07:35:00+00:00,5.0216666666666665,5.052222222222222,2.5147222222222223,5.0,0.0,RUTINA
Copahue,MODIS,MODIS_TERRA,2026-09-14 02:10:00+00:00,2.6330555555555555,2.662777777777778,1.9333333333333333,34.584,0.0,RUTINA
Copahue,VIIRS375,VIIRS_NOAA20,2026-09-14 05:00:00+00:00,5.902777777777778,5.942222222222222,3.348333333333333,0.0,0.0,RUTINA
Copahue,VIIRS,VIIRS_NOAA20_750,2026-09-14 05:00:00+00:00,5.902777777777778,5.942222222222222,3.348333333333333,0.0,0.0,RUTINA
Copahue,VIIRS375,VIIRS_NOAA21,2026-09-14 05:42:00+00:00,5.2027777777777775,5.242222222222222,3.9,0.035,0.0,RUTINA
Copahue,VIIRS,VIIRS_NOAA21_750,2026-09-14 05:42:00+00:00,5.2027777777777775,5.242222222222222,3.9,0.0,0.0,RUTINA
Copahue,VIIRS375,VIIRS_NOAA20,2026-09-14 06:36:00+00:00,4.302777777777778,4.342222222222222,5.250555555555556,0.054,0.0,RUTINA
Copahue,VIIRS,VIIRS_NOAA20_750,2026-09-14 06:36:00+00:00,4.302777777777778,4.342222222222222,5.250555555555556,0.0,0.0,RUTINA
Copahue,MODIS,MODIS_TERRA,2026-09-15 01:10:00+00:00,6.728611111111111,6.7572222222222225,1.6830555555555555,5.0,0.0,RUTINA
Copahue,VIIRS375,VIIRS_NOAA20,2026-09-15 04:42:00+00:00,3.1952777777777777,3.223888888888889,3.16,0.01,0.0,RUTINA
Copahue,VIIRS375,VIIRS_NOAA21,2026-09-15 05:24:00+00:00,2.495277777777778,2.523888888888889,2.9497222222222224,0.017,0.0,RUTINA
Copahue,VIIRS,VIIRS_NOAA21_750,2026-09-15 05:24:00+00:00,2.495277777777778,2.523888888888889,2.459722222222222,0.0,0.0,RUTINA
Copahue,VIIRS375,VIIRS_NOAA20,2026-09-15 06:18:00+00:00,7.598888888888889,7.628055555555555,3.299166666666667,0.029,0.0,RUTINA
Copahue,VIIRS,VIIRS_NOAA20_750,2026-09-15 06:18:00+00:00,7.598888888888889,7.628055555555555,5.05,0.0,0.0,RUTINA
Copahue,MODIS,MODIS_AQUA,2026-09-15 08:15:00+00:00,5.648888888888889,5.678055555555556,3.100277777777778,5.0,0.0,RUTINA
Copahue,MODIS,MODIS_TERRA,2026-09-16 01:50:00+00:00,3.408611111111111,3.4358333333333335,1.4333333333333333,4.87,0.0,RUTINA
Copahue,VIIRS375,VIIRS_NOAA21,2026-09-16 05:06:00+00:00,6.453055555555555,6.480555555555555,2.6675,0.037,0.0,RUTINA
Copahue,VIIRS,VIIRS_NOAA21_750,2026-09-16 05:06:00+00:00,6.453055555555555,6.480555555555555,2.6675,0.0,0.0,RUTINA
Copahue,VIIRS375,VIIRS_NOAA20,2026-09-16 06:00:00+00:00,5.553055555555556,5.580555555555556,2.8544444444444443,0.0,0.0,RUTINA
Copahue,VIIRS,VIIRS_NOAA20_750,2026-09-16 06:00:00+00:00,5.553055555555556,5.580555555555556,2.8544444444444443,0.0,0.0,RUTINA
Copahue,MODIS,MODIS_AQUA,2026-09-16 07:15:00+00:00,4.303055555555556,4.330555555555556,2.7716666666666665,20.182,0.0,RUTINA
Copahue,VIIRS375,VIIRS_NOAA21,2026-09-16 06:48:00+00:00,10.055555555555555,10.087222222222222,3.221111111111111,0.0,0.0,RUTINA
Copahue,VIIRS,VIIRS_NOAA21_750,2026-09-16 06:48:00+00:00,10.055555555555555,10.087222222222222,3.221111111111111,0.0,0.0,RUTINA
Copahue,MODIS,MODIS_TERRA,2026-09-17 02:30:00+00:00,5.356111111111111,5.405277777777778,2.347777777777778,25.775,0.0,RUTINA
Copahue,VIIRS375,VIIRS_NOAA21,2026-09-17 04:48:00+00:00,3.056111111111111,3.105277777777778,3.5572222222222223,0.041,0.0,RUTINA
Copahue,VIIRS,VIIRS_NOAA21_750,2026-09-17 04:48:00+00:00,3.056111111111111,3.105277777777778,3.299166666666667,0.0,0.0,RUTINA
Copahue,VIIRS375,VIIRS_NOAA20,2026-09-17 05:42:00+00:00,2.156111111111111,2.205277777777778,5.147777777777778,0.045,0.0,RUTINA
Copahue,VIIRS,VIIRS_NOAA20_750,2026-09-17 05:42:00+00:00,2.156111111111111,2.205277777777778,5.147777777777778,0.0,0.0,RUTINA
Copahue,MODIS,MODIS_AQUA,2026-09-17 07:55:00+00:00,5.831944444444445,5.865,2.931388888888889,48.029,0.0,RUTINA
Copahue,MODIS,MODIS_TERRA,2026-09-18 01:30:00+00:00,2.444166666666667,2.4719444444444445,1.3488888888888888,49.585,0.0,RUTINA
Copahue,VIIRS375,VIIRS_NOAA21,2026-09-18 04:30:00+00:00,4.9655555555555555,5.0536111111111115,2.2666666666666666,0.077,0.0,RUTINA
Copahue,VIIRS,VIIRS_NOAA21_750,2026-09-18 04:30:00+00:00,4.9655555555555555,5.0536111111111115,2.0966666666666667,0.0,0.0,RUTINA
Copahue,VIIRS375,VIIRS_NOAA20,2026-09-18 05:24:00+00:00,4.065555555555555,4.153611111111111,2.4516666666666667,0.026,0.0,RUTINA
Copahue,VIIRS,VIIRS_NOAA20_750,2026-09-18 05:24:00+00:00,4.065555555555555,4.153611111111111,2.4516666666666667,0.0,0.0,RUTINA
Copahue,VIIRS375,VIIRS_NOAA21,2026-09-18 06:06:00+00:00,3.3655555555555554,3.453611111111111,2.4994444444444444,0.037,0.0,RUTINA
Copahue,VIIRS,VIIRS_NOAA21_750,2026-09-18 06:06:00+00:00,3.3655555555555554,3.453611111111111,1.9997222222222222,0.0,0.0,RUTINA
Copahue,VIIRS375,VIIRS_SNPP,2026-09-18 06:42:00+00:00,2.7655555555555558,2.8536111111111113,4.0675,0.032,0.0,RUTINA
Copahue,VIIRS,VIIRS_SNPP_750,2026-09-18 06:42:00+00:00,2.7655555555555558,2.8536111111111113,3.398888888888889,0.0,0.0,RUTINA
Copahue,MODIS,MODIS_AQUA,2026-09-18 08:30:00+00:00,6.269166666666667,6.302222222222222,2.2675,47.374,0.0,RUTINA
Copahue,MODIS,MODIS_TERRA,2026-09-19 02:10:00+00:00,7.060833333333333,7.086388888888889,2.4322222222222223,17.322,0.0,RUTINA
Copahue,VIIRS375,VIIRS_NOAA20,2026-09-19 05:06:00+00:00,4.1275,4.1530555555555555,4.246388888888889,0.0,0.0,RUTINA
Copahue,VIIRS,VIIRS_NOAA20_750,2026-09-19 05:06:00+00:00,4.1275,4.1530555555555555,3.250277777777778,0.0,0.0,RUTINA
Copahue,VIIRS375,VIIRS_NOAA21,2026-09-19 05:48:00+00:00,3.4275,3.4530555555555558,4.048333333333333,0.0,0.0,RUTINA
Copahue,VIIRS,VIIRS_NOAA21_750,2026-09-19 05:48:00+00:00,3.4275,3.4530555555555558,2.7983333333333333,0.0,0.0,RUTINA
Copahue,VIIRS375,VIIRS_NOAA20,2026-09-19 06:48:00+00:00,2.4275,2.4530555555555558,4.226666666666667,0.078,0.0,RUTINA
Copahue,VIIRS,VIIRS_NOAA20_750,2026-09-19 06:48:00+00:00,2.4275,2.4530555555555558,2.546388888888889,0.0,0.0,RUTINA
Copahue,MODIS,MODIS_AQUA,2026-09-19 07:30:00+00:00,6.825,6.935,3.098611111111111,48.554,0.0,RUTINA
Copahue,MODIS,MODIS_TERRA,2026-09-20 01:10:00+00:00,2.9905555555555554,3.0516666666666667,1.4327777777777777,5.0,0.0,RUTINA
Copahue,VIIRS375,VIIRS_NOAA20,2026-09-20 04:48:00+00:00,4.925,5.0025,3.0475,0.028,0.02,ALERTA_TERMICA
Copahue,VIIRS,VIIRS_NOAA20_750,2026-09-20 04:48:00+00:00,4.925,5.0025,2.2994444444444446,0.0,0.0,RUTINA
Copahue,VIIRS375,VIIRS_NOAA21,2026-09-20 05:30:00+00:00,4.225,4.3025,2.5972222222222223,0.01,0.5,FALSO_POSITIVO
Copahue,VIIRS,VIIRS_NOAA21_750,2026-09-20 05:30:00+00:00,4.225,4.3025,2.0969444444444445,0.352,0.0,RUTINA
Copahue,VIIRS,VIIRS_SNPP_750,2026-09-20 06:06:00+00:00,3.625,3.7025,2.4972222222222222,0.0,0.0,RUTINA
Copahue,VIIRS375,VIIRS_NOAA20,2026-09-20 06:24:00+00:00,3.325,3.4025,3.4466666666666668,0.036,0.0,RUTINA
Copahue,VIIRS,VIIRS_NOAA20_750,2026-09-20 06:24:00+00:00,3.325,3.4025,2.6980555555555554,2.066,0.0,RUTINA
Copahue,MODIS,MODIS_AQUA,2026-09-20 08:10:00+00:00,1.5583333333333333,1.6358333333333333,1.9313888888888888,0.524,0.0,RUTINA
Copahue,MODIS,MODIS_TERRA,2026-09-21 01:50:00+00:00,2.2344444444444442,2.3341666666666665,1.1841666666666666,5.0,0.0,RUTINA
Copahue,VIIRS375,VIIRS_NOAA21,2026-09-21 05:12:00+00:00,4.887777777777778,4.917777777777777,2.1483333333333334,0.065,0.0,RUTINA
Copahue,VIIRS,VIIRS_NOAA21_750,2026-09-21 05:12:00+00:00,4.887777777777778,4.917777777777777,2.397222222222222,1.531,0.0,RUTINA
Copahue,VIIRS,VIIRS_SNPP_750,2026-09-21 05:48:00+00:00,4.2877777777777775,4.317777777777778,2.549166666666667,2.828,0.0,RUTINA
Copahue,VIIRS375,VIIRS_NOAA20,2026-09-21 06:06:00+00:00,3.9877777777777776,4.017777777777778,2.5005555555555556,0.034,0.0,RUTINA
Copahue,VIIRS,VIIRS_NOAA20_750,2026-09-21 06:06:00+00:00,3.9877777777777776,4.017777777777778,2.7480555555555557,0.0,0.0,RUTINA
Copahue,MODIS,MODIS_AQUA,2026-09-21 07:10:00+00:00,2.921111111111111,2.951111111111111,2.4347222222222222,5.0,0.0,RUTINA
Copahue,MODIS,MODIS_AQUA,2026-09-21 08:45:00+00:00,1.9880555555555555,2.0408333333333335,2.0991666666666666,5.0,0.0,RUTINA
Copahue,MODIS,MODIS_TERRA,2026-09-22 02:25:00+00:00,5.600833333333333,5.676388888888889,1.6827777777777777,5.0,0.0,RUTINA
Copahue,VIIRS375,VIIRS_NOAA21,2026-09-22 04:54:00+00:00,3.1175,3.1930555555555555,3.1975,0.095,0.0,RUTINA
Copahue,VIIRS,VIIRS_SNPP_750,2026-09-22 05:30:00+00:00,2.5175,2.5930555555555554,3.348888888888889,0.0,0.0,RUTINA
Copahue,VIIRS375,VIIRS_NOAA20,2026-09-22 05:48:00+00:00,2.2175,2.2930555555555556,4.049166666666666,0.0,0.0,RUTINA
Copahue,VIIRS,VIIRS_NOAA21_750,2026-09-22 06:36:00+00:00,7.2375,7.262222222222222,2.7511111111111113,0.0,0.0,RUTINA
Copahue,MODIS,MODIS_AQUA,2026-09-22 07:45:00+00:00,6.0875,6.112222222222222,3.348333333333333,5.0,0.0,RUTINA
Copahue,MODIS,MODIS_TERRA,2026-09-23 01:30:00+00:00,3.6577777777777776,3.846388888888889,1.0255555555555556,5.0,0.0,RUTINA
Copahue,VIIRS375,VIIRS_NOAA21,2026-09-23 04:36:00+00:00,6.921666666666667,6.9527777777777775,2.497777777777778,0.021,0.0,RUTINA
Copahue,VIIRS,VIIRS_NOAA21_750,2026-09-23 04:36:00+00:00,6.921666666666667,6.9527777777777775,2.497777777777778,0.0,0.0,RUTINA
Copahue,VIIRS375,VIIRS_NOAA20,2026-09-23 05:30:00+00:00,6.0216666666666665,6.052777777777778,2.6008333333333336,0.037,0.0,RUTINA
Copahue,VIIRS,VIIRS_NOAA20_750,2026-09-23 05:30:00+00:00,6.0216666666666665,6.052777777777778,2.6008333333333336,2.627,0.0,RUTINA
Copahue,VIIRS375,VIIRS_NOAA21,2026-09-23 06:12:00+00:00,5.321666666666666,5.352777777777778,2.8541666666666665,0.016,0.0,RUTINA
Copahue,VIIRS,VIIRS_NOAA21_750,2026-09-23 06:12:00+00:00,5.321666666666666,5.352777777777778,2.8541666666666665,1.088,0.0,RUTINA
Copahue,VIIRS375,VIIRS_SNPP,2026-09-23 06:54:00+00:00,4.621666666666667,4.652777777777778,3.200833333333333,0.02,0.0,RUTINA
Copahue,VIIRS,VIIRS_SNPP_750,2026-09-23 06:54:00+00:00,4.621666666666667,4.652777777777778,2.948611111111111,0.0,0.0,RUTINA
Copahue,MODIS,MODIS_AQUA,2026-09-23 08:25:00+00:00,3.105,3.136111111111111,1.9330555555555555,5.0,0.0,RUTINA
Copahue,MODIS,MODIS_TERRA,2026-09-24 02:05:00+00:00,5.848055555555556,5.876666666666667,1.2677777777777777,5.0,0.0,RUTINA
Copahue,VIIRS375,VIIRS_SNPP,2026-09-24 04:54:00+00:00,3.031388888888889,3.06,2.4480555555555554,0.036,0.0,RUTINA
Copahue,VIIRS375,VIIRS_NOAA20,2026-09-24 05:12:00+00:00,2.731388888888889,2.76,2.6483333333333334,0.01,0.0,RUTINA
Copahue,VIIRS,VIIRS_NOAA20_750,2026-09-24 05:12:00+00:00,2.731388888888889,2.76,2.3958333333333335,0.0,0.0,RUTINA
Copahue,VIIRS375,VIIRS_NOAA21,2026-09-24 05:54:00+00:00,2.031388888888889,2.06,2.457777777777778,0.007,0.0,RUTINA
Copahue,VIIRS,VIIRS_NOAA21_750,2026-09-24 05:54:00+00:00,2.031388888888889,2.06,2.457777777777778,0.0,0.0,RUTINA
Copahue,VIIRS375,VIIRS_SNPP,2026-09-24 06:30:00+00:00,7.4494444444444445,7.516111111111111,2.5980555555555553,0.011,0.0,RUTINA
Copahue,VIIRS,VIIRS_NOAA20_750,2026-09-24 06:54:00+00:00,7.049444444444444,7.1161111111111115,2.45,0.0,0.0,RUTINA
Copahue,MODIS,MODIS_AQUA,2026-09-24 07:25:00+00:00,6.532777777777778,6.599444444444444,1.6813888888888888,5.0,0.0,RUTINA
Copahue,VIIRS375,VIIRS_NOAA20,2026-09-24 06:54:00+00:00,16.78611111111111,16.979166666666668,2.6991666666666667,0.023,0.01,ALERTA_TERMICA
Copahue,MODIS,MODIS_TERRA,2026-09-25 01:10:00+00:00,3.015,3.1233333333333335,2.685,5.0,0.0,RUTINA
Copahue,VIIRS375,VIIRS_NOAA20,2026-09-25 04:54:00+00:00,5.178888888888889,5.223333333333334,2.946111111111111,0.025,0.0,RUTINA
Copahue,VIIRS,VIIRS_NOAA20_750,2026-09-25 04:54:00+00:00,5.178888888888889,5.223333333333334,3.2,0.0,0.0,RUTINA
Copahue,VIIRS375,VIIRS_NOAA21,2026-09-25 05:36:00+00:00,4.478888888888889,4.523333333333333,3.249722222222222,0.057,0.0,RUTINA
Copahue,VIIRS,VIIRS_NOAA21_750,2026-09-25 05:36:00+00:00,4.478888888888889,4.523333333333333,3.249722222222222,0.0,0.0,RUTINA
Copahue,VIIRS375,VIIRS_NOAA20,2026-09-25 06:30:00+00:00,3.578888888888889,3.6233333333333335,4.601111111111111,0.051,0.0,RUTINA
Copahue,VIIRS,VIIRS_NOAA20_750,2026-09-25 06:30:00+00:00,3.578888888888889,3.6233333333333335,4.601111111111111,0.0,0.0,RUTINA
Copahue,MODIS,MODIS_AQUA,2026-09-25 08:00:00+00:00,2.078888888888889,2.1233333333333335,2.097777777777778,5.0,0.0,RUTINA
Copahue,MODIS,MODIS_TERRA,2026-09-26 01:45:00+00:00,2.4880555555555555,2.5341666666666667,1.0986111111111112,64.347,0.0,RUTINA
Copahue,VIIRS375,VIIRS_NOAA20,2026-09-26 04:36:00+00:00,5.2636111111111115,5.292777777777777,2.4972222222222222,0.055,0.0,RUTINA
Copahue,VIIRS,VIIRS_NOAA20_750,2026-09-26 04:36:00+00:00,5.2636111111111115,5.292777777777777,2.2480555555555557,0.0,0.0,RUTINA
Copahue,VIIRS375,VIIRS_NOAA21,2026-09-26 05:18:00+00:00,4.563611111111111,4.592777777777778,2.5483333333333333,0.084,0.0,RUTINA
Copahue,VIIRS,VIIRS_NOAA21_750,2026-09-26 05:18:00+00:00,4.563611111111111,4.592777777777778,2.2983333333333333,4.457,0.0,RUTINA
Copahue,VIIRS375,VIIRS_SNPP,2026-09-26 05:54:00+00:00,3.963611111111111,3.992777777777778,2.9483333333333333,0.112,0.0,RUTINA
Copahue,VIIRS,VIIRS_SNPP_750,2026-09-26 05:54:00+00:00,3.963611111111111,3.992777777777778,2.9483333333333333,5.082,0.0,RUTINA
Copahue,VIIRS375,VIIRS_NOAA20,2026-09-26 06:12:00+00:00,3.663611111111111,3.6927777777777777,4.151111111111111,0.127,0.0,RUTINA
Copahue,MODIS,MODIS_AQUA,2026-09-26 08:40:00+00:00,6.1125,6.168055555555555,2.1819444444444445,5.0,0.0,RUTINA
Copahue,MODIS,MODIS_TERRA,2026-09-27 02:25:00+00:00,1.9747222222222223,2.004166666666667,1.4333333333333333,16.667,0.0,RUTINA
Copahue,VIIRS375,VIIRS_NOAA21,2026-09-27 05:00:00+00:00,5.552777777777778,5.585277777777778,2.346388888888889,0.093,0.0,RUTINA
Copahue,VIIRS,VIIRS_NOAA21_750,2026-09-27 05:00:00+00:00,5.552777777777778,5.585277777777778,2.346388888888889,4.456,0.0,RUTINA
Copahue,VIIRS,VIIRS_SNPP_750,2026-09-27 05:36:00+00:00,4.9527777777777775,4.985277777777778,2.7491666666666665,0.0,0.0,RUTINA
Copahue,VIIRS375,VIIRS_NOAA20,2026-09-27 05:54:00+00:00,4.652777777777778,4.685277777777777,2.703333333333333,0.05,0.0,RUTINA
Copahue,VIIRS,VIIRS_NOAA20_750,2026-09-27 05:54:00+00:00,4.652777777777778,4.685277777777777,2.9494444444444445,0.0,0.0,RUTINA
Copahue,MODIS,MODIS_AQUA,2026-09-27 07:40:00+00:00,2.886111111111111,2.9186111111111113,2.183611111111111,51.764,0.0,RUTINA
Copahue,VIIRS375,VIIRS_NOAA21,2026-09-27 06:42:00+00:00,8.881388888888889,8.9475,3.149722222222222,0.041,0.0,RUTINA
Copahue,VIIRS,VIIRS_NOAA21_750,2026-09-27 06:42:00+00:00,8.881388888888889,8.9475,2.9077777777777776,0.0,0.0,RUTINA
Copahue,VIIRS375,VIIRS_NOAA21,2026-09-28 04:42:00+00:00,6.637222222222222,6.670833333333333,2.397222222222222,0.0,0.0,RUTINA
Copahue,VIIRS,VIIRS_NOAA21_750,2026-09-28 04:42:00+00:00,6.637222222222222,6.670833333333333,2.648888888888889,0.0,0.0,RUTINA
Copahue,VIIRS375,VIIRS_NOAA20,2026-09-28 05:36:00+00:00,5.737222222222222,5.770833333333333,2.7483333333333335,0.119,0.0,RUTINA
Copahue,VIIRS,VIIRS_NOAA20_750,2026-09-28 05:36:00+00:00,5.737222222222222,5.770833333333333,2.7483333333333335,7.209,0.0,RUTINA
Copahue,VIIRS375,VIIRS_NOAA21,2026-09-28 06:18:00+00:00,13.671944444444444,13.7475,3.807777777777778,0.048,0.0,RUTINA
Copahue,VIIRS,VIIRS_NOAA21_750,2026-09-28 06:18:00+00:00,13.671944444444444,13.7475,3.807777777777778,1.529,0.0,RUTINA
Copahue,VIIRS375,VIIRS_SNPP,2026-09-28 07:00:00+00:00,12.971944444444444,13.0475,5.098611111111111,0.031,0.0,RUTINA
Copahue,VIIRS,VIIRS_SNPP_750,2026-09-28 07:00:00+00:00,12.971944444444444,13.0475,5.350833333333333,0.0,0.0,RUTINA
Copahue,MODIS,MODIS_AQUA,2026-09-28 08:20:00+00:00,11.63861111111111,11.714166666666667,2.265833333333333,5.0,0.0,RUTINA
Copahue,MODIS,MODIS_TERRA,2026-09-29 02:05:00+00:00,6.516666666666667,6.549166666666666,1.2686111111111111,5.0,0.0,RUTINA
Copahue,VIIRS375,VIIRS_NOAA20,2026-09-29 05:18:00+00:00,3.3,3.3325,3.5494444444444446,0.056,0.0,RUTINA
Copahue,VIIRS,VIIRS_NOAA20_750,2026-09-29 05:18:00+00:00,3.3,3.3325,3.733611111111111,2.784,0.0,RUTINA
Copahue,VIIRS375,VIIRS_NOAA21,2026-09-29 06:00:00+00:00,2.6,2.6325,3.848333333333333,0.06,0.0,RUTINA
Copahue,VIIRS,VIIRS_NOAA21_750,2026-09-29 06:00:00+00:00,2.6,2.6325,4.098333333333334,1.471,0.0,RUTINA
Copahue,VIIRS375,VIIRS_SNPP,2026-09-29 06:36:00+00:00,8.710833333333333,8.745833333333334,5.9991666666666665,0.055,0.0,RUTINA
Copahue,VIIRS,VIIRS_SNPP_750,2026-09-29 06:36:00+00:00,8.710833333333333,8.745833333333334,5.9991666666666665,0.0,0.0,RUTINA
Copahue,MODIS,MODIS_AQUA,2026-09-29 07:20:00+00:00,7.9775,8.0125,1.7005555555555556,29.289,0.0,RUTINA
Copahue,MODIS,MODIS_TERRA,2026-09-30 01:05:00+00:00,7.691666666666666,7.721666666666667,1.2655555555555555,5.0,0.0,RUTINA
Copahue,VIIRS375,VIIRS_NOAA20,2026-09-30 05:00:00+00:00,3.775,3.805,2.3494444444444444,0.07,0.0,RUTINA
Copahue,VIIRS,VIIRS_NOAA20_750,2026-09-30 05:00:00+00:00,3.775,3.805,2.3494444444444444,3.054,0.0,RUTINA
Copahue,VIIRS375,VIIRS_NOAA21,2026-09-30 05:42:00+00:00,3.075,3.105,2.4097222222222223,0.04,0.0,RUTINA
Copahue,VIIRS,VIIRS_NOAA21_750,2026-09-30 05:42:00+00:00,3.075,3.105,2.1494444444444443,2.27,0.0,RUTINA
Copahue,VIIRS375,VIIRS_NOAA20,2026-09-30 06:42:00+00:00,2.075,2.105,2.6558333333333333,0.021,0.0,RUTINA
Copahue,VIIRS,VIIRS_NOAA20_750,2026-09-30 06:42:00+00:00,2.075,2.105,2.6558333333333333,0.0,0.0,RUTINA
Copahue,MODIS,MODIS_AQUA,2026-09-30 07:55:00+00:00,8.989166666666666,9.154166666666667,2.1830555555555557,5.0,0.0,RUTINA
Copahue,MODIS,MODIS_TERRA,2026-10-01 01:45:00+00:00,7.267222222222222,7.296666666666667,1.1005555555555555,4.426,0.0,RUTINA
Copahue,VIIRS375,VIIRS_NOAA20,2026-10-01 04:42:00+00:00,4.317222222222222,4.346666666666667,7.404166666666667,0.0,0.0,RUTINA
Copahue,VIIRS,VIIRS_NOAA20_750,2026-10-01 04:42:00+00:00,4.317222222222222,4.346666666666667,6.400555555555556,0.0,0.0,RUTINA
Copahue,VIIRS375,VIIRS_NOAA20,2026-10-01 06:18:00+00:00,2.7172222222222224,2.7466666666666666,6.5488888888888885,0.031,0.0,RUTINA
Copahue,VIIRS,VIIRS_NOAA20_750,2026-10-01 06:18:00+00:00,2.7172222222222224,2.7466666666666666,5.552222222222222,0.0,0.0,RUTINA
Copahue,MODIS,MODIS_AQUA,2026-10-01 08:35:00+00:00,8.968333333333334,9.176944444444445,2.2675,5.0,0.0,RUTINA
Copahue,VIIRS375,VIIRS_NOAA21,2026-10-02 05:06:00+00:00,7.496944444444445,7.535555555555556,4.9975,0.01,0.0,RUTINA
Copahue,VIIRS,VIIRS_NOAA21_750,2026-10-02 05:06:00+00:00,7.496944444444445,7.535555555555556,2.9972222222222222,0.0,0.0,RUTINA
Copahue,VIIRS375,VIIRS_NOAA20,2026-10-02 06:00:00+00:00,6.5969444444444445,6.635555555555555,6.027777777777778,0.015,0.0,RUTINA
Copahue,VIIRS,VIIRS_NOAA20_750,2026-10-02 06:00:00+00:00,6.5969444444444445,6.635555555555555,3.0991666666666666,1.037,0.0,RUTINA
Copahue,VIIRS375,VIIRS_NOAA21,2026-10-02 06:48:00+00:00,5.796944444444445,5.835555555555556,6.060277777777777,0.047,0.0,RUTINA
Copahue,VIIRS,VIIRS_NOAA21_750,2026-10-02 06:48:00+00:00,5.796944444444445,5.835555555555556,3.2975,0.0,0.0,RUTINA
Copahue,MODIS,MODIS_AQUA,2026-10-02 07:35:00+00:00,5.0136111111111115,5.052222222222222,2.5147222222222223,5.0,0.0,RUTINA
Villarrica,MODIS,MODIS_TERRA,2026-09-14 02:10:00+00:00,1.956388888888889,2.662777777777778,1.9333333333333333,52.747,0.0,RUTINA
Villarrica,VIIRS375,VIIRS_NOAA20,2026-09-14 05:00:00+00:00,5.273611111111111,5.942222222222222,3.348333333333333,0.047,0.0,RUTINA
Villarrica,VIIRS375,VIIRS_NOAA21,2026-09-14 05:42:00+00:00,4.573611111111111,5.242222222222222,3.9,0.142,0.17,ALERTA_TERMICA
Villarrica,VIIRS,VIIRS_NOAA21_750,2026-09-14 05:42:00+00:00,4.573611111111111,5.242222222222222,3.9,0.0,0.0,RUTINA
Villarrica,VIIRS375,VIIRS_NOAA20,2026-09-14 06:42:00+00:00,3.573611111111111,4.242222222222222,5.150555555555556,0.034,0.0,RUTINA
Villarrica,VIIRS,VIIRS_NOAA20_750,2026-09-14 06:42:00+00:00,3.573611111111111,4.242222222222222,5.150555555555556,0.0,0.0,RUTINA
Villarrica,MODIS,MODIS_AQUA,2026-09-14 07:40:00+00:00,2.6069444444444443,3.2755555555555556,4.184166666666667,44.44,0.0,RUTINA
Villarrica,MODIS,MODIS_TERRA,2026-09-15 01:10:00+00:00,6.4094444444444445,6.7572222222222225,1.6830555555555555,5.0,0.0,RUTINA
Villarrica,VIIRS375,VIIRS_NOAA20,2026-09-15 04:42:00+00:00,2.8761111111111113,3.223888888888889,3.16,0.134,0.0,RUTINA
Villarrica,VIIRS375,VIIRS_NOAA21,2026-09-15 05:24:00+00:00,2.176111111111111,2.523888888888889,2.9497222222222224,0.033,0.0,RUTINA
Villarrica,VIIRS,VIIRS_NOAA21_750,2026-09-15 05:24:00+00:00,2.176111111111111,2.523888888888889,2.459722222222222,0.0,0.0,RUTINA
Villarrica,VIIRS375,VIIRS_NOAA20,2026-09-15 06:18:00+00:00,7.269722222222223,7.628055555555555,3.299166666666667,0.058,0.0,RUTINA
Villarrica,VIIRS,VIIRS_NOAA20_750,2026-09-15 06:18:00+00:00,7.269722222222223,7.628055555555555,5.05,0.0,0.0,RUTINA
Villarrica,MODIS,MODIS_AQUA,2026-09-15 08:15:00+00:00,5.3197222222222225,5.678055555555556,3.100277777777778,3.792,0.0,RUTINA
Villarrica,MODIS,MODIS_TERRA,2026-09-16 01:50:00+00:00,3.0416666666666665,3.4358333333333335,1.4333333333333333,56.798,0.0,RUTINA
Villarrica,VIIRS375,VIIRS_NOAA21,2026-09-16 05:06:00+00:00,11.528333333333334,11.787222222222223,2.6675,0.0,0.0,RUTINA
Villarrica,VIIRS,VIIRS_NOAA21_750,2026-09-16 05:06:00+00:00,11.528333333333334,11.787222222222223,2.6675,0.0,0.0,RUTINA
Villarrica,VIIRS375,VIIRS_NOAA20,2026-09-16 06:00:00+00:00,10.628333333333334,10.887222222222222,2.8544444444444443,0.105,0.19,ALERTA_TERMICA
Villarrica,VIIRS,VIIRS_NOAA20_750,2026-09-16 06:00:00+00:00,10.628333333333334,10.887222222222222,2.8544444444444443,0.0,0.0,RUTINA
Villarrica,VIIRS375,VIIRS_NOAA21,2026-09-16 06:48:00+00:00,9.828333333333333,10.087222222222222,3.221111111111111,0.0,0.0,RUTINA
Villarrica,VIIRS,VIIRS_NOAA21_750,2026-09-16 06:48:00+00:00,9.828333333333333,10.087222222222222,3.221111111111111,0.0,0.0,RUTINA
Villarrica,MODIS,MODIS_AQUA,2026-09-16 07:15:00+00:00,9.378333333333334,9.637222222222222,2.7716666666666665,18.634,0.0,RUTINA
Villarrica,MODIS,MODIS_TERRA,2026-09-17 02:30:00+00:00,5.026388888888889,5.405277777777778,2.347777777777778,32.863,0.0,RUTINA
Villarrica,VIIRS375,VIIRS_NOAA21,2026-09-17 04:48:00+00:00,2.7263888888888888,3.105277777777778,3.5572222222222223,0.042,0.0,RUTINA
Villarrica,VIIRS,VIIRS_NOAA21_750,2026-09-17 04:48:00+00:00,2.7263888888888888,3.105277777777778,3.5572222222222223,0.0,0.0,RUTINA
Villarrica,VIIRS,VIIRS_NOAA20_750,2026-09-17 05:42:00+00:00,7.736944444444444,8.081666666666667,5.147777777777778,0.0,0.16,ALERTA_TERMICA
Villarrica,VIIRS375,VIIRS_NOAA21,2026-09-17 06:30:00+00:00,6.936944444444444,7.281666666666666,4.3475,0.333,0.5,FALSO_POSITIVO
Villarrica,VIIRS,VIIRS_NOAA21_750,2026-09-17 06:30:00+00:00,6.936944444444444,7.281666666666666,5.0183333333333335,0.0,0.0,RUTINA
Villarrica,VIIRS375,VIIRS_SNPP,2026-09-17 07:06:00+00:00,6.336944444444445,6.681666666666667,6.001111111111111,0.0,0.0,RUTINA
Villarrica,VIIRS,VIIRS_SNPP_750,2026-09-17 07:06:00+00:00,6.336944444444445,6.681666666666667,6.248888888888889,0.0,0.0,RUTINA
Villarrica,MODIS,MODIS_AQUA,2026-09-17 07:55:00+00:00,5.520277777777777,5.865,2.931388888888889,0.0,0.0,RUTINA
Villarrica,MODIS,MODIS_TERRA,2026-09-18 01:30:00+00:00,2.194166666666667,2.4719444444444445,1.3488888888888888,47.537,0.0,RUTINA
Villarrica,VIIRS375,VIIRS_NOAA21,2026-09-18 04:30:00+00:00,4.6402777777777775,5.0536111111111115,2.2666666666666666,0.0,0.0,RUTINA
Villarrica,VIIRS,VIIRS_NOAA21_750,2026-09-18 04:30:00+00:00,4.6402777777777775,5.0536111111111115,2.0966666666666667,0.0,0.0,RUTINA
Villarrica,VIIRS375,VIIRS_NOAA20,2026-09-18 05:24:00+00:00,3.7402777777777776,4.153611111111111,2.4516666666666667,0.05,0.0,RUTINA
Villarrica,VIIRS,VIIRS_NOAA20_750,2026-09-18 05:24:00+00:00,3.7402777777777776,4.153611111111111,2.4516666666666667,0.0,0.0,RUTINA
Villarrica,VIIRS375,VIIRS_NOAA21,2026-09-18 06:06:00+00:00,3.040277777777778,3.453611111111111,2.4994444444444444,0.049,0.0,RUTINA
Villarrica,VIIRS,VIIRS_NOAA21_750,2026-09-18 06:06:00+00:00,3.040277777777778,3.453611111111111,1.9997222222222222,0.0,0.0,RUTINA
Villarrica,VIIRS375,VIIRS_SNPP,2026-09-18 06:48:00+00:00,2.3402777777777777,2.7536111111111112,3.9675,0.043,0.0,RUTINA
Villarrica,VIIRS,VIIRS_SNPP_750,2026-09-18 06:48:00+00:00,2.3402777777777777,2.7536111111111112,3.298888888888889,0.0,0.0,RUTINA
Villarrica,MODIS,MODIS_AQUA,2026-09-18 08:30:00+00:00,5.986944444444444,6.302222222222222,2.2675,28.23,0.0,RUTINA
Villarrica,MODIS,MODIS_TERRA,2026-09-19 02:10:00+00:00,1.4880555555555555,1.7916666666666667,2.4322222222222223,24.673,0.0,RUTINA
Villarrica,VIIRS375,VIIRS_NOAA20,2026-09-19 05:06:00+00:00,3.8158333333333334,4.1530555555555555,4.246388888888889,0.039,0.0,RUTINA
Villarrica,VIIRS,VIIRS_NOAA20_750,2026-09-19 05:06:00+00:00,3.8158333333333334,4.1530555555555555,3.250277777777778,0.0,0.0,RUTINA
Villarrica,VIIRS375,VIIRS_NOAA21,2026-09-19 05:48:00+00:00,3.1158333333333332,3.4530555555555558,4.048333333333333,0.781,0.89,ALERTA_TERMICA
Villarrica,VIIRS,VIIRS_NOAA21_750,2026-09-19 05:48:00+00:00,3.1158333333333332,3.4530555555555558,2.7983333333333333,0.227,0.45,ALERTA_TERMICA
Villarrica,VIIRS375,VIIRS_NOAA20,2026-09-19 06:48:00+00:00,2.1158333333333332,2.4530555555555558,4.226666666666667,0.054,0.0,RUTINA
Villarrica,VIIRS,VIIRS_NOAA20_750,2026-09-19 06:48:00+00:00,2.1158333333333332,2.4530555555555558,2.546388888888889,2.229,0.0,RUTINA
Villarrica,MODIS,MODIS_AQUA,2026-09-19 07:30:00+00:00,6.619166666666667,6.935,3.098611111111111,103.542,0.0,RUTINA
Villarrica,MODIS,MODIS_TERRA,2026-09-20 01:10:00+00:00,2.7119444444444443,3.0516666666666667,1.4327777777777777,0.0,0.0,RUTINA
Villarrica,MODIS,MODIS_TERRA,2026-09-20 02:45:00+00:00,1.128611111111111,1.4683333333333333,1.5244444444444445,5.0,0.0,RUTINA
Villarrica,VIIRS375,VIIRS_NOAA20,2026-09-20 04:48:00+00:00,4.6,5.0025,3.0475,0.026,0.0,RUTINA
Villarrica,VIIRS,VIIRS_NOAA20_750,2026-09-20 04:48:00+00:00,4.6,5.0025,2.2994444444444446,0.0,0.0,RUTINA
Villarrica,VIIRS375,VIIRS_NOAA21,2026-09-20 05:30:00+00:00,3.9,4.3025,2.5972222222222223,0.024,0.0,RUTINA
Villarrica,VIIRS,VIIRS_NOAA21_750,2026-09-20 05:30:00+00:00,3.9,4.3025,2.0969444444444445,0.0,0.0,RUTINA
Villarrica,VIIRS375,VIIRS_SNPP,2026-09-20 06:06:00+00:00,3.3,3.7025,4.998611111111111,0.018,0.0,RUTINA
Villarrica,VIIRS,VIIRS_SNPP_750,2026-09-20 06:06:00+00:00,3.3,3.7025,2.4972222222222222,0.0,0.0,RUTINA
Villarrica,MODIS,MODIS_AQUA,2026-09-20 08:10:00+00:00,6.1386111111111115,6.478611111111111,1.9313888888888888,5.0,0.0,RUTINA
Villarrica,MODIS,MODIS_TERRA,2026-09-21 01:50:00+00:00,1.9502777777777778,2.3341666666666665,1.1841666666666666,3.149,0.0,RUTINA
Villarrica,VIIRS375,VIIRS_NOAA21,2026-09-21 05:12:00+00:00,4.580555555555556,4.917777777777777,2.1483333333333334,0.05,0.0,RUTINA
Villarrica,VIIRS,VIIRS_NOAA21_750,2026-09-21 05:12:00+00:00,4.580555555555556,4.917777777777777,2.397222222222222,0.0,0.0,RUTINA
Villarrica,VIIRS,VIIRS_SNPP_750,2026-09-21 05:48:00+00:00,3.9805555555555556,4.317777777777778,2.549166666666667,0.0,0.0,RUTINA
Villarrica,VIIRS375,VIIRS_NOAA20,2026-09-21 06:06:00+00:00,3.6805555555555554,4.017777777777778,2.5005555555555556,0.071,0.0,RUTINA
Villarrica,VIIRS,VIIRS_NOAA20_750,2026-09-21 06:06:00+00:00,3.6805555555555554,4.017777777777778,2.7480555555555557,1.459,0.0,RUTINA
Villarrica,VIIRS375,VIIRS_NOAA21,2026-09-21 06:54:00+00:00,2.8805555555555555,3.2177777777777776,3.198888888888889,0.0,0.0,RUTINA
Villarrica,VIIRS,VIIRS_NOAA21_750,2026-09-21 06:54:00+00:00,2.8805555555555555,3.2177777777777776,2.700833333333333,0.0,0.0,RUTINA
Villarrica,MODIS,MODIS_AQUA,2026-09-21 07:10:00+00:00,2.613888888888889,2.951111111111111,2.4347222222222222,5.0,0.0,RUTINA
Villarrica,MODIS,MODIS_AQUA,2026-09-21 08:45:00+00:00,7.918055555555555,8.323333333333334,2.0991666666666666,5.0,0.0,RUTINA
Villarrica,MODIS,MODIS_TERRA,2026-09-22 02:25:00+00:00,5.246111111111111,5.676388888888889,1.6827777777777777,29.283,0.0,RUTINA
Villarrica,VIIRS375,VIIRS_NOAA21,2026-09-22 04:54:00+00:00,2.762777777777778,3.1930555555555555,3.1975,0.03,0.0,RUTINA
Villarrica,VIIRS,VIIRS_SNPP_750,2026-09-22 05:30:00+00:00,8.053611111111111,8.362222222222222,3.348888888888889,0.0,0.0,RUTINA
Villarrica,VIIRS375,VIIRS_NOAA20,2026-09-22 05:48:00+00:00,7.753611111111111,8.062222222222223,4.551111111111111,0.055,0.04,ALERTA_TERMICA
Villarrica,VIIRS,VIIRS_NOAA21_750,2026-09-22 06:36:00+00:00,6.953611111111111,7.262222222222222,2.7511111111111113,0.0,0.0,RUTINA
Villarrica,MODIS,MODIS_AQUA,2026-09-22 07:45:00+00:00,5.8036111111111115,6.112222222222222,3.348333333333333,75.475,0.0,RUTINA
Villarrica,MODIS,MODIS_TERRA,2026-09-23 01:30:00+00:00,3.4019444444444447,3.846388888888889,1.0255555555555556,0.0,0.0,RUTINA
Villarrica,VIIRS375,VIIRS_NOAA21,2026-09-23 04:36:00+00:00,6.551388888888889,6.9527777777777775,2.497777777777778,0.063,0.0,RUTINA
Villarrica,VIIRS,VIIRS_NOAA21_750,2026-09-23 04:36:00+00:00,6.551388888888889,6.9527777777777775,2.497777777777778,0.0,0.0,RUTINA
Villarrica,VIIRS375,VIIRS_NOAA20,2026-09-23 05:30:00+00:00,5.651388888888889,6.052777777777778,2.6008333333333336,0.022,0.0,RUTINA
Villarrica,VIIRS,VIIRS_NOAA20_750,2026-09-23 05:30:00+00:00,5.651388888888889,6.052777777777778,2.6008333333333336,0.0,0.0,RUTINA
Villarrica,VIIRS375,VIIRS_SNPP,2026-09-23 06:54:00+00:00,4.251388888888889,4.652777777777778,3.200833333333333,0.031,0.0,RUTINA
Villarrica,VIIRS,VIIRS_SNPP_750,2026-09-23 06:54:00+00:00,4.251388888888889,4.652777777777778,2.948611111111111,0.0,0.0,RUTINA
Villarrica,MODIS,MODIS_AQUA,2026-09-23 08:25:00+00:00,2.734722222222222,3.136111111111111,1.9330555555555555,0.0,0.0,RUTINA
Villarrica,MODIS,MODIS_TERRA,2026-09-24 02:05:00+00:00,5.505,5.773333333333333,1.2677777777777777,5.0,0.0,RUTINA
Villarrica,VIIRS375,VIIRS_SNPP,2026-09-24 04:54:00+00:00,2.6883333333333335,2.9566666666666666,2.4480555555555554,0.25,0.0,RUTINA
Villarrica,VIIRS375,VIIRS_NOAA20,2026-09-24 05:12:00+00:00,2.388333333333333,2.6566666666666667,2.6483333333333334,0.014,0.0,RUTINA
Villarrica,VIIRS,VIIRS_NOAA20_750,2026-09-24 05:12:00+00:00,2.388333333333333,2.6566666666666667,2.3958333333333335,0.0,0.0,RUTINA
Villarrica,VIIRS375,VIIRS_NOAA21,2026-09-24 05:54:00+00:00,1.6883333333333332,1.9566666666666668,2.457777777777778,0.007,0.0,RUTINA
Villarrica,VIIRS,VIIRS_NOAA21_750,2026-09-24 05:54:00+00:00,1.6883333333333332,1.9566666666666668,2.457777777777778,0.0,0.0,RUTINA
Villarrica,VIIRS375,VIIRS_SNPP,2026-09-24 06:30:00+00:00,7.101388888888889,7.360555555555556,2.5980555555555553,0.083,0.0,RUTINA
Villarrica,VIIRS,VIIRS_NOAA20_750,2026-09-24 06:54:00+00:00,6.701388888888889,6.960555555555556,2.45,0.0,0.0,RUTINA
Villarrica,MODIS,MODIS_AQUA,2026-09-24 07:25:00+00:00,6.184722222222222,6.443888888888889,1.6813888888888888,0.0,0.0,RUTINA
Villarrica,VIIRS375,VIIRS_NOAA20,2026-09-24 06:54:00+00:00,16.424444444444443,16.979166666666668,2.6991666666666667,0.335,0.0,RUTINA
Villarrica,MODIS,MODIS_TERRA,2026-09-25 01:10:00+00:00,2.7444444444444445,3.1233333333333335,2.685,5.0,0.0,RUTINA
Villarrica,MODIS,MODIS_TERRA,2026-09-25 02:45:00+00:00,7.016944444444444,7.373333333333333,2.3519444444444444,5.0,0.0,RUTINA
Villarrica,VIIRS375,VIIRS_NOAA20,2026-09-25 04:54:00+00:00,4.866944444444444,5.223333333333334,3.2,0.049,0.0,RUTINA
Villarrica,VIIRS,VIIRS_NOAA20_750,2026-09-25 04:54:00+00:00,4.866944444444444,5.223333333333334,3.2,1.253,0.0,RUTINA
Villarrica,VIIRS375,VIIRS_NOAA21,2026-09-25 05:36:00+00:00,4.166944444444445,4.523333333333333,3.249722222222222,0.02,0.0,RUTINA
Villarrica,VIIRS,VIIRS_NOAA21_750,2026-09-25 05:36:00+00:00,4.166944444444445,4.523333333333333,3.249722222222222,0.0,0.0,RUTINA
Villarrica,VIIRS375,VIIRS_NOAA20,2026-09-25 06:36:00+00:00,3.1669444444444443,3.5233333333333334,4.501111111111111,0.033,0.0,RUTINA
Villarrica,VIIRS,VIIRS_NOAA20_750,2026-09-25 06:36:00+00:00,3.1669444444444443,3.5233333333333334,4.501111111111111,0.0,0.0,RUTINA
Villarrica,MODIS,MODIS_AQUA,2026-09-25 08:05:00+00:00,1.6836111111111112,2.04,2.0144444444444445,0.0,0.9,ALERTA_TERMICA
Villarrica,MODIS,MODIS_TERRA,2026-09-26 01:45:00+00:00,2.2847222222222223,2.5341666666666667,1.0986111111111112,5.0,0.0,RUTINA
Villarrica,VIIRS375,VIIRS_NOAA20,2026-09-26 04:36:00+00:00,4.907222222222222,5.292777777777777,2.4972222222222222,0.022,0.0,RUTINA
Villarrica,VIIRS,VIIRS_NOAA20_750,2026-09-26 04:36:00+00:00,4.907222222222222,5.292777777777777,2.2480555555555557,0.0,0.0,RUTINA
Villarrica,VIIRS375,VIIRS_NOAA21,2026-09-26 05:18:00+00:00,4.207222222222223,4.592777777777778,2.5483333333333333,0.324,0.0,RUTINA
Villarrica,VIIRS,VIIRS_NOAA21_750,2026-09-26 05:18:00+00:00,4.207222222222223,4.592777777777778,2.2983333333333333,0.0,0.0,RUTINA
Villarrica,VIIRS375,VIIRS_SNPP,2026-09-26 05:54:00+00:00,3.607222222222222,3.992777777777778,2.9483333333333333,0.076,0.16,FALSO_POSITIVO
Villarrica,VIIRS,VIIRS_SNPP_750,2026-09-26 05:54:00+00:00,3.607222222222222,3.992777777777778,2.9483333333333333,0.0,0.0,RUTINA
Villarrica,VIIRS375,VIIRS_NOAA20,2026-09-26 06:12:00+00:00,3.3072222222222223,3.6927777777777777,4.151111111111111,0.092,0.0,RUTINA
Villarrica,MODIS,MODIS_AQUA,2026-09-26 08:40:00+00:00,5.816944444444444,6.168055555555555,2.1819444444444445,5.0,0.0,RUTINA
Villarrica,MODIS,MODIS_TERRA,2026-09-27 02:25:00+00:00,1.7169444444444444,2.004166666666667,1.4333333333333333,5.0,0.0,RUTINA
Villarrica,VIIRS375,VIIRS_NOAA21,2026-09-27 05:00:00+00:00,5.245277777777778,5.585277777777778,2.346388888888889,0.051,0.0,RUTINA
Villarrica,VIIRS,VIIRS_NOAA21_750,2026-09-27 05:00:00+00:00,5.245277777777778,5.585277777777778,2.5975,0.0,0.0,RUTINA
Villarrica,VIIRS,VIIRS_SNPP_750,2026-09-27 05:36:00+00:00,4.645277777777777,4.985277777777778,2.7491666666666665,0.0,0.0,RUTINA
Villarrica,VIIRS375,VIIRS_NOAA20,2026-09-27 05:54:00+00:00,4.345277777777778,4.685277777777777,2.703333333333333,0.069,0.0,RUTINA
Villarrica,VIIRS,VIIRS_NOAA20_750,2026-09-27 05:54:00+00:00,4.345277777777778,4.685277777777777,2.9494444444444445,0.0,0.0,RUTINA
Villarrica,MODIS,MODIS_AQUA,2026-09-27 07:40:00+00:00,2.578611111111111,2.9186111111111113,2.183611111111111,5.0,0.0,RUTINA
Villarrica,VIIRS375,VIIRS_NOAA21,2026-09-27 06:42:00+00:00,8.575833333333334,8.9475,3.149722222222222,0.026,0.0,RUTINA
Villarrica,VIIRS,VIIRS_NOAA21_750,2026-09-27 06:42:00+00:00,8.575833333333334,8.9475,2.9077777777777776,0.0,0.0,RUTINA
Villarrica,MODIS,MODIS_TERRA,2026-09-28 01:25:00+00:00,9.490555555555556,9.954166666666667,4.434722222222222,36.609,0.0,RUTINA
Villarrica,VIIRS375,VIIRS_NOAA21,2026-09-28 04:42:00+00:00,6.207222222222223,6.670833333333333,2.397222222222222,0.057,0.0,RUTINA
Villarrica,VIIRS,VIIRS_NOAA21_750,2026-09-28 04:42:00+00:00,6.207222222222223,6.670833333333333,2.648888888888889,0.0,0.0,RUTINA
Villarrica,VIIRS375,VIIRS_NOAA20,2026-09-28 05:36:00+00:00,5.307222222222222,5.770833333333333,2.7483333333333335,0.066,0.0,RUTINA
Villarrica,VIIRS,VIIRS_NOAA20_750,2026-09-28 05:36:00+00:00,5.307222222222222,5.770833333333333,3.001388888888889,0.0,0.0,RUTINA
Villarrica,VIIRS375,VIIRS_SNPP,2026-09-28 07:00:00+00:00,3.9072222222222224,4.370833333333334,5.350833333333333,0.079,0.0,RUTINA
Villarrica,VIIRS,VIIRS_SNPP_750,2026-09-28 07:00:00+00:00,3.9072222222222224,4.370833333333334,5.350833333333333,0.0,0.0,RUTINA
Villarrica,MODIS,MODIS_AQUA,2026-09-28 08:20:00+00:00,2.573888888888889,3.0375,2.265833333333333,42.603,0.0,RUTINA
Villarrica,VIIRS375,VIIRS_NOAA21,2026-09-28 06:24:00+00:00,13.253333333333334,13.6475,3.707777777777778,0.053,0.0,RUTINA
Villarrica,VIIRS,VIIRS_NOAA21_750,2026-09-28 06:24:00+00:00,13.253333333333334,13.6475,3.707777777777778,0.0,0.0,RUTINA
Villarrica,MODIS,MODIS_TERRA,2026-09-29 02:05:00+00:00,12.926666666666666,13.2625,1.2686111111111111,5.349,0.0,RUTINA
Villarrica,VIIRS375,VIIRS_NOAA20,2026-09-29 05:18:00+00:00,9.71,10.045833333333333,3.733611111111111,0.034,0.0,RUTINA
Villarrica,VIIRS,VIIRS_NOAA20_750,2026-09-29 05:18:00+00:00,9.71,10.045833333333333,3.733611111111111,0.0,0.0,RUTINA
Villarrica,VIIRS375,VIIRS_NOAA21,2026-09-29 06:00:00+00:00,9.01,9.345833333333333,3.848333333333333,0.026,0.0,RUTINA
Villarrica,VIIRS,VIIRS_NOAA21_750,2026-09-29 06:00:00+00:00,9.01,9.345833333333333,4.098333333333334,0.0,0.0,RUTINA
Villarrica,VIIRS375,VIIRS_NOAA20,2026-09-29 07:00:00+00:00,8.01,8.345833333333333,4.598333333333334,0.0,0.0,RUTINA
Villarrica,VIIRS,VIIRS_NOAA20_750,2026-09-29 07:00:00+00:00,8.01,8.345833333333333,4.598333333333334,0.0,0.0,RUTINA
Villarrica,MODIS,MODIS_AQUA,2026-09-29 07:20:00+00:00,7.676666666666667,8.0125,1.7005555555555556,24.468,0.0,RUTINA
Villarrica,MODIS,MODIS_TERRA,2026-09-30 01:05:00+00:00,7.328333333333333,7.721666666666667,1.2655555555555555,5.0,0.0,RUTINA
Villarrica,VIIRS375,VIIRS_NOAA20,2026-09-30 05:00:00+00:00,3.4116666666666666,3.805,2.3494444444444444,0.193,0.0,RUTINA
Villarrica,VIIRS,VIIRS_NOAA20_750,2026-09-30 05:00:00+00:00,3.4116666666666666,3.805,2.3494444444444444,0.527,0.0,RUTINA
Villarrica,VIIRS375,VIIRS_NOAA21,2026-09-30 05:42:00+00:00,2.7116666666666664,3.105,2.4097222222222223,0.017,0.0,RUTINA
Villarrica,VIIRS,VIIRS_NOAA21_750,2026-09-30 05:42:00+00:00,2.7116666666666664,3.105,2.1494444444444443,0.0,0.0,RUTINA
Villarrica,MODIS,MODIS_TERRA,2026-09-30 02:45:00+00:00,13.814722222222223,14.320833333333333,2.348333333333333,5.0,0.0,RUTINA
Villarrica,VIIRS375,VIIRS_NOAA20,2026-09-30 06:42:00+00:00,9.864722222222222,10.370833333333334,2.6558333333333333,0.122,0.0,RUTINA
Villarrica,VIIRS,VIIRS_NOAA20_750,2026-09-30 06:42:00+00:00,9.864722222222222,10.370833333333334,2.6558333333333333,0.0,0.0,RUTINA
Villarrica,MODIS,MODIS_AQUA,2026-09-30 07:55:00+00:00,8.648055555555555,9.154166666666667,2.1830555555555557,0.0,0.0,RUTINA
Villarrica,MODIS,MODIS_TERRA,2026-10-01 01:45:00+00:00,6.972777777777778,7.296666666666667,1.1005555555555555,45.827,0.0,RUTINA
Villarrica,VIIRS375,VIIRS_NOAA20,2026-10-01 04:42:00+00:00,4.022777777777778,4.346666666666667,7.404166666666667,0.023,0.0,RUTINA
Villarrica,VIIRS,VIIRS_NOAA20_750,2026-10-01 04:42:00+00:00,4.022777777777778,4.346666666666667,6.400555555555556,0.0,0.0,RUTINA
Villarrica,VIIRS375,VIIRS_NOAA20,2026-10-01 06:18:00+00:00,2.4227777777777777,2.7466666666666666,6.5488888888888885,0.082,0.0,RUTINA
Villarrica,VIIRS,VIIRS_NOAA20_750,2026-10-01 06:18:00+00:00,2.4227777777777777,2.7466666666666666,5.804166666666666,0.0,0.0,RUTINA
Villarrica,MODIS,MODIS_AQUA,2026-10-01 08:35:00+00:00,8.644444444444444,9.176944444444445,2.2675,34.227,0.0,RUTINA
Villarrica,VIIRS375,VIIRS_NOAA21,2026-10-02 05:06:00+00:00,7.100833333333333,7.535555555555556,4.9975,0.111,0.0,RUTINA
Villarrica,VIIRS,VIIRS_NOAA21_750,2026-10-02 05:06:00+00:00,7.100833333333333,7.535555555555556,2.9972222222222222,0.0,0.0,RUTINA
Villarrica,VIIRS375,VIIRS_NOAA20,2026-10-02 06:00:00+00:00,6.200833333333334,6.635555555555555,6.027777777777778,0.027,0.0,RUTINA
Villarrica,VIIRS,VIIRS_NOAA20_750,2026-10-02 06:00:00+00:00,6.200833333333334,6.635555555555555,3.0991666666666666,0.0,0.0,RUTINA
Villarrica,VIIRS375,VIIRS_NOAA21,2026-10-02 06:48:00+00:00,5.400833333333333,5.835555555555556,6.060277777777777,0.0,0.0,RUTINA
Villarrica,VIIRS,VIIRS_NOAA21_750,2026-10-02 06:48:00+00:00,5.400833333333333,5.835555555555556,3.2975,0.0,0.0,RUTINA
Villarrica,MODIS,MODIS_AQUA,2026-10-02 07:35:00+00:00,4.6175,5.052222222222222,2.5147222222222223,5.0,0.0,RUTINA
