timestamp,Fecha_Satelite_UTC,Fecha_Captura_Chile,Volcan,Sensor,VRP_MW,Distancia_km,Tipo_Registro,Clasificacion Mirova,Ruta Foto,Fecha_Proceso_GitHub,Ultima_Actualizacion,Editado
1791462600,2026-10-08 12:30:00,2026-10-08 09:30:00,Chaiten,MODIS,0.0,0.0,RUTINA,NULO,No descargada,2026-10-08 10:36:02,2026-10-08 15:10:59,NO
1791462300,2026-10-08 12:25:00,2026-10-08 09:25:00,Llaima,MODIS,0.0,0.0,RUTINA,NULO,No descargada,2026-10-08 10:36:02,2026-10-08 15:10:59,NO
1791462300,2026-10-08 12:25:00,2026-10-08 09:25:00,Tupungatito,MODIS,0.0,0.0,RUTINA,NULO,No descargada,2026-10-08 10:36:02,2026-10-08 15:10:59,NO
1791462300,2026-10-08 12:25:00,2026-10-08 09:25:00,PlanchonPeteroa,MODIS,0.0,0.0,RUTINA,NULO,No descargada,2026-10-08 10:36:02,2026-10-08 15:10:59,NO
1791462300,2026-10-08 12:25:00,2026-10-08 09:25:00,Lastarria,MODIS,0.0,0.0,RUTINA,NULO,No descargada,2026-10-08 10:36:02,2026-10-08 15:10:59,NO
1791462300,2026-10-08 12:25:00,2026-10-08 09:25:00,Puyehue-Cordon Caulle,MODIS,0.0,0.0,RUTINA,NULO,No descargada,2026-10-08 10:36:02,2026-10-08 15:10:59,NO
1791462300,2026-10-08 12:25:00,2026-10-08 09:25:00,Villarrica,MODIS,0.0,0.0,RUTINA,NULO,No descargada,2026-10-08 10:36:02,2026-10-08 15:10:59,NO
1791462300,2026-10-08 12:25:00,2026-10-08 09:25:00,Copahue,MODIS,0.0,0.0,RUTINA,NULO,No descargada,2026-10-08 10:36:02,2026-10-08 15:10:59,NO
1791462300,2026-10-08 12:25:00,2026-10-08 09:25:00,Nevados de Chillan,MODIS,0.0,0.0,RUTINA,NULO,No descargada,2026-10-08 10:36:02,2026-10-08 15:10:59,NO
1791462000,2026-10-08 12:20:00,2026-10-08 09:20:00,Isluga,MODIS,0.0,0.0,RUTINA,NULO,No descargada,2026-10-08 10:36:02,2026-10-08 15:10:59,NO
1791462000,2026-10-08 12:20:00,2026-10-08 09:20:00,Lascar,MODIS,0.0,0.0,RUTINA,NULO,No descargada,2026-10-08 10:36:02,2026-10-08 15:10:59,NO
1791446700,2026-10-08 08:05:00,2026-10-08 05:05:00,Tupungatito,MODIS,0.0,0.0,RUTINA,NULO,No descargada,2026-10-08 07:50:58,2026-10-08 10:31:06,NO
1791446700,2026-10-08 08:05:00,2026-10-08 05:05:00,Chaiten,MODIS,0.0,0.0,RUTINA,NULO,No descargada,2026-10-08 07:50:58,2026-10-08 10:31:06,NO
1791446700,2026-10-08 08:05:00,2026-10-08 05:05:00,Copahue,MODIS,0.0,0.0,RUTINA,NULO,No descargada,2026-10-08 07:50:58,2026-10-08 10:31:06,NO
1791446700,2026-10-08 08:05:00,2026-10-08 05:05:00,Llaima,MODIS,0.0,0.0,RUTINA,NULO,No descargada,2026-10-08 07:50:58,2026-10-08 10:31:06,NO
1791446700,2026-10-08 08:05:00,2026-10-08 05:05:00,Nevados de Chillan,MODIS,0.0,0.0,RUTINA,NULO,No descargada,2026-10-08 07:50:58,2026-10-08 10:31:06,NO
1791446700,2026-10-08 08:05:00,2026-10-08 05:05:00,Villarrica,MODIS,0.0,0.0,RUTINA,NULO,No descargada,2026-10-08 07:50:58,2026-10-08 10:31:06,NO
1791446700,2026-10-08 08:05:00,2026-10-08 05:05:00,Puyehue-Cordon Caulle,MODIS,0.0,0.0,RUTINA,NULO,No descargada,2026-10-08 07:50:58,2026-10-08 10:31:06,NO
1791446700,2026-10-08 08:05:00,2026-10-08 05:05:00,PlanchonPeteroa,MODIS,0.0,0.0,RUTINA,NULO,No descargada,2026-10-08 07:50:58,2026-10-08 10:31:06,NO
1791446400,2026-10-08 08:00:00,2026-10-08 05:00:00,Lastarria,MODIS,0.0,0.0,RUTINA,NULO,No descargada,2026-10-08 07:50:58,2026-10-08 10:31:06,NO
1791446400,2026-10-08 08:00:00,2026-10-08 05:00:00,Lascar,MODIS,0.29,1.0,ALERTA_TERMICA,Muy Bajo,imagenes_satelitales/Lascar/2026-10-08/08-00-00_Lascar_MODIS_Latest.png,2026-10-08 07:50:58,2026-10-08 10:31:06,NO
1791446400,2026-10-08 08:00:00,2026-10-08 05:00:00,Isluga,MODIS,0.0,0.0,RUTINA,NULO,No descargada,2026-10-08 07:50:58,2026-10-08 10:31:06,NO
1791441362,2026-10-08 06:36:02,2026-10-08 03:36:02,Llaima,VIIRS375,0.0,0.0,RUTINA,NULO,No descargada,2026-10-08 06:36:00,2026-10-08 15:10:59,NO
1791441362,2026-10-08 06:36:02,2026-10-08 03:36:02,Copahue,VIIRS375,0.0,0.0,RUTINA,NULO,No descargada,2026-10-08 06:36:00,2026-10-08 15:10:59,NO
1791441362,2026-10-08 06:36:02,2026-10-08 03:36:02,Llaima,VIIRS,0.0,0.0,RUTINA,NULO,No descargada,2026-10-08 06:36:00,2026-10-08 15:10:59,NO
1791441362,2026-10-08 06:36:02,2026-10-08 03:36:02,Puyehue-Cordon Caulle,VIIRS,0.0,0.0,RUTINA,NULO,No descargada,2026-10-08 06:36:00,2026-10-08 15:10:59,NO
1791441362,2026-10-08 06:36:02,2026-10-08 03:36:02,Puyehue-Cordon Caulle,VIIRS375,0.0,0.0,RUTINA,NULO,No descargada,2026-10-08 06:36:00,2026-10-08 15:10:59,NO
1791441362,2026-10-08 06:36:02,2026-10-08 03:36:02,Villarrica,VIIRS375,0.0,0.0,RUTINA,NULO,No descargada,2026-10-08 06:36:00,2026-10-08 15:10:59,NO
1791441362,2026-10-08 06:36:02,2026-10-08 03:36:02,Villarrica,VIIRS,0.0,0.0,RUTINA,NULO,No descargada,2026-10-08 06:36:00,2026-10-08 15:10:59,NO
1791441362,2026-10-08 06:36:02,2026-10-08 03:36:02,Chaiten,VIIRS,0.0,0.0,RUTINA,NULO,No descargada,2026-10-08 06:36:00,2026-10-08 15:10:59,NO
1791441362,2026-10-08 06:36:02,2026-10-08 03:36:02,Chaiten,VIIRS375,0.0,0.0,RUTINA,NULO,No descargada,2026-10-08 06:36:00,2026-10-08 15:10:59,NO
1791441362,2026-10-08 06:36:02,2026-10-08 03:36:02,Copahue,VIIRS,0.0,0.0,RUTINA,NULO,No descargada,2026-10-08 06:36:00,2026-10-08 15:10:59,NO
1791441002,2026-10-08 06:30:02,2026-10-08 03:30:02,Lastarria,VIIRS375,0.0,0.0,RUTINA,NULO,No descargada,2026-10-08 06:36:00,2026-10-08 15:10:59,NO
1791441002,2026-10-08 06:30:02,2026-10-08 03:30:02,Lascar,VIIRS375,0.0,0.0,RUTINA,NULO,No descargada,2026-10-08 06:36:00,2026-10-08 15:10:59,NO
1791441002,2026-10-08 06:30:02,2026-10-08 03:30:02,Tupungatito,VIIRS,0.0,0.0,RUTINA,NULO,No descargada,2026-10-08 06:36:00,2026-10-08 15:10:59,NO
1791441002,2026-10-08 06:30:02,2026-10-08 03:30:02,Tupungatito,VIIRS375,0.0,0.0,RUTINA,NULO,No descargada,2026-10-08 06:36:00,2026-10-08 15:10:59,NO
1791441002,2026-10-08 06:30:02,2026-10-08 03:30:02,PlanchonPeteroa,VIIRS,0.0,0.0,RUTINA,NULO,No descargada,2026-10-08 06:36:00,2026-10-08 15:10:59,NO
1791441002,2026-10-08 06:30:02,2026-10-08 03:30:02,Isluga,VIIRS,0.0,0.0,RUTINA,NULO,No descargada,2026-10-08 06:36:00,2026-10-08 15:10:59,NO
1791441002,2026-10-08 06:30:02,2026-10-08 03:30:02,Lascar,VIIRS,0.0,0.0,RUTINA,NULO,No descargada,2026-10-08 06:36:00,2026-10-08 15:10:59,NO
1791441002,2026-10-08 06:30:02,2026-10-08 03:30:02,PlanchonPeteroa,VIIRS375,0.0,0.0,RUTINA,NULO,No descargada,2026-10-08 06:36:00,2026-10-08 15:10:59,NO
1791441002,2026-10-08 06:30:02,2026-10-08 03:30:02,Isluga,VIIRS375,0.0,0.0,RUTINA,NULO,No descargada,2026-10-08 06:36:00,2026-10-08 15:10:59,NO
1791441002,2026-10-08 06:30:02,2026-10-08 03:30:02,Lastarria,VIIRS,0.0,0.0,RUTINA,NULO,No descargada,2026-10-08 06:36:00,2026-10-08 15:10:59,NO
1791438481,2026-10-08 05:48:01,2026-10-08 02:48:01,Puyehue-Cordon Caulle,VIIRS,0.0,0.0,RUTINA,NULO,No descargada,2026-10-08 06:01:46,2026-10-08 06:31:01,NO
1791438481,2026-10-08 05:48:01,2026-10-08 02:48:01,Llaima,VIIRS375,0.0,0.0,RUTINA,NULO,No descargada,2026-10-08 06:01:46,2026-10-08 06:31:01,NO
1791438481,2026-10-08 05:48:01,2026-10-08 02:48:01,PlanchonPeteroa,VIIRS375,0.0,0.0,RUTINA,NULO,No descargada,2026-10-08 05:35:56,2026-10-08 06:31:01,NO
1791438481,2026-10-08 05:48:01,2026-10-08 02:48:01,Nevados de Chillan,VIIRS,0.0,0.0,RUTINA,NULO,No descargada,2026-10-08 06:01:46,2026-10-08 15:10:59,NO
1791438481,2026-10-08 05:48:01,2026-10-08 02:48:01,Villarrica,VIIRS375,0.0,0.0,RUTINA,NULO,No descargada,2026-10-08 06:01:46,2026-10-08 06:31:01,NO
1791438481,2026-10-08 05:48:01,2026-10-08 02:48:01,Puyehue-Cordon Caulle,VIIRS375,0.0,0.0,RUTINA,NULO,No descargada,2026-10-08 06:01:46,2026-10-08 06:31:01,NO
1791438481,2026-10-08 05:48:01,2026-10-08 02:48:01,Chaiten,VIIRS,0.0,0.0,RUTINA,NULO,No descargada,2026-10-08 06:01:46,2026-10-08 06:31:01,NO
1791438481,2026-10-08 05:48:01,2026-10-08 02:48:01,Tupungatito,VIIRS375,0.05,5.21,ALERTA_TERMICA,Muy Bajo,imagenes_satelitales/Tupungatito/2026-10-08/05-48-01_Tupungatito_VIIRS375_Latest.png,2026-10-08 06:01:46,2026-10-08 06:31:01,NO
1791438481,2026-10-08 05:48:01,2026-10-08 02:48:01,Llaima,VIIRS,0.0,0.0,RUTINA,NULO,No descargada,2026-10-08 06:01:46,2026-10-08 06:31:01,NO
1791438481,2026-10-08 05:48:01,2026-10-08 02:48:01,Copahue,VIIRS375,0.0,0.0,RUTINA,NULO,No descargada,2026-10-08 06:01:46,2026-10-08 06:31:01,NO
1791438481,2026-10-08 05:48:01,2026-10-08 02:48:01,Lastarria,VIIRS,0.0,0.0,RUTINA,NULO,No descargada,2026-10-08 06:01:46,2026-10-08 06:31:01,NO
1791438481,2026-10-08 05:48:01,2026-10-08 02:48:01,Lastarria,VIIRS375,0.0,0.0,RUTINA,NULO,No descargada,2026-10-08 05:35:56,2026-10-08 06:31:01,NO
1791438481,2026-10-08 05:48:01,2026-10-08 02:48:01,Chaiten,VIIRS375,0.15,0.38,ALERTA_TERMICA,Muy Bajo,imagenes_satelitales/Chaiten/2026-10-08/05-48-01_Chaiten_VIIRS375_Latest.png,2026-10-08 06:01:46,2026-10-08 06:31:01,NO
1791438481,2026-10-08 05:48:01,2026-10-08 02:48:01,Villarrica,VIIRS,0.0,0.0,RUTINA,NULO,No descargada,2026-10-08 06:01:46,2026-10-08 06:31:01,NO
1791438481,2026-10-08 05:48:01,2026-10-08 02:48:01,Copahue,VIIRS,0.0,0.0,RUTINA,NULO,No descargada,2026-10-08 06:01:46,2026-10-08 06:31:01,NO
1791438481,2026-10-08 05:48:01,2026-10-08 02:48:01,PlanchonPeteroa,VIIRS,0.0,0.0,RUTINA,NULO,No descargada,2026-10-08 06:01:46,2026-10-08 06:31:01,NO
1791438481,2026-10-08 05:48:01,2026-10-08 02:48:01,Nevados de Chillan,VIIRS375,0.82,0.38,ALERTA_TERMICA,Muy Bajo,imagenes_satelitales/Nevados_de_Chillan/2026-10-08/05-48-01_Nevados_de_Chillan_VIIRS375_Latest.png,2026-10-08 06:01:46,2026-10-08 15:10:59,NO
1791438481,2026-10-08 05:48:01,2026-10-08 02:48:01,Tupungatito,VIIRS,0.0,0.0,RUTINA,NULO,No descargada,2026-10-08 06:01:46,2026-10-08 06:31:01,NO
1791438121,2026-10-08 05:42:01,2026-10-08 02:42:01,Lascar,VIIRS375,0.19,1.19,ALERTA_TERMICA,Muy Bajo,imagenes_satelitales/Lascar/2026-10-08/05-42-01_Lascar_VIIRS375_Latest.png,2026-10-08 05:35:56,2026-10-08 06:31:01,NO
1791438121,2026-10-08 05:42:01,2026-10-08 02:42:01,Isluga,VIIRS,0.0,0.0,RUTINA,NULO,No descargada,2026-10-08 06:01:46,2026-10-08 06:31:01,NO
1791438121,2026-10-08 05:42:01,2026-10-08 02:42:01,Isluga,VIIRS375,0.23,0.84,ALERTA_TERMICA,Muy Bajo,imagenes_satelitales/Isluga/2026-10-08/05-42-01_Isluga_VIIRS375_Latest.png,2026-10-08 05:35:56,2026-10-08 06:31:01,NO
1791438121,2026-10-08 05:42:01,2026-10-08 02:42:01,Lascar,VIIRS,0.36,0.75,ALERTA_TERMICA,Muy Bajo,imagenes_satelitales/Lascar/2026-10-08/05-42-01_Lascar_VIIRS750_Latest.png,2026-10-08 06:01:46,2026-10-08 06:31:01,NO
1791437400,2026-10-08 05:30:00,2026-10-08 02:30:00,Villarrica,VIIRS,0.0,0.0,RUTINA,NULO,No descargada,2026-10-08 05:20:58,2026-10-08 05:55:58,NO
1791437400,2026-10-08 05:30:00,2026-10-08 02:30:00,Villarrica,VIIRS375,0.0,0.0,RUTINA,NULO,No descargada,2026-10-08 05:20:58,2026-10-08 05:55:58,NO
1791437400,2026-10-08 05:30:00,2026-10-08 02:30:00,Puyehue-Cordon Caulle,VIIRS,0.0,0.0,RUTINA,NULO,No descargada,2026-10-08 05:20:58,2026-10-08 05:55:58,NO
1791437400,2026-10-08 05:30:00,2026-10-08 02:30:00,Llaima,VIIRS375,0.0,0.0,RUTINA,NULO,No descargada,2026-10-08 05:20:58,2026-10-08 05:55:58,NO
1791437400,2026-10-08 05:30:00,2026-10-08 02:30:00,PlanchonPeteroa,VIIRS375,0.0,0.0,RUTINA,NULO,No descargada,2026-10-08 05:20:58,2026-10-08 05:31:03,NO
1791437400,2026-10-08 05:30:00,2026-10-08 02:30:00,Copahue,VIIRS,0.0,0.0,RUTINA,NULO,No descargada,2026-10-08 05:20:58,2026-10-08 05:55:58,NO
1791437400,2026-10-08 05:30:00,2026-10-08 02:30:00,Tupungatito,VIIRS,0.0,0.0,RUTINA,NULO,No descargada,2026-10-08 05:20:58,2026-10-08 05:55:58,NO
1791437400,2026-10-08 05:30:00,2026-10-08 02:30:00,Chaiten,VIIRS,0.0,0.0,RUTINA,NULO,No descargada,2026-10-08 05:20:58,2026-10-08 05:55:58,NO
1791437400,2026-10-08 05:30:00,2026-10-08 02:30:00,PlanchonPeteroa,VIIRS,0.0,0.0,RUTINA,NULO,No descargada,2026-10-08 05:20:58,2026-10-08 05:55:58,NO
1791437400,2026-10-08 05:30:00,2026-10-08 02:30:00,Puyehue-Cordon Caulle,VIIRS375,0.0,0.0,RUTINA,NULO,No descargada,2026-10-08 05:20:58,2026-10-08 05:55:58,NO
1791437400,2026-10-08 05:30:00,2026-10-08 02:30:00,Copahue,VIIRS375,0.3,21.85,FALSO_POSITIVO,NULO,No descargada,2026-10-08 05:20:58,2026-10-08 05:55:58,NO
1791437400,2026-10-08 05:30:00,2026-10-08 02:30:00,Nevados de Chillan,VIIRS,0.0,0.0,RUTINA,NULO,No descargada,2026-10-08 05:20:58,2026-10-08 05:55:58,NO
1791437400,2026-10-08 05:30:00,2026-10-08 02:30:00,Tupungatito,VIIRS375,0.0,0.0,RUTINA,NULO,No descargada,2026-10-08 05:20:58,2026-10-08 05:55:58,NO
1791437400,2026-10-08 05:30:00,2026-10-08 02:30:00,Chaiten,VIIRS375,0.06,0.0,ALERTA_TERMICA,Muy Bajo,imagenes_satelitales/Chaiten/2026-10-08/05-30-00_Chaiten_VIIRS375_Latest.png,2026-10-08 05:20:58,2026-10-08 05:55:58,NO
1791437400,2026-10-08 05:30:00,2026-10-08 02:30:00,Nevados de Chillan,VIIRS375,0.0,0.0,RUTINA,NULO,No descargada,2026-10-08 05:20:58,2026-10-08 05:55:58,NO
1791437400,2026-10-08 05:30:00,2026-10-08 02:30:00,Llaima,VIIRS,0.0,0.0,RUTINA,NULO,No descargada,2026-10-08 05:20:58,2026-10-08 05:55:58,NO
1791437040,2026-10-08 05:24:00,2026-10-08 02:24:00,Isluga,VIIRS,0.0,0.0,RUTINA,NULO,No descargada,2026-10-08 05:20:58,2026-10-08 05:55:58,NO
1791437040,2026-10-08 05:24:00,2026-10-08 02:24:00,Lascar,VIIRS,0.0,0.0,RUTINA,NULO,No descargada,2026-10-08 05:20:58,2026-10-08 05:55:58,NO
1791437040,2026-10-08 05:24:00,2026-10-08 02:24:00,Lastarria,VIIRS,0.0,0.0,RUTINA,NULO,No descargada,2026-10-08 05:20:58,2026-10-08 05:55:58,NO
1791435242,2026-10-08 04:54:02,2026-10-08 01:54:02,Chaiten,VIIRS375,0.0,0.0,RUTINA,NULO,No descargada,2026-10-08 03:50:55,2026-10-08 05:16:03,NO
1791435242,2026-10-08 04:54:02,2026-10-08 01:54:02,PlanchonPeteroa,VIIRS375,0.0,0.0,RUTINA,NULO,No descargada,2026-10-08 03:50:55,2026-10-08 05:16:03,NO
1791435242,2026-10-08 04:54:02,2026-10-08 01:54:02,Copahue,VIIRS,0.0,0.0,RUTINA,NULO,No descargada,2026-10-08 04:36:01,2026-10-08 05:16:03,NO
1791435242,2026-10-08 04:54:02,2026-10-08 01:54:02,Villarrica,VIIRS375,0.0,0.0,RUTINA,NULO,No descargada,2026-10-08 03:50:55,2026-10-08 05:16:03,NO
1791435242,2026-10-08 04:54:02,2026-10-08 01:54:02,PlanchonPeteroa,VIIRS,0.0,0.0,RUTINA,NULO,No descargada,2026-10-08 04:36:01,2026-10-08 05:16:03,NO
1791435242,2026-10-08 04:54:02,2026-10-08 01:54:02,Copahue,VIIRS375,0.0,0.0,RUTINA,NULO,No descargada,2026-10-08 03:50:55,2026-10-08 05:16:03,NO
1791435242,2026-10-08 04:54:02,2026-10-08 01:54:02,Villarrica,VIIRS,0.0,0.0,RUTINA,NULO,No descargada,2026-10-08 04:36:01,2026-10-08 05:16:03,NO
1791435242,2026-10-08 04:54:02,2026-10-08 01:54:02,Puyehue-Cordon Caulle,VIIRS,0.0,0.0,RUTINA,NULO,No descargada,2026-10-08 04:36:01,2026-10-08 05:16:03,NO
1791435242,2026-10-08 04:54:02,2026-10-08 01:54:02,Tupungatito,VIIRS,0.0,0.0,RUTINA,NULO,No descargada,2026-10-08 04:36:01,2026-10-08 05:16:03,NO
1791435242,2026-10-08 04:54:02,2026-10-08 01:54:02,Nevados de Chillan,VIIRS375,0.0,0.0,RUTINA,NULO,No descargada,2026-10-08 03:50:55,2026-10-08 05:16:03,NO
1791435242,2026-10-08 04:54:02,2026-10-08 01:54:02,Llaima,VIIRS375,0.0,0.0,RUTINA,NULO,No descargada,2026-10-08 03:50:55,2026-10-08 05:16:03,NO
1791435242,2026-10-08 04:54:02,2026-10-08 01:54:02,Llaima,VIIRS,0.0,0.0,RUTINA,NULO,No descargada,2026-10-08 04:36:01,2026-10-08 05:16:03,NO
1791435242,2026-10-08 04:54:02,2026-10-08 01:54:02,Nevados de Chillan,VIIRS,0.0,0.0,RUTINA,NULO,No descargada,2026-10-08 04:36:01,2026-10-08 05:16:03,NO
1791435242,2026-10-08 04:54:02,2026-10-08 01:54:02,Puyehue-Cordon Caulle,VIIRS375,0.0,0.0,RUTINA,NULO,No descargada,2026-10-08 03:50:55,2026-10-08 05:16:03,NO
1791435242,2026-10-08 04:54:02,2026-10-08 01:54:02,Chaiten,VIIRS,0.0,0.0,RUTINA,NULO,No descargada,2026-10-08 04:36:01,2026-10-08 05:16:03,NO
1791435242,2026-10-08 04:54:02,2026-10-08 01:54:02,Tupungatito,VIIRS375,0.0,0.0,RUTINA,NULO,No descargada,2026-10-08 03:50:55,2026-10-08 05:16:03,NO
1791434882,2026-10-08 04:48:02,2026-10-08 01:48:02,Isluga,VIIRS,0.0,0.0,RUTINA,NULO,No descargada,2026-10-08 04:36:01,2026-10-08 05:16:03,NO
1791434882,2026-10-08 04:48:02,2026-10-08 01:48:02,Lascar,VIIRS,0.0,0.0,RUTINA,NULO,No descargada,2026-10-08 04:36:01,2026-10-08 05:16:03,NO
1791434882,2026-10-08 04:48:02,2026-10-08 01:48:02,Lastarria,VIIRS,0.0,0.0,RUTINA,NULO,No descargada,2026-10-08 04:36:01,2026-10-08 05:16:03,NO
1791434882,2026-10-08 04:48:02,2026-10-08 01:48:02,Isluga,VIIRS375,0.0,0.0,RUTINA,NULO,No descargada,2026-10-08 03:50:55,2026-10-08 05:31:03,NO
1791434882,2026-10-08 04:48:02,2026-10-08 01:48:02,Lastarria,VIIRS375,0.0,0.0,RUTINA,NULO,No descargada,2026-10-08 03:50:55,2026-10-08 05:31:03,NO
1791434882,2026-10-08 04:48:02,2026-10-08 01:48:02,Lascar,VIIRS375,0.09,1.19,ALERTA_TERMICA,Muy Bajo,imagenes_satelitales/Lascar/2026-10-08/04-48-02_Lascar_VIIRS375_Latest.png,2026-10-08 03:50:55,2026-10-08 05:31:03,NO
1791422700,2026-10-08 01:25:00,2026-10-07 22:25:00,Villarrica,MODIS,0.0,0.0,RUTINA,NULO,No descargada,2026-10-08 06:36:00,2026-10-08 07:46:07,NO
1791422700,2026-10-08 01:25:00,2026-10-07 22:25:00,Copahue,MODIS,0.0,0.0,RUTINA,NULO,No descargada,2026-10-08 06:36:00,2026-10-08 07:46:07,NO
1791422700,2026-10-08 01:25:00,2026-10-07 22:25:00,Chaiten,MODIS,0.0,0.0,RUTINA,NULO,No descargada,2026-10-08 06:36:00,2026-10-08 07:46:07,NO
1791422700,2026-10-08 01:25:00,2026-10-07 22:25:00,Tupungatito,MODIS,0.0,0.0,RUTINA,NULO,No descargada,2026-10-08 06:36:00,2026-10-08 07:46:07,NO
1791422700,2026-10-08 01:25:00,2026-10-07 22:25:00,Llaima,MODIS,0.0,0.0,RUTINA,NULO,No descargada,2026-10-08 06:36:00,2026-10-08 07:46:07,NO
1791422700,2026-10-08 01:25:00,2026-10-07 22:25:00,Puyehue-Cordon Caulle,MODIS,0.0,0.0,RUTINA,NULO,No descargada,2026-10-08 06:36:00,2026-10-08 07:46:07,NO
1791422700,2026-10-08 01:25:00,2026-10-07 22:25:00,PlanchonPeteroa,MODIS,0.0,0.0,RUTINA,NULO,No descargada,2026-10-08 06:36:00,2026-10-08 07:46:07,NO
1791422700,2026-10-08 01:25:00,2026-10-07 22:25:00,Nevados de Chillan,MODIS,0.0,0.0,RUTINA,NULO,No descargada,2026-10-08 06:36:00,2026-10-08 07:46:07,NO
1791407400,2026-10-07 21:10:00,2026-10-07 18:10:00,Isluga,MODIS,0.0,0.0,RUTINA,NULO,No descargada,2026-10-08 06:01:46,2026-10-08 07:46:07,NO
1791407100,2026-10-07 21:05:00,2026-10-07 18:05:00,Tupungatito,MODIS,0.0,0.0,RUTINA,NULO,No descargada,2026-10-08 06:01:46,2026-10-08 06:31:01,NO
1791407100,2026-10-07 21:05:00,2026-10-07 18:05:00,Copahue,MODIS,0.0,0.0,RUTINA,NULO,No descargada,2026-10-08 06:01:46,2026-10-08 06:31:01,NO
1791407100,2026-10-07 21:05:00,2026-10-07 18:05:00,Lastarria,MODIS,0.0,0.0,RUTINA,NULO,No descargada,2026-10-08 06:01:46,2026-10-08 07:46:07,NO
1791407100,2026-10-07 21:05:00,2026-10-07 18:05:00,Llaima,MODIS,0.0,0.0,RUTINA,NULO,No descargada,2026-10-08 06:01:46,2026-10-08 06:31:01,NO
1791407100,2026-10-07 21:05:00,2026-10-07 18:05:00,Nevados de Chillan,MODIS,0.0,0.0,RUTINA,NULO,No descargada,2026-10-08 06:01:46,2026-10-08 06:31:01,NO
1791407100,2026-10-07 21:05:00,2026-10-07 18:05:00,PlanchonPeteroa,MODIS,0.0,0.0,RUTINA,NULO,No descargada,2026-10-08 06:01:46,2026-10-08 06:31:01,NO
1791406800,2026-10-07 21:00:00,2026-10-07 18:00:00,Chaiten,MODIS,0.0,0.0,RUTINA,NULO,No descargada,2026-10-08 06:01:46,2026-10-08 06:31:01,NO
1791406800,2026-10-07 21:00:00,2026-10-07 18:00:00,Puyehue-Cordon Caulle,MODIS,0.0,0.0,RUTINA,NULO,No descargada,2026-10-08 06:01:46,2026-10-08 06:31:01,NO
1791403561,2026-10-07 20:06:01,2026-10-07 17:06:01,Chaiten,VIIRS375,0.0,0.0,RUTINA,NULO,No descargada,2026-10-07 19:36:13,2026-10-08 03:46:00,NO
1791403561,2026-10-07 20:06:01,2026-10-07 17:06:01,Chaiten,VIIRS,0.0,0.0,RUTINA,NULO,No descargada,2026-10-07 20:05:56,2026-10-08 04:31:08,NO
1791402480,2026-10-07 19:48:00,2026-10-07 16:48:00,Villarrica,VIIRS375,0.0,0.0,RUTINA,NULO,No descargada,2026-10-07 18:50:57,2026-10-08 03:46:00,NO
1791402480,2026-10-07 19:48:00,2026-10-07 16:48:00,Nevados de Chillan,VIIRS,0.0,0.0,RUTINA,NULO,No descargada,2026-10-07 20:20:55,2026-10-08 04:31:08,NO
1791402480,2026-10-07 19:48:00,2026-10-07 16:48:00,Puyehue-Cordon Caulle,VIIRS375,0.0,0.0,RUTINA,NULO,No descargada,2026-10-07 18:50:57,2026-10-08 03:46:00,NO
1791402480,2026-10-07 19:48:00,2026-10-07 16:48:00,Nevados de Chillan,VIIRS375,0.0,0.0,RUTINA,NULO,No descargada,2026-10-07 18:50:57,2026-10-08 03:46:00,NO
1791402480,2026-10-07 19:48:00,2026-10-07 16:48:00,PlanchonPeteroa,VIIRS375,0.0,0.0,RUTINA,NULO,No descargada,2026-10-07 18:50:57,2026-10-08 03:46:00,NO
1791402480,2026-10-07 19:48:00,2026-10-07 16:48:00,PlanchonPeteroa,VIIRS,0.0,0.0,RUTINA,NULO,No descargada,2026-10-07 20:20:55,2026-10-08 04:31:08,NO
1791402480,2026-10-07 19:48:00,2026-10-07 16:48:00,Puyehue-Cordon Caulle,VIIRS,0.0,0.0,RUTINA,NULO,No descargada,2026-10-07 20:20:55,2026-10-08 04:31:08,NO
1791402480,2026-10-07 19:48:00,2026-10-07 16:48:00,Copahue,VIIRS,0.0,0.0,RUTINA,NULO,No descargada,2026-10-07 20:20:55,2026-10-08 04:31:08,NO
1791402480,2026-10-07 19:48:00,2026-10-07 16:48:00,Llaima,VIIRS,0.0,0.0,RUTINA,NULO,No descargada,2026-10-07 20:20:55,2026-10-08 04:31:08,NO
1791402480,2026-10-07 19:48:00,2026-10-07 16:48:00,Villarrica,VIIRS,0.0,0.0,RUTINA,NULO,No descargada,2026-10-07 20:20:55,2026-10-08 04:31:08,NO
1791402480,2026-10-07 19:48:00,2026-10-07 16:48:00,Llaima,VIIRS375,0.0,0.0,RUTINA,NULO,No descargada,2026-10-07 18:50:57,2026-10-08 03:46:00,NO
1791402480,2026-10-07 19:48:00,2026-10-07 16:48:00,Copahue,VIIRS375,0.0,0.0,RUTINA,NULO,No descargada,2026-10-07 18:50:57,2026-10-08 03:46:00,NO
1791402480,2026-10-07 19:48:00,2026-10-07 16:48:00,Chaiten,VIIRS375,0.0,0.0,RUTINA,NULO,No descargada,2026-10-07 18:50:57,2026-10-07 19:31:10,NO
1791400322,2026-10-07 19:12:02,2026-10-07 16:12:02,Puyehue-Cordon Caulle,VIIRS375,0.0,0.0,RUTINA,NULO,No descargada,2026-10-07 18:20:56,2026-10-07 18:45:57,NO
1791400322,2026-10-07 19:12:02,2026-10-07 16:12:02,Villarrica,VIIRS,0.0,0.0,RUTINA,NULO,No descargada,2026-10-07 18:36:15,2026-10-07 20:15:57,NO
1791400322,2026-10-07 19:12:02,2026-10-07 16:12:02,PlanchonPeteroa,VIIRS375,0.0,0.0,RUTINA,NULO,No descargada,2026-10-07 18:20:56,2026-10-07 18:45:57,NO
1791400322,2026-10-07 19:12:02,2026-10-07 16:12:02,Tupungatito,VIIRS,0.0,0.0,RUTINA,NULO,No descargada,2026-10-07 18:36:15,2026-10-08 04:31:08,NO
1791400322,2026-10-07 19:12:02,2026-10-07 16:12:02,Puyehue-Cordon Caulle,VIIRS,0.0,0.0,RUTINA,NULO,No descargada,2026-10-07 18:36:15,2026-10-07 20:15:57,NO
1791400322,2026-10-07 19:12:02,2026-10-07 16:12:02,Copahue,VIIRS,0.0,0.0,RUTINA,NULO,No descargada,2026-10-07 18:36:15,2026-10-07 20:15:57,NO
1791400322,2026-10-07 19:12:02,2026-10-07 16:12:02,Nevados de Chillan,VIIRS375,0.0,0.0,RUTINA,NULO,No descargada,2026-10-07 18:20:56,2026-10-07 18:45:57,NO
1791400322,2026-10-07 19:12:02,2026-10-07 16:12:02,Chaiten,VIIRS375,0.0,0.0,RUTINA,NULO,No descargada,2026-10-07 18:20:56,2026-10-07 18:45:57,NO
1791400322,2026-10-07 19:12:02,2026-10-07 16:12:02,Nevados de Chillan,VIIRS,0.0,0.0,RUTINA,NULO,No descargada,2026-10-07 18:36:15,2026-10-07 20:15:57,NO
1791400322,2026-10-07 19:12:02,2026-10-07 16:12:02,Llaima,VIIRS375,0.0,0.0,RUTINA,NULO,No descargada,2026-10-07 18:20:56,2026-10-07 18:45:57,NO
1791400322,2026-10-07 19:12:02,2026-10-07 16:12:02,Copahue,VIIRS375,0.0,0.0,RUTINA,NULO,No descargada,2026-10-07 18:20:56,2026-10-07 18:45:57,NO
1791400322,2026-10-07 19:12:02,2026-10-07 16:12:02,Tupungatito,VIIRS375,0.0,0.0,RUTINA,NULO,No descargada,2026-10-07 18:20:56,2026-10-08 03:46:00,NO
1791400322,2026-10-07 19:12:02,2026-10-07 16:12:02,Villarrica,VIIRS375,0.0,0.0,RUTINA,NULO,No descargada,2026-10-07 18:20:56,2026-10-07 18:45:57,NO
1791400322,2026-10-07 19:12:02,2026-10-07 16:12:02,PlanchonPeteroa,VIIRS,0.0,0.0,RUTINA,NULO,No descargada,2026-10-07 18:36:15,2026-10-07 20:15:57,NO
1791400322,2026-10-07 19:12:02,2026-10-07 16:12:02,Llaima,VIIRS,0.0,0.0,RUTINA,NULO,No descargada,2026-10-07 18:36:15,2026-10-07 20:15:57,NO
1791400322,2026-10-07 19:12:02,2026-10-07 16:12:02,Chaiten,VIIRS,0.0,0.0,RUTINA,NULO,No descargada,2026-10-07 18:36:15,2026-10-07 20:01:06,NO
1791397801,2026-10-07 18:30:01,2026-10-07 15:30:01,Lastarria,VIIRS,0.0,0.0,RUTINA,NULO,No descargada,2026-10-07 20:05:56,2026-10-08 04:31:08,NO
1791397801,2026-10-07 18:30:01,2026-10-07 15:30:01,Lascar,VIIRS,0.0,0.0,RUTINA,NULO,No descargada,2026-10-07 20:05:56,2026-10-08 04:31:08,NO
1791397801,2026-10-07 18:30:01,2026-10-07 15:30:01,Lastarria,VIIRS375,0.0,0.0,RUTINA,NULO,No descargada,2026-10-07 19:05:54,2026-10-08 03:46:00,NO
1791397801,2026-10-07 18:30:01,2026-10-07 15:30:01,Isluga,VIIRS,0.0,0.0,RUTINA,NULO,No descargada,2026-10-07 20:05:56,2026-10-08 04:31:08,NO
1791397801,2026-10-07 18:30:01,2026-10-07 15:30:01,Isluga,VIIRS375,1.99,20.3,FALSO_POSITIVO,NULO,No descargada,2026-10-07 19:05:54,2026-10-08 03:46:00,NO
1791397801,2026-10-07 18:30:01,2026-10-07 15:30:01,Lascar,VIIRS375,0.0,0.0,RUTINA,NULO,No descargada,2026-10-07 19:05:54,2026-10-08 03:46:00,NO
1791396720,2026-10-07 18:12:00,2026-10-07 15:12:00,Isluga,VIIRS375,1.64,20.12,FALSO_POSITIVO,NULO,No descargada,2026-10-07 18:36:15,2026-10-07 19:00:57,NO
1791396720,2026-10-07 18:12:00,2026-10-07 15:12:00,Isluga,VIIRS,0.0,0.0,RUTINA,NULO,No descargada,2026-10-07 19:50:52,2026-10-07 20:01:06,NO
1791396720,2026-10-07 18:12:00,2026-10-07 15:12:00,Lascar,VIIRS375,0.0,0.0,RUTINA,NULO,No descargada,2026-10-07 18:36:15,2026-10-07 19:00:57,NO
1791396720,2026-10-07 18:12:00,2026-10-07 15:12:00,Lastarria,VIIRS375,0.0,0.0,RUTINA,NULO,No descargada,2026-10-07 18:36:15,2026-10-07 19:00:57,NO
1791396720,2026-10-07 18:12:00,2026-10-07 15:12:00,Lascar,VIIRS,0.0,0.0,RUTINA,NULO,No descargada,2026-10-07 19:50:52,2026-10-07 20:01:06,NO
1791396720,2026-10-07 18:12:00,2026-10-07 15:12:00,Lastarria,VIIRS,0.0,0.0,RUTINA,NULO,No descargada,2026-10-07 19:50:52,2026-10-07 20:01:06,NO
1791394562,2026-10-07 17:36:02,2026-10-07 14:36:02,Isluga,VIIRS,15.11,20.47,FALSO_POSITIVO,NULO,No descargada,2026-10-07 17:21:07,2026-10-07 19:46:09,NO
1791394562,2026-10-07 17:36:02,2026-10-07 14:36:02,Lascar,VIIRS,0.0,0.0,RUTINA,NULO,No descargada,2026-10-07 17:21:07,2026-10-07 19:46:09,NO
1791394562,2026-10-07 17:36:02,2026-10-07 14:36:02,Lastarria,VIIRS,0.0,0.0,RUTINA,NULO,No descargada,2026-10-07 17:21:07,2026-10-07 19:46:09,NO
1791394562,2026-10-07 17:36:02,2026-10-07 14:36:02,Isluga,VIIRS375,20.49,20.63,FALSO_POSITIVO,NULO,No descargada,2026-10-07 16:51:02,2026-10-07 18:30:59,NO
1791394562,2026-10-07 17:36:02,2026-10-07 14:36:02,Lastarria,VIIRS375,0.0,0.0,RUTINA,NULO,No descargada,2026-10-07 16:51:02,2026-10-07 18:30:59,NO
1791394562,2026-10-07 17:36:02,2026-10-07 14:36:02,Lascar,VIIRS375,0.0,0.0,RUTINA,NULO,No descargada,2026-10-07 16:51:02,2026-10-07 18:30:59,NO
1791394202,2026-10-07 17:30:02,2026-10-07 14:30:02,Puyehue-Cordon Caulle,VIIRS375,0.0,0.0,RUTINA,NULO,No descargada,2026-10-07 16:51:02,2026-10-07 18:15:58,NO
1791394202,2026-10-07 17:30:02,2026-10-07 14:30:02,Puyehue-Cordon Caulle,VIIRS,0.0,0.0,RUTINA,NULO,No descargada,2026-10-07 17:05:49,2026-10-07 18:30:59,NO
1791394202,2026-10-07 17:30:02,2026-10-07 14:30:02,PlanchonPeteroa,VIIRS375,0.0,0.0,RUTINA,NULO,No descargada,2026-10-07 16:51:02,2026-10-07 18:15:58,NO
1791394202,2026-10-07 17:30:02,2026-10-07 14:30:02,Llaima,VIIRS375,0.0,0.0,RUTINA,NULO,No descargada,2026-10-07 16:51:02,2026-10-07 18:15:58,NO
1791394202,2026-10-07 17:30:02,2026-10-07 14:30:02,Villarrica,VIIRS375,0.0,0.0,RUTINA,NULO,No descargada,2026-10-07 16:51:02,2026-10-07 18:15:58,NO
1791394202,2026-10-07 17:30:02,2026-10-07 14:30:02,Copahue,VIIRS,0.0,0.0,RUTINA,NULO,No descargada,2026-10-07 17:05:49,2026-10-07 18:30:59,NO
1791394202,2026-10-07 17:30:02,2026-10-07 14:30:02,Chaiten,VIIRS375,0.0,0.0,RUTINA,NULO,No descargada,2026-10-07 16:51:02,2026-10-07 18:15:58,NO
1791394202,2026-10-07 17:30:02,2026-10-07 14:30:02,Tupungatito,VIIRS,0.0,0.0,RUTINA,NULO,No descargada,2026-10-07 17:21:07,2026-10-07 18:30:59,NO
1791394202,2026-10-07 17:30:02,2026-10-07 14:30:02,Nevados de Chillan,VIIRS,0.0,0.0,RUTINA,NULO,No descargada,2026-10-07 17:05:49,2026-10-07 18:30:59,NO
1791394202,2026-10-07 17:30:02,2026-10-07 14:30:02,PlanchonPeteroa,VIIRS,0.0,0.0,RUTINA,NULO,No descargada,2026-10-07 17:05:49,2026-10-07 18:30:59,NO
1791394202,2026-10-07 17:30:02,2026-10-07 14:30:02,Copahue,VIIRS375,0.0,0.0,RUTINA,NULO,No descargada,2026-10-07 16:51:02,2026-10-07 18:15:58,NO
1791394202,2026-10-07 17:30:02,2026-10-07 14:30:02,Villarrica,VIIRS,0.0,0.0,RUTINA,NULO,No descargada,2026-10-07 17:05:49,2026-10-07 18:30:59,NO
1791394202,2026-10-07 17:30:02,2026-10-07 14:30:02,Llaima,VIIRS,0.0,0.0,RUTINA,NULO,No descargada,2026-10-07 17:05:49,2026-10-07 18:30:59,NO
1791394202,2026-10-07 17:30:02,2026-10-07 14:30:02,Chaiten,VIIRS,0.0,0.0,RUTINA,NULO,No descargada,2026-10-07 17:21:07,2026-10-07 18:30:59,NO
1791394202,2026-10-07 17:30:02,2026-10-07 14:30:02,Tupungatito,VIIRS375,0.0,0.0,RUTINA,NULO,No descargada,2026-10-07 16:51:02,2026-10-07 18:15:58,NO
1791394202,2026-10-07 17:30:02,2026-10-07 14:30:02,Nevados de Chillan,VIIRS375,0.0,0.0,RUTINA,NULO,No descargada,2026-10-07 16:51:02,2026-10-07 18:15:58,NO
1791379500,2026-10-07 13:25:00,2026-10-07 10:25:00,Villarrica,MODIS,0.0,0.0,RUTINA,NULO,No descargada,2026-10-08 05:20:58,2026-10-08 06:31:01,NO
1791379500,2026-10-07 13:25:00,2026-10-07 10:25:00,Nevados de Chillan,MODIS,0.0,0.0,RUTINA,NULO,No descargada,2026-10-08 05:20:58,2026-10-08 05:55:58,NO
1791379500,2026-10-07 13:25:00,2026-10-07 10:25:00,Tupungatito,MODIS,0.0,0.0,RUTINA,NULO,No descargada,2026-10-08 05:20:58,2026-10-08 05:55:58,NO
1791379500,2026-10-07 13:25:00,2026-10-07 10:25:00,Chaiten,MODIS,0.0,0.0,RUTINA,NULO,No descargada,2026-10-08 05:20:58,2026-10-08 05:55:58,NO
1791379500,2026-10-07 13:25:00,2026-10-07 10:25:00,PlanchonPeteroa,MODIS,0.0,0.0,RUTINA,NULO,No descargada,2026-10-08 05:20:58,2026-10-08 05:55:58,NO
1791379500,2026-10-07 13:25:00,2026-10-07 10:25:00,Puyehue-Cordon Caulle,MODIS,0.0,0.0,RUTINA,NULO,No descargada,2026-10-08 05:20:58,2026-10-08 05:55:58,NO
1791379500,2026-10-07 13:25:00,2026-10-07 10:25:00,Copahue,MODIS,0.0,0.0,RUTINA,NULO,No descargada,2026-10-08 05:20:58,2026-10-08 05:55:58,NO
1791379500,2026-10-07 13:25:00,2026-10-07 10:25:00,Llaima,MODIS,0.0,0.0,RUTINA,NULO,No descargada,2026-10-08 05:20:58,2026-10-08 05:55:58,NO
1791379200,2026-10-07 13:20:00,2026-10-07 10:20:00,Lascar,MODIS,0.0,0.0,RUTINA,NULO,No descargada,2026-10-08 05:20:58,2026-10-08 07:46:07,NO
1791379200,2026-10-07 13:20:00,2026-10-07 10:20:00,Lastarria,MODIS,0.0,0.0,RUTINA,NULO,No descargada,2026-10-08 05:20:58,2026-10-08 05:55:58,NO
1791379200,2026-10-07 13:20:00,2026-10-07 10:20:00,Isluga,MODIS,0.0,0.0,RUTINA,NULO,No descargada,2026-10-08 05:20:58,2026-10-08 05:55:58,NO
1791358200,2026-10-07 07:30:00,2026-10-07 04:30:00,Puyehue-Cordon Caulle,MODIS,0.0,0.0,RUTINA,NULO,No descargada,2026-10-07 07:21:01,2026-10-08 05:16:03,NO
1791358200,2026-10-07 07:30:00,2026-10-07 04:30:00,Chaiten,MODIS,0.0,0.0,RUTINA,NULO,No descargada,2026-10-07 07:21:01,2026-10-08 05:16:03,NO
1791357900,2026-10-07 07:25:00,2026-10-07 04:25:00,Copahue,MODIS,0.0,0.0,RUTINA,NULO,No descargada,2026-10-07 07:21:01,2026-10-08 05:16:03,NO
1791357900,2026-10-07 07:25:00,2026-10-07 04:25:00,Villarrica,MODIS,0.0,0.0,RUTINA,NULO,No descargada,2026-10-07 07:21:01,2026-10-08 05:16:03,NO
1791357900,2026-10-07 07:25:00,2026-10-07 04:25:00,Tupungatito,MODIS,0.0,0.0,RUTINA,NULO,No descargada,2026-10-07 07:21:01,2026-10-08 05:16:03,NO
1791357900,2026-10-07 07:25:00,2026-10-07 04:25:00,Lastarria,MODIS,0.0,0.0,RUTINA,NULO,No descargada,2026-10-07 07:21:01,2026-10-08 05:16:03,NO
1791357900,2026-10-07 07:25:00,2026-10-07 04:25:00,Llaima,MODIS,0.0,0.0,RUTINA,NULO,No descargada,2026-10-07 07:21:01,2026-10-08 05:16:03,NO
1791357900,2026-10-07 07:25:00,2026-10-07 04:25:00,Lascar,MODIS,0.0,0.0,RUTINA,NULO,No descargada,2026-10-07 07:21:01,2026-10-08 05:16:03,NO
1791357900,2026-10-07 07:25:00,2026-10-07 04:25:00,PlanchonPeteroa,MODIS,0.0,0.0,RUTINA,NULO,No descargada,2026-10-07 07:21:01,2026-10-08 05:16:03,NO
1791357900,2026-10-07 07:25:00,2026-10-07 04:25:00,Nevados de Chillan,MODIS,0.0,0.0,RUTINA,NULO,No descargada,2026-10-07 07:21:01,2026-10-08 05:16:03,NO
1791357600,2026-10-07 07:20:00,2026-10-07 04:20:00,Isluga,MODIS,0.0,0.0,RUTINA,NULO,No descargada,2026-10-07 07:21:01,2026-10-08 05:16:03,NO
1791356042,2026-10-07 06:54:02,2026-10-07 03:54:02,Llaima,VIIRS375,0.0,0.0,RUTINA,NULO,No descargada,2026-10-07 07:21:01,2026-10-07 16:45:56,NO
1791356042,2026-10-07 06:54:02,2026-10-07 03:54:02,Villarrica,VIIRS375,0.0,0.0,RUTINA,NULO,No descargada,2026-10-07 07:21:01,2026-10-07 16:45:56,NO
1791356042,2026-10-07 06:54:02,2026-10-07 03:54:02,Llaima,VIIRS,0.0,0.0,RUTINA,NULO,No descargada,2026-10-07 09:36:00,2026-10-07 17:01:03,NO
1791356042,2026-10-07 06:54:02,2026-10-07 03:54:02,Puyehue-Cordon Caulle,VIIRS375,0.0,0.0,RUTINA,NULO,No descargada,2026-10-07 07:21:01,2026-10-07 16:45:56,NO
1791356042,2026-10-07 06:54:02,2026-10-07 03:54:02,Chaiten,VIIRS,0.0,0.0,RUTINA,NULO,No descargada,2026-10-07 09:36:00,2026-10-07 17:16:04,NO
1791356042,2026-10-07 06:54:02,2026-10-07 03:54:02,Villarrica,VIIRS,0.0,0.0,RUTINA,NULO,No descargada,2026-10-07 09:36:00,2026-10-07 17:01:03,NO
1791356042,2026-10-07 06:54:02,2026-10-07 03:54:02,Chaiten,VIIRS375,0.0,0.0,RUTINA,NULO,No descargada,2026-10-07 07:21:01,2026-10-07 16:45:56,NO
1791356042,2026-10-07 06:54:02,2026-10-07 03:54:02,Puyehue-Cordon Caulle,VIIRS,0.0,0.0,RUTINA,NULO,No descargada,2026-10-07 09:36:00,2026-10-07 17:01:03,NO
1791353521,2026-10-07 06:12:01,2026-10-07 03:12:01,Chaiten,VIIRS,0.0,0.0,RUTINA,NULO,No descargada,2026-10-07 07:21:01,2026-10-07 09:31:14,NO
1791353161,2026-10-07 06:06:01,2026-10-07 03:06:01,PlanchonPeteroa,VIIRS375,0.15,2.02,ALERTA_TERMICA,Muy Bajo,imagenes_satelitales/PlanchonPeteroa/2026-10-07/06-06-01_PlanchonPeteroa_VIIRS375_Latest.png,2026-10-07 07:21:01,2026-10-07 16:45:56,NO
1791353161,2026-10-07 06:06:01,2026-10-07 03:06:01,Copahue,VIIRS375,0.0,0.0,RUTINA,NULO,No descargada,2026-10-07 07:21:01,2026-10-07 16:45:56,NO
1791353161,2026-10-07 06:06:01,2026-10-07 03:06:01,Llaima,VIIRS,0.0,0.0,RUTINA,NULO,No descargada,2026-10-07 07:21:01,2026-10-07 09:31:14,NO
1791353161,2026-10-07 06:06:01,2026-10-07 03:06:01,Tupungatito,VIIRS,0.0,0.0,RUTINA,NULO,No descargada,2026-10-07 07:21:01,2026-10-07 17:16:04,NO
1791353161,2026-10-07 06:06:01,2026-10-07 03:06:01,Villarrica,VIIRS,0.0,0.0,RUTINA,NULO,No descargada,2026-10-07 07:21:01,2026-10-07 09:31:14,NO
1791353161,2026-10-07 06:06:01,2026-10-07 03:06:01,Nevados de Chillan,VIIRS,0.0,0.0,RUTINA,NULO,No descargada,2026-10-07 07:21:01,2026-10-07 17:01:03,NO
1791353161,2026-10-07 06:06:01,2026-10-07 03:06:01,Tupungatito,VIIRS375,0.0,0.0,RUTINA,NULO,No descargada,2026-10-07 07:21:01,2026-10-07 16:45:56,NO
1791353161,2026-10-07 06:06:01,2026-10-07 03:06:01,Copahue,VIIRS,0.0,0.0,RUTINA,NULO,No descargada,2026-10-07 07:21:01,2026-10-07 17:01:03,NO
1791353161,2026-10-07 06:06:01,2026-10-07 03:06:01,Puyehue-Cordon Caulle,VIIRS,0.0,0.0,RUTINA,NULO,No descargada,2026-10-07 07:21:01,2026-10-07 09:31:14,NO
1791353161,2026-10-07 06:06:01,2026-10-07 03:06:01,Nevados de Chillan,VIIRS375,0.0,0.0,RUTINA,NULO,No descargada,2026-10-07 07:21:01,2026-10-07 16:45:56,NO
1791353161,2026-10-07 06:06:01,2026-10-07 03:06:01,Lastarria,VIIRS,0.0,0.0,RUTINA,NULO,No descargada,2026-10-07 07:21:01,2026-10-07 17:16:04,NO
1791353161,2026-10-07 06:06:01,2026-10-07 03:06:01,PlanchonPeteroa,VIIRS,0.0,0.0,RUTINA,NULO,No descargada,2026-10-07 07:21:01,2026-10-07 17:01:03,NO
1791353161,2026-10-07 06:06:01,2026-10-07 03:06:01,Lastarria,VIIRS375,0.27,14.76,FALSO_POSITIVO,NULO,No descargada,2026-10-07 07:21:01,2026-10-07 16:45:56,NO
1791353161,2026-10-07 06:06:01,2026-10-07 03:06:01,Lascar,VIIRS375,0.18,1.5,ALERTA_TERMICA,Muy Bajo,imagenes_satelitales/Lascar/2026-10-07/06-06-01_Lascar_VIIRS375_Latest.png,2026-10-07 07:21:01,2026-10-07 16:45:56,NO
1791353161,2026-10-07 06:06:01,2026-10-07 03:06:01,Lascar,VIIRS,0.0,0.0,RUTINA,NULO,No descargada,2026-10-07 07:21:01,2026-10-07 17:16:04,NO
1791352801,2026-10-07 06:00:01,2026-10-07 03:00:01,Isluga,VIIRS,0.0,0.0,RUTINA,NULO,No descargada,2026-10-07 07:21:01,2026-10-07 17:16:04,NO
1791352801,2026-10-07 06:00:01,2026-10-07 03:00:01,Isluga,VIIRS375,0.09,0.53,ALERTA_TERMICA,Muy Bajo,imagenes_satelitales/Isluga/2026-10-07/06-00-01_Isluga_VIIRS375_Latest.png,2026-10-07 07:21:01,2026-10-07 15:41:01,NO
1791347401,2026-10-07 04:30:01,2026-10-07 01:30:01,Chaiten,VIIRS,0.0,0.0,RUTINA,NULO,No descargada,2026-10-07 06:21:10,2026-10-07 07:16:02,NO
1791347401,2026-10-07 04:30:01,2026-10-07 01:30:01,Puyehue-Cordon Caulle,VIIRS,0.0,0.0,RUTINA,NULO,No descargada,2026-10-07 06:21:10,2026-10-07 07:16:02,NO
1791339900,2026-10-07 02:25:00,2026-10-06 23:25:00,Tupungatito,MODIS,0.0,0.0,RUTINA,NULO,No descargada,2026-10-07 01:06:07,2026-10-07 07:16:02,NO
1791339900,2026-10-07 02:25:00,2026-10-06 23:25:00,Nevados de Chillan,MODIS,0.0,0.0,RUTINA,NULO,No descargada,2026-10-07 01:06:07,2026-10-07 07:16:02,NO
1791339900,2026-10-07 02:25:00,2026-10-06 23:25:00,Villarrica,MODIS,0.0,0.0,RUTINA,NULO,No descargada,2026-10-07 01:06:07,2026-10-07 07:16:02,NO
1791339900,2026-10-07 02:25:00,2026-10-06 23:25:00,Copahue,MODIS,0.0,0.0,RUTINA,NULO,No descargada,2026-10-07 01:06:07,2026-10-07 07:16:02,NO
1791339900,2026-10-07 02:25:00,2026-10-06 23:25:00,Llaima,MODIS,0.0,0.0,RUTINA,NULO,No descargada,2026-10-07 01:06:07,2026-10-07 07:16:02,NO
1791339900,2026-10-07 02:25:00,2026-10-06 23:25:00,PlanchonPeteroa,MODIS,0.0,0.0,RUTINA,NULO,No descargada,2026-10-07 01:06:07,2026-10-07 07:16:02,NO
1791339600,2026-10-07 02:20:00,2026-10-06 23:20:00,Chaiten,MODIS,0.0,0.0,RUTINA,NULO,No descargada,2026-10-07 01:06:07,2026-10-07 07:16:02,NO
1791339600,2026-10-07 02:20:00,2026-10-06 23:20:00,Puyehue-Cordon Caulle,MODIS,0.0,0.0,RUTINA,NULO,No descargada,2026-10-07 01:06:07,2026-10-07 07:16:02,NO
1791334200,2026-10-07 00:50:00,2026-10-06 21:50:00,Isluga,MODIS,0.0,0.0,RUTINA,NULO,No descargada,2026-10-07 00:51:05,2026-10-07 07:16:02,NO
1791334200,2026-10-07 00:50:00,2026-10-06 21:50:00,Lastarria,MODIS,0.0,0.0,RUTINA,NULO,No descargada,2026-10-07 00:51:05,2026-10-07 07:16:02,NO
1791334200,2026-10-07 00:50:00,2026-10-06 21:50:00,Lascar,MODIS,0.0,0.0,RUTINA,NULO,No descargada,2026-10-07 00:51:05,2026-10-07 07:16:02,NO
1791333900,2026-10-07 00:45:00,2026-10-06 21:45:00,Tupungatito,MODIS,0.0,0.0,RUTINA,NULO,No descargada,2026-10-06 23:21:36,2026-10-07 01:01:08,NO
1791324000,2026-10-06 22:00:00,2026-10-06 19:00:00,Chaiten,MODIS,0.0,0.0,RUTINA,NULO,No descargada,2026-10-06 21:21:32,2026-10-07 01:01:08,NO
1791318600,2026-10-06 20:30:00,2026-10-06 17:30:00,Lastarria,MODIS,0.0,0.0,RUTINA,NULO,No descargada,2026-10-06 21:21:32,2026-10-07 00:46:05,NO
1791318600,2026-10-06 20:30:00,2026-10-06 17:30:00,Isluga,MODIS,0.0,0.0,RUTINA,NULO,No descargada,2026-10-06 21:21:32,2026-10-07 00:46:05,NO
1791318600,2026-10-06 20:30:00,2026-10-06 17:30:00,Lascar,MODIS,0.0,0.0,RUTINA,NULO,No descargada,2026-10-06 21:21:32,2026-10-07 00:46:05,NO
1791318300,2026-10-06 20:25:00,2026-10-06 17:25:00,Llaima,MODIS,0.0,0.0,RUTINA,NULO,No descargada,2026-10-06 19:21:14,2026-10-07 01:01:08,NO
1791318300,2026-10-06 20:25:00,2026-10-06 17:25:00,Nevados de Chillan,MODIS,0.0,0.0,RUTINA,NULO,No descargada,2026-10-06 19:21:14,2026-10-07 01:01:08,NO
1791318300,2026-10-06 20:25:00,2026-10-06 17:25:00,PlanchonPeteroa,MODIS,0.0,0.0,RUTINA,NULO,No descargada,2026-10-06 19:21:14,2026-10-07 01:01:08,NO
1791318300,2026-10-06 20:25:00,2026-10-06 17:25:00,Villarrica,MODIS,0.0,0.0,RUTINA,NULO,No descargada,2026-10-06 19:21:14,2026-10-07 01:01:08,NO
1791318300,2026-10-06 20:25:00,2026-10-06 17:25:00,Chaiten,MODIS,0.0,0.0,RUTINA,NULO,No descargada,2026-10-06 19:21:14,2026-10-06 21:15:54,NO
1791318300,2026-10-06 20:25:00,2026-10-06 17:25:00,Copahue,MODIS,0.0,0.0,RUTINA,NULO,No descargada,2026-10-06 19:21:14,2026-10-07 01:01:08,NO
1791318300,2026-10-06 20:25:00,2026-10-06 17:25:00,Puyehue-Cordon Caulle,MODIS,0.0,0.0,RUTINA,NULO,No descargada,2026-10-06 19:21:14,2026-10-07 01:01:08,NO
1791318300,2026-10-06 20:25:00,2026-10-06 17:25:00,Tupungatito,MODIS,0.0,0.0,RUTINA,NULO,No descargada,2026-10-06 19:21:14,2026-10-06 23:16:14,NO
1791317160,2026-10-06 20:06:00,2026-10-06 17:06:00,Chaiten,VIIRS,0.0,0.0,RUTINA,NULO,No descargada,2026-10-06 23:36:12,2026-10-07 06:15:58,NO
1791317160,2026-10-06 20:06:00,2026-10-06 17:06:00,Villarrica,VIIRS,0.0,0.0,RUTINA,NULO,No descargada,2026-10-06 23:36:12,2026-10-07 07:16:02,NO
1791317160,2026-10-06 20:06:00,2026-10-06 17:06:00,Llaima,VIIRS375,0.0,0.0,RUTINA,NULO,No descargada,2026-10-07 02:35:52,2026-10-07 07:16:02,NO
1791317160,2026-10-06 20:06:00,2026-10-06 17:06:00,Villarrica,VIIRS375,0.0,0.0,RUTINA,NULO,No descargada,2026-10-07 02:35:52,2026-10-07 07:16:02,NO
1791317160,2026-10-06 20:06:00,2026-10-06 17:06:00,Llaima,VIIRS,0.0,0.0,RUTINA,NULO,No descargada,2026-10-06 23:36:12,2026-10-07 07:16:02,NO
1791317160,2026-10-06 20:06:00,2026-10-06 17:06:00,Puyehue-Cordon Caulle,VIIRS,0.0,0.0,RUTINA,NULO,No descargada,2026-10-06 23:36:12,2026-10-07 06:15:58,NO
1791317160,2026-10-06 20:06:00,2026-10-06 17:06:00,Puyehue-Cordon Caulle,VIIRS375,0.0,0.0,RUTINA,NULO,No descargada,2026-10-07 02:35:52,2026-10-07 07:16:02,NO
1791317160,2026-10-06 20:06:00,2026-10-06 17:06:00,Chaiten,VIIRS375,0.0,0.0,RUTINA,NULO,No descargada,2026-10-07 02:35:52,2026-10-07 07:16:02,NO
1791315002,2026-10-06 19:30:02,2026-10-06 16:30:02,Llaima,VIIRS,0.0,0.0,RUTINA,NULO,No descargada,2026-10-06 21:21:32,2026-10-06 23:31:04,NO
1791315002,2026-10-06 19:30:02,2026-10-06 16:30:02,Puyehue-Cordon Caulle,VIIRS375,0.0,0.0,RUTINA,NULO,No descargada,2026-10-07 00:05:58,2026-10-07 02:31:08,NO
1791315002,2026-10-06 19:30:02,2026-10-06 16:30:02,Llaima,VIIRS375,0.0,0.0,RUTINA,NULO,No descargada,2026-10-07 00:05:58,2026-10-07 02:31:08,NO
1791315002,2026-10-06 19:30:02,2026-10-06 16:30:02,Chaiten,VIIRS,0.0,0.0,RUTINA,NULO,No descargada,2026-10-06 21:21:32,2026-10-06 23:31:04,NO
1791315002,2026-10-06 19:30:02,2026-10-06 16:30:02,PlanchonPeteroa,VIIRS,0.0,0.0,RUTINA,NULO,No descargada,2026-10-06 21:21:32,2026-10-07 07:16:02,NO
1791315002,2026-10-06 19:30:02,2026-10-06 16:30:02,Villarrica,VIIRS,0.0,0.0,RUTINA,NULO,No descargada,2026-10-06 21:21:32,2026-10-06 23:31:04,NO
1791315002,2026-10-06 19:30:02,2026-10-06 16:30:02,Copahue,VIIRS,0.0,0.0,RUTINA,NULO,No descargada,2026-10-06 21:21:32,2026-10-07 07:16:02,NO
1791315002,2026-10-06 19:30:02,2026-10-06 16:30:02,Villarrica,VIIRS375,0.0,0.0,RUTINA,NULO,No descargada,2026-10-07 00:05:58,2026-10-07 02:31:08,NO
1791315002,2026-10-06 19:30:02,2026-10-06 16:30:02,Chaiten,VIIRS375,0.0,0.0,RUTINA,NULO,No descargada,2026-10-07 00:05:58,2026-10-07 02:31:08,NO
1791315002,2026-10-06 19:30:02,2026-10-06 16:30:02,Copahue,VIIRS375,0.0,0.0,RUTINA,NULO,No descargada,2026-10-07 00:05:58,2026-10-07 07:16:02,NO
1791315002,2026-10-06 19:30:02,2026-10-06 16:30:02,Tupungatito,VIIRS,0.0,0.0,RUTINA,NULO,No descargada,2026-10-06 21:21:32,2026-10-07 07:16:02,NO
1791315002,2026-10-06 19:30:02,2026-10-06 16:30:02,Nevados de Chillan,VIIRS375,0.0,0.0,RUTINA,NULO,No descargada,2026-10-07 00:05:58,2026-10-07 07:16:02,NO
1791315002,2026-10-06 19:30:02,2026-10-06 16:30:02,Puyehue-Cordon Caulle,VIIRS,0.0,0.0,RUTINA,NULO,No descargada,2026-10-06 21:21:32,2026-10-06 23:31:04,NO
1791315002,2026-10-06 19:30:02,2026-10-06 16:30:02,Tupungatito,VIIRS375,0.0,0.0,RUTINA,NULO,No descargada,2026-10-07 00:05:58,2026-10-07 07:16:02,NO
1791315002,2026-10-06 19:30:02,2026-10-06 16:30:02,PlanchonPeteroa,VIIRS375,0.0,0.0,RUTINA,NULO,No descargada,2026-10-07 00:05:58,2026-10-07 07:16:02,NO
1791315002,2026-10-06 19:30:02,2026-10-06 16:30:02,Nevados de Chillan,VIIRS,0.0,0.0,RUTINA,NULO,No descargada,2026-10-06 21:21:32,2026-10-07 07:16:02,NO
1791312841,2026-10-06 18:54:01,2026-10-06 15:54:01,Isluga,VIIRS375,0.0,0.0,RUTINA,NULO,No descargada,2026-10-06 23:21:36,2026-10-07 07:16:02,NO
1791312841,2026-10-06 18:54:01,2026-10-06 15:54:01,Isluga,VIIRS,0.0,0.0,RUTINA,NULO,No descargada,2026-10-06 21:21:32,2026-10-07 07:16:02,NO
1791312481,2026-10-06 18:48:01,2026-10-06 15:48:01,Villarrica,VIIRS375,0.0,0.0,RUTINA,NULO,No descargada,2026-10-06 23:21:36,2026-10-07 00:01:19,NO
1791312481,2026-10-06 18:48:01,2026-10-06 15:48:01,Lascar,VIIRS375,0.72,9.56,FALSO_POSITIVO,NULO,No descargada,2026-10-06 23:21:36,2026-10-07 07:16:02,NO
1791312481,2026-10-06 18:48:01,2026-10-06 15:48:01,Lastarria,VIIRS375,0.66,6.88,FALSO_POSITIVO,NULO,No descargada,2026-10-06 23:21:36,2026-10-07 07:16:02,NO
1791312481,2026-10-06 18:48:01,2026-10-06 15:48:01,Copahue,VIIRS375,0.0,0.0,RUTINA,NULO,No descargada,2026-10-06 23:21:36,2026-10-07 00:01:19,NO
1791312481,2026-10-06 18:48:01,2026-10-06 15:48:01,Lascar,VIIRS,0.0,0.0,RUTINA,NULO,No descargada,2026-10-06 21:21:32,2026-10-07 07:16:02,NO
1791312481,2026-10-06 18:48:01,2026-10-06 15:48:01,Llaima,VIIRS375,0.0,0.0,RUTINA,NULO,No descargada,2026-10-06 23:21:36,2026-10-07 00:01:19,NO
1791312481,2026-10-06 18:48:01,2026-10-06 15:48:01,Puyehue-Cordon Caulle,VIIRS375,0.0,0.0,RUTINA,NULO,No descargada,2026-10-06 23:21:36,2026-10-07 00:01:19,NO
1791312481,2026-10-06 18:48:01,2026-10-06 15:48:01,PlanchonPeteroa,VIIRS375,0.0,0.0,RUTINA,NULO,No descargada,2026-10-06 23:21:36,2026-10-07 00:01:19,NO
1791312481,2026-10-06 18:48:01,2026-10-06 15:48:01,Lastarria,VIIRS,0.0,0.0,RUTINA,NULO,No descargada,2026-10-06 21:21:32,2026-10-07 07:16:02,NO
1791312481,2026-10-06 18:48:01,2026-10-06 15:48:01,Nevados de Chillan,VIIRS375,0.0,0.0,RUTINA,NULO,No descargada,2026-10-06 23:21:36,2026-10-07 00:01:19,NO
1791312481,2026-10-06 18:48:01,2026-10-06 15:48:01,Tupungatito,VIIRS375,0.0,0.0,RUTINA,NULO,No descargada,2026-10-06 23:21:36,2026-10-07 00:01:19,NO
1791309242,2026-10-06 17:54:02,2026-10-06 14:54:02,Lascar,VIIRS,0.0,0.0,RUTINA,NULO,No descargada,2026-10-06 19:21:14,2026-10-06 21:15:54,NO
1791309242,2026-10-06 17:54:02,2026-10-06 14:54:02,Tupungatito,VIIRS,0.0,0.0,RUTINA,NULO,No descargada,2026-10-06 19:21:14,2026-10-06 21:15:54,NO
1791309242,2026-10-06 17:54:02,2026-10-06 14:54:02,Lastarria,VIIRS,0.0,0.0,RUTINA,NULO,No descargada,2026-10-06 19:21:14,2026-10-06 21:15:54,NO
1791309242,2026-10-06 17:54:02,2026-10-06 14:54:02,Isluga,VIIRS,0.0,0.0,RUTINA,NULO,No descargada,2026-10-06 19:21:14,2026-10-06 21:15:54,NO
1791308882,2026-10-06 17:48:02,2026-10-06 14:48:02,Copahue,VIIRS,0.0,0.0,RUTINA,NULO,No descargada,2026-10-06 19:21:14,2026-10-06 21:15:54,NO
1791308882,2026-10-06 17:48:02,2026-10-06 14:48:02,Villarrica,VIIRS,0.0,0.0,RUTINA,NULO,No descargada,2026-10-06 19:21:14,2026-10-06 21:15:54,NO
1791308882,2026-10-06 17:48:02,2026-10-06 14:48:02,Llaima,VIIRS,0.0,0.0,RUTINA,NULO,No descargada,2026-10-06 19:21:14,2026-10-06 21:15:54,NO
1791308882,2026-10-06 17:48:02,2026-10-06 14:48:02,PlanchonPeteroa,VIIRS,0.0,0.0,RUTINA,NULO,No descargada,2026-10-06 19:21:14,2026-10-06 21:15:54,NO
1791308882,2026-10-06 17:48:02,2026-10-06 14:48:02,Chaiten,VIIRS375,0.49,25.73,FALSO_POSITIVO,NULO,No descargada,2026-10-06 23:51:13,2026-10-07 00:01:19,NO
1791308882,2026-10-06 17:48:02,2026-10-06 14:48:02,Chaiten,VIIRS,0.0,0.0,RUTINA,NULO,No descargada,2026-10-06 19:21:14,2026-10-06 21:15:54,NO
1791308882,2026-10-06 17:48:02,2026-10-06 14:48:02,Nevados de Chillan,VIIRS,0.0,0.0,RUTINA,NULO,No descargada,2026-10-06 19:21:14,2026-10-06 21:15:54,NO
1791308882,2026-10-06 17:48:02,2026-10-06 14:48:02,Puyehue-Cordon Caulle,VIIRS,0.0,0.0,RUTINA,NULO,No descargada,2026-10-06 19:21:14,2026-10-06 21:15:54,NO
1791291000,2026-10-06 12:50:00,2026-10-06 09:50:00,Chaiten,MODIS,0.0,0.0,RUTINA,NULO,No descargada,2026-10-06 11:51:23,2026-10-06 19:15:59,NO
1791290700,2026-10-06 12:45:00,2026-10-06 09:45:00,Copahue,MODIS,0.0,0.0,RUTINA,NULO,No descargada,2026-10-06 11:36:02,2026-10-06 19:15:59,NO
1791290700,2026-10-06 12:45:00,2026-10-06 09:45:00,Villarrica,MODIS,0.0,0.0,RUTINA,NULO,No descargada,2026-10-06 11:36:02,2026-10-06 19:15:59,NO
1791290700,2026-10-06 12:45:00,2026-10-06 09:45:00,Nevados de Chillan,MODIS,0.0,0.0,RUTINA,NULO,No descargada,2026-10-06 11:36:02,2026-10-06 19:15:59,NO
1791290700,2026-10-06 12:45:00,2026-10-06 09:45:00,Tupungatito,MODIS,0.0,0.0,RUTINA,NULO,No descargada,2026-10-06 11:36:02,2026-10-06 19:15:59,NO
1791290700,2026-10-06 12:45:00,2026-10-06 09:45:00,Puyehue-Cordon Caulle,MODIS,0.0,0.0,RUTINA,NULO,No descargada,2026-10-06 11:36:02,2026-10-06 19:15:59,NO
1791290700,2026-10-06 12:45:00,2026-10-06 09:45:00,Llaima,MODIS,0.0,0.0,RUTINA,NULO,No descargada,2026-10-06 11:36:02,2026-10-06 19:15:59,NO
1791290700,2026-10-06 12:45:00,2026-10-06 09:45:00,Lastarria,MODIS,0.0,0.0,RUTINA,NULO,No descargada,2026-10-06 11:21:08,2026-10-06 21:15:54,NO
1791290700,2026-10-06 12:45:00,2026-10-06 09:45:00,PlanchonPeteroa,MODIS,0.0,0.0,RUTINA,NULO,No descargada,2026-10-06 11:36:02,2026-10-06 19:15:59,NO
1791290400,2026-10-06 12:40:00,2026-10-06 09:40:00,Isluga,MODIS,0.0,0.0,RUTINA,NULO,No descargada,2026-10-06 11:21:08,2026-10-06 21:15:54,NO
1791290400,2026-10-06 12:40:00,2026-10-06 09:40:00,Lascar,MODIS,0.0,0.0,RUTINA,NULO,No descargada,2026-10-06 11:21:08,2026-10-06 21:15:54,NO
1791275400,2026-10-06 08:30:00,2026-10-06 05:30:00,Chaiten,MODIS,0.0,0.0,RUTINA,NULO,No descargada,2026-10-06 07:51:08,2026-10-06 11:46:10,NO
1791275100,2026-10-06 08:25:00,2026-10-06 05:25:00,Nevados de Chillan,MODIS,0.0,0.0,RUTINA,NULO,No descargada,2026-10-06 07:51:08,2026-10-06 11:31:33,NO
1791275100,2026-10-06 08:25:00,2026-10-06 05:25:00,Lascar,MODIS,0.0,0.0,RUTINA,NULO,No descargada,2026-10-06 07:51:08,2026-10-06 11:16:13,NO
1791275100,2026-10-06 08:25:00,2026-10-06 05:25:00,Villarrica,MODIS,0.0,0.0,RUTINA,NULO,No descargada,2026-10-06 07:51:08,2026-10-06 11:31:33,NO
1791275100,2026-10-06 08:25:00,2026-10-06 05:25:00,Llaima,MODIS,0.0,0.0,RUTINA,NULO,No descargada,2026-10-06 07:51:08,2026-10-06 11:31:33,NO
1791275100,2026-10-06 08:25:00,2026-10-06 05:25:00,Puyehue-Cordon Caulle,MODIS,0.0,0.0,RUTINA,NULO,No descargada,2026-10-06 07:51:08,2026-10-06 11:31:33,NO
1791275100,2026-10-06 08:25:00,2026-10-06 05:25:00,Tupungatito,MODIS,0.0,0.0,RUTINA,NULO,No descargada,2026-10-06 07:51:08,2026-10-06 11:31:33,NO
1791275100,2026-10-06 08:25:00,2026-10-06 05:25:00,PlanchonPeteroa,MODIS,0.0,0.0,RUTINA,NULO,No descargada,2026-10-06 07:51:08,2026-10-06 11:31:33,NO
1791275100,2026-10-06 08:25:00,2026-10-06 05:25:00,Lastarria,MODIS,0.0,0.0,RUTINA,NULO,No descargada,2026-10-06 07:51:08,2026-10-06 11:16:13,NO
1791275100,2026-10-06 08:25:00,2026-10-06 05:25:00,Copahue,MODIS,0.0,0.0,RUTINA,NULO,No descargada,2026-10-06 07:51:08,2026-10-06 11:31:33,NO
1791274800,2026-10-06 08:20:00,2026-10-06 05:20:00,Isluga,MODIS,0.0,0.0,RUTINA,NULO,No descargada,2026-10-06 07:21:03,2026-10-06 11:16:13,NO
1791268201,2026-10-06 06:30:01,2026-10-06 03:30:01,Villarrica,VIIRS375,0.0,0.0,RUTINA,NULO,No descargada,2026-10-06 09:05:59,2026-10-06 23:16:14,NO
1791268201,2026-10-06 06:30:01,2026-10-06 03:30:01,Puyehue-Cordon Caulle,VIIRS,0.0,0.0,RUTINA,NULO,No descargada,2026-10-06 06:35:56,2026-10-06 19:15:59,NO
1791268201,2026-10-06 06:30:01,2026-10-06 03:30:01,Villarrica,VIIRS,0.0,0.0,RUTINA,NULO,No descargada,2026-10-06 06:35:56,2026-10-06 19:15:59,NO
1791268201,2026-10-06 06:30:01,2026-10-06 03:30:01,Chaiten,VIIRS375,0.0,0.0,RUTINA,NULO,No descargada,2026-10-06 09:05:59,2026-10-06 23:16:14,NO
1791268201,2026-10-06 06:30:01,2026-10-06 03:30:01,Puyehue-Cordon Caulle,VIIRS375,0.0,0.0,RUTINA,NULO,No descargada,2026-10-06 09:05:59,2026-10-06 23:16:14,NO
1791267841,2026-10-06 06:24:01,2026-10-06 03:24:01,Copahue,VIIRS,0.0,0.0,RUTINA,NULO,No descargada,2026-10-06 06:35:56,2026-10-06 19:15:59,NO
1791267841,2026-10-06 06:24:01,2026-10-06 03:24:01,Tupungatito,VIIRS375,0.0,0.0,RUTINA,NULO,No descargada,2026-10-06 09:05:59,2026-10-06 23:16:14,NO
1791267841,2026-10-06 06:24:01,2026-10-06 03:24:01,PlanchonPeteroa,VIIRS375,0.0,0.0,RUTINA,NULO,No descargada,2026-10-06 09:05:59,2026-10-06 23:16:14,NO
1791267841,2026-10-06 06:24:01,2026-10-06 03:24:01,PlanchonPeteroa,VIIRS,0.0,0.0,RUTINA,NULO,No descargada,2026-10-06 06:35:56,2026-10-06 19:15:59,NO
1791267841,2026-10-06 06:24:01,2026-10-06 03:24:01,Nevados de Chillan,VIIRS375,0.0,0.0,RUTINA,NULO,No descargada,2026-10-06 09:05:59,2026-10-06 23:16:14,NO
1791267841,2026-10-06 06:24:01,2026-10-06 03:24:01,Copahue,VIIRS375,0.0,0.0,RUTINA,NULO,No descargada,2026-10-06 09:05:59,2026-10-06 23:16:14,NO
1791267841,2026-10-06 06:24:01,2026-10-06 03:24:01,Lascar,VIIRS,0.0,0.0,RUTINA,NULO,No descargada,2026-10-06 06:35:56,2026-10-06 19:15:59,NO
1791267841,2026-10-06 06:24:01,2026-10-06 03:24:01,Nevados de Chillan,VIIRS,0.0,0.0,RUTINA,NULO,No descargada,2026-10-06 06:35:56,2026-10-06 19:15:59,NO
1791267841,2026-10-06 06:24:01,2026-10-06 03:24:01,Lastarria,VIIRS375,0.0,0.0,RUTINA,NULO,No descargada,2026-10-06 09:05:59,2026-10-06 23:16:14,NO
1791267841,2026-10-06 06:24:01,2026-10-06 03:24:01,Lastarria,VIIRS,0.0,0.0,RUTINA,NULO,No descargada,2026-10-06 06:35:56,2026-10-06 19:15:59,NO
1791267841,2026-10-06 06:24:01,2026-10-06 03:24:01,Isluga,VIIRS,0.0,0.0,RUTINA,NULO,No descargada,2026-10-06 06:35:56,2026-10-06 19:15:59,NO
1791267841,2026-10-06 06:24:01,2026-10-06 03:24:01,Lascar,VIIRS375,0.0,0.0,RUTINA,NULO,No descargada,2026-10-06 09:05:59,2026-10-06 23:16:14,NO
1791267841,2026-10-06 06:24:01,2026-10-06 03:24:01,Tupungatito,VIIRS,0.0,0.0,RUTINA,NULO,No descargada,2026-10-06 06:35:56,2026-10-06 19:15:59,NO
1791267841,2026-10-06 06:24:01,2026-10-06 03:24:01,Isluga,VIIRS375,0.06,0.53,ALERTA_TERMICA,Muy Bajo,imagenes_satelitales/Isluga/2026-10-06/06-24-01_Isluga_VIIRS375_Latest.png,2026-10-06 09:05:59,2026-10-06 23:16:14,NO
1791266760,2026-10-06 06:06:00,2026-10-06 03:06:00,Chaiten,VIIRS,0.0,0.0,RUTINA,NULO,No descargada,2026-10-06 07:21:03,2026-10-06 19:15:59,NO
1791266760,2026-10-06 06:06:00,2026-10-06 03:06:00,Llaima,VIIRS375,0.0,0.0,RUTINA,NULO,No descargada,2026-10-06 11:01:49,2026-10-06 19:15:59,NO
1791266760,2026-10-06 06:06:00,2026-10-06 03:06:00,Llaima,VIIRS,0.0,0.0,RUTINA,NULO,No descargada,2026-10-06 07:21:03,2026-10-06 19:15:59,NO
1791264602,2026-10-06 05:30:02,2026-10-06 02:30:02,Puyehue-Cordon Caulle,VIIRS,0.0,0.0,RUTINA,NULO,No descargada,2026-10-06 05:21:07,2026-10-06 06:31:06,NO
1791264602,2026-10-06 05:30:02,2026-10-06 02:30:02,Copahue,VIIRS375,0.0,0.0,RUTINA,NULO,No descargada,2026-10-06 06:35:56,2026-10-06 09:01:03,NO
1791264602,2026-10-06 05:30:02,2026-10-06 02:30:02,Puyehue-Cordon Caulle,VIIRS375,0.0,0.0,RUTINA,NULO,No descargada,2026-10-06 06:35:56,2026-10-06 09:01:03,NO
1791264602,2026-10-06 05:30:02,2026-10-06 02:30:02,Llaima,VIIRS375,0.0,0.0,RUTINA,NULO,No descargada,2026-10-06 06:35:56,2026-10-06 10:56:03,NO
1791264602,2026-10-06 05:30:02,2026-10-06 02:30:02,Copahue,VIIRS,0.0,0.0,RUTINA,NULO,No descargada,2026-10-06 05:05:58,2026-10-06 06:31:06,NO
1791264602,2026-10-06 05:30:02,2026-10-06 02:30:02,PlanchonPeteroa,VIIRS,0.0,0.0,RUTINA,NULO,No descargada,2026-10-06 05:05:58,2026-10-06 06:31:06,NO
1791264602,2026-10-06 05:30:02,2026-10-06 02:30:02,Tupungatito,VIIRS375,0.0,0.0,RUTINA,NULO,No descargada,2026-10-06 06:35:56,2026-10-06 09:01:03,NO
1791264602,2026-10-06 05:30:02,2026-10-06 02:30:02,Villarrica,VIIRS,0.0,0.0,RUTINA,NULO,No descargada,2026-10-06 05:21:07,2026-10-06 06:31:06,NO
1791264602,2026-10-06 05:30:02,2026-10-06 02:30:02,Chaiten,VIIRS375,0.16,0.75,ALERTA_TERMICA,Muy Bajo,imagenes_satelitales/Chaiten/2026-10-06/05-30-02_Chaiten_VIIRS375_Latest.png,2026-10-06 06:35:56,2026-10-06 09:01:03,NO
1791264602,2026-10-06 05:30:02,2026-10-06 02:30:02,Tupungatito,VIIRS,0.0,0.0,RUTINA,NULO,No descargada,2026-10-06 05:21:07,2026-10-06 06:31:06,NO
1791264602,2026-10-06 05:30:02,2026-10-06 02:30:02,Nevados de Chillan,VIIRS,0.0,0.0,RUTINA,NULO,No descargada,2026-10-06 05:05:58,2026-10-06 06:31:06,NO
1791264602,2026-10-06 05:30:02,2026-10-06 02:30:02,Nevados de Chillan,VIIRS375,0.0,0.0,RUTINA,NULO,No descargada,2026-10-06 06:35:56,2026-10-06 09:01:03,NO
1791264602,2026-10-06 05:30:02,2026-10-06 02:30:02,Llaima,VIIRS,0.0,0.0,RUTINA,NULO,No descargada,2026-10-06 05:21:07,2026-10-06 07:16:04,NO
1791264602,2026-10-06 05:30:02,2026-10-06 02:30:02,Chaiten,VIIRS,0.18,0.0,ALERTA_TERMICA,Muy Bajo,imagenes_satelitales/Chaiten/2026-10-06/05-30-02_Chaiten_VIIRS750_Latest.png,2026-10-06 05:21:07,2026-10-06 07:16:04,NO
1791264602,2026-10-06 05:30:02,2026-10-06 02:30:02,Villarrica,VIIRS375,0.0,0.0,RUTINA,NULO,No descargada,2026-10-06 06:35:56,2026-10-06 09:01:03,NO
1791264602,2026-10-06 05:30:02,2026-10-06 02:30:02,PlanchonPeteroa,VIIRS375,0.0,0.0,RUTINA,NULO,No descargada,2026-10-06 06:35:56,2026-10-06 09:01:03,NO
1791264242,2026-10-06 05:24:02,2026-10-06 02:24:02,Isluga,VIIRS,0.0,0.0,RUTINA,NULO,No descargada,2026-10-06 05:05:58,2026-10-06 06:31:06,NO
1791264242,2026-10-06 05:24:02,2026-10-06 02:24:02,Lastarria,VIIRS375,0.0,0.0,RUTINA,NULO,No descargada,2026-10-06 06:35:56,2026-10-06 09:01:03,NO
1791264242,2026-10-06 05:24:02,2026-10-06 02:24:02,Lastarria,VIIRS,0.0,0.0,RUTINA,NULO,No descargada,2026-10-06 05:05:58,2026-10-06 06:31:06,NO
1791264242,2026-10-06 05:24:02,2026-10-06 02:24:02,Lascar,VIIRS375,0.0,0.0,RUTINA,NULO,No descargada,2026-10-06 06:35:56,2026-10-06 09:01:03,NO
1791264242,2026-10-06 05:24:02,2026-10-06 02:24:02,Isluga,VIIRS375,0.29,0.84,ALERTA_TERMICA,Muy Bajo,imagenes_satelitales/Isluga/2026-10-06/05-24-02_Isluga_VIIRS375_Latest.png,2026-10-06 06:35:56,2026-10-06 09:01:03,NO
1791264242,2026-10-06 05:24:02,2026-10-06 02:24:02,Lascar,VIIRS,0.0,0.0,RUTINA,NULO,No descargada,2026-10-06 05:05:58,2026-10-06 06:31:06,NO
1791262081,2026-10-06 04:48:01,2026-10-06 01:48:01,Villarrica,VIIRS375,0.0,0.0,RUTINA,NULO,No descargada,2026-10-06 05:21:07,2026-10-06 06:31:06,NO
1791262081,2026-10-06 04:48:01,2026-10-06 01:48:01,Tupungatito,VIIRS,0.0,0.0,RUTINA,NULO,No descargada,2026-10-06 04:51:30,2026-10-06 05:16:03,NO
1791262081,2026-10-06 04:48:01,2026-10-06 01:48:01,PlanchonPeteroa,VIIRS375,0.0,0.0,RUTINA,NULO,No descargada,2026-10-06 05:21:07,2026-10-06 06:31:06,NO
1791262081,2026-10-06 04:48:01,2026-10-06 01:48:01,Chaiten,VIIRS375,0.0,0.0,RUTINA,NULO,No descargada,2026-10-06 05:35:53,2026-10-06 06:31:06,NO
1791262081,2026-10-06 04:48:01,2026-10-06 01:48:01,Nevados de Chillan,VIIRS,0.0,0.0,RUTINA,NULO,No descargada,2026-10-06 04:51:30,2026-10-06 05:01:25,NO
1791262081,2026-10-06 04:48:01,2026-10-06 01:48:01,Llaima,VIIRS375,0.0,0.0,RUTINA,NULO,No descargada,2026-10-06 05:21:07,2026-10-06 06:31:06,NO
1791262081,2026-10-06 04:48:01,2026-10-06 01:48:01,Puyehue-Cordon Caulle,VIIRS,0.0,0.0,RUTINA,NULO,No descargada,2026-10-06 04:51:30,2026-10-06 05:16:03,NO
1791262081,2026-10-06 04:48:01,2026-10-06 01:48:01,Chaiten,VIIRS,0.0,0.0,RUTINA,NULO,No descargada,2026-10-06 04:51:30,2026-10-06 05:16:03,NO
1791262081,2026-10-06 04:48:01,2026-10-06 01:48:01,Nevados de Chillan,VIIRS375,0.0,0.0,RUTINA,NULO,No descargada,2026-10-06 05:21:07,2026-10-06 06:31:06,NO
1791262081,2026-10-06 04:48:01,2026-10-06 01:48:01,Llaima,VIIRS,0.0,0.0,RUTINA,NULO,No descargada,2026-10-06 04:51:30,2026-10-06 05:16:03,NO
1791262081,2026-10-06 04:48:01,2026-10-06 01:48:01,Villarrica,VIIRS,0.0,0.0,RUTINA,NULO,No descargada,2026-10-06 04:51:30,2026-10-06 05:16:03,NO
1791262081,2026-10-06 04:48:01,2026-10-06 01:48:01,Copahue,VIIRS,0.0,0.0,RUTINA,NULO,No descargada,2026-10-06 04:51:30,2026-10-06 05:01:25,NO
1791262081,2026-10-06 04:48:01,2026-10-06 01:48:01,Puyehue-Cordon Caulle,VIIRS375,0.0,0.0,RUTINA,NULO,No descargada,2026-10-06 05:21:07,2026-10-06 06:31:06,NO
1791262081,2026-10-06 04:48:01,2026-10-06 01:48:01,Copahue,VIIRS375,0.0,0.0,RUTINA,NULO,No descargada,2026-10-06 05:21:07,2026-10-06 06:31:06,NO
1791262081,2026-10-06 04:48:01,2026-10-06 01:48:01,Tupungatito,VIIRS375,0.1,22.21,FALSO_POSITIVO,NULO,No descargada,2026-10-06 05:35:53,2026-10-06 06:31:06,NO
1791262081,2026-10-06 04:48:01,2026-10-06 01:48:01,PlanchonPeteroa,VIIRS,0.0,0.0,RUTINA,NULO,No descargada,2026-10-06 04:51:30,2026-10-06 05:01:25,NO
1791251400,2026-10-06 01:50:00,2026-10-05 22:50:00,Isluga,MODIS,0.0,0.0,RUTINA,NULO,No descargada,2026-10-06 01:35:59,2026-10-06 07:16:04,NO
1791251400,2026-10-06 01:50:00,2026-10-05 22:50:00,Lascar,MODIS,0.0,0.0,RUTINA,NULO,No descargada,2026-10-06 01:35:59,2026-10-06 07:45:56,NO
1791251400,2026-10-06 01:50:00,2026-10-05 22:50:00,Lastarria,MODIS,0.0,0.0,RUTINA,NULO,No descargada,2026-10-06 01:35:59,2026-10-06 07:45:56,NO
1791251100,2026-10-06 01:45:00,2026-10-05 22:45:00,PlanchonPeteroa,MODIS,0.0,0.0,RUTINA,NULO,No descargada,2026-10-06 00:06:14,2026-10-06 07:45:56,NO
1791251100,2026-10-06 01:45:00,2026-10-05 22:45:00,Chaiten,MODIS,0.0,0.0,RUTINA,NULO,No descargada,2026-10-06 00:06:14,2026-10-06 07:45:56,NO
1791251100,2026-10-06 01:45:00,2026-10-05 22:45:00,Villarrica,MODIS,0.0,0.0,RUTINA,NULO,No descargada,2026-10-06 00:06:14,2026-10-06 07:45:56,NO
1791251100,2026-10-06 01:45:00,2026-10-05 22:45:00,Tupungatito,MODIS,0.0,0.0,RUTINA,NULO,No descargada,2026-10-06 00:06:14,2026-10-06 07:45:56,NO
1791251100,2026-10-06 01:45:00,2026-10-05 22:45:00,Copahue,MODIS,0.0,0.0,RUTINA,NULO,No descargada,2026-10-06 00:06:14,2026-10-06 07:45:56,NO
1791251100,2026-10-06 01:45:00,2026-10-05 22:45:00,Puyehue-Cordon Caulle,MODIS,0.0,0.0,RUTINA,NULO,No descargada,2026-10-06 00:06:14,2026-10-06 07:45:56,NO
1791251100,2026-10-06 01:45:00,2026-10-05 22:45:00,Nevados de Chillan,MODIS,0.58,25.46,FALSO_POSITIVO,NULO,No descargada,2026-10-06 00:06:14,2026-10-06 07:45:56,NO
1791251100,2026-10-06 01:45:00,2026-10-05 22:45:00,Llaima,MODIS,0.0,0.0,RUTINA,NULO,No descargada,2026-10-06 00:06:14,2026-10-06 07:45:56,NO
1791235500,2026-10-05 21:25:00,2026-10-05 18:25:00,Chaiten,MODIS,0.0,0.0,RUTINA,NULO,No descargada,2026-10-05 20:35:58,2026-10-06 00:01:06,NO
1791235500,2026-10-05 21:25:00,2026-10-05 18:25:00,Tupungatito,MODIS,0.0,0.0,RUTINA,NULO,No descargada,2026-10-05 20:35:58,2026-10-06 00:01:06,NO
1791235500,2026-10-05 21:25:00,2026-10-05 18:25:00,Villarrica,MODIS,0.0,0.0,RUTINA,NULO,No descargada,2026-10-05 20:35:58,2026-10-06 00:01:06,NO
1791235500,2026-10-05 21:25:00,2026-10-05 18:25:00,PlanchonPeteroa,MODIS,0.0,0.0,RUTINA,NULO,No descargada,2026-10-05 20:35:58,2026-10-06 00:01:06,NO
1791235500,2026-10-05 21:25:00,2026-10-05 18:25:00,Puyehue-Cordon Caulle,MODIS,0.0,0.0,RUTINA,NULO,No descargada,2026-10-05 20:35:58,2026-10-06 00:01:06,NO
1791235500,2026-10-05 21:25:00,2026-10-05 18:25:00,Nevados de Chillan,MODIS,0.0,0.0,RUTINA,NULO,No descargada,2026-10-05 20:35:58,2026-10-06 00:01:06,NO
1791235500,2026-10-05 21:25:00,2026-10-05 18:25:00,Llaima,MODIS,0.0,0.0,RUTINA,NULO,No descargada,2026-10-05 20:35:58,2026-10-06 00:01:06,NO
1791235500,2026-10-05 21:25:00,2026-10-05 18:25:00,Copahue,MODIS,0.0,0.0,RUTINA,NULO,No descargada,2026-10-05 20:35:58,2026-10-06 00:01:06,NO
1791229800,2026-10-05 19:50:00,2026-10-05 16:50:00,Lascar,MODIS,0.0,0.0,RUTINA,NULO,No descargada,2026-10-05 18:51:02,2026-10-06 01:31:10,NO
1791229800,2026-10-05 19:50:00,2026-10-05 16:50:00,Lastarria,MODIS,0.0,0.0,RUTINA,NULO,No descargada,2026-10-05 18:51:02,2026-10-06 01:31:10,NO
1791229800,2026-10-05 19:50:00,2026-10-05 16:50:00,Isluga,MODIS,0.0,0.0,RUTINA,NULO,No descargada,2026-10-05 18:51:02,2026-10-06 01:31:10,NO
1791229682,2026-10-05 19:48:02,2026-10-05 16:48:02,Puyehue-Cordon Caulle,VIIRS,0.0,0.0,RUTINA,NULO,No descargada,2026-10-05 21:51:05,2026-10-06 04:46:01,NO
1791229682,2026-10-05 19:48:02,2026-10-05 16:48:02,Villarrica,VIIRS375,0.0,0.0,RUTINA,NULO,No descargada,2026-10-06 00:06:14,2026-10-06 05:16:03,NO
1791229682,2026-10-05 19:48:02,2026-10-05 16:48:02,Llaima,VIIRS,0.0,0.0,RUTINA,NULO,No descargada,2026-10-05 21:51:05,2026-10-06 04:46:01,NO
1791229682,2026-10-05 19:48:02,2026-10-05 16:48:02,Chaiten,VIIRS375,0.0,0.0,RUTINA,NULO,No descargada,2026-10-06 00:06:14,2026-10-06 05:31:36,NO
1791229682,2026-10-05 19:48:02,2026-10-05 16:48:02,Puyehue-Cordon Caulle,VIIRS375,0.0,0.0,RUTINA,NULO,No descargada,2026-10-06 00:06:14,2026-10-06 05:16:03,NO
1791229682,2026-10-05 19:48:02,2026-10-05 16:48:02,Llaima,VIIRS375,0.0,0.0,RUTINA,NULO,No descargada,2026-10-06 00:06:14,2026-10-06 05:16:03,NO
1791229682,2026-10-05 19:48:02,2026-10-05 16:48:02,Chaiten,VIIRS,0.0,0.0,RUTINA,NULO,No descargada,2026-10-05 21:51:05,2026-10-06 04:46:01,NO
1791229682,2026-10-05 19:48:02,2026-10-05 16:48:02,Villarrica,VIIRS,0.0,0.0,RUTINA,NULO,No descargada,2026-10-05 21:51:05,2026-10-06 04:46:01,NO
1791227521,2026-10-05 19:12:01,2026-10-05 16:12:01,Isluga,VIIRS,0.0,0.0,RUTINA,NULO,No descargada,2026-10-05 23:51:08,2026-10-06 05:01:25,NO
1791227521,2026-10-05 19:12:01,2026-10-05 16:12:01,Isluga,VIIRS375,0.0,0.0,RUTINA,NULO,No descargada,2026-10-05 22:51:04,2026-10-06 06:31:06,NO
1791227521,2026-10-05 19:12:01,2026-10-05 16:12:01,Lascar,VIIRS,0.0,0.0,RUTINA,NULO,No descargada,2026-10-05 23:51:08,2026-10-06 05:01:25,NO
1791227521,2026-10-05 19:12:01,2026-10-05 16:12:01,Lascar,VIIRS375,0.0,0.0,RUTINA,NULO,No descargada,2026-10-05 22:51:04,2026-10-06 06:31:06,NO
1791227161,2026-10-05 19:06:01,2026-10-05 16:06:01,Villarrica,VIIRS375,0.0,0.0,RUTINA,NULO,No descargada,2026-10-05 22:51:04,2026-10-06 00:01:06,NO
1791227161,2026-10-05 19:06:01,2026-10-05 16:06:01,Copahue,VIIRS375,0.0,0.0,RUTINA,NULO,No descargada,2026-10-05 22:51:04,2026-10-06 05:16:03,NO
1791227161,2026-10-05 19:06:01,2026-10-05 16:06:01,Llaima,VIIRS375,0.0,0.0,RUTINA,NULO,No descargada,2026-10-05 22:51:04,2026-10-06 00:01:06,NO
1791227161,2026-10-05 19:06:01,2026-10-05 16:06:01,PlanchonPeteroa,VIIRS375,0.0,0.0,RUTINA,NULO,No descargada,2026-10-05 22:51:04,2026-10-06 05:16:03,NO
1791227161,2026-10-05 19:06:01,2026-10-05 16:06:01,Puyehue-Cordon Caulle,VIIRS,0.0,0.0,RUTINA,NULO,No descargada,2026-10-05 20:35:58,2026-10-05 21:46:23,NO
1791227161,2026-10-05 19:06:01,2026-10-05 16:06:01,PlanchonPeteroa,VIIRS,0.0,0.0,RUTINA,NULO,No descargada,2026-10-05 20:35:58,2026-10-06 04:46:01,NO
1791227161,2026-10-05 19:06:01,2026-10-05 16:06:01,Lastarria,VIIRS,0.0,0.0,RUTINA,NULO,No descargada,2026-10-05 20:35:58,2026-10-06 05:01:25,NO
1791227161,2026-10-05 19:06:01,2026-10-05 16:06:01,Lastarria,VIIRS375,0.0,0.0,RUTINA,NULO,No descargada,2026-10-05 22:51:04,2026-10-06 06:31:06,NO
1791227161,2026-10-05 19:06:01,2026-10-05 16:06:01,Nevados de Chillan,VIIRS,0.0,0.0,RUTINA,NULO,No descargada,2026-10-05 20:35:58,2026-10-06 04:46:01,NO
1791227161,2026-10-05 19:06:01,2026-10-05 16:06:01,Chaiten,VIIRS,0.0,0.0,RUTINA,NULO,No descargada,2026-10-05 20:35:58,2026-10-05 21:46:23,NO
1791227161,2026-10-05 19:06:01,2026-10-05 16:06:01,Llaima,VIIRS,0.0,0.0,RUTINA,NULO,No descargada,2026-10-05 20:35:58,2026-10-05 21:46:23,NO
1791227161,2026-10-05 19:06:01,2026-10-05 16:06:01,Copahue,VIIRS,0.0,0.0,RUTINA,NULO,No descargada,2026-10-05 20:35:58,2026-10-06 04:46:01,NO
1791227161,2026-10-05 19:06:01,2026-10-05 16:06:01,Puyehue-Cordon Caulle,VIIRS375,0.0,0.0,RUTINA,NULO,No descargada,2026-10-05 22:51:04,2026-10-06 00:01:06,NO
1791227161,2026-10-05 19:06:01,2026-10-05 16:06:01,Nevados de Chillan,VIIRS375,0.0,0.0,RUTINA,NULO,No descargada,2026-10-05 22:51:04,2026-10-06 05:16:03,NO
1791227161,2026-10-05 19:06:01,2026-10-05 16:06:01,Tupungatito,VIIRS,0.0,0.0,RUTINA,NULO,No descargada,2026-10-05 20:35:58,2026-10-06 04:46:01,NO
1791227161,2026-10-05 19:06:01,2026-10-05 16:06:01,Chaiten,VIIRS375,0.0,0.0,RUTINA,NULO,No descargada,2026-10-05 22:51:04,2026-10-06 00:01:06,NO
1791227161,2026-10-05 19:06:01,2026-10-05 16:06:01,Villarrica,VIIRS,0.0,0.0,RUTINA,NULO,No descargada,2026-10-05 20:35:58,2026-10-05 21:46:23,NO
1791227161,2026-10-05 19:06:01,2026-10-05 16:06:01,Tupungatito,VIIRS375,0.0,0.0,RUTINA,NULO,No descargada,2026-10-05 22:51:04,2026-10-06 05:31:36,NO
1791226080,2026-10-05 18:48:00,2026-10-05 15:48:00,Lascar,VIIRS,0.0,0.0,RUTINA,NULO,No descargada,2026-10-05 23:05:59,2026-10-05 23:45:59,NO
1791226080,2026-10-05 18:48:00,2026-10-05 15:48:00,Isluga,VIIRS,0.0,0.0,RUTINA,NULO,No descargada,2026-10-05 23:05:59,2026-10-05 23:45:59,NO
1791223922,2026-10-05 18:12:02,2026-10-05 15:12:02,Isluga,VIIRS,0.0,0.0,RUTINA,NULO,No descargada,2026-10-05 21:51:05,2026-10-05 23:01:00,NO
1791223922,2026-10-05 18:12:02,2026-10-05 15:12:02,Lascar,VIIRS,0.0,0.0,RUTINA,NULO,No descargada,2026-10-05 21:51:05,2026-10-05 23:01:00,NO
1791221401,2026-10-05 17:30:01,2026-10-05 14:30:01,Lastarria,VIIRS375,0.0,0.0,RUTINA,NULO,No descargada,2026-10-05 22:21:03,2026-10-05 22:46:19,NO
1791221401,2026-10-05 17:30:01,2026-10-05 14:30:01,Isluga,VIIRS,0.0,0.0,RUTINA,NULO,No descargada,2026-10-05 20:35:58,2026-10-05 21:46:23,NO
1791221401,2026-10-05 17:30:01,2026-10-05 14:30:01,Lascar,VIIRS375,0.0,0.0,RUTINA,NULO,No descargada,2026-10-05 22:21:03,2026-10-05 22:46:19,NO
1791221401,2026-10-05 17:30:01,2026-10-05 14:30:01,Isluga,VIIRS375,0.0,0.0,RUTINA,NULO,No descargada,2026-10-05 22:21:03,2026-10-05 22:46:19,NO
1791221401,2026-10-05 17:30:01,2026-10-05 14:30:01,Lascar,VIIRS,0.0,0.0,RUTINA,NULO,No descargada,2026-10-05 20:35:58,2026-10-05 21:46:23,NO
1791221041,2026-10-05 17:24:01,2026-10-05 14:24:01,Tupungatito,VIIRS375,0.0,0.0,RUTINA,NULO,No descargada,2026-10-05 22:21:03,2026-10-05 22:46:19,NO
1791221041,2026-10-05 17:24:01,2026-10-05 14:24:01,Tupungatito,VIIRS,0.0,0.0,RUTINA,NULO,No descargada,2026-10-05 19:36:10,2026-10-05 20:31:04,NO
1791207900,2026-10-05 13:45:00,2026-10-05 10:45:00,PlanchonPeteroa,MODIS,0.0,0.0,RUTINA,NULO,No descargada,2026-10-05 14:36:00,2026-10-05 20:31:04,NO
1791207900,2026-10-05 13:45:00,2026-10-05 10:45:00,Villarrica,MODIS,0.0,0.0,RUTINA,NULO,No descargada,2026-10-05 14:36:00,2026-10-05 20:31:04,NO
1791207900,2026-10-05 13:45:00,2026-10-05 10:45:00,Puyehue-Cordon Caulle,MODIS,0.0,0.0,RUTINA,NULO,No descargada,2026-10-05 14:36:00,2026-10-05 20:31:04,NO
1791207900,2026-10-05 13:45:00,2026-10-05 10:45:00,Chaiten,MODIS,0.0,0.0,RUTINA,NULO,No descargada,2026-10-05 14:36:00,2026-10-05 20:31:04,NO
1791207900,2026-10-05 13:45:00,2026-10-05 10:45:00,Nevados de Chillan,MODIS,0.0,0.0,RUTINA,NULO,No descargada,2026-10-05 14:36:00,2026-10-05 20:31:04,NO
1791207900,2026-10-05 13:45:00,2026-10-05 10:45:00,Copahue,MODIS,0.0,0.0,RUTINA,NULO,No descargada,2026-10-05 14:36:00,2026-10-05 20:31:04,NO
1791207900,2026-10-05 13:45:00,2026-10-05 10:45:00,Llaima,MODIS,0.0,0.0,RUTINA,NULO,No descargada,2026-10-05 14:36:00,2026-10-05 20:31:04,NO
1791207600,2026-10-05 13:40:00,2026-10-05 10:40:00,Isluga,MODIS,0.0,0.0,RUTINA,NULO,No descargada,2026-10-05 13:20:55,2026-10-05 18:46:09,NO
1791202200,2026-10-05 12:10:00,2026-10-05 09:10:00,Villarrica,MODIS,0.0,0.0,RUTINA,NULO,No descargada,2026-10-05 13:20:55,2026-10-05 14:31:09,NO
1791202200,2026-10-05 12:10:00,2026-10-05 09:10:00,Copahue,MODIS,0.0,0.0,RUTINA,NULO,No descargada,2026-10-05 13:20:55,2026-10-05 14:31:09,NO
1791202200,2026-10-05 12:10:00,2026-10-05 09:10:00,Nevados de Chillan,MODIS,0.0,0.0,RUTINA,NULO,No descargada,2026-10-05 13:20:55,2026-10-05 14:31:09,NO
1791202200,2026-10-05 12:10:00,2026-10-05 09:10:00,Chaiten,MODIS,0.0,0.0,RUTINA,NULO,No descargada,2026-10-05 13:20:55,2026-10-05 14:31:09,NO
1791202200,2026-10-05 12:10:00,2026-10-05 09:10:00,Puyehue-Cordon Caulle,MODIS,0.0,0.0,RUTINA,NULO,No descargada,2026-10-05 13:20:55,2026-10-05 14:31:09,NO
1791202200,2026-10-05 12:10:00,2026-10-05 09:10:00,Llaima,MODIS,0.0,0.0,RUTINA,NULO,No descargada,2026-10-05 13:20:55,2026-10-05 14:31:09,NO
1791201900,2026-10-05 12:05:00,2026-10-05 09:05:00,PlanchonPeteroa,MODIS,0.0,0.0,RUTINA,NULO,No descargada,2026-10-05 11:36:01,2026-10-05 14:31:09,NO
1791201900,2026-10-05 12:05:00,2026-10-05 09:05:00,Tupungatito,MODIS,0.0,0.0,RUTINA,NULO,No descargada,2026-10-05 11:36:01,2026-10-05 20:31:04,NO
1791186600,2026-10-05 07:50:00,2026-10-05 04:50:00,Puyehue-Cordon Caulle,MODIS,0.0,0.0,RUTINA,NULO,No descargada,2026-10-05 08:51:05,2026-10-05 13:16:12,NO
1791186600,2026-10-05 07:50:00,2026-10-05 04:50:00,Nevados de Chillan,MODIS,3.5,1.0,ALERTA_TERMICA,Bajo,imagenes_satelitales/Nevados_de_Chillan/2026-10-05/07-50-00_Nevados_de_Chillan_MODIS_Latest.png,2026-10-05 08:51:05,2026-10-05 13:16:12,NO
1791186600,2026-10-05 07:50:00,2026-10-05 04:50:00,Chaiten,MODIS,0.0,0.0,RUTINA,NULO,No descargada,2026-10-05 08:51:05,2026-10-05 13:16:12,NO
1791186600,2026-10-05 07:50:00,2026-10-05 04:50:00,Copahue,MODIS,0.0,0.0,RUTINA,NULO,No descargada,2026-10-05 08:51:05,2026-10-05 13:16:12,NO
1791186600,2026-10-05 07:50:00,2026-10-05 04:50:00,Villarrica,MODIS,0.0,0.0,RUTINA,NULO,No descargada,2026-10-05 08:51:05,2026-10-05 13:16:12,NO
1791186600,2026-10-05 07:50:00,2026-10-05 04:50:00,Llaima,MODIS,0.0,0.0,RUTINA,NULO,No descargada,2026-10-05 08:51:05,2026-10-05 13:16:12,NO
1791186600,2026-10-05 07:50:00,2026-10-05 04:50:00,Tupungatito,MODIS,0.0,0.0,RUTINA,NULO,No descargada,2026-10-05 08:51:05,2026-10-05 11:31:06,NO
1791186600,2026-10-05 07:50:00,2026-10-05 04:50:00,PlanchonPeteroa,MODIS,0.0,0.0,RUTINA,NULO,No descargada,2026-10-05 08:51:05,2026-10-05 11:31:06,NO
1791186300,2026-10-05 07:45:00,2026-10-05 04:45:00,Lastarria,MODIS,0.0,0.0,RUTINA,NULO,No descargada,2026-10-05 07:35:58,2026-10-05 18:46:09,NO
1791186300,2026-10-05 07:45:00,2026-10-05 04:45:00,Lascar,MODIS,0.0,0.0,RUTINA,NULO,No descargada,2026-10-05 07:35:58,2026-10-05 18:46:09,NO
1791182881,2026-10-05 06:48:01,2026-10-05 03:48:01,Puyehue-Cordon Caulle,VIIRS,0.0,0.0,RUTINA,NULO,No descargada,2026-10-05 08:51:05,2026-10-05 20:31:04,NO
1791182881,2026-10-05 06:48:01,2026-10-05 03:48:01,Chaiten,VIIRS,0.0,0.0,RUTINA,NULO,No descargada,2026-10-05 08:51:05,2026-10-05 20:31:04,NO
1791182881,2026-10-05 06:48:01,2026-10-05 03:48:01,Llaima,VIIRS375,0.0,0.0,RUTINA,NULO,No descargada,2026-10-05 08:51:05,2026-10-05 22:46:19,NO
1791182881,2026-10-05 06:48:01,2026-10-05 03:48:01,Villarrica,VIIRS,0.0,0.0,RUTINA,NULO,No descargada,2026-10-05 08:51:05,2026-10-05 20:31:04,NO
1791182881,2026-10-05 06:48:01,2026-10-05 03:48:01,Copahue,VIIRS,0.0,0.0,RUTINA,NULO,No descargada,2026-10-05 08:51:05,2026-10-05 20:31:04,NO
1791182881,2026-10-05 06:48:01,2026-10-05 03:48:01,Llaima,VIIRS,0.0,0.0,RUTINA,NULO,No descargada,2026-10-05 08:51:05,2026-10-05 20:31:04,NO
1791182881,2026-10-05 06:48:01,2026-10-05 03:48:01,Villarrica,VIIRS375,0.0,0.0,RUTINA,NULO,No descargada,2026-10-05 08:51:05,2026-10-05 22:46:19,NO
1791182881,2026-10-05 06:48:01,2026-10-05 03:48:01,Puyehue-Cordon Caulle,VIIRS375,0.0,0.0,RUTINA,NULO,No descargada,2026-10-05 08:51:05,2026-10-05 22:46:19,NO
1791182881,2026-10-05 06:48:01,2026-10-05 03:48:01,Copahue,VIIRS375,0.0,0.0,RUTINA,NULO,No descargada,2026-10-05 08:51:05,2026-10-05 22:46:19,NO
1791182881,2026-10-05 06:48:01,2026-10-05 03:48:01,Chaiten,VIIRS375,0.0,0.0,RUTINA,NULO,No descargada,2026-10-05 08:51:05,2026-10-05 22:46:19,NO
1791182881,2026-10-05 06:48:01,2026-10-05 03:48:01,Nevados de Chillan,VIIRS375,4.71,0.84,ALERTA_TERMICA,Bajo,imagenes_satelitales/Nevados_de_Chillan/2026-10-05/06-48-01_Nevados_de_Chillan_VIIRS375_Latest.png,2026-10-05 08:51:05,2026-10-05 22:46:19,NO
1791182881,2026-10-05 06:48:01,2026-10-05 03:48:01,Nevados de Chillan,VIIRS,2.66,1.68,ALERTA_TERMICA,Bajo,imagenes_satelitales/Nevados_de_Chillan/2026-10-05/06-48-01_Nevados_de_Chillan_VIIRS750_Latest.png,2026-10-05 08:51:05,2026-10-05 20:31:04,NO
1791182521,2026-10-05 06:42:01,2026-10-05 03:42:01,Lastarria,VIIRS375,0.0,0.0,RUTINA,NULO,No descargada,2026-10-05 08:51:05,2026-10-05 22:16:19,NO
1791182521,2026-10-05 06:42:01,2026-10-05 03:42:01,Lastarria,VIIRS,0.0,0.0,RUTINA,NULO,No descargada,2026-10-05 07:35:58,2026-10-05 20:31:04,NO
1791182521,2026-10-05 06:42:01,2026-10-05 03:42:01,Isluga,VIIRS,0.0,0.0,RUTINA,NULO,No descargada,2026-10-05 07:35:58,2026-10-05 20:31:04,NO
1791182521,2026-10-05 06:42:01,2026-10-05 03:42:01,Lascar,VIIRS,0.0,0.0,RUTINA,NULO,No descargada,2026-10-05 07:35:58,2026-10-05 20:31:04,NO
1791182521,2026-10-05 06:42:01,2026-10-05 03:42:01,Tupungatito,VIIRS,0.0,0.0,RUTINA,NULO,No descargada,2026-10-05 08:51:05,2026-10-05 19:31:13,NO
1791182521,2026-10-05 06:42:01,2026-10-05 03:42:01,PlanchonPeteroa,VIIRS,0.0,0.0,RUTINA,NULO,No descargada,2026-10-05 08:51:05,2026-10-05 20:31:04,NO
1791182521,2026-10-05 06:42:01,2026-10-05 03:42:01,Lascar,VIIRS375,0.0,0.0,RUTINA,NULO,No descargada,2026-10-05 08:51:05,2026-10-05 22:16:19,NO
1791182521,2026-10-05 06:42:01,2026-10-05 03:42:01,Isluga,VIIRS375,0.0,0.0,RUTINA,NULO,No descargada,2026-10-05 08:51:05,2026-10-05 22:16:19,NO
1791182521,2026-10-05 06:42:01,2026-10-05 03:42:01,PlanchonPeteroa,VIIRS375,0.0,0.0,RUTINA,NULO,No descargada,2026-10-05 08:51:05,2026-10-05 22:46:19,NO
1791182521,2026-10-05 06:42:01,2026-10-05 03:42:01,Tupungatito,VIIRS375,0.0,0.0,RUTINA,NULO,No descargada,2026-10-05 08:51:05,2026-10-05 22:16:19,NO
1791179282,2026-10-05 05:48:02,2026-10-05 02:48:02,Tupungatito,VIIRS,0.0,0.0,RUTINA,NULO,No descargada,2026-10-05 05:50:55,2026-10-05 08:46:04,NO
1791179282,2026-10-05 05:48:02,2026-10-05 02:48:02,Llaima,VIIRS,0.0,0.0,RUTINA,NULO,No descargada,2026-10-05 05:50:55,2026-10-05 08:46:04,NO
1791179282,2026-10-05 05:48:02,2026-10-05 02:48:02,Lastarria,VIIRS,0.0,0.0,RUTINA,NULO,No descargada,2026-10-05 05:50:55,2026-10-05 07:31:14,NO
1791179282,2026-10-05 05:48:02,2026-10-05 02:48:02,Lastarria,VIIRS375,0.0,0.0,RUTINA,NULO,No descargada,2026-10-05 06:21:25,2026-10-05 08:46:04,NO
1791179282,2026-10-05 05:48:02,2026-10-05 02:48:02,Copahue,VIIRS375,0.0,0.0,RUTINA,NULO,No descargada,2026-10-05 06:21:25,2026-10-05 08:46:04,NO
1791179282,2026-10-05 05:48:02,2026-10-05 02:48:02,Chaiten,VIIRS375,0.0,0.0,RUTINA,NULO,No descargada,2026-10-05 06:21:25,2026-10-05 08:46:04,NO
1791179282,2026-10-05 05:48:02,2026-10-05 02:48:02,Lascar,VIIRS,0.0,0.0,RUTINA,NULO,No descargada,2026-10-05 05:50:55,2026-10-05 07:31:14,NO
1791179282,2026-10-05 05:48:02,2026-10-05 02:48:02,PlanchonPeteroa,VIIRS375,0.1,1.91,ALERTA_TERMICA,Muy Bajo,imagenes_satelitales/PlanchonPeteroa/2026-10-05/05-48-02_PlanchonPeteroa_VIIRS375_Latest.png,2026-10-05 06:21:25,2026-10-05 08:46:04,NO
1791179282,2026-10-05 05:48:02,2026-10-05 02:48:02,PlanchonPeteroa,VIIRS,0.0,0.0,RUTINA,NULO,No descargada,2026-10-05 05:50:55,2026-10-05 08:46:04,NO
1791179282,2026-10-05 05:48:02,2026-10-05 02:48:02,Nevados de Chillan,VIIRS375,4.35,0.53,ALERTA_TERMICA,Bajo,imagenes_satelitales/Nevados_de_Chillan/2026-10-05/05-48-02_Nevados_de_Chillan_VIIRS375_Latest.png,2026-10-05 06:21:25,2026-10-05 08:46:04,NO
1791179282,2026-10-05 05:48:02,2026-10-05 02:48:02,Llaima,VIIRS375,0.0,0.0,RUTINA,NULO,No descargada,2026-10-05 06:21:25,2026-10-05 08:46:04,NO
1791179282,2026-10-05 05:48:02,2026-10-05 02:48:02,Puyehue-Cordon Caulle,VIIRS375,0.0,0.0,RUTINA,NULO,No descargada,2026-10-05 06:21:25,2026-10-05 08:46:04,NO
1791179282,2026-10-05 05:48:02,2026-10-05 02:48:02,Nevados de Chillan,VIIRS,7.86,0.75,ALERTA_TERMICA,Bajo,imagenes_satelitales/Nevados_de_Chillan/2026-10-05/05-48-02_Nevados_de_Chillan_VIIRS750_Latest.png,2026-10-05 05:50:55,2026-10-05 08:46:04,NO
1791179282,2026-10-05 05:48:02,2026-10-05 02:48:02,Copahue,VIIRS,0.0,0.0,RUTINA,NULO,No descargada,2026-10-05 05:50:55,2026-10-05 08:46:04,NO
1791179282,2026-10-05 05:48:02,2026-10-05 02:48:02,Puyehue-Cordon Caulle,VIIRS,0.0,0.0,RUTINA,NULO,No descargada,2026-10-05 05:50:55,2026-10-05 08:46:04,NO
1791179282,2026-10-05 05:48:02,2026-10-05 02:48:02,Villarrica,VIIRS,0.0,0.0,RUTINA,NULO,No descargada,2026-10-05 05:50:55,2026-10-05 08:46:04,NO
1791179282,2026-10-05 05:48:02,2026-10-05 02:48:02,Villarrica,VIIRS375,0.0,0.0,RUTINA,NULO,No descargada,2026-10-05 06:21:25,2026-10-05 08:46:04,NO
1791179282,2026-10-05 05:48:02,2026-10-05 02:48:02,Chaiten,VIIRS,0.0,0.0,RUTINA,NULO,No descargada,2026-10-05 05:50:55,2026-10-05 08:46:04,NO
1791179282,2026-10-05 05:48:02,2026-10-05 02:48:02,Tupungatito,VIIRS375,0.0,0.0,RUTINA,NULO,No descargada,2026-10-05 06:21:25,2026-10-05 08:46:04,NO
1791179282,2026-10-05 05:48:02,2026-10-05 02:48:02,Lascar,VIIRS375,0.0,0.0,RUTINA,NULO,No descargada,2026-10-05 06:21:25,2026-10-05 08:46:04,NO
1791178922,2026-10-05 05:42:02,2026-10-05 02:42:02,Isluga,VIIRS,0.0,0.0,RUTINA,NULO,No descargada,2026-10-05 05:50:55,2026-10-05 07:31:14,NO
1791178922,2026-10-05 05:42:02,2026-10-05 02:42:02,Isluga,VIIRS375,0.09,0.53,ALERTA_TERMICA,Muy Bajo,imagenes_satelitales/Isluga/2026-10-05/05-42-02_Isluga_VIIRS375_Latest.png,2026-10-05 06:21:25,2026-10-05 08:46:04,NO
1791176761,2026-10-05 05:06:01,2026-10-05 02:06:01,Puyehue-Cordon Caulle,VIIRS,0.0,0.0,RUTINA,NULO,No descargada,2026-10-05 05:05:51,2026-10-05 05:46:00,NO
1791176761,2026-10-05 05:06:01,2026-10-05 02:06:01,Villarrica,VIIRS375,0.0,0.0,RUTINA,NULO,No descargada,2026-10-05 04:35:55,2026-10-05 06:15:54,NO
1791176761,2026-10-05 05:06:01,2026-10-05 02:06:01,PlanchonPeteroa,VIIRS,0.0,0.0,RUTINA,NULO,No descargada,2026-10-05 05:05:51,2026-10-05 05:46:00,NO
1791176761,2026-10-05 05:06:01,2026-10-05 02:06:01,Llaima,VIIRS,0.0,0.0,RUTINA,NULO,No descargada,2026-10-05 05:05:51,2026-10-05 05:46:00,NO
1791176761,2026-10-05 05:06:01,2026-10-05 02:06:01,Villarrica,VIIRS,0.0,0.0,RUTINA,NULO,No descargada,2026-10-05 05:05:51,2026-10-05 05:46:00,NO
1791176761,2026-10-05 05:06:01,2026-10-05 02:06:01,Nevados de Chillan,VIIRS,3.43,1.06,ALERTA_TERMICA,Bajo,imagenes_satelitales/Nevados_de_Chillan/2026-10-05/05-06-01_Nevados_de_Chillan_VIIRS750_Latest.png,2026-10-05 05:05:51,2026-10-05 05:46:00,NO
1791176761,2026-10-05 05:06:01,2026-10-05 02:06:01,Chaiten,VIIRS,0.0,0.0,RUTINA,NULO,No descargada,2026-10-05 05:05:51,2026-10-05 05:46:00,NO
1791176761,2026-10-05 05:06:01,2026-10-05 02:06:01,Copahue,VIIRS375,0.0,0.0,RUTINA,NULO,No descargada,2026-10-05 04:35:55,2026-10-05 06:15:54,NO
1791176761,2026-10-05 05:06:01,2026-10-05 02:06:01,Llaima,VIIRS375,0.0,0.0,RUTINA,NULO,No descargada,2026-10-05 04:35:55,2026-10-05 06:15:54,NO
1791176761,2026-10-05 05:06:01,2026-10-05 02:06:01,PlanchonPeteroa,VIIRS375,0.0,0.0,RUTINA,NULO,No descargada,2026-10-05 04:20:54,2026-10-05 06:15:54,NO
1791176761,2026-10-05 05:06:01,2026-10-05 02:06:01,Puyehue-Cordon Caulle,VIIRS375,0.0,0.0,RUTINA,NULO,No descargada,2026-10-05 04:35:55,2026-10-05 06:15:54,NO
1791176761,2026-10-05 05:06:01,2026-10-05 02:06:01,Tupungatito,VIIRS375,0.0,0.0,RUTINA,NULO,No descargada,2026-10-05 04:35:55,2026-10-05 06:15:54,NO
1791176761,2026-10-05 05:06:01,2026-10-05 02:06:01,Tupungatito,VIIRS,0.0,0.0,RUTINA,NULO,No descargada,2026-10-05 05:05:51,2026-10-05 05:46:00,NO
1791176761,2026-10-05 05:06:01,2026-10-05 02:06:01,Chaiten,VIIRS375,0.0,0.0,RUTINA,NULO,No descargada,2026-10-05 04:35:55,2026-10-05 06:15:54,NO
1791176761,2026-10-05 05:06:01,2026-10-05 02:06:01,Copahue,VIIRS,0.0,0.0,RUTINA,NULO,No descargada,2026-10-05 05:05:51,2026-10-05 05:46:00,NO
1791176761,2026-10-05 05:06:01,2026-10-05 02:06:01,Nevados de Chillan,VIIRS375,5.77,0.84,ALERTA_TERMICA,Bajo,imagenes_satelitales/Nevados_de_Chillan/2026-10-05/05-06-01_Nevados_de_Chillan_VIIRS375_Latest.png,2026-10-05 04:20:54,2026-10-05 06:15:54,NO
1791176401,2026-10-05 05:00:01,2026-10-05 02:00:01,Lastarria,VIIRS375,0.0,0.0,RUTINA,NULO,No descargada,2026-10-05 05:50:55,2026-10-05 06:15:54,NO
1791176401,2026-10-05 05:00:01,2026-10-05 02:00:01,Lascar,VIIRS375,0.0,0.0,RUTINA,NULO,No descargada,2026-10-05 05:50:55,2026-10-05 06:15:54,NO
1791176401,2026-10-05 05:00:01,2026-10-05 02:00:01,Lastarria,VIIRS,0.0,0.0,RUTINA,NULO,No descargada,2026-10-05 05:05:51,2026-10-05 05:46:00,NO
1791176401,2026-10-05 05:00:01,2026-10-05 02:00:01,Isluga,VIIRS375,1.9,23.05,FALSO_POSITIVO,NULO,No descargada,2026-10-05 05:50:55,2026-10-05 06:15:54,NO
1791176401,2026-10-05 05:00:01,2026-10-05 02:00:01,Isluga,VIIRS,0.0,0.0,RUTINA,NULO,No descargada,2026-10-05 05:05:51,2026-10-05 05:46:00,NO
1791176401,2026-10-05 05:00:01,2026-10-05 02:00:01,Lascar,VIIRS,0.0,0.0,RUTINA,NULO,No descargada,2026-10-05 05:05:51,2026-10-05 05:46:00,NO
1791168300,2026-10-05 02:45:00,2026-10-04 23:45:00,Villarrica,MODIS,0.0,0.0,RUTINA,NULO,No descargada,2026-10-05 02:20:53,2026-10-05 08:46:04,NO
1791168300,2026-10-05 02:45:00,2026-10-04 23:45:00,Llaima,MODIS,0.0,0.0,RUTINA,NULO,No descargada,2026-10-05 02:20:53,2026-10-05 08:46:04,NO
1791168000,2026-10-05 02:40:00,2026-10-04 23:40:00,Puyehue-Cordon Caulle,MODIS,0.0,0.0,RUTINA,NULO,No descargada,2026-10-05 02:20:53,2026-10-05 08:46:04,NO
1791168000,2026-10-05 02:40:00,2026-10-04 23:40:00,Chaiten,MODIS,0.0,0.0,RUTINA,NULO,No descargada,2026-10-05 02:20:53,2026-10-05 08:46:04,NO
1791162600,2026-10-05 01:10:00,2026-10-04 22:10:00,Lastarria,MODIS,0.0,0.0,RUTINA,NULO,No descargada,2026-10-05 01:50:58,2026-10-05 07:31:14,NO
1791162600,2026-10-05 01:10:00,2026-10-04 22:10:00,Lascar,MODIS,0.0,0.0,RUTINA,NULO,No descargada,2026-10-05 01:50:58,2026-10-05 07:31:14,NO
1791162600,2026-10-05 01:10:00,2026-10-04 22:10:00,Isluga,MODIS,0.0,0.0,RUTINA,NULO,No descargada,2026-10-05 01:50:58,2026-10-05 07:31:14,NO
1791162300,2026-10-05 01:05:00,2026-10-04 22:05:00,Tupungatito,MODIS,0.0,0.0,RUTINA,NULO,No descargada,2026-10-04 23:50:56,2026-10-05 08:46:04,NO
1791162300,2026-10-05 01:05:00,2026-10-04 22:05:00,Llaima,MODIS,0.0,0.0,RUTINA,NULO,No descargada,2026-10-04 23:35:59,2026-10-05 02:15:56,NO
1791162300,2026-10-05 01:05:00,2026-10-04 22:05:00,Copahue,MODIS,0.0,0.0,RUTINA,NULO,No descargada,2026-10-04 23:35:59,2026-10-05 08:46:04,NO
1791162300,2026-10-05 01:05:00,2026-10-04 22:05:00,Puyehue-Cordon Caulle,MODIS,0.0,0.0,RUTINA,NULO,No descargada,2026-10-04 23:50:56,2026-10-05 02:15:56,NO
1791162300,2026-10-05 01:05:00,2026-10-04 22:05:00,Nevados de Chillan,MODIS,0.0,0.0,RUTINA,NULO,No descargada,2026-10-04 23:35:59,2026-10-05 08:46:04,NO
1791162300,2026-10-05 01:05:00,2026-10-04 22:05:00,Villarrica,MODIS,0.0,0.0,RUTINA,NULO,No descargada,2026-10-04 23:50:56,2026-10-05 02:15:56,NO
1791162300,2026-10-05 01:05:00,2026-10-04 22:05:00,PlanchonPeteroa,MODIS,0.0,0.0,RUTINA,NULO,No descargada,2026-10-04 23:35:59,2026-10-05 08:46:04,NO
1791162300,2026-10-05 01:05:00,2026-10-04 22:05:00,Chaiten,MODIS,0.0,0.0,RUTINA,NULO,No descargada,2026-10-04 23:50:56,2026-10-05 02:15:56,NO
1791147000,2026-10-04 20:50:00,2026-10-04 17:50:00,Nevados de Chillan,MODIS,0.0,0.0,RUTINA,NULO,No descargada,2026-10-04 19:35:53,2026-10-04 23:30:58,NO
1791147000,2026-10-04 20:50:00,2026-10-04 17:50:00,PlanchonPeteroa,MODIS,0.0,0.0,RUTINA,NULO,No descargada,2026-10-04 19:35:53,2026-10-04 23:30:58,NO
1791147000,2026-10-04 20:50:00,2026-10-04 17:50:00,Lascar,MODIS,0.0,0.0,RUTINA,NULO,No descargada,2026-10-04 19:35:53,2026-10-05 01:45:55,NO
1791147000,2026-10-04 20:50:00,2026-10-04 17:50:00,Tupungatito,MODIS,0.0,0.0,RUTINA,NULO,No descargada,2026-10-04 19:35:53,2026-10-04 23:46:18,NO
1791147000,2026-10-04 20:50:00,2026-10-04 17:50:00,Isluga,MODIS,0.0,0.0,RUTINA,NULO,No descargada,2026-10-04 19:35:53,2026-10-05 01:45:55,NO
1791147000,2026-10-04 20:50:00,2026-10-04 17:50:00,Lastarria,MODIS,0.0,0.0,RUTINA,NULO,No descargada,2026-10-04 19:35:53,2026-10-05 01:45:55,NO
1791146700,2026-10-04 20:45:00,2026-10-04 17:45:00,Llaima,MODIS,0.0,0.0,RUTINA,NULO,No descargada,2026-10-04 19:35:53,2026-10-04 23:30:58,NO
1791146700,2026-10-04 20:45:00,2026-10-04 17:45:00,Copahue,MODIS,0.0,0.0,RUTINA,NULO,No descargada,2026-10-04 19:35:53,2026-10-04 23:30:58,NO
1791146700,2026-10-04 20:45:00,2026-10-04 17:45:00,Villarrica,MODIS,0.0,0.0,RUTINA,NULO,No descargada,2026-10-04 19:35:53,2026-10-04 23:46:18,NO
1791146700,2026-10-04 20:45:00,2026-10-04 17:45:00,Puyehue-Cordon Caulle,MODIS,0.0,0.0,RUTINA,NULO,No descargada,2026-10-04 19:35:53,2026-10-04 23:46:18,NO
1791146700,2026-10-04 20:45:00,2026-10-04 17:45:00,Chaiten,MODIS,0.0,0.0,RUTINA,NULO,No descargada,2026-10-04 19:35:53,2026-10-04 23:46:18,NO
1791144362,2026-10-04 20:06:02,2026-10-04 17:06:02,Chaiten,VIIRS375,0.0,0.0,RUTINA,NULO,No descargada,2026-10-04 20:05:52,2026-10-05 04:31:00,NO
1791144362,2026-10-04 20:06:02,2026-10-04 17:06:02,Chaiten,VIIRS,0.0,0.0,RUTINA,NULO,No descargada,2026-10-04 20:21:33,2026-10-05 05:01:04,NO
1791141841,2026-10-04 19:24:01,2026-10-04 16:24:01,Nevados de Chillan,VIIRS375,0.0,0.0,RUTINA,NULO,No descargada,2026-10-04 20:05:52,2026-10-05 04:15:56,NO
1791141841,2026-10-04 19:24:01,2026-10-04 16:24:01,Tupungatito,VIIRS,0.0,0.0,RUTINA,NULO,No descargada,2026-10-04 19:35:53,2026-10-05 05:01:04,NO
1791141841,2026-10-04 19:24:01,2026-10-04 16:24:01,Copahue,VIIRS,0.0,0.0,RUTINA,NULO,No descargada,2026-10-04 19:35:53,2026-10-05 05:01:04,NO
1791141841,2026-10-04 19:24:01,2026-10-04 16:24:01,Nevados de Chillan,VIIRS,0.0,0.0,RUTINA,NULO,No descargada,2026-10-04 19:35:53,2026-10-05 05:01:04,NO
1791141841,2026-10-04 19:24:01,2026-10-04 16:24:01,Tupungatito,VIIRS375,0.0,0.0,RUTINA,NULO,No descargada,2026-10-04 20:05:52,2026-10-05 04:31:00,NO
1791141841,2026-10-04 19:24:01,2026-10-04 16:24:01,PlanchonPeteroa,VIIRS,0.0,0.0,RUTINA,NULO,No descargada,2026-10-04 19:35:53,2026-10-05 05:01:04,NO
1791141841,2026-10-04 19:24:01,2026-10-04 16:24:01,Llaima,VIIRS,0.0,0.0,RUTINA,NULO,No descargada,2026-10-04 19:35:53,2026-10-05 05:01:04,NO
1791141841,2026-10-04 19:24:01,2026-10-04 16:24:01,PlanchonPeteroa,VIIRS375,0.0,0.0,RUTINA,NULO,No descargada,2026-10-04 20:05:52,2026-10-05 04:15:56,NO
1791141841,2026-10-04 19:24:01,2026-10-04 16:24:01,Llaima,VIIRS375,0.0,0.0,RUTINA,NULO,No descargada,2026-10-04 20:05:52,2026-10-05 04:31:00,NO
1791141841,2026-10-04 19:24:01,2026-10-04 16:24:01,Puyehue-Cordon Caulle,VIIRS375,0.0,0.0,RUTINA,NULO,No descargada,2026-10-04 20:05:52,2026-10-05 04:31:00,NO
1791141841,2026-10-04 19:24:01,2026-10-04 16:24:01,Copahue,VIIRS375,0.0,0.0,RUTINA,NULO,No descargada,2026-10-04 20:05:52,2026-10-05 04:31:00,NO
1791141841,2026-10-04 19:24:01,2026-10-04 16:24:01,Villarrica,VIIRS,0.0,0.0,RUTINA,NULO,No descargada,2026-10-04 19:35:53,2026-10-05 05:01:04,NO
1791141841,2026-10-04 19:24:01,2026-10-04 16:24:01,Puyehue-Cordon Caulle,VIIRS,0.0,0.0,RUTINA,NULO,No descargada,2026-10-04 19:35:53,2026-10-05 05:01:04,NO
1791141841,2026-10-04 19:24:01,2026-10-04 16:24:01,Villarrica,VIIRS375,0.0,0.0,RUTINA,NULO,No descargada,2026-10-04 20:05:52,2026-10-05 04:31:00,NO
1791141841,2026-10-04 19:24:01,2026-10-04 16:24:01,Chaiten,VIIRS,0.0,0.0,RUTINA,NULO,No descargada,2026-10-04 19:35:53,2026-10-04 20:15:57,NO
1791141120,2026-10-04 19:12:00,2026-10-04 16:12:00,Isluga,VIIRS,0.0,0.0,RUTINA,NULO,No descargada,2026-10-04 20:05:52,2026-10-05 05:01:04,NO
1791141120,2026-10-04 19:12:00,2026-10-04 16:12:00,Isluga,VIIRS375,0.0,0.0,RUTINA,NULO,No descargada,2026-10-04 20:35:56,2026-10-05 05:46:00,NO
1791140760,2026-10-04 19:06:00,2026-10-04 16:06:00,Lascar,VIIRS,0.0,0.0,RUTINA,NULO,No descargada,2026-10-04 20:05:52,2026-10-05 05:01:04,NO
1791140760,2026-10-04 19:06:00,2026-10-04 16:06:00,Lascar,VIIRS375,0.0,0.0,RUTINA,NULO,No descargada,2026-10-04 20:35:56,2026-10-05 05:46:00,NO
1791140760,2026-10-04 19:06:00,2026-10-04 16:06:00,Lastarria,VIIRS375,0.0,0.0,RUTINA,NULO,No descargada,2026-10-04 20:35:56,2026-10-05 05:46:00,NO
1791140760,2026-10-04 19:06:00,2026-10-04 16:06:00,Lastarria,VIIRS,0.0,0.0,RUTINA,NULO,No descargada,2026-10-04 20:05:52,2026-10-05 05:01:04,NO
1791138602,2026-10-04 18:30:02,2026-10-04 15:30:02,Lastarria,VIIRS,0.0,0.0,RUTINA,NULO,No descargada,2026-10-04 19:35:53,2026-10-04 20:01:10,NO
1791138602,2026-10-04 18:30:02,2026-10-04 15:30:02,Lastarria,VIIRS375,0.0,0.0,RUTINA,NULO,No descargada,2026-10-04 20:05:52,2026-10-04 20:30:59,NO
1791138602,2026-10-04 18:30:02,2026-10-04 15:30:02,Lascar,VIIRS,0.0,0.0,RUTINA,NULO,No descargada,2026-10-04 19:35:53,2026-10-04 20:01:10,NO
1791138602,2026-10-04 18:30:02,2026-10-04 15:30:02,Lascar,VIIRS375,0.0,0.0,RUTINA,NULO,No descargada,2026-10-04 20:05:52,2026-10-04 20:30:59,NO
1791138602,2026-10-04 18:30:02,2026-10-04 15:30:02,Isluga,VIIRS375,0.0,0.0,RUTINA,NULO,No descargada,2026-10-04 20:05:52,2026-10-04 20:30:59,NO
1791138602,2026-10-04 18:30:02,2026-10-04 15:30:02,Isluga,VIIRS,0.0,0.0,RUTINA,NULO,No descargada,2026-10-04 19:35:53,2026-10-04 20:01:10,NO
1791136081,2026-10-04 17:48:01,2026-10-04 14:48:01,Lascar,VIIRS375,0.0,0.0,RUTINA,NULO,No descargada,2026-10-04 19:35:53,2026-10-04 20:01:10,NO
1791136081,2026-10-04 17:48:01,2026-10-04 14:48:01,Lastarria,VIIRS375,0.0,0.0,RUTINA,NULO,No descargada,2026-10-04 19:35:53,2026-10-04 20:01:10,NO
1791136081,2026-10-04 17:48:01,2026-10-04 14:48:01,Isluga,VIIRS375,0.0,0.0,RUTINA,NULO,No descargada,2026-10-04 19:35:53,2026-10-04 20:01:10,NO
1791135721,2026-10-04 17:42:01,2026-10-04 14:42:01,Tupungatito,VIIRS375,0.0,0.0,RUTINA,NULO,No descargada,2026-10-04 19:35:53,2026-10-04 20:01:10,NO
1791135721,2026-10-04 17:42:01,2026-10-04 14:42:01,Nevados de Chillan,VIIRS375,0.0,0.0,RUTINA,NULO,No descargada,2026-10-04 19:35:53,2026-10-04 20:01:10,NO
1791135721,2026-10-04 17:42:01,2026-10-04 14:42:01,Llaima,VIIRS375,0.0,0.0,RUTINA,NULO,No descargada,2026-10-04 19:35:53,2026-10-04 20:01:10,NO
1791135721,2026-10-04 17:42:01,2026-10-04 14:42:01,Chaiten,VIIRS375,0.0,0.0,RUTINA,NULO,No descargada,2026-10-04 19:35:53,2026-10-04 20:01:10,NO
1791135721,2026-10-04 17:42:01,2026-10-04 14:42:01,Villarrica,VIIRS375,0.0,0.0,RUTINA,NULO,No descargada,2026-10-04 19:35:53,2026-10-04 20:01:10,NO
1791135721,2026-10-04 17:42:01,2026-10-04 14:42:01,Puyehue-Cordon Caulle,VIIRS375,0.0,0.0,RUTINA,NULO,No descargada,2026-10-04 19:35:53,2026-10-04 20:01:10,NO
1791135721,2026-10-04 17:42:01,2026-10-04 14:42:01,Copahue,VIIRS375,127.35,21.84,FALSO_POSITIVO,NULO,No descargada,2026-10-04 19:35:53,2026-10-04 20:01:10,NO
1791135721,2026-10-04 17:42:01,2026-10-04 14:42:01,PlanchonPeteroa,VIIRS375,0.0,0.0,RUTINA,NULO,No descargada,2026-10-04 19:35:53,2026-10-04 20:01:10,NO
1791135000,2026-10-04 17:30:00,2026-10-04 14:30:00,Lascar,VIIRS375,0.0,0.0,RUTINA,NULO,No descargada,2026-10-04 19:05:49,2026-10-04 19:30:58,NO
1791135000,2026-10-04 17:30:00,2026-10-04 14:30:00,Lascar,VIIRS,0.0,0.0,RUTINA,NULO,No descargada,2026-10-04 18:35:52,2026-10-04 19:30:58,NO
1791135000,2026-10-04 17:30:00,2026-10-04 14:30:00,Lastarria,VIIRS,0.0,0.0,RUTINA,NULO,No descargada,2026-10-04 18:35:52,2026-10-04 19:30:58,NO
1791135000,2026-10-04 17:30:00,2026-10-04 14:30:00,Lastarria,VIIRS375,0.0,0.0,RUTINA,NULO,No descargada,2026-10-04 19:05:49,2026-10-04 19:30:58,NO
1791135000,2026-10-04 17:30:00,2026-10-04 14:30:00,Isluga,VIIRS,0.0,0.0,RUTINA,NULO,No descargada,2026-10-04 18:35:52,2026-10-04 19:30:58,NO
1791135000,2026-10-04 17:30:00,2026-10-04 14:30:00,Isluga,VIIRS375,0.0,0.0,RUTINA,NULO,No descargada,2026-10-04 19:05:49,2026-10-04 19:30:58,NO
1791119400,2026-10-04 13:10:00,2026-10-04 10:10:00,Chaiten,MODIS,0.0,0.0,RUTINA,NULO,No descargada,2026-10-04 12:05:57,2026-10-04 19:30:58,NO
1791119100,2026-10-04 13:05:00,2026-10-04 10:05:00,Villarrica,MODIS,0.0,0.0,RUTINA,NULO,No descargada,2026-10-04 12:05:57,2026-10-04 19:30:58,NO
1791119100,2026-10-04 13:05:00,2026-10-04 10:05:00,Puyehue-Cordon Caulle,MODIS,0.0,0.0,RUTINA,NULO,No descargada,2026-10-04 12:05:57,2026-10-04 19:30:58,NO
1791119100,2026-10-04 13:05:00,2026-10-04 10:05:00,Tupungatito,MODIS,0.0,0.0,RUTINA,NULO,No descargada,2026-10-04 12:05:57,2026-10-04 19:30:58,NO
1791119100,2026-10-04 13:05:00,2026-10-04 10:05:00,Lastarria,MODIS,0.0,0.0,RUTINA,NULO,No descargada,2026-10-04 12:05:57,2026-10-04 19:30:58,NO
1791119100,2026-10-04 13:05:00,2026-10-04 10:05:00,Lascar,MODIS,0.0,0.0,RUTINA,NULO,No descargada,2026-10-04 12:05:57,2026-10-04 19:30:58,NO
1791119100,2026-10-04 13:05:00,2026-10-04 10:05:00,PlanchonPeteroa,MODIS,0.0,0.0,RUTINA,NULO,No descargada,2026-10-04 12:05:57,2026-10-04 19:30:58,NO
1791119100,2026-10-04 13:05:00,2026-10-04 10:05:00,Copahue,MODIS,0.0,0.0,RUTINA,NULO,No descargada,2026-10-04 12:05:57,2026-10-04 19:30:58,NO
1791119100,2026-10-04 13:05:00,2026-10-04 10:05:00,Llaima,MODIS,0.0,0.0,RUTINA,NULO,No descargada,2026-10-04 12:05:57,2026-10-04 19:30:58,NO
1791119100,2026-10-04 13:05:00,2026-10-04 10:05:00,Nevados de Chillan,MODIS,0.0,0.0,RUTINA,NULO,No descargada,2026-10-04 12:05:57,2026-10-04 19:30:58,NO
1791118800,2026-10-04 13:00:00,2026-10-04 10:00:00,Isluga,MODIS,0.0,0.0,RUTINA,NULO,No descargada,2026-10-04 12:05:57,2026-10-04 19:30:58,NO
1791103800,2026-10-04 08:50:00,2026-10-04 05:50:00,Chaiten,MODIS,0.0,0.0,RUTINA,NULO,No descargada,2026-10-04 08:20:54,2026-10-04 12:01:06,NO
1791103800,2026-10-04 08:50:00,2026-10-04 05:50:00,PlanchonPeteroa,MODIS,0.0,0.0,RUTINA,NULO,No descargada,2026-10-04 08:20:54,2026-10-04 12:01:06,NO
1791103800,2026-10-04 08:50:00,2026-10-04 05:50:00,Llaima,MODIS,0.0,0.0,RUTINA,NULO,No descargada,2026-10-04 08:20:54,2026-10-04 12:01:06,NO
1791103800,2026-10-04 08:50:00,2026-10-04 05:50:00,Copahue,MODIS,0.0,0.0,RUTINA,NULO,No descargada,2026-10-04 08:20:54,2026-10-04 12:01:06,NO
1791103800,2026-10-04 08:50:00,2026-10-04 05:50:00,Nevados de Chillan,MODIS,0.0,0.0,RUTINA,NULO,No descargada,2026-10-04 08:20:54,2026-10-04 12:01:06,NO
1791103800,2026-10-04 08:50:00,2026-10-04 05:50:00,Villarrica,MODIS,0.0,0.0,RUTINA,NULO,No descargada,2026-10-04 08:20:54,2026-10-04 12:01:06,NO
1791103800,2026-10-04 08:50:00,2026-10-04 05:50:00,Tupungatito,MODIS,0.0,0.0,RUTINA,NULO,No descargada,2026-10-04 08:20:54,2026-10-04 12:01:06,NO
1791103800,2026-10-04 08:50:00,2026-10-04 05:50:00,Puyehue-Cordon Caulle,MODIS,0.0,0.0,RUTINA,NULO,No descargada,2026-10-04 08:20:54,2026-10-04 12:01:06,NO
1791103500,2026-10-04 08:45:00,2026-10-04 05:45:00,Isluga,MODIS,0.0,0.0,RUTINA,NULO,No descargada,2026-10-04 08:20:54,2026-10-04 12:01:06,NO
1791098100,2026-10-04 07:15:00,2026-10-04 04:15:00,Chaiten,MODIS,0.0,0.0,RUTINA,NULO,No descargada,2026-10-04 07:20:48,2026-10-04 08:15:52,NO
1791097800,2026-10-04 07:10:00,2026-10-04 04:10:00,Llaima,MODIS,0.0,0.0,RUTINA,NULO,No descargada,2026-10-04 07:20:48,2026-10-04 08:15:52,NO
1791097800,2026-10-04 07:10:00,2026-10-04 04:10:00,Villarrica,MODIS,0.0,0.0,RUTINA,NULO,No descargada,2026-10-04 07:20:48,2026-10-04 08:15:52,NO
1791097800,2026-10-04 07:10:00,2026-10-04 04:10:00,Copahue,MODIS,0.0,0.0,RUTINA,NULO,No descargada,2026-10-04 07:20:48,2026-10-04 08:15:52,NO
1791097800,2026-10-04 07:10:00,2026-10-04 04:10:00,Tupungatito,MODIS,0.0,0.0,RUTINA,NULO,No descargada,2026-10-04 07:20:48,2026-10-04 08:15:52,NO
1791097800,2026-10-04 07:10:00,2026-10-04 04:10:00,Nevados de Chillan,MODIS,0.0,0.0,RUTINA,NULO,No descargada,2026-10-04 07:20:48,2026-10-04 08:15:52,NO
1791097800,2026-10-04 07:10:00,2026-10-04 04:10:00,Puyehue-Cordon Caulle,MODIS,0.0,0.0,RUTINA,NULO,No descargada,2026-10-04 07:20:48,2026-10-04 08:15:52,NO
1791097800,2026-10-04 07:10:00,2026-10-04 04:10:00,PlanchonPeteroa,MODIS,0.0,0.0,RUTINA,NULO,No descargada,2026-10-04 07:20:48,2026-10-04 08:15:52,NO
1791096480,2026-10-04 06:48:00,2026-10-04 03:48:00,Villarrica,VIIRS375,0.0,0.0,RUTINA,NULO,No descargada,2026-10-04 09:35:53,2026-10-04 19:30:58,NO
1791096480,2026-10-04 06:48:00,2026-10-04 03:48:00,Llaima,VIIRS375,0.0,0.0,RUTINA,NULO,No descargada,2026-10-04 09:35:53,2026-10-04 19:30:58,NO
1791096480,2026-10-04 06:48:00,2026-10-04 03:48:00,Puyehue-Cordon Caulle,VIIRS375,0.0,0.0,RUTINA,NULO,No descargada,2026-10-04 09:50:53,2026-10-04 19:30:58,NO
1791096480,2026-10-04 06:48:00,2026-10-04 03:48:00,Chaiten,VIIRS,0.0,0.0,RUTINA,NULO,No descargada,2026-10-04 08:50:58,2026-10-04 19:30:58,NO
1791096480,2026-10-04 06:48:00,2026-10-04 03:48:00,Puyehue-Cordon Caulle,VIIRS,0.0,0.0,RUTINA,NULO,No descargada,2026-10-04 08:50:58,2026-10-04 19:30:58,NO
1791096480,2026-10-04 06:48:00,2026-10-04 03:48:00,Llaima,VIIRS,0.0,0.0,RUTINA,NULO,No descargada,2026-10-04 08:50:58,2026-10-04 19:30:58,NO
1791096480,2026-10-04 06:48:00,2026-10-04 03:48:00,Chaiten,VIIRS375,0.0,0.0,RUTINA,NULO,No descargada,2026-10-04 09:50:53,2026-10-04 19:30:58,NO
1791096480,2026-10-04 06:48:00,2026-10-04 03:48:00,Villarrica,VIIRS,0.0,0.0,RUTINA,NULO,No descargada,2026-10-04 08:50:58,2026-10-04 19:30:58,NO
1791096120,2026-10-04 06:42:00,2026-10-04 03:42:00,Copahue,VIIRS375,0.0,0.0,RUTINA,NULO,No descargada,2026-10-04 09:35:53,2026-10-04 19:30:58,NO
1791096120,2026-10-04 06:42:00,2026-10-04 03:42:00,Lastarria,VIIRS375,0.0,0.0,RUTINA,NULO,No descargada,2026-10-04 09:35:53,2026-10-04 19:01:01,NO
1791096120,2026-10-04 06:42:00,2026-10-04 03:42:00,Lastarria,VIIRS,0.0,0.0,RUTINA,NULO,No descargada,2026-10-04 08:36:11,2026-10-04 18:31:06,NO
1791096120,2026-10-04 06:42:00,2026-10-04 03:42:00,Lascar,VIIRS375,0.0,0.0,RUTINA,NULO,No descargada,2026-10-04 09:35:53,2026-10-04 19:01:01,NO
1791096120,2026-10-04 06:42:00,2026-10-04 03:42:00,Isluga,VIIRS,0.0,0.0,RUTINA,NULO,No descargada,2026-10-04 08:36:11,2026-10-04 18:31:06,NO
1791096120,2026-10-04 06:42:00,2026-10-04 03:42:00,Tupungatito,VIIRS,0.0,0.0,RUTINA,NULO,No descargada,2026-10-04 08:50:58,2026-10-04 19:30:58,NO
1791096120,2026-10-04 06:42:00,2026-10-04 03:42:00,Isluga,VIIRS375,0.0,0.0,RUTINA,NULO,No descargada,2026-10-04 09:35:53,2026-10-04 19:01:01,NO
1791096120,2026-10-04 06:42:00,2026-10-04 03:42:00,PlanchonPeteroa,VIIRS375,0.0,0.0,RUTINA,NULO,No descargada,2026-10-04 09:35:53,2026-10-04 19:30:58,NO
1791096120,2026-10-04 06:42:00,2026-10-04 03:42:00,Lascar,VIIRS,0.0,0.0,RUTINA,NULO,No descargada,2026-10-04 08:36:11,2026-10-04 18:31:06,NO
1791096120,2026-10-04 06:42:00,2026-10-04 03:42:00,Nevados de Chillan,VIIRS375,0.86,1.13,ALERTA_TERMICA,Muy Bajo,imagenes_satelitales/Nevados_de_Chillan/2026-10-04/06-42-00_Nevados_de_Chillan_VIIRS375_Latest.png,2026-10-04 09:35:53,2026-10-04 19:30:58,NO
1791096120,2026-10-04 06:42:00,2026-10-04 03:42:00,Copahue,VIIRS,0.0,0.0,RUTINA,NULO,No descargada,2026-10-04 08:50:58,2026-10-04 19:30:58,NO
1791096120,2026-10-04 06:42:00,2026-10-04 03:42:00,Tupungatito,VIIRS375,0.0,0.0,RUTINA,NULO,No descargada,2026-10-04 09:35:53,2026-10-04 17:45:58,NO
1791096120,2026-10-04 06:42:00,2026-10-04 03:42:00,Nevados de Chillan,VIIRS,0.0,0.0,RUTINA,NULO,No descargada,2026-10-04 08:50:58,2026-10-04 19:30:58,NO
1791096120,2026-10-04 06:42:00,2026-10-04 03:42:00,PlanchonPeteroa,VIIRS,0.0,0.0,RUTINA,NULO,No descargada,2026-10-04 08:50:58,2026-10-04 19:30:58,NO
1791094322,2026-10-04 06:12:02,2026-10-04 03:12:02,Chaiten,VIIRS375,0.0,0.0,RUTINA,NULO,No descargada,2026-10-04 08:36:11,2026-10-04 09:46:06,NO
1791094322,2026-10-04 06:12:02,2026-10-04 03:12:02,Chaiten,VIIRS,0.0,0.0,RUTINA,NULO,No descargada,2026-10-04 07:20:48,2026-10-04 08:45:55,NO
1791093962,2026-10-04 06:06:02,2026-10-04 03:06:02,Tupungatito,VIIRS375,0.0,0.0,RUTINA,NULO,No descargada,2026-10-04 08:36:11,2026-10-04 09:30:59,NO
1791093962,2026-10-04 06:06:02,2026-10-04 03:06:02,Tupungatito,VIIRS,0.0,0.0,RUTINA,NULO,No descargada,2026-10-04 07:20:48,2026-10-04 08:45:55,NO
1791093962,2026-10-04 06:06:02,2026-10-04 03:06:02,Lascar,VIIRS,0.0,0.0,RUTINA,NULO,No descargada,2026-10-04 07:20:48,2026-10-04 08:31:01,NO
1791093962,2026-10-04 06:06:02,2026-10-04 03:06:02,Nevados de Chillan,VIIRS,2.3,1.06,ALERTA_TERMICA,Bajo,imagenes_satelitales/Nevados_de_Chillan/2026-10-04/06-06-02_Nevados_de_Chillan_VIIRS750_Latest.png,2026-10-04 07:20:48,2026-10-04 08:45:55,NO
1791093962,2026-10-04 06:06:02,2026-10-04 03:06:02,PlanchonPeteroa,VIIRS,0.0,0.0,RUTINA,NULO,No descargada,2026-10-04 07:20:48,2026-10-04 08:45:55,NO
1791093962,2026-10-04 06:06:02,2026-10-04 03:06:02,Villarrica,VIIRS,0.0,0.0,RUTINA,NULO,No descargada,2026-10-04 07:20:48,2026-10-04 08:45:55,NO
1791093962,2026-10-04 06:06:02,2026-10-04 03:06:02,Lascar,VIIRS375,0.0,0.0,RUTINA,NULO,No descargada,2026-10-04 08:20:54,2026-10-04 09:30:59,NO
1791093962,2026-10-04 06:06:02,2026-10-04 03:06:02,Lastarria,VIIRS,0.0,0.0,RUTINA,NULO,No descargada,2026-10-04 07:20:48,2026-10-04 08:31:01,NO
1791093962,2026-10-04 06:06:02,2026-10-04 03:06:02,Llaima,VIIRS375,0.0,0.0,RUTINA,NULO,No descargada,2026-10-04 08:36:11,2026-10-04 09:30:59,NO
1791093962,2026-10-04 06:06:02,2026-10-04 03:06:02,Nevados de Chillan,VIIRS375,2.54,0.84,ALERTA_TERMICA,Bajo,imagenes_satelitales/Nevados_de_Chillan/2026-10-04/06-06-02_Nevados_de_Chillan_VIIRS375_Latest.png,2026-10-04 08:20:54,2026-10-04 09:30:59,NO
1791093962,2026-10-04 06:06:02,2026-10-04 03:06:02,Copahue,VIIRS,0.0,0.0,RUTINA,NULO,No descargada,2026-10-04 07:20:48,2026-10-04 08:45:55,NO
1791093962,2026-10-04 06:06:02,2026-10-04 03:06:02,Llaima,VIIRS,0.0,0.0,RUTINA,NULO,No descargada,2026-10-04 07:20:48,2026-10-04 08:45:55,NO
1791093962,2026-10-04 06:06:02,2026-10-04 03:06:02,Lastarria,VIIRS375,0.0,0.0,RUTINA,NULO,No descargada,2026-10-04 08:20:54,2026-10-04 09:30:59,NO
1791093962,2026-10-04 06:06:02,2026-10-04 03:06:02,Villarrica,VIIRS375,0.0,0.0,RUTINA,NULO,No descargada,2026-10-04 08:36:11,2026-10-04 09:30:59,NO
1791093962,2026-10-04 06:06:02,2026-10-04 03:06:02,Copahue,VIIRS375,0.0,0.0,RUTINA,NULO,No descargada,2026-10-04 08:36:11,2026-10-04 09:30:59,NO
1791093962,2026-10-04 06:06:02,2026-10-04 03:06:02,PlanchonPeteroa,VIIRS375,0.0,0.0,RUTINA,NULO,No descargada,2026-10-04 08:20:54,2026-10-04 09:30:59,NO
1791093602,2026-10-04 06:00:02,2026-10-04 03:00:02,Isluga,VIIRS,0.0,0.0,RUTINA,NULO,No descargada,2026-10-04 07:20:48,2026-10-04 08:31:01,NO
1791093602,2026-10-04 06:00:02,2026-10-04 03:00:02,Isluga,VIIRS375,0.0,0.0,RUTINA,NULO,No descargada,2026-10-04 08:20:54,2026-10-04 09:30:59,NO
1791091441,2026-10-04 05:24:01,2026-10-04 02:24:01,PlanchonPeteroa,VIIRS375,0.13,2.52,ALERTA_TERMICA,Muy Bajo,imagenes_satelitales/PlanchonPeteroa/2026-10-04/05-24-01_PlanchonPeteroa_VIIRS375_Latest.png,2026-10-04 07:20:48,2026-10-04 08:15:52,NO
1791091441,2026-10-04 05:24:01,2026-10-04 02:24:01,Tupungatito,VIIRS375,0.0,0.0,RUTINA,NULO,No descargada,2026-10-04 07:20:48,2026-10-04 08:31:01,NO
1791091441,2026-10-04 05:24:01,2026-10-04 02:24:01,Villarrica,VIIRS375,0.0,0.0,RUTINA,NULO,No descargada,2026-10-04 07:20:48,2026-10-04 08:31:01,NO
1791091441,2026-10-04 05:24:01,2026-10-04 02:24:01,Nevados de Chillan,VIIRS,0.0,0.0,RUTINA,NULO,No descargada,2026-10-04 05:50:52,2026-10-04 07:15:53,NO
1791091441,2026-10-04 05:24:01,2026-10-04 02:24:01,Puyehue-Cordon Caulle,VIIRS375,0.0,0.0,RUTINA,NULO,No descargada,2026-10-04 07:20:48,2026-10-04 09:46:06,NO
1791091441,2026-10-04 05:24:01,2026-10-04 02:24:01,Villarrica,VIIRS,0.0,0.0,RUTINA,NULO,No descargada,2026-10-04 06:05:50,2026-10-04 07:15:53,NO
1791091441,2026-10-04 05:24:01,2026-10-04 02:24:01,Tupungatito,VIIRS,0.0,0.0,RUTINA,NULO,No descargada,2026-10-04 06:05:50,2026-10-04 07:15:53,NO
1791091441,2026-10-04 05:24:01,2026-10-04 02:24:01,Chaiten,VIIRS375,0.0,0.0,RUTINA,NULO,No descargada,2026-10-04 07:20:48,2026-10-04 08:31:01,NO
1791091441,2026-10-04 05:24:01,2026-10-04 02:24:01,Llaima,VIIRS375,0.0,0.0,RUTINA,NULO,No descargada,2026-10-04 07:20:48,2026-10-04 08:31:01,NO
1791091441,2026-10-04 05:24:01,2026-10-04 02:24:01,Copahue,VIIRS,0.0,0.0,RUTINA,NULO,No descargada,2026-10-04 06:05:50,2026-10-04 07:15:53,NO
1791091441,2026-10-04 05:24:01,2026-10-04 02:24:01,Nevados de Chillan,VIIRS375,0.0,0.0,RUTINA,NULO,No descargada,2026-10-04 07:20:48,2026-10-04 08:15:52,NO
1791091441,2026-10-04 05:24:01,2026-10-04 02:24:01,Llaima,VIIRS,0.0,0.0,RUTINA,NULO,No descargada,2026-10-04 06:05:50,2026-10-04 07:15:53,NO
1791091441,2026-10-04 05:24:01,2026-10-04 02:24:01,Puyehue-Cordon Caulle,VIIRS,0.0,0.0,RUTINA,NULO,No descargada,2026-10-04 06:05:50,2026-10-04 08:45:55,NO
1791091441,2026-10-04 05:24:01,2026-10-04 02:24:01,Copahue,VIIRS375,0.0,0.0,RUTINA,NULO,No descargada,2026-10-04 07:20:48,2026-10-04 08:31:01,NO
1791091441,2026-10-04 05:24:01,2026-10-04 02:24:01,Chaiten,VIIRS,0.0,0.0,RUTINA,NULO,No descargada,2026-10-04 06:05:50,2026-10-04 07:15:53,NO
1791091441,2026-10-04 05:24:01,2026-10-04 02:24:01,PlanchonPeteroa,VIIRS,0.0,0.0,RUTINA,NULO,No descargada,2026-10-04 05:50:52,2026-10-04 07:15:53,NO
1791091081,2026-10-04 05:18:01,2026-10-04 02:18:01,Isluga,VIIRS375,0.24,0.75,ALERTA_TERMICA,Muy Bajo,imagenes_satelitales/Isluga/2026-10-04/05-18-01_Isluga_VIIRS375_Latest.png,2026-10-04 07:20:48,2026-10-04 08:15:52,NO
1791091081,2026-10-04 05:18:01,2026-10-04 02:18:01,Isluga,VIIRS,0.0,0.0,RUTINA,NULO,No descargada,2026-10-04 05:50:52,2026-10-04 07:15:53,NO
1791091081,2026-10-04 05:18:01,2026-10-04 02:18:01,Lascar,VIIRS375,0.51,24.78,FALSO_POSITIVO,NULO,No descargada,2026-10-04 07:20:48,2026-10-04 08:15:52,NO
1791091081,2026-10-04 05:18:01,2026-10-04 02:18:01,Lascar,VIIRS,0.0,0.0,RUTINA,NULO,No descargada,2026-10-04 05:50:52,2026-10-04 07:15:53,NO
1791091081,2026-10-04 05:18:01,2026-10-04 02:18:01,Lastarria,VIIRS375,0.49,20.43,FALSO_POSITIVO,NULO,No descargada,2026-10-04 07:20:48,2026-10-04 08:15:52,NO
1791091081,2026-10-04 05:18:01,2026-10-04 02:18:01,Lastarria,VIIRS,0.0,0.0,RUTINA,NULO,No descargada,2026-10-04 05:50:52,2026-10-04 07:15:53,NO
1791088202,2026-10-04 04:30:02,2026-10-04 01:30:02,Llaima,VIIRS375,0.0,0.0,RUTINA,NULO,No descargada,2026-10-04 05:35:55,2026-10-04 07:15:53,NO
1791088202,2026-10-04 04:30:02,2026-10-04 01:30:02,Puyehue-Cordon Caulle,VIIRS375,0.0,0.0,RUTINA,NULO,No descargada,2026-10-04 05:35:55,2026-10-04 07:15:53,NO
1791088202,2026-10-04 04:30:02,2026-10-04 01:30:02,Villarrica,VIIRS,0.0,0.0,RUTINA,NULO,No descargada,2026-10-04 04:50:53,2026-10-04 06:01:01,NO
1791088202,2026-10-04 04:30:02,2026-10-04 01:30:02,Llaima,VIIRS,0.0,0.0,RUTINA,NULO,No descargada,2026-10-04 04:50:53,2026-10-04 06:01:01,NO
1791088202,2026-10-04 04:30:02,2026-10-04 01:30:02,Chaiten,VIIRS375,0.0,0.0,RUTINA,NULO,No descargada,2026-10-04 05:35:55,2026-10-04 07:15:53,NO
1791088202,2026-10-04 04:30:02,2026-10-04 01:30:02,Puyehue-Cordon Caulle,VIIRS,0.0,0.0,RUTINA,NULO,No descargada,2026-10-04 04:50:53,2026-10-04 06:01:01,NO
1791088202,2026-10-04 04:30:02,2026-10-04 01:30:02,Villarrica,VIIRS375,0.0,0.0,RUTINA,NULO,No descargada,2026-10-04 05:35:55,2026-10-04 07:15:53,NO
1791088202,2026-10-04 04:30:02,2026-10-04 01:30:02,Copahue,VIIRS375,0.0,0.0,RUTINA,NULO,No descargada,2026-10-04 05:35:55,2026-10-04 07:15:53,NO
1791088202,2026-10-04 04:30:02,2026-10-04 01:30:02,Copahue,VIIRS,0.0,0.0,RUTINA,NULO,No descargada,2026-10-04 04:50:53,2026-10-04 06:01:01,NO
1791088202,2026-10-04 04:30:02,2026-10-04 01:30:02,Chaiten,VIIRS,0.0,0.0,RUTINA,NULO,No descargada,2026-10-04 04:50:53,2026-10-04 06:01:01,NO
1791079800,2026-10-04 02:10:00,2026-10-03 23:10:00,Lastarria,MODIS,0.0,0.0,RUTINA,NULO,No descargada,2026-10-04 03:06:18,2026-10-04 12:01:06,NO
1791079500,2026-10-04 02:05:00,2026-10-03 23:05:00,PlanchonPeteroa,MODIS,0.0,0.0,RUTINA,NULO,No descargada,2026-10-04 01:06:10,2026-10-04 07:15:53,NO
1791079500,2026-10-04 02:05:00,2026-10-03 23:05:00,Nevados de Chillan,MODIS,0.0,0.0,RUTINA,NULO,No descargada,2026-10-04 01:06:10,2026-10-04 07:15:53,NO
1791079500,2026-10-04 02:05:00,2026-10-03 23:05:00,Villarrica,MODIS,0.0,0.0,RUTINA,NULO,No descargada,2026-10-04 01:06:10,2026-10-04 07:15:53,NO
1791079500,2026-10-04 02:05:00,2026-10-03 23:05:00,Chaiten,MODIS,0.0,0.0,RUTINA,NULO,No descargada,2026-10-04 01:06:10,2026-10-04 07:15:53,NO
1791079500,2026-10-04 02:05:00,2026-10-03 23:05:00,Tupungatito,MODIS,0.0,0.0,RUTINA,NULO,No descargada,2026-10-04 01:06:10,2026-10-04 07:15:53,NO
1791079500,2026-10-04 02:05:00,2026-10-03 23:05:00,Copahue,MODIS,0.0,0.0,RUTINA,NULO,No descargada,2026-10-04 01:06:10,2026-10-04 07:15:53,NO
1791079500,2026-10-04 02:05:00,2026-10-03 23:05:00,Puyehue-Cordon Caulle,MODIS,0.0,0.0,RUTINA,NULO,No descargada,2026-10-04 01:06:10,2026-10-04 07:15:53,NO
1791079500,2026-10-04 02:05:00,2026-10-03 23:05:00,Llaima,MODIS,0.0,0.0,RUTINA,NULO,No descargada,2026-10-04 01:06:10,2026-10-04 07:15:53,NO
1791063900,2026-10-03 21:45:00,2026-10-03 18:45:00,Puyehue-Cordon Caulle,MODIS,0.0,0.0,RUTINA,NULO,No descargada,2026-10-03 21:35:56,2026-10-04 01:01:04,NO
1791063900,2026-10-03 21:45:00,2026-10-03 18:45:00,Copahue,MODIS,0.0,0.0,RUTINA,NULO,No descargada,2026-10-03 21:35:56,2026-10-04 01:01:04,NO
1791063900,2026-10-03 21:45:00,2026-10-03 18:45:00,Chaiten,MODIS,0.0,0.0,RUTINA,NULO,No descargada,2026-10-03 21:35:56,2026-10-04 01:01:04,NO
1791063900,2026-10-03 21:45:00,2026-10-03 18:45:00,Llaima,MODIS,0.0,0.0,RUTINA,NULO,No descargada,2026-10-03 21:35:56,2026-10-04 01:01:04,NO
1791063900,2026-10-03 21:45:00,2026-10-03 18:45:00,Villarrica,MODIS,0.0,0.0,RUTINA,NULO,No descargada,2026-10-03 21:35:56,2026-10-04 01:01:04,NO
1791058500,2026-10-03 20:15:00,2026-10-03 17:15:00,Isluga,MODIS,0.0,0.0,RUTINA,NULO,No descargada,2026-10-03 19:51:02,2026-10-04 08:15:52,NO
1791058500,2026-10-03 20:15:00,2026-10-03 17:15:00,Lastarria,MODIS,0.0,0.0,RUTINA,NULO,No descargada,2026-10-03 19:51:02,2026-10-04 03:00:59,NO
1791058500,2026-10-03 20:15:00,2026-10-03 17:15:00,Lascar,MODIS,0.0,0.0,RUTINA,NULO,No descargada,2026-10-03 19:51:02,2026-10-04 12:01:06,NO
1791058200,2026-10-03 20:10:00,2026-10-03 17:10:00,Copahue,MODIS,0.0,0.0,RUTINA,NULO,No descargada,2026-10-03 19:51:02,2026-10-03 21:31:23,NO
1791058200,2026-10-03 20:10:00,2026-10-03 17:10:00,Llaima,MODIS,0.0,0.0,RUTINA,NULO,No descargada,2026-10-03 19:51:02,2026-10-03 21:31:23,NO
1791058200,2026-10-03 20:10:00,2026-10-03 17:10:00,Nevados de Chillan,MODIS,0.0,0.0,RUTINA,NULO,No descargada,2026-10-03 19:51:02,2026-10-04 01:01:04,NO
1791058200,2026-10-03 20:10:00,2026-10-03 17:10:00,PlanchonPeteroa,MODIS,0.0,0.0,RUTINA,NULO,No descargada,2026-10-03 19:51:02,2026-10-04 01:01:04,NO
1791058200,2026-10-03 20:10:00,2026-10-03 17:10:00,Villarrica,MODIS,0.0,0.0,RUTINA,NULO,No descargada,2026-10-03 19:51:02,2026-10-03 21:31:23,NO
1791058200,2026-10-03 20:10:00,2026-10-03 17:10:00,Tupungatito,MODIS,0.0,0.0,RUTINA,NULO,No descargada,2026-10-03 19:51:02,2026-10-04 01:01:04,NO
1791058200,2026-10-03 20:10:00,2026-10-03 17:10:00,Puyehue-Cordon Caulle,MODIS,0.0,0.0,RUTINA,NULO,No descargada,2026-10-03 19:51:02,2026-10-03 21:31:23,NO
1791058200,2026-10-03 20:10:00,2026-10-03 17:10:00,Chaiten,MODIS,0.0,0.0,RUTINA,NULO,No descargada,2026-10-03 19:51:02,2026-10-03 21:31:23,NO
1791056521,2026-10-03 19:42:01,2026-10-03 16:42:01,Puyehue-Cordon Caulle,VIIRS375,0.0,0.0,RUTINA,NULO,No descargada,2026-10-04 01:06:10,2026-10-04 05:31:18,NO
1791056521,2026-10-03 19:42:01,2026-10-03 16:42:01,Puyehue-Cordon Caulle,VIIRS,0.0,0.0,RUTINA,NULO,No descargada,2026-10-03 23:50:53,2026-10-04 04:45:59,NO
1791056521,2026-10-03 19:42:01,2026-10-03 16:42:01,Nevados de Chillan,VIIRS,0.0,0.0,RUTINA,NULO,No descargada,2026-10-03 23:50:53,2026-10-04 05:46:03,NO
1791056521,2026-10-03 19:42:01,2026-10-03 16:42:01,Nevados de Chillan,VIIRS375,0.0,0.0,RUTINA,NULO,No descargada,2026-10-04 01:06:10,2026-10-04 07:15:53,NO
1791056521,2026-10-03 19:42:01,2026-10-03 16:42:01,PlanchonPeteroa,VIIRS375,0.0,0.0,RUTINA,NULO,No descargada,2026-10-04 01:06:10,2026-10-04 07:15:53,NO
1791056521,2026-10-03 19:42:01,2026-10-03 16:42:01,Villarrica,VIIRS375,0.0,0.0,RUTINA,NULO,No descargada,2026-10-04 01:06:10,2026-10-04 05:31:18,NO
1791056521,2026-10-03 19:42:01,2026-10-03 16:42:01,Copahue,VIIRS,0.0,0.0,RUTINA,NULO,No descargada,2026-10-03 23:50:53,2026-10-04 04:45:59,NO
1791056521,2026-10-03 19:42:01,2026-10-03 16:42:01,Copahue,VIIRS375,0.0,0.0,RUTINA,NULO,No descargada,2026-10-04 01:06:10,2026-10-04 05:31:18,NO
1791056521,2026-10-03 19:42:01,2026-10-03 16:42:01,PlanchonPeteroa,VIIRS,0.0,0.0,RUTINA,NULO,No descargada,2026-10-03 23:50:53,2026-10-04 05:46:03,NO
1791056521,2026-10-03 19:42:01,2026-10-03 16:42:01,Villarrica,VIIRS,0.0,0.0,RUTINA,NULO,No descargada,2026-10-03 23:50:53,2026-10-04 04:45:59,NO
1791056521,2026-10-03 19:42:01,2026-10-03 16:42:01,Chaiten,VIIRS375,0.0,0.0,RUTINA,NULO,No descargada,2026-10-04 01:06:10,2026-10-04 05:31:18,NO
1791056521,2026-10-03 19:42:01,2026-10-03 16:42:01,Llaima,VIIRS375,0.0,0.0,RUTINA,NULO,No descargada,2026-10-04 01:06:10,2026-10-04 05:31:18,NO
1791056521,2026-10-03 19:42:01,2026-10-03 16:42:01,Chaiten,VIIRS,0.0,0.0,RUTINA,NULO,No descargada,2026-10-03 23:50:53,2026-10-04 04:45:59,NO
1791056521,2026-10-03 19:42:01,2026-10-03 16:42:01,Llaima,VIIRS,0.0,0.0,RUTINA,NULO,No descargada,2026-10-03 23:50:53,2026-10-04 04:45:59,NO
1791055440,2026-10-03 19:24:00,2026-10-03 16:24:00,Puyehue-Cordon Caulle,VIIRS,0.0,0.0,RUTINA,NULO,No descargada,2026-10-03 23:05:50,2026-10-03 23:45:59,NO
1791055440,2026-10-03 19:24:00,2026-10-03 16:24:00,Lastarria,VIIRS,0.0,0.0,RUTINA,NULO,No descargada,2026-10-03 23:05:50,2026-10-04 05:46:03,NO
1791055440,2026-10-03 19:24:00,2026-10-03 16:24:00,Copahue,VIIRS375,0.0,0.0,RUTINA,NULO,No descargada,2026-10-03 23:50:53,2026-10-04 01:01:04,NO
1791055440,2026-10-03 19:24:00,2026-10-03 16:24:00,Chaiten,VIIRS375,0.0,0.0,RUTINA,NULO,No descargada,2026-10-03 23:50:53,2026-10-04 01:01:04,NO
1791055440,2026-10-03 19:24:00,2026-10-03 16:24:00,Llaima,VIIRS,0.0,0.0,RUTINA,NULO,No descargada,2026-10-03 23:05:50,2026-10-03 23:45:59,NO
1791055440,2026-10-03 19:24:00,2026-10-03 16:24:00,Villarrica,VIIRS,0.0,0.0,RUTINA,NULO,No descargada,2026-10-03 23:05:50,2026-10-03 23:45:59,NO
1791055440,2026-10-03 19:24:00,2026-10-03 16:24:00,Tupungatito,VIIRS,0.0,0.0,RUTINA,NULO,No descargada,2026-10-03 23:05:50,2026-10-04 06:01:01,NO
1791055440,2026-10-03 19:24:00,2026-10-03 16:24:00,Lastarria,VIIRS375,0.0,0.0,RUTINA,NULO,No descargada,2026-10-03 23:50:53,2026-10-04 07:15:53,NO
1791055440,2026-10-03 19:24:00,2026-10-03 16:24:00,PlanchonPeteroa,VIIRS,0.0,0.0,RUTINA,NULO,No descargada,2026-10-03 23:05:50,2026-10-03 23:45:59,NO
1791055440,2026-10-03 19:24:00,2026-10-03 16:24:00,Llaima,VIIRS375,0.0,0.0,RUTINA,NULO,No descargada,2026-10-03 23:50:53,2026-10-04 01:01:04,NO
1791055440,2026-10-03 19:24:00,2026-10-03 16:24:00,Copahue,VIIRS,0.0,0.0,RUTINA,NULO,No descargada,2026-10-03 23:05:50,2026-10-03 23:45:59,NO
1791055440,2026-10-03 19:24:00,2026-10-03 16:24:00,Chaiten,VIIRS,0.0,0.0,RUTINA,NULO,No descargada,2026-10-03 23:05:50,2026-10-03 23:45:59,NO
1791055440,2026-10-03 19:24:00,2026-10-03 16:24:00,Nevados de Chillan,VIIRS,0.0,0.0,RUTINA,NULO,No descargada,2026-10-03 23:05:50,2026-10-03 23:45:59,NO
1791055440,2026-10-03 19:24:00,2026-10-03 16:24:00,Puyehue-Cordon Caulle,VIIRS375,0.0,0.0,RUTINA,NULO,No descargada,2026-10-03 23:50:53,2026-10-04 01:01:04,NO
1791055440,2026-10-03 19:24:00,2026-10-03 16:24:00,PlanchonPeteroa,VIIRS375,0.0,0.0,RUTINA,NULO,No descargada,2026-10-03 23:50:53,2026-10-04 01:01:04,NO
1791055440,2026-10-03 19:24:00,2026-10-03 16:24:00,Tupungatito,VIIRS375,0.0,0.0,RUTINA,NULO,No descargada,2026-10-03 23:50:53,2026-10-04 07:15:53,NO
1791055440,2026-10-03 19:24:00,2026-10-03 16:24:00,Villarrica,VIIRS375,0.0,0.0,RUTINA,NULO,No descargada,2026-10-03 23:50:53,2026-10-04 01:01:04,NO
1791055440,2026-10-03 19:24:00,2026-10-03 16:24:00,Nevados de Chillan,VIIRS375,0.0,0.0,RUTINA,NULO,No descargada,2026-10-03 23:50:53,2026-10-04 01:01:04,NO
1791053642,2026-10-03 18:54:02,2026-10-03 15:54:02,Isluga,VIIRS,0.0,0.0,RUTINA,NULO,No descargada,2026-10-03 21:35:56,2026-10-04 05:46:03,NO
1791053642,2026-10-03 18:54:02,2026-10-03 15:54:02,Isluga,VIIRS375,0.0,0.0,RUTINA,NULO,No descargada,2026-10-03 23:05:50,2026-10-04 07:15:53,NO
1791053282,2026-10-03 18:48:02,2026-10-03 15:48:02,Nevados de Chillan,VIIRS375,0.0,0.0,RUTINA,NULO,No descargada,2026-10-03 23:05:50,2026-10-03 23:45:59,NO
1791053282,2026-10-03 18:48:02,2026-10-03 15:48:02,PlanchonPeteroa,VIIRS375,0.0,0.0,RUTINA,NULO,No descargada,2026-10-03 23:05:50,2026-10-03 23:45:59,NO
1791053282,2026-10-03 18:48:02,2026-10-03 15:48:02,Lascar,VIIRS375,0.0,0.0,RUTINA,NULO,No descargada,2026-10-03 23:05:50,2026-10-04 07:15:53,NO
1791053282,2026-10-03 18:48:02,2026-10-03 15:48:02,Tupungatito,VIIRS,0.0,0.0,RUTINA,NULO,No descargada,2026-10-03 21:35:56,2026-10-03 23:01:00,NO
1791053282,2026-10-03 18:48:02,2026-10-03 15:48:02,Villarrica,VIIRS375,0.0,0.0,RUTINA,NULO,No descargada,2026-10-03 23:05:50,2026-10-03 23:45:59,NO
1791053282,2026-10-03 18:48:02,2026-10-03 15:48:02,Chaiten,VIIRS,0.0,0.0,RUTINA,NULO,No descargada,2026-10-03 21:35:56,2026-10-03 23:01:00,NO
1791053282,2026-10-03 18:48:02,2026-10-03 15:48:02,Llaima,VIIRS,0.0,0.0,RUTINA,NULO,No descargada,2026-10-03 21:35:56,2026-10-03 23:01:00,NO
1791053282,2026-10-03 18:48:02,2026-10-03 15:48:02,Llaima,VIIRS375,0.0,0.0,RUTINA,NULO,No descargada,2026-10-03 23:05:50,2026-10-03 23:45:59,NO
1791053282,2026-10-03 18:48:02,2026-10-03 15:48:02,Puyehue-Cordon Caulle,VIIRS375,0.0,0.0,RUTINA,NULO,No descargada,2026-10-03 23:05:50,2026-10-03 23:45:59,NO
1791053282,2026-10-03 18:48:02,2026-10-03 15:48:02,Lascar,VIIRS,0.0,0.0,RUTINA,NULO,No descargada,2026-10-03 21:35:56,2026-10-04 05:46:03,NO
1791053282,2026-10-03 18:48:02,2026-10-03 15:48:02,Lastarria,VIIRS,0.0,0.0,RUTINA,NULO,No descargada,2026-10-03 21:35:56,2026-10-03 23:01:00,NO
1791053282,2026-10-03 18:48:02,2026-10-03 15:48:02,Chaiten,VIIRS375,0.0,0.0,RUTINA,NULO,No descargada,2026-10-03 23:05:50,2026-10-03 23:45:59,NO
1791053282,2026-10-03 18:48:02,2026-10-03 15:48:02,Villarrica,VIIRS,0.0,0.0,RUTINA,NULO,No descargada,2026-10-03 21:35:56,2026-10-03 23:01:00,NO
1791053282,2026-10-03 18:48:02,2026-10-03 15:48:02,PlanchonPeteroa,VIIRS,0.0,0.0,RUTINA,NULO,No descargada,2026-10-03 21:35:56,2026-10-03 23:01:00,NO
1791053282,2026-10-03 18:48:02,2026-10-03 15:48:02,Puyehue-Cordon Caulle,VIIRS,0.0,0.0,RUTINA,NULO,No descargada,2026-10-03 21:35:56,2026-10-03 23:01:00,NO
1791053282,2026-10-03 18:48:02,2026-10-03 15:48:02,Nevados de Chillan,VIIRS,0.0,0.0,RUTINA,NULO,No descargada,2026-10-03 21:35:56,2026-10-03 23:01:00,NO
1791053282,2026-10-03 18:48:02,2026-10-03 15:48:02,Copahue,VIIRS375,0.0,0.0,RUTINA,NULO,No descargada,2026-10-03 23:05:50,2026-10-03 23:45:59,NO
1791053282,2026-10-03 18:48:02,2026-10-03 15:48:02,Tupungatito,VIIRS375,0.0,0.0,RUTINA,NULO,No descargada,2026-10-03 23:05:50,2026-10-03 23:45:59,NO
1791053282,2026-10-03 18:48:02,2026-10-03 15:48:02,Lastarria,VIIRS375,0.0,0.0,RUTINA,NULO,No descargada,2026-10-03 23:05:50,2026-10-03 23:45:59,NO
1791053282,2026-10-03 18:48:02,2026-10-03 15:48:02,Copahue,VIIRS,0.0,0.0,RUTINA,NULO,No descargada,2026-10-03 21:35:56,2026-10-03 23:01:00,NO
1791050761,2026-10-03 18:06:01,2026-10-03 15:06:01,Lastarria,VIIRS375,0.0,0.0,RUTINA,NULO,No descargada,2026-10-03 21:35:56,2026-10-03 23:01:00,NO
1791050761,2026-10-03 18:06:01,2026-10-03 15:06:01,Tupungatito,VIIRS,0.0,0.0,RUTINA,NULO,No descargada,2026-10-03 19:51:02,2026-10-03 21:31:23,NO
1791050761,2026-10-03 18:06:01,2026-10-03 15:06:01,Tupungatito,VIIRS375,0.0,0.0,RUTINA,NULO,No descargada,2026-10-03 21:35:56,2026-10-03 23:01:00,NO
1791050761,2026-10-03 18:06:01,2026-10-03 15:06:01,Lastarria,VIIRS,0.0,0.0,RUTINA,NULO,No descargada,2026-10-03 19:51:02,2026-10-03 21:31:23,NO
1791050761,2026-10-03 18:06:01,2026-10-03 15:06:01,PlanchonPeteroa,VIIRS375,0.0,0.0,RUTINA,NULO,No descargada,2026-10-03 21:35:56,2026-10-03 23:01:00,NO
1791050761,2026-10-03 18:06:01,2026-10-03 15:06:01,PlanchonPeteroa,VIIRS,0.0,0.0,RUTINA,NULO,No descargada,2026-10-03 19:51:02,2026-10-03 21:31:23,NO
1791050761,2026-10-03 18:06:01,2026-10-03 15:06:01,Lascar,VIIRS375,0.0,0.0,RUTINA,NULO,No descargada,2026-10-03 21:35:56,2026-10-03 23:01:00,NO
1791050761,2026-10-03 18:06:01,2026-10-03 15:06:01,Isluga,VIIRS375,0.0,0.0,RUTINA,NULO,No descargada,2026-10-03 21:35:56,2026-10-03 23:01:00,NO
1791050761,2026-10-03 18:06:01,2026-10-03 15:06:01,Lascar,VIIRS,0.0,0.0,RUTINA,NULO,No descargada,2026-10-03 19:51:02,2026-10-03 21:31:23,NO
1791050761,2026-10-03 18:06:01,2026-10-03 15:06:01,Isluga,VIIRS,0.0,0.0,RUTINA,NULO,No descargada,2026-10-03 19:51:02,2026-10-03 21:31:23,NO
1791050401,2026-10-03 18:00:01,2026-10-03 15:00:01,Puyehue-Cordon Caulle,VIIRS375,0.0,0.0,RUTINA,NULO,No descargada,2026-10-03 21:35:56,2026-10-03 23:01:00,NO
1791050401,2026-10-03 18:00:01,2026-10-03 15:00:01,Chaiten,VIIRS,0.0,0.0,RUTINA,NULO,No descargada,2026-10-03 19:51:02,2026-10-03 21:31:23,NO
1791050401,2026-10-03 18:00:01,2026-10-03 15:00:01,Copahue,VIIRS375,0.0,0.0,RUTINA,NULO,No descargada,2026-10-03 21:35:56,2026-10-03 23:01:00,NO
1791050401,2026-10-03 18:00:01,2026-10-03 15:00:01,Llaima,VIIRS375,0.0,0.0,RUTINA,NULO,No descargada,2026-10-03 21:35:56,2026-10-03 23:01:00,NO
1791050401,2026-10-03 18:00:01,2026-10-03 15:00:01,Nevados de Chillan,VIIRS,0.0,0.0,RUTINA,NULO,No descargada,2026-10-03 19:51:02,2026-10-03 21:31:23,NO
1791050401,2026-10-03 18:00:01,2026-10-03 15:00:01,Puyehue-Cordon Caulle,VIIRS,0.0,0.0,RUTINA,NULO,No descargada,2026-10-03 19:51:02,2026-10-03 21:31:23,NO
1791050401,2026-10-03 18:00:01,2026-10-03 15:00:01,Nevados de Chillan,VIIRS375,0.0,0.0,RUTINA,NULO,No descargada,2026-10-03 21:35:56,2026-10-03 23:01:00,NO
1791050401,2026-10-03 18:00:01,2026-10-03 15:00:01,Villarrica,VIIRS,0.0,0.0,RUTINA,NULO,No descargada,2026-10-03 19:51:02,2026-10-03 21:31:23,NO
1791050401,2026-10-03 18:00:01,2026-10-03 15:00:01,Villarrica,VIIRS375,0.0,0.0,RUTINA,NULO,No descargada,2026-10-03 21:35:56,2026-10-03 23:01:00,NO
1791050401,2026-10-03 18:00:01,2026-10-03 15:00:01,Llaima,VIIRS,0.0,0.0,RUTINA,NULO,No descargada,2026-10-03 19:51:02,2026-10-03 21:31:23,NO
1791050401,2026-10-03 18:00:01,2026-10-03 15:00:01,Chaiten,VIIRS375,0.0,0.0,RUTINA,NULO,No descargada,2026-10-03 21:35:56,2026-10-03 23:01:00,NO
1791050401,2026-10-03 18:00:01,2026-10-03 15:00:01,Copahue,VIIRS,0.0,0.0,RUTINA,NULO,No descargada,2026-10-03 19:51:02,2026-10-03 21:31:23,NO
1791030600,2026-10-03 12:30:00,2026-10-03 09:30:00,Chaiten,MODIS,0.0,0.0,RUTINA,NULO,No descargada,2026-10-03 11:35:50,2026-10-03 19:45:58,NO
1791030600,2026-10-03 12:30:00,2026-10-03 09:30:00,Nevados de Chillan,MODIS,0.0,0.0,RUTINA,NULO,No descargada,2026-10-03 11:35:50,2026-10-03 19:45:58,NO
1791030600,2026-10-03 12:30:00,2026-10-03 09:30:00,Copahue,MODIS,0.0,0.0,RUTINA,NULO,No descargada,2026-10-03 11:35:50,2026-10-03 19:45:58,NO
1791030600,2026-10-03 12:30:00,2026-10-03 09:30:00,Llaima,MODIS,0.0,0.0,RUTINA,NULO,No descargada,2026-10-03 11:35:50,2026-10-03 19:45:58,NO
1791030600,2026-10-03 12:30:00,2026-10-03 09:30:00,Puyehue-Cordon Caulle,MODIS,0.0,0.0,RUTINA,NULO,No descargada,2026-10-03 11:35:50,2026-10-03 19:45:58,NO
1791030600,2026-10-03 12:30:00,2026-10-03 09:30:00,Villarrica,MODIS,0.0,0.0,RUTINA,NULO,No descargada,2026-10-03 11:35:50,2026-10-03 19:45:58,NO
1791030300,2026-10-03 12:25:00,2026-10-03 09:25:00,Lascar,MODIS,0.0,0.0,RUTINA,NULO,No descargada,2026-10-03 10:51:27,2026-10-03 19:45:58,NO
1791030300,2026-10-03 12:25:00,2026-10-03 09:25:00,Isluga,MODIS,0.0,0.0,RUTINA,NULO,No descargada,2026-10-03 10:51:27,2026-10-03 19:45:58,NO
1791030300,2026-10-03 12:25:00,2026-10-03 09:25:00,Tupungatito,MODIS,0.0,0.0,RUTINA,NULO,No descargada,2026-10-03 10:51:27,2026-10-03 19:45:58,NO
1791030300,2026-10-03 12:25:00,2026-10-03 09:25:00,PlanchonPeteroa,MODIS,0.0,0.0,RUTINA,NULO,No descargada,2026-10-03 10:51:27,2026-10-03 19:45:58,NO
1791030300,2026-10-03 12:25:00,2026-10-03 09:25:00,Lastarria,MODIS,0.0,0.0,RUTINA,NULO,No descargada,2026-10-03 10:51:27,2026-10-03 19:45:58,NO
1791015000,2026-10-03 08:10:00,2026-10-03 05:10:00,Lastarria,MODIS,0.0,0.0,RUTINA,NULO,No descargada,2026-10-03 07:20:59,2026-10-03 10:46:01,NO
1791015000,2026-10-03 08:10:00,2026-10-03 05:10:00,Nevados de Chillan,MODIS,0.0,0.0,RUTINA,NULO,No descargada,2026-10-03 07:20:59,2026-10-03 11:31:00,NO
1791015000,2026-10-03 08:10:00,2026-10-03 05:10:00,Tupungatito,MODIS,0.0,0.0,RUTINA,NULO,No descargada,2026-10-03 07:20:59,2026-10-03 10:46:01,NO
1791015000,2026-10-03 08:10:00,2026-10-03 05:10:00,Puyehue-Cordon Caulle,MODIS,0.0,0.0,RUTINA,NULO,No descargada,2026-10-03 07:20:59,2026-10-03 11:31:00,NO
1791015000,2026-10-03 08:10:00,2026-10-03 05:10:00,PlanchonPeteroa,MODIS,0.0,0.0,RUTINA,NULO,No descargada,2026-10-03 07:20:59,2026-10-03 10:46:01,NO
1791015000,2026-10-03 08:10:00,2026-10-03 05:10:00,Llaima,MODIS,0.0,0.0,RUTINA,NULO,No descargada,2026-10-03 07:20:59,2026-10-03 11:31:00,NO
1791015000,2026-10-03 08:10:00,2026-10-03 05:10:00,Copahue,MODIS,0.0,0.0,RUTINA,NULO,No descargada,2026-10-03 07:20:59,2026-10-03 11:31:00,NO
1791015000,2026-10-03 08:10:00,2026-10-03 05:10:00,Villarrica,MODIS,0.0,0.0,RUTINA,NULO,No descargada,2026-10-03 07:20:59,2026-10-03 11:31:00,NO
1791014700,2026-10-03 08:05:00,2026-10-03 05:05:00,Isluga,MODIS,0.0,0.0,RUTINA,NULO,No descargada,2026-10-03 07:20:59,2026-10-03 10:46:01,NO
1791014700,2026-10-03 08:05:00,2026-10-03 05:05:00,Lascar,MODIS,0.0,0.0,RUTINA,NULO,No descargada,2026-10-03 07:20:59,2026-10-03 10:46:01,NO
1791011160,2026-10-03 07:06:00,2026-10-03 04:06:00,Llaima,VIIRS375,0.01,2.93,ALERTA_TERMICA,Muy Bajo,imagenes_satelitales/Llaima/2026-10-03/07-06-00_Llaima_VIIRS375_Latest.png,2026-10-03 08:50:57,2026-10-03 21:31:23,NO
1791011160,2026-10-03 07:06:00,2026-10-03 04:06:00,Chaiten,VIIRS375,0.0,0.0,RUTINA,NULO,No descargada,2026-10-03 09:05:52,2026-10-03 21:31:23,NO
1791011160,2026-10-03 07:06:00,2026-10-03 04:06:00,Villarrica,VIIRS375,0.0,0.0,RUTINA,NULO,No descargada,2026-10-03 08:50:57,2026-10-03 21:31:23,NO
1791011160,2026-10-03 07:06:00,2026-10-03 04:06:00,Nevados de Chillan,VIIRS,0.0,0.0,RUTINA,NULO,No descargada,2026-10-03 08:50:57,2026-10-03 19:45:58,NO
1791011160,2026-10-03 07:06:00,2026-10-03 04:06:00,Copahue,VIIRS,0.0,0.0,RUTINA,NULO,No descargada,2026-10-03 08:50:57,2026-10-03 19:45:58,NO
1791011160,2026-10-03 07:06:00,2026-10-03 04:06:00,Puyehue-Cordon Caulle,VIIRS,0.0,0.0,RUTINA,NULO,No descargada,2026-10-03 08:50:57,2026-10-03 19:45:58,NO
1791011160,2026-10-03 07:06:00,2026-10-03 04:06:00,Villarrica,VIIRS,0.0,0.0,RUTINA,NULO,No descargada,2026-10-03 08:50:57,2026-10-03 19:45:58,NO
1791011160,2026-10-03 07:06:00,2026-10-03 04:06:00,Llaima,VIIRS,0.0,0.0,RUTINA,NULO,No descargada,2026-10-03 08:50:57,2026-10-03 19:45:58,NO
1791011160,2026-10-03 07:06:00,2026-10-03 04:06:00,Copahue,VIIRS375,0.0,0.0,RUTINA,NULO,No descargada,2026-10-03 08:50:57,2026-10-03 21:31:23,NO
1791011160,2026-10-03 07:06:00,2026-10-03 04:06:00,Chaiten,VIIRS,0.0,0.0,RUTINA,NULO,No descargada,2026-10-03 08:50:57,2026-10-03 19:45:58,NO
1791011160,2026-10-03 07:06:00,2026-10-03 04:06:00,Puyehue-Cordon Caulle,VIIRS375,0.0,0.0,RUTINA,NULO,No descargada,2026-10-03 08:50:57,2026-10-03 21:31:23,NO
1791011160,2026-10-03 07:06:00,2026-10-03 04:06:00,Nevados de Chillan,VIIRS375,0.0,0.0,RUTINA,NULO,No descargada,2026-10-03 08:50:57,2026-10-03 21:31:23,NO
1791009002,2026-10-03 06:30:02,2026-10-03 03:30:02,Puyehue-Cordon Caulle,VIIRS375,0.0,0.0,RUTINA,NULO,No descargada,2026-10-03 06:06:00,2026-10-03 08:45:59,NO
1791009002,2026-10-03 06:30:02,2026-10-03 03:30:02,Villarrica,VIIRS375,0.0,0.0,RUTINA,NULO,No descargada,2026-10-03 06:06:00,2026-10-03 08:45:59,NO
1791009002,2026-10-03 06:30:02,2026-10-03 03:30:02,Chaiten,VIIRS375,0.0,0.0,RUTINA,NULO,No descargada,2026-10-03 06:06:00,2026-10-03 09:01:04,NO
1791009002,2026-10-03 06:30:02,2026-10-03 03:30:02,Puyehue-Cordon Caulle,VIIRS,0.0,0.0,RUTINA,NULO,No descargada,2026-10-03 05:35:55,2026-10-03 08:45:59,NO
1791009002,2026-10-03 06:30:02,2026-10-03 03:30:02,Chaiten,VIIRS,0.0,0.0,RUTINA,NULO,No descargada,2026-10-03 05:35:55,2026-10-03 08:45:59,NO
1791009002,2026-10-03 06:30:02,2026-10-03 03:30:02,Llaima,VIIRS375,0.0,0.0,RUTINA,NULO,No descargada,2026-10-03 06:06:00,2026-10-03 08:45:59,NO
1791009002,2026-10-03 06:30:02,2026-10-03 03:30:02,Villarrica,VIIRS,0.0,0.0,RUTINA,NULO,No descargada,2026-10-03 05:35:55,2026-10-03 08:45:59,NO
1791009002,2026-10-03 06:30:02,2026-10-03 03:30:02,Llaima,VIIRS,0.0,0.0,RUTINA,NULO,No descargada,2026-10-03 05:35:55,2026-10-03 08:45:59,NO
1791008642,2026-10-03 06:24:02,2026-10-03 03:24:02,Lastarria,VIIRS,0.0,0.0,RUTINA,NULO,No descargada,2026-10-03 06:06:00,2026-10-03 19:45:58,NO
1791008642,2026-10-03 06:24:02,2026-10-03 03:24:02,Nevados de Chillan,VIIRS,0.0,0.0,RUTINA,NULO,No descargada,2026-10-03 06:06:00,2026-10-03 08:45:59,NO
1791008642,2026-10-03 06:24:02,2026-10-03 03:24:02,Nevados de Chillan,VIIRS375,0.54,0.84,ALERTA_TERMICA,Muy Bajo,imagenes_satelitales/Nevados_de_Chillan/2026-10-03/06-24-02_Nevados_de_Chillan_VIIRS375_Latest.png,2026-10-03 05:50:55,2026-10-03 08:45:59,NO
1791008642,2026-10-03 06:24:02,2026-10-03 03:24:02,Lascar,VIIRS375,0.0,0.0,RUTINA,NULO,No descargada,2026-10-03 05:50:55,2026-10-03 21:31:23,NO
1791008642,2026-10-03 06:24:02,2026-10-03 03:24:02,Lascar,VIIRS,0.0,0.0,RUTINA,NULO,No descargada,2026-10-03 06:06:00,2026-10-03 19:45:58,NO
1791008642,2026-10-03 06:24:02,2026-10-03 03:24:02,Tupungatito,VIIRS,0.0,0.0,RUTINA,NULO,No descargada,2026-10-03 06:06:00,2026-10-03 19:45:58,NO
1791008642,2026-10-03 06:24:02,2026-10-03 03:24:02,Isluga,VIIRS,0.0,0.0,RUTINA,NULO,No descargada,2026-10-03 06:06:00,2026-10-03 19:45:58,NO
1791008642,2026-10-03 06:24:02,2026-10-03 03:24:02,Isluga,VIIRS375,0.0,0.0,RUTINA,NULO,No descargada,2026-10-03 05:50:55,2026-10-03 21:31:23,NO
1791008642,2026-10-03 06:24:02,2026-10-03 03:24:02,Tupungatito,VIIRS375,0.0,0.0,RUTINA,NULO,No descargada,2026-10-03 05:50:55,2026-10-03 21:31:23,NO
1791008642,2026-10-03 06:24:02,2026-10-03 03:24:02,PlanchonPeteroa,VIIRS375,0.0,0.0,RUTINA,NULO,No descargada,2026-10-03 05:50:55,2026-10-03 21:31:23,NO
1791008642,2026-10-03 06:24:02,2026-10-03 03:24:02,PlanchonPeteroa,VIIRS,0.0,0.0,RUTINA,NULO,No descargada,2026-10-03 06:06:00,2026-10-03 19:45:58,NO
1791008642,2026-10-03 06:24:02,2026-10-03 03:24:02,Lastarria,VIIRS375,0.0,0.0,RUTINA,NULO,No descargada,2026-10-03 05:50:55,2026-10-03 21:31:23,NO
1791006121,2026-10-03 05:42:01,2026-10-03 02:42:01,Villarrica,VIIRS375,0.0,0.0,RUTINA,NULO,No descargada,2026-10-03 05:35:55,2026-10-03 06:01:07,NO
1791006121,2026-10-03 05:42:01,2026-10-03 02:42:01,Nevados de Chillan,VIIRS375,0.0,0.0,RUTINA,NULO,No descargada,2026-10-03 05:35:55,2026-10-03 05:46:04,NO
1791006121,2026-10-03 05:42:01,2026-10-03 02:42:01,Nevados de Chillan,VIIRS,0.0,0.0,RUTINA,NULO,No descargada,2026-10-03 05:21:01,2026-10-03 06:01:07,NO
1791006121,2026-10-03 05:42:01,2026-10-03 02:42:01,PlanchonPeteroa,VIIRS375,0.0,0.0,RUTINA,NULO,No descargada,2026-10-03 05:35:55,2026-10-03 05:46:04,NO
1791006121,2026-10-03 05:42:01,2026-10-03 02:42:01,Copahue,VIIRS375,0.0,0.0,RUTINA,NULO,No descargada,2026-10-03 05:35:55,2026-10-03 08:45:59,NO
1791006121,2026-10-03 05:42:01,2026-10-03 02:42:01,Tupungatito,VIIRS375,0.14,5.21,ALERTA_TERMICA,Muy Bajo,imagenes_satelitales/Tupungatito/2026-10-03/05-42-01_Tupungatito_VIIRS375_Latest.png,2026-10-03 05:35:55,2026-10-03 05:46:04,NO
1791006121,2026-10-03 05:42:01,2026-10-03 02:42:01,Llaima,VIIRS,0.0,0.0,RUTINA,NULO,No descargada,2026-10-03 05:21:01,2026-10-03 05:31:01,NO
1791006121,2026-10-03 05:42:01,2026-10-03 02:42:01,PlanchonPeteroa,VIIRS,0.0,0.0,RUTINA,NULO,No descargada,2026-10-03 05:21:01,2026-10-03 06:01:07,NO
1791006121,2026-10-03 05:42:01,2026-10-03 02:42:01,Llaima,VIIRS375,0.0,0.0,RUTINA,NULO,No descargada,2026-10-03 05:35:55,2026-10-03 06:01:07,NO
1791006121,2026-10-03 05:42:01,2026-10-03 02:42:01,Villarrica,VIIRS,0.0,0.0,RUTINA,NULO,No descargada,2026-10-03 05:21:01,2026-10-03 05:31:01,NO
1791006121,2026-10-03 05:42:01,2026-10-03 02:42:01,Puyehue-Cordon Caulle,VIIRS,0.0,0.0,RUTINA,NULO,No descargada,2026-10-03 05:21:01,2026-10-03 05:31:01,NO
1791006121,2026-10-03 05:42:01,2026-10-03 02:42:01,Tupungatito,VIIRS,0.0,0.0,RUTINA,NULO,No descargada,2026-10-03 05:35:55,2026-10-03 06:01:07,NO
1791006121,2026-10-03 05:42:01,2026-10-03 02:42:01,Chaiten,VIIRS375,0.0,0.0,RUTINA,NULO,No descargada,2026-10-03 05:35:55,2026-10-03 06:01:07,NO
1791006121,2026-10-03 05:42:01,2026-10-03 02:42:01,Lastarria,VIIRS,0.0,0.0,RUTINA,NULO,No descargada,2026-10-03 05:21:01,2026-10-03 06:01:07,NO
1791006121,2026-10-03 05:42:01,2026-10-03 02:42:01,Lastarria,VIIRS375,0.0,0.0,RUTINA,NULO,No descargada,2026-10-03 05:35:55,2026-10-03 05:46:04,NO
1791006121,2026-10-03 05:42:01,2026-10-03 02:42:01,Copahue,VIIRS,0.0,0.0,RUTINA,NULO,No descargada,2026-10-03 05:21:01,2026-10-03 08:45:59,NO
1791006121,2026-10-03 05:42:01,2026-10-03 02:42:01,Puyehue-Cordon Caulle,VIIRS375,0.0,0.0,RUTINA,NULO,No descargada,2026-10-03 05:35:55,2026-10-03 06:01:07,NO
1791005761,2026-10-03 05:36:01,2026-10-03 02:36:01,Isluga,VIIRS375,0.26,0.84,ALERTA_TERMICA,Muy Bajo,imagenes_satelitales/Isluga/2026-10-03/05-36-01_Isluga_VIIRS375_Latest.png,2026-10-03 04:51:00,2026-10-03 05:46:04,NO
1791005761,2026-10-03 05:36:01,2026-10-03 02:36:01,Lascar,VIIRS375,0.0,0.0,RUTINA,NULO,No descargada,2026-10-03 04:51:00,2026-10-03 05:46:04,NO
1791005761,2026-10-03 05:36:01,2026-10-03 02:36:01,Isluga,VIIRS,0.0,0.0,RUTINA,NULO,No descargada,2026-10-03 05:21:01,2026-10-03 06:01:07,NO
1791005761,2026-10-03 05:36:01,2026-10-03 02:36:01,Lascar,VIIRS,0.0,0.0,RUTINA,NULO,No descargada,2026-10-03 05:21:01,2026-10-03 06:01:07,NO
1791005040,2026-10-03 05:24:00,2026-10-03 02:24:00,Copahue,VIIRS,0.0,0.0,RUTINA,NULO,No descargada,2026-10-03 05:06:02,2026-10-03 05:16:03,NO
1791005040,2026-10-03 05:24:00,2026-10-03 02:24:00,Nevados de Chillan,VIIRS375,0.0,0.0,RUTINA,NULO,No descargada,2026-10-03 05:06:02,2026-10-03 05:31:01,NO
1791005040,2026-10-03 05:24:00,2026-10-03 02:24:00,Puyehue-Cordon Caulle,VIIRS375,0.0,0.0,RUTINA,NULO,No descargada,2026-10-03 05:06:02,2026-10-03 05:31:01,NO
1791005040,2026-10-03 05:24:00,2026-10-03 02:24:00,Llaima,VIIRS375,0.0,0.0,RUTINA,NULO,No descargada,2026-10-03 05:06:02,2026-10-03 05:31:01,NO
1791005040,2026-10-03 05:24:00,2026-10-03 02:24:00,Llaima,VIIRS,0.0,0.0,RUTINA,NULO,No descargada,2026-10-03 05:06:02,2026-10-03 05:16:03,NO
1791005040,2026-10-03 05:24:00,2026-10-03 02:24:00,Villarrica,VIIRS,0.0,0.0,RUTINA,NULO,No descargada,2026-10-03 05:06:02,2026-10-03 05:16:03,NO
1791005040,2026-10-03 05:24:00,2026-10-03 02:24:00,Puyehue-Cordon Caulle,VIIRS,0.0,0.0,RUTINA,NULO,No descargada,2026-10-03 05:06:02,2026-10-03 05:16:03,NO
1791005040,2026-10-03 05:24:00,2026-10-03 02:24:00,Tupungatito,VIIRS375,0.0,0.0,RUTINA,NULO,No descargada,2026-10-03 05:06:02,2026-10-03 05:31:01,NO
1791005040,2026-10-03 05:24:00,2026-10-03 02:24:00,Nevados de Chillan,VIIRS,0.0,0.0,RUTINA,NULO,No descargada,2026-10-03 05:06:02,2026-10-03 05:16:03,NO
1791005040,2026-10-03 05:24:00,2026-10-03 02:24:00,Villarrica,VIIRS375,0.13,20.8,FALSO_POSITIVO,NULO,No descargada,2026-10-03 05:06:02,2026-10-03 05:31:01,NO
1791005040,2026-10-03 05:24:00,2026-10-03 02:24:00,PlanchonPeteroa,VIIRS,0.0,0.0,RUTINA,NULO,No descargada,2026-10-03 05:06:02,2026-10-03 05:16:03,NO
1791005040,2026-10-03 05:24:00,2026-10-03 02:24:00,Chaiten,VIIRS,0.0,0.0,RUTINA,NULO,No descargada,2026-10-03 05:06:02,2026-10-03 05:31:01,NO
1791005040,2026-10-03 05:24:00,2026-10-03 02:24:00,Copahue,VIIRS375,0.0,0.0,RUTINA,NULO,No descargada,2026-10-03 05:06:02,2026-10-03 05:31:01,NO
1791005040,2026-10-03 05:24:00,2026-10-03 02:24:00,Tupungatito,VIIRS,0.0,0.0,RUTINA,NULO,No descargada,2026-10-03 05:06:02,2026-10-03 05:31:01,NO
1791005040,2026-10-03 05:24:00,2026-10-03 02:24:00,PlanchonPeteroa,VIIRS375,0.0,0.0,RUTINA,NULO,No descargada,2026-10-03 05:06:02,2026-10-03 05:31:01,NO
1791005040,2026-10-03 05:24:00,2026-10-03 02:24:00,Chaiten,VIIRS375,0.0,0.0,RUTINA,NULO,No descargada,2026-10-03 05:06:02,2026-10-03 05:31:01,NO
1791004680,2026-10-03 05:18:00,2026-10-03 02:18:00,Lastarria,VIIRS,0.0,0.0,RUTINA,NULO,No descargada,2026-10-03 04:51:00,2026-10-03 05:16:03,NO
1791004680,2026-10-03 05:18:00,2026-10-03 02:18:00,Isluga,VIIRS,0.0,0.0,RUTINA,NULO,No descargada,2026-10-03 04:51:00,2026-10-03 05:16:03,NO
1791004680,2026-10-03 05:18:00,2026-10-03 02:18:00,Lascar,VIIRS,0.0,0.0,RUTINA,NULO,No descargada,2026-10-03 04:51:00,2026-10-03 05:16:03,NO
1791004680,2026-10-03 05:18:00,2026-10-03 02:18:00,Lastarria,VIIRS375,0.1,2.73,ALERTA_TERMICA,Muy Bajo,imagenes_satelitales/Lastarria/2026-10-03/05-18-00_Lastarria_VIIRS375_Latest.png,2026-10-03 05:06:02,2026-10-03 05:31:01,NO
1791002882,2026-10-03 04:48:02,2026-10-03 01:48:02,Tupungatito,VIIRS,0.0,0.0,RUTINA,NULO,No descargada,2026-10-03 03:52:05,2026-10-03 05:01:22,NO
1791002882,2026-10-03 04:48:02,2026-10-03 01:48:02,Copahue,VIIRS,0.0,0.0,RUTINA,NULO,No descargada,2026-10-03 03:52:05,2026-10-03 05:01:22,NO
1791002882,2026-10-03 04:48:02,2026-10-03 01:48:02,PlanchonPeteroa,VIIRS,0.0,0.0,RUTINA,NULO,No descargada,2026-10-03 03:52:05,2026-10-03 05:01:22,NO
1791002882,2026-10-03 04:48:02,2026-10-03 01:48:02,Tupungatito,VIIRS375,0.0,0.0,RUTINA,NULO,No descargada,2026-10-03 04:06:26,2026-10-03 05:01:22,NO
1791002882,2026-10-03 04:48:02,2026-10-03 01:48:02,Chaiten,VIIRS375,0.0,0.0,RUTINA,NULO,No descargada,2026-10-03 04:06:26,2026-10-03 05:01:22,NO
1791002882,2026-10-03 04:48:02,2026-10-03 01:48:02,Copahue,VIIRS375,0.0,0.0,RUTINA,NULO,No descargada,2026-10-03 03:52:05,2026-10-03 05:01:22,NO
1791002882,2026-10-03 04:48:02,2026-10-03 01:48:02,Villarrica,VIIRS,0.0,0.0,RUTINA,NULO,No descargada,2026-10-03 03:52:05,2026-10-03 05:01:22,NO
1791002882,2026-10-03 04:48:02,2026-10-03 01:48:02,Llaima,VIIRS375,0.0,0.0,RUTINA,NULO,No descargada,2026-10-03 03:52:05,2026-10-03 05:01:22,NO
1791002882,2026-10-03 04:48:02,2026-10-03 01:48:02,PlanchonPeteroa,VIIRS375,0.0,0.0,RUTINA,NULO,No descargada,2026-10-03 03:52:05,2026-10-03 05:01:22,NO
1791002882,2026-10-03 04:48:02,2026-10-03 01:48:02,Chaiten,VIIRS,0.0,0.0,RUTINA,NULO,No descargada,2026-10-03 03:52:05,2026-10-03 05:01:22,NO
1791002882,2026-10-03 04:48:02,2026-10-03 01:48:02,Puyehue-Cordon Caulle,VIIRS375,0.0,0.0,RUTINA,NULO,No descargada,2026-10-03 03:52:05,2026-10-03 05:01:22,NO
1791002882,2026-10-03 04:48:02,2026-10-03 01:48:02,Villarrica,VIIRS375,0.0,0.0,RUTINA,NULO,No descargada,2026-10-03 03:52:05,2026-10-03 05:01:22,NO
1791002882,2026-10-03 04:48:02,2026-10-03 01:48:02,Nevados de Chillan,VIIRS,0.0,0.0,RUTINA,NULO,No descargada,2026-10-03 03:52:05,2026-10-03 05:01:22,NO
1791002882,2026-10-03 04:48:02,2026-10-03 01:48:02,Llaima,VIIRS,0.0,0.0,RUTINA,NULO,No descargada,2026-10-03 03:52:05,2026-10-03 05:01:22,NO
1791002882,2026-10-03 04:48:02,2026-10-03 01:48:02,Nevados de Chillan,VIIRS375,0.0,0.0,RUTINA,NULO,No descargada,2026-10-03 03:52:05,2026-10-03 05:01:22,NO
1791002882,2026-10-03 04:48:02,2026-10-03 01:48:02,Puyehue-Cordon Caulle,VIIRS,0.0,0.0,RUTINA,NULO,No descargada,2026-10-03 03:52:05,2026-10-03 05:01:22,NO
1791002522,2026-10-03 04:42:02,2026-10-03 01:42:02,Lascar,VIIRS,0.0,0.0,RUTINA,NULO,No descargada,2026-10-03 03:52:05,2026-10-03 04:45:57,NO
1791002522,2026-10-03 04:42:02,2026-10-03 01:42:02,Lascar,VIIRS375,0.0,0.0,RUTINA,NULO,No descargada,2026-10-03 03:52:05,2026-10-03 04:45:57,NO
1791002522,2026-10-03 04:42:02,2026-10-03 01:42:02,Lastarria,VIIRS,0.0,0.0,RUTINA,NULO,No descargada,2026-10-03 03:52:05,2026-10-03 04:45:57,NO
1791002522,2026-10-03 04:42:02,2026-10-03 01:42:02,Lastarria,VIIRS375,0.0,0.0,RUTINA,NULO,No descargada,2026-10-03 03:52:05,2026-10-03 05:01:22,NO
1790991000,2026-10-03 01:30:00,2026-10-02 22:30:00,Lascar,MODIS,0.0,0.0,RUTINA,NULO,No descargada,2026-10-03 01:05:54,2026-10-03 07:15:59,NO
1790991000,2026-10-03 01:30:00,2026-10-02 22:30:00,Lastarria,MODIS,0.0,0.0,RUTINA,NULO,No descargada,2026-10-03 01:05:54,2026-10-03 07:15:59,NO
1790991000,2026-10-03 01:30:00,2026-10-02 22:30:00,Isluga,MODIS,0.0,0.0,RUTINA,NULO,No descargada,2026-10-03 01:05:54,2026-10-03 07:15:59,NO
1790990700,2026-10-03 01:25:00,2026-10-02 22:25:00,Copahue,MODIS,0.0,0.0,RUTINA,NULO,No descargada,2026-10-02 23:51:00,2026-10-03 07:15:59,NO
1790990700,2026-10-03 01:25:00,2026-10-02 22:25:00,Tupungatito,MODIS,0.0,0.0,RUTINA,NULO,No descargada,2026-10-03 00:05:58,2026-10-03 07:15:59,NO
1790990700,2026-10-03 01:25:00,2026-10-02 22:25:00,Puyehue-Cordon Caulle,MODIS,0.0,0.0,RUTINA,NULO,No descargada,2026-10-03 00:05:58,2026-10-03 07:15:59,NO
1790990700,2026-10-03 01:25:00,2026-10-02 22:25:00,Villarrica,MODIS,0.0,0.0,RUTINA,NULO,No descargada,2026-10-03 00:05:58,2026-10-03 07:15:59,NO
1790990700,2026-10-03 01:25:00,2026-10-02 22:25:00,Chaiten,MODIS,0.0,0.0,RUTINA,NULO,No descargada,2026-10-03 00:05:58,2026-10-03 11:31:00,NO
1790990700,2026-10-03 01:25:00,2026-10-02 22:25:00,PlanchonPeteroa,MODIS,0.0,0.0,RUTINA,NULO,No descargada,2026-10-02 23:51:00,2026-10-03 07:15:59,NO
1790990700,2026-10-03 01:25:00,2026-10-02 22:25:00,Llaima,MODIS,0.0,0.0,RUTINA,NULO,No descargada,2026-10-03 00:05:58,2026-10-03 07:15:59,NO
1790990700,2026-10-03 01:25:00,2026-10-02 22:25:00,Nevados de Chillan,MODIS,0.0,0.0,RUTINA,NULO,No descargada,2026-10-02 23:51:00,2026-10-03 07:15:59,NO
1790975700,2026-10-02 21:15:00,2026-10-02 18:15:00,Lastarria,MODIS,0.0,0.0,RUTINA,NULO,No descargada,2026-10-02 20:35:59,2026-10-03 01:01:07,NO
1790975400,2026-10-02 21:10:00,2026-10-02 18:10:00,Copahue,MODIS,0.0,0.0,RUTINA,NULO,No descargada,2026-10-02 20:35:59,2026-10-02 23:46:13,NO
1790975400,2026-10-02 21:10:00,2026-10-02 18:10:00,PlanchonPeteroa,MODIS,0.0,0.0,RUTINA,NULO,No descargada,2026-10-02 20:35:59,2026-10-02 23:46:13,NO
1790975400,2026-10-02 21:10:00,2026-10-02 18:10:00,Nevados de Chillan,MODIS,0.0,0.0,RUTINA,NULO,No descargada,2026-10-02 20:35:59,2026-10-02 23:46:13,NO
1790975400,2026-10-02 21:10:00,2026-10-02 18:10:00,Chaiten,MODIS,0.0,0.0,RUTINA,NULO,No descargada,2026-10-02 20:35:59,2026-10-03 00:01:04,NO
1790975400,2026-10-02 21:10:00,2026-10-02 18:10:00,Villarrica,MODIS,0.0,0.0,RUTINA,NULO,No descargada,2026-10-02 20:35:59,2026-10-03 00:01:04,NO
1790975400,2026-10-02 21:10:00,2026-10-02 18:10:00,Llaima,MODIS,0.0,0.0,RUTINA,NULO,No descargada,2026-10-02 20:35:59,2026-10-03 00:01:04,NO
1790975400,2026-10-02 21:10:00,2026-10-02 18:10:00,Puyehue-Cordon Caulle,MODIS,0.0,0.0,RUTINA,NULO,No descargada,2026-10-02 20:35:59,2026-10-03 00:01:04,NO
1790975400,2026-10-02 21:10:00,2026-10-02 18:10:00,Tupungatito,MODIS,0.0,0.0,RUTINA,NULO,No descargada,2026-10-02 20:35:59,2026-10-03 00:01:04,NO
1790971201,2026-10-02 20:00:01,2026-10-02 17:00:01,Villarrica,VIIRS375,0.0,0.0,RUTINA,NULO,No descargada,2026-10-02 23:35:57,2026-10-03 03:45:58,NO
1790971201,2026-10-02 20:00:01,2026-10-02 17:00:01,Chaiten,VIIRS375,0.0,0.0,RUTINA,NULO,No descargada,2026-10-02 23:35:57,2026-10-03 04:01:02,NO
1790971201,2026-10-02 20:00:01,2026-10-02 17:00:01,Chaiten,VIIRS,0.0,0.0,RUTINA,NULO,No descargada,2026-10-02 22:05:49,2026-10-03 03:45:58,NO
1790971201,2026-10-02 20:00:01,2026-10-02 17:00:01,Puyehue-Cordon Caulle,VIIRS375,0.0,0.0,RUTINA,NULO,No descargada,2026-10-02 23:35:57,2026-10-03 03:45:58,NO
1790971201,2026-10-02 20:00:01,2026-10-02 17:00:01,Villarrica,VIIRS,0.0,0.0,RUTINA,NULO,No descargada,2026-10-02 22:05:49,2026-10-03 03:45:58,NO
1790971201,2026-10-02 20:00:01,2026-10-02 17:00:01,Puyehue-Cordon Caulle,VIIRS,0.0,0.0,RUTINA,NULO,No descargada,2026-10-02 22:05:49,2026-10-03 03:45:58,NO
1790970120,2026-10-02 19:42:00,2026-10-02 16:42:00,Tupungatito,VIIRS375,0.0,0.0,RUTINA,NULO,No descargada,2026-10-03 00:20:59,2026-10-03 04:01:02,NO
1790970120,2026-10-02 19:42:00,2026-10-02 16:42:00,PlanchonPeteroa,VIIRS,0.0,0.0,RUTINA,NULO,No descargada,2026-10-02 22:05:49,2026-10-03 03:45:58,NO
1790970120,2026-10-02 19:42:00,2026-10-02 16:42:00,Copahue,VIIRS375,0.0,0.0,RUTINA,NULO,No descargada,2026-10-03 00:20:59,2026-10-03 03:45:58,NO
1790970120,2026-10-02 19:42:00,2026-10-02 16:42:00,Nevados de Chillan,VIIRS375,0.0,0.0,RUTINA,NULO,No descargada,2026-10-03 00:20:59,2026-10-03 03:45:58,NO
1790970120,2026-10-02 19:42:00,2026-10-02 16:42:00,Nevados de Chillan,VIIRS,0.0,0.0,RUTINA,NULO,No descargada,2026-10-02 22:05:49,2026-10-03 03:45:58,NO
1790970120,2026-10-02 19:42:00,2026-10-02 16:42:00,Llaima,VIIRS375,0.0,0.0,RUTINA,NULO,No descargada,2026-10-03 00:20:59,2026-10-03 03:45:58,NO
1790970120,2026-10-02 19:42:00,2026-10-02 16:42:00,Tupungatito,VIIRS,0.0,0.0,RUTINA,NULO,No descargada,2026-10-02 22:05:49,2026-10-03 03:45:58,NO
1790970120,2026-10-02 19:42:00,2026-10-02 16:42:00,Llaima,VIIRS,0.0,0.0,RUTINA,NULO,No descargada,2026-10-02 22:05:49,2026-10-03 03:45:58,NO
1790970120,2026-10-02 19:42:00,2026-10-02 16:42:00,Copahue,VIIRS,0.0,0.0,RUTINA,NULO,No descargada,2026-10-02 22:05:49,2026-10-03 03:45:58,NO
1790970120,2026-10-02 19:42:00,2026-10-02 16:42:00,PlanchonPeteroa,VIIRS375,0.0,0.0,RUTINA,NULO,No descargada,2026-10-03 00:20:59,2026-10-03 03:45:58,NO
1790967962,2026-10-02 19:06:02,2026-10-02 16:06:02,Nevados de Chillan,VIIRS,0.0,0.0,RUTINA,NULO,No descargada,2026-10-02 20:35:59,2026-10-02 22:01:10,NO
1790967962,2026-10-02 19:06:02,2026-10-02 16:06:02,PlanchonPeteroa,VIIRS375,0.0,0.0,RUTINA,NULO,No descargada,2026-10-02 23:51:00,2026-10-03 00:15:58,NO
1790967962,2026-10-02 19:06:02,2026-10-02 16:06:02,Nevados de Chillan,VIIRS375,0.0,0.0,RUTINA,NULO,No descargada,2026-10-02 23:51:00,2026-10-03 00:15:58,NO
1790967962,2026-10-02 19:06:02,2026-10-02 16:06:02,Chaiten,VIIRS,0.0,0.0,RUTINA,NULO,No descargada,2026-10-02 20:35:59,2026-10-02 22:01:10,NO
1790967962,2026-10-02 19:06:02,2026-10-02 16:06:02,Lastarria,VIIRS375,0.56,15.26,FALSO_POSITIVO,NULO,No descargada,2026-10-02 23:51:00,2026-10-03 03:45:58,NO
1790967962,2026-10-02 19:06:02,2026-10-02 16:06:02,PlanchonPeteroa,VIIRS,0.0,0.0,RUTINA,NULO,No descargada,2026-10-02 20:35:59,2026-10-02 22:01:10,NO
1790967962,2026-10-02 19:06:02,2026-10-02 16:06:02,Llaima,VIIRS,0.0,0.0,RUTINA,NULO,No descargada,2026-10-02 20:35:59,2026-10-02 22:01:10,NO
1790967962,2026-10-02 19:06:02,2026-10-02 16:06:02,Llaima,VIIRS375,0.0,0.0,RUTINA,NULO,No descargada,2026-10-02 23:51:00,2026-10-03 00:15:58,NO
1790967962,2026-10-02 19:06:02,2026-10-02 16:06:02,Villarrica,VIIRS,0.0,0.0,RUTINA,NULO,No descargada,2026-10-02 20:35:59,2026-10-02 22:01:10,NO
1790967962,2026-10-02 19:06:02,2026-10-02 16:06:02,Tupungatito,VIIRS,0.0,0.0,RUTINA,NULO,No descargada,2026-10-02 20:35:59,2026-10-02 22:01:10,NO
1790967962,2026-10-02 19:06:02,2026-10-02 16:06:02,Tupungatito,VIIRS375,0.0,0.0,RUTINA,NULO,No descargada,2026-10-02 23:51:00,2026-10-03 00:15:58,NO
1790967962,2026-10-02 19:06:02,2026-10-02 16:06:02,Lastarria,VIIRS,0.0,0.0,RUTINA,NULO,No descargada,2026-10-02 20:35:59,2026-10-03 03:45:58,NO
1790967962,2026-10-02 19:06:02,2026-10-02 16:06:02,Copahue,VIIRS375,0.0,0.0,RUTINA,NULO,No descargada,2026-10-02 23:51:00,2026-10-03 00:15:58,NO
1790967962,2026-10-02 19:06:02,2026-10-02 16:06:02,Copahue,VIIRS,0.0,0.0,RUTINA,NULO,No descargada,2026-10-02 20:35:59,2026-10-02 22:01:10,NO
1790967962,2026-10-02 19:06:02,2026-10-02 16:06:02,Puyehue-Cordon Caulle,VIIRS,0.0,0.0,RUTINA,NULO,No descargada,2026-10-02 20:35:59,2026-10-02 22:01:10,NO
1790965441,2026-10-02 18:24:01,2026-10-02 15:24:01,Isluga,VIIRS,0.0,0.0,RUTINA,NULO,No descargada,2026-10-02 20:35:59,2026-10-03 04:45:57,NO
1790965441,2026-10-02 18:24:01,2026-10-02 15:24:01,Copahue,VIIRS375,0.0,0.0,RUTINA,NULO,No descargada,2026-10-02 23:20:58,2026-10-02 23:46:13,NO
1790965441,2026-10-02 18:24:01,2026-10-02 15:24:01,Nevados de Chillan,VIIRS375,0.0,0.0,RUTINA,NULO,No descargada,2026-10-02 23:20:58,2026-10-02 23:46:13,NO
1790965441,2026-10-02 18:24:01,2026-10-02 15:24:01,Tupungatito,VIIRS375,0.0,0.0,RUTINA,NULO,No descargada,2026-10-02 23:20:58,2026-10-02 23:46:13,NO
1790965441,2026-10-02 18:24:01,2026-10-02 15:24:01,Isluga,VIIRS375,0.0,0.0,RUTINA,NULO,No descargada,2026-10-02 23:20:58,2026-10-03 04:45:57,NO
1790965441,2026-10-02 18:24:01,2026-10-02 15:24:01,Lascar,VIIRS375,0.0,0.0,RUTINA,NULO,No descargada,2026-10-02 23:20:58,2026-10-03 03:45:58,NO
1790965441,2026-10-02 18:24:01,2026-10-02 15:24:01,Lastarria,VIIRS375,0.0,0.0,RUTINA,NULO,No descargada,2026-10-02 23:20:58,2026-10-02 23:46:13,NO
1790965441,2026-10-02 18:24:01,2026-10-02 15:24:01,PlanchonPeteroa,VIIRS375,0.0,0.0,RUTINA,NULO,No descargada,2026-10-02 23:20:58,2026-10-02 23:46:13,NO
1790965441,2026-10-02 18:24:01,2026-10-02 15:24:01,Lascar,VIIRS,0.0,0.0,RUTINA,NULO,No descargada,2026-10-02 20:35:59,2026-10-03 03:45:58,NO
1790965081,2026-10-02 18:18:01,2026-10-02 15:18:01,Puyehue-Cordon Caulle,VIIRS375,0.0,0.0,RUTINA,NULO,No descargada,2026-10-02 23:20:58,2026-10-02 23:31:10,NO
1790965081,2026-10-02 18:18:01,2026-10-02 15:18:01,Villarrica,VIIRS375,0.0,0.0,RUTINA,NULO,No descargada,2026-10-02 23:20:58,2026-10-02 23:31:10,NO
1790965081,2026-10-02 18:18:01,2026-10-02 15:18:01,Chaiten,VIIRS375,0.0,0.0,RUTINA,NULO,No descargada,2026-10-02 23:20:58,2026-10-02 23:31:10,NO
1790964360,2026-10-02 18:06:00,2026-10-02 15:06:00,Lascar,VIIRS375,0.0,0.0,RUTINA,NULO,No descargada,2026-10-02 22:20:58,2026-10-02 23:16:07,NO
1790964360,2026-10-02 18:06:00,2026-10-02 15:06:00,Lastarria,VIIRS375,0.0,0.0,RUTINA,NULO,No descargada,2026-10-02 22:20:58,2026-10-02 23:16:07,NO
1790964360,2026-10-02 18:06:00,2026-10-02 15:06:00,Isluga,VIIRS375,0.0,0.0,RUTINA,NULO,No descargada,2026-10-02 22:20:58,2026-10-02 23:16:07,NO
1790964000,2026-10-02 18:00:00,2026-10-02 15:00:00,Llaima,VIIRS375,0.0,0.0,RUTINA,NULO,No descargada,2026-10-02 22:20:58,2026-10-02 23:46:13,NO
1790964000,2026-10-02 18:00:00,2026-10-02 15:00:00,Nevados de Chillan,VIIRS375,0.0,0.0,RUTINA,NULO,No descargada,2026-10-02 22:20:58,2026-10-02 23:16:07,NO
1790964000,2026-10-02 18:00:00,2026-10-02 15:00:00,Villarrica,VIIRS375,0.0,0.0,RUTINA,NULO,No descargada,2026-10-02 22:20:58,2026-10-02 23:16:07,NO
1790964000,2026-10-02 18:00:00,2026-10-02 15:00:00,Chaiten,VIIRS375,0.0,0.0,RUTINA,NULO,No descargada,2026-10-02 22:20:58,2026-10-02 23:16:07,NO
1790964000,2026-10-02 18:00:00,2026-10-02 15:00:00,PlanchonPeteroa,VIIRS375,0.0,0.0,RUTINA,NULO,No descargada,2026-10-02 22:05:49,2026-10-02 23:16:07,NO
1790964000,2026-10-02 18:00:00,2026-10-02 15:00:00,Copahue,VIIRS375,0.0,0.0,RUTINA,NULO,No descargada,2026-10-02 22:20:58,2026-10-02 23:16:07,NO
1790964000,2026-10-02 18:00:00,2026-10-02 15:00:00,Tupungatito,VIIRS375,0.0,0.0,RUTINA,NULO,No descargada,2026-10-02 22:20:58,2026-10-02 23:16:07,NO
1790964000,2026-10-02 18:00:00,2026-10-02 15:00:00,Puyehue-Cordon Caulle,VIIRS375,0.0,0.0,RUTINA,NULO,No descargada,2026-10-02 22:20:58,2026-10-02 23:16:07,NO
1790962202,2026-10-02 17:30:02,2026-10-02 14:30:02,Lascar,VIIRS375,0.0,0.0,RUTINA,NULO,No descargada,2026-10-02 20:35:59,2026-10-02 22:16:13,NO
1790962202,2026-10-02 17:30:02,2026-10-02 14:30:02,Isluga,VIIRS375,0.0,0.0,RUTINA,NULO,No descargada,2026-10-02 20:35:59,2026-10-02 22:16:13,NO
1790962202,2026-10-02 17:30:02,2026-10-02 14:30:02,Lastarria,VIIRS375,0.0,0.0,RUTINA,NULO,No descargada,2026-10-02 20:35:59,2026-10-02 22:16:13,NO
1790947800,2026-10-02 13:30:00,2026-10-02 10:30:00,Puyehue-Cordon Caulle,MODIS,0.0,0.0,RUTINA,NULO,No descargada,2026-10-02 12:35:57,2026-10-02 20:31:00,NO
1790947800,2026-10-02 13:30:00,2026-10-02 10:30:00,Chaiten,MODIS,0.0,0.0,RUTINA,NULO,No descargada,2026-10-02 12:35:57,2026-10-02 20:31:00,NO
1790947500,2026-10-02 13:25:00,2026-10-02 10:25:00,PlanchonPeteroa,MODIS,0.0,0.0,RUTINA,NULO,No descargada,2026-10-02 12:35:57,2026-10-02 20:31:00,NO
1790947500,2026-10-02 13:25:00,2026-10-02 10:25:00,Copahue,MODIS,0.0,0.0,RUTINA,NULO,No descargada,2026-10-02 12:35:57,2026-10-02 20:31:00,NO
1790947500,2026-10-02 13:25:00,2026-10-02 10:25:00,Tupungatito,MODIS,0.0,0.0,RUTINA,NULO,No descargada,2026-10-02 12:35:57,2026-10-02 20:31:00,NO
1790947500,2026-10-02 13:25:00,2026-10-02 10:25:00,Lastarria,MODIS,0.0,0.0,RUTINA,NULO,No descargada,2026-10-02 12:35:57,2026-10-02 20:31:00,NO
1790947500,2026-10-02 13:25:00,2026-10-02 10:25:00,Lascar,MODIS,0.0,0.0,RUTINA,NULO,No descargada,2026-10-02 12:21:27,2026-10-03 01:01:07,NO
1790947500,2026-10-02 13:25:00,2026-10-02 10:25:00,Nevados de Chillan,MODIS,0.0,0.0,RUTINA,NULO,No descargada,2026-10-02 12:35:57,2026-10-02 20:31:00,NO
1790947500,2026-10-02 13:25:00,2026-10-02 10:25:00,Villarrica,MODIS,0.0,0.0,RUTINA,NULO,No descargada,2026-10-02 12:35:57,2026-10-02 20:31:00,NO
1790947500,2026-10-02 13:25:00,2026-10-02 10:25:00,Llaima,MODIS,0.0,0.0,RUTINA,NULO,No descargada,2026-10-02 12:35:57,2026-10-02 20:31:00,NO
1790947200,2026-10-02 13:20:00,2026-10-02 10:20:00,Isluga,MODIS,0.0,0.0,RUTINA,NULO,No descargada,2026-10-02 12:21:27,2026-10-03 01:01:07,NO
1790926500,2026-10-02 07:35:00,2026-10-02 04:35:00,Nevados de Chillan,MODIS,0.0,0.0,RUTINA,NULO,No descargada,2026-10-02 07:05:53,2026-10-02 12:30:59,NO
1790926500,2026-10-02 07:35:00,2026-10-02 04:35:00,Chaiten,MODIS,0.0,0.0,RUTINA,NULO,No descargada,2026-10-02 07:21:02,2026-10-02 12:30:59,NO
1790926500,2026-10-02 07:35:00,2026-10-02 04:35:00,Copahue,MODIS,0.0,0.0,RUTINA,NULO,No descargada,2026-10-02 07:05:53,2026-10-02 12:30:59,NO
1790926500,2026-10-02 07:35:00,2026-10-02 04:35:00,Puyehue-Cordon Caulle,MODIS,0.0,0.0,RUTINA,NULO,No descargada,2026-10-02 07:21:02,2026-10-02 12:30:59,NO
1790926500,2026-10-02 07:35:00,2026-10-02 04:35:00,PlanchonPeteroa,MODIS,0.0,0.0,RUTINA,NULO,No descargada,2026-10-02 07:05:53,2026-10-02 12:30:59,NO
1790926500,2026-10-02 07:35:00,2026-10-02 04:35:00,Llaima,MODIS,0.0,0.0,RUTINA,NULO,No descargada,2026-10-02 07:05:53,2026-10-02 12:30:59,NO
1790926500,2026-10-02 07:35:00,2026-10-02 04:35:00,Villarrica,MODIS,0.0,0.0,RUTINA,NULO,No descargada,2026-10-02 07:05:53,2026-10-02 12:30:59,NO
1790926200,2026-10-02 07:30:00,2026-10-02 04:30:00,Lastarria,MODIS,0.0,0.0,RUTINA,NULO,No descargada,2026-10-02 07:05:53,2026-10-02 12:30:59,NO
1790926200,2026-10-02 07:30:00,2026-10-02 04:30:00,Lascar,MODIS,0.0,0.0,RUTINA,NULO,No descargada,2026-10-02 07:05:53,2026-10-02 12:16:03,NO
1790926200,2026-10-02 07:30:00,2026-10-02 04:30:00,Tupungatito,MODIS,0.0,0.0,RUTINA,NULO,No descargada,2026-10-02 07:05:53,2026-10-02 12:30:59,NO
1790926200,2026-10-02 07:30:00,2026-10-02 04:30:00,Isluga,MODIS,0.0,0.0,RUTINA,NULO,No descargada,2026-10-02 07:05:53,2026-10-02 12:16:03,NO
1790923682,2026-10-02 06:48:02,2026-10-02 03:48:02,Copahue,VIIRS375,0.0,0.0,RUTINA,NULO,No descargada,2026-10-02 09:51:39,2026-10-02 22:16:13,NO
1790923682,2026-10-02 06:48:02,2026-10-02 03:48:02,Llaima,VIIRS375,0.0,0.0,RUTINA,NULO,No descargada,2026-10-02 09:51:39,2026-10-02 22:16:13,NO
1790923682,2026-10-02 06:48:02,2026-10-02 03:48:02,Puyehue-Cordon Caulle,VIIRS,0.0,0.0,RUTINA,NULO,No descargada,2026-10-02 07:05:53,2026-10-02 20:31:00,NO
1790923682,2026-10-02 06:48:02,2026-10-02 03:48:02,Chaiten,VIIRS,0.0,0.0,RUTINA,NULO,No descargada,2026-10-02 07:05:53,2026-10-02 20:31:00,NO
1790923682,2026-10-02 06:48:02,2026-10-02 03:48:02,Villarrica,VIIRS375,0.0,0.0,RUTINA,NULO,No descargada,2026-10-02 09:51:39,2026-10-02 22:16:13,NO
1790923682,2026-10-02 06:48:02,2026-10-02 03:48:02,Nevados de Chillan,VIIRS375,0.0,0.0,RUTINA,NULO,No descargada,2026-10-02 09:51:39,2026-10-02 22:16:13,NO
1790923682,2026-10-02 06:48:02,2026-10-02 03:48:02,Chaiten,VIIRS375,0.0,0.0,RUTINA,NULO,No descargada,2026-10-02 09:51:39,2026-10-02 22:16:13,NO
1790923682,2026-10-02 06:48:02,2026-10-02 03:48:02,PlanchonPeteroa,VIIRS375,0.0,0.0,RUTINA,NULO,No descargada,2026-10-02 09:51:39,2026-10-02 22:01:10,NO
1790923682,2026-10-02 06:48:02,2026-10-02 03:48:02,Nevados de Chillan,VIIRS,0.0,0.0,RUTINA,NULO,No descargada,2026-10-02 06:32:34,2026-10-02 20:31:00,NO
1790923682,2026-10-02 06:48:02,2026-10-02 03:48:02,PlanchonPeteroa,VIIRS,0.0,0.0,RUTINA,NULO,No descargada,2026-10-02 06:32:34,2026-10-02 20:31:00,NO
1790923682,2026-10-02 06:48:02,2026-10-02 03:48:02,Llaima,VIIRS,0.0,0.0,RUTINA,NULO,No descargada,2026-10-02 07:05:53,2026-10-02 20:31:00,NO
1790923682,2026-10-02 06:48:02,2026-10-02 03:48:02,Copahue,VIIRS,0.0,0.0,RUTINA,NULO,No descargada,2026-10-02 07:05:53,2026-10-02 20:31:00,NO
1790923682,2026-10-02 06:48:02,2026-10-02 03:48:02,Puyehue-Cordon Caulle,VIIRS375,0.0,0.0,RUTINA,NULO,No descargada,2026-10-02 09:51:39,2026-10-02 22:16:13,NO
1790923682,2026-10-02 06:48:02,2026-10-02 03:48:02,Villarrica,VIIRS,0.0,0.0,RUTINA,NULO,No descargada,2026-10-02 07:05:53,2026-10-02 20:31:00,NO
1790923322,2026-10-02 06:42:02,2026-10-02 03:42:02,Isluga,VIIRS375,0.0,0.0,RUTINA,NULO,No descargada,2026-10-02 09:51:39,2026-10-02 20:31:00,NO
1790923322,2026-10-02 06:42:02,2026-10-02 03:42:02,Isluga,VIIRS,0.0,0.0,RUTINA,NULO,No descargada,2026-10-02 06:32:34,2026-10-02 20:31:00,NO
1790920801,2026-10-02 06:00:01,2026-10-02 03:00:01,Villarrica,VIIRS375,0.0,0.0,RUTINA,NULO,No descargada,2026-10-02 09:01:41,2026-10-02 09:45:57,NO
1790920801,2026-10-02 06:00:01,2026-10-02 03:00:01,Lascar,VIIRS,0.0,0.0,RUTINA,NULO,No descargada,2026-10-02 06:05:58,2026-10-02 20:31:00,NO
1790920801,2026-10-02 06:00:01,2026-10-02 03:00:01,Copahue,VIIRS,0.0,0.0,RUTINA,NULO,No descargada,2026-10-02 06:05:58,2026-10-02 07:00:59,NO
1790920801,2026-10-02 06:00:01,2026-10-02 03:00:01,Copahue,VIIRS375,0.0,0.0,RUTINA,NULO,No descargada,2026-10-02 09:01:41,2026-10-02 09:45:57,NO
1790920801,2026-10-02 06:00:01,2026-10-02 03:00:01,Llaima,VIIRS375,0.0,0.0,RUTINA,NULO,No descargada,2026-10-02 09:01:41,2026-10-02 09:45:57,NO
1790920801,2026-10-02 06:00:01,2026-10-02 03:00:01,Tupungatito,VIIRS,0.0,0.0,RUTINA,NULO,No descargada,2026-10-02 06:05:58,2026-10-02 20:31:00,NO
1790920801,2026-10-02 06:00:01,2026-10-02 03:00:01,Puyehue-Cordon Caulle,VIIRS375,0.0,0.0,RUTINA,NULO,No descargada,2026-10-02 09:01:41,2026-10-02 09:45:57,NO
1790920801,2026-10-02 06:00:01,2026-10-02 03:00:01,Tupungatito,VIIRS375,0.0,0.0,RUTINA,NULO,No descargada,2026-10-02 09:01:41,2026-10-02 22:16:13,NO
1790920801,2026-10-02 06:00:01,2026-10-02 03:00:01,Lastarria,VIIRS,0.0,0.0,RUTINA,NULO,No descargada,2026-10-02 06:05:58,2026-10-02 20:31:00,NO
1790920801,2026-10-02 06:00:01,2026-10-02 03:00:01,Lascar,VIIRS375,0.58,25.99,FALSO_POSITIVO,NULO,No descargada,2026-10-02 09:01:41,2026-10-02 20:31:00,NO
1790920801,2026-10-02 06:00:01,2026-10-02 03:00:01,Lastarria,VIIRS375,0.18,2.4,ALERTA_TERMICA,Muy Bajo,imagenes_satelitales/Lastarria/2026-10-02/06-00-01_Lastarria_VIIRS375_Latest.png,2026-10-02 09:01:41,2026-10-02 20:31:00,NO
1790920801,2026-10-02 06:00:01,2026-10-02 03:00:01,Nevados de Chillan,VIIRS375,0.0,0.0,RUTINA,NULO,No descargada,2026-10-02 09:01:41,2026-10-02 09:45:57,NO
1790920801,2026-10-02 06:00:01,2026-10-02 03:00:01,Llaima,VIIRS,0.0,0.0,RUTINA,NULO,No descargada,2026-10-02 06:05:58,2026-10-02 07:00:59,NO
1790920801,2026-10-02 06:00:01,2026-10-02 03:00:01,Nevados de Chillan,VIIRS,0.0,0.0,RUTINA,NULO,No descargada,2026-10-02 06:05:58,2026-10-02 06:26:27,NO
1790920801,2026-10-02 06:00:01,2026-10-02 03:00:01,Villarrica,VIIRS,0.0,0.0,RUTINA,NULO,No descargada,2026-10-02 06:05:58,2026-10-02 07:00:59,NO
1790920801,2026-10-02 06:00:01,2026-10-02 03:00:01,Puyehue-Cordon Caulle,VIIRS,0.0,0.0,RUTINA,NULO,No descargada,2026-10-02 06:05:58,2026-10-02 07:00:59,NO
1790920801,2026-10-02 06:00:01,2026-10-02 03:00:01,PlanchonPeteroa,VIIRS,0.0,0.0,RUTINA,NULO,No descargada,2026-10-02 06:05:58,2026-10-02 06:26:27,NO
1790920801,2026-10-02 06:00:01,2026-10-02 03:00:01,PlanchonPeteroa,VIIRS375,0.0,0.0,RUTINA,NULO,No descargada,2026-10-02 09:01:41,2026-10-02 09:45:57,NO
1790920441,2026-10-02 05:54:01,2026-10-02 02:54:01,Isluga,VIIRS375,0.26,0.53,ALERTA_TERMICA,Muy Bajo,imagenes_satelitales/Isluga/2026-10-02/05-54-01_Isluga_VIIRS375_Latest.png,2026-10-02 09:01:41,2026-10-02 09:45:57,NO
1790920441,2026-10-02 05:54:01,2026-10-02 02:54:01,Isluga,VIIRS,0.0,0.0,RUTINA,NULO,No descargada,2026-10-02 06:05:58,2026-10-02 06:26:27,NO
1790917562,2026-10-02 05:06:02,2026-10-02 02:06:02,Villarrica,VIIRS375,0.0,0.0,RUTINA,NULO,No descargada,2026-10-02 07:05:53,2026-10-02 08:56:53,NO
1790917562,2026-10-02 05:06:02,2026-10-02 02:06:02,Copahue,VIIRS,0.0,0.0,RUTINA,NULO,No descargada,2026-10-02 05:05:52,2026-10-02 06:01:04,NO
1790917562,2026-10-02 05:06:02,2026-10-02 02:06:02,Llaima,VIIRS375,0.0,0.0,RUTINA,NULO,No descargada,2026-10-02 07:05:53,2026-10-02 08:56:53,NO
1790917562,2026-10-02 05:06:02,2026-10-02 02:06:02,Nevados de Chillan,VIIRS,0.0,0.0,RUTINA,NULO,No descargada,2026-10-02 05:05:52,2026-10-02 06:01:04,NO
1790917562,2026-10-02 05:06:02,2026-10-02 02:06:02,Tupungatito,VIIRS375,0.0,0.0,RUTINA,NULO,No descargada,2026-10-02 07:05:53,2026-10-02 08:56:53,NO
1790917562,2026-10-02 05:06:02,2026-10-02 02:06:02,Chaiten,VIIRS375,0.0,0.0,RUTINA,NULO,No descargada,2026-10-02 07:05:53,2026-10-02 09:45:57,NO
1790917562,2026-10-02 05:06:02,2026-10-02 02:06:02,Villarrica,VIIRS,0.0,0.0,RUTINA,NULO,No descargada,2026-10-02 05:05:52,2026-10-02 06:01:04,NO
1790917562,2026-10-02 05:06:02,2026-10-02 02:06:02,Puyehue-Cordon Caulle,VIIRS,0.0,0.0,RUTINA,NULO,No descargada,2026-10-02 05:05:52,2026-10-02 06:01:04,NO
1790917562,2026-10-02 05:06:02,2026-10-02 02:06:02,Llaima,VIIRS,0.0,0.0,RUTINA,NULO,No descargada,2026-10-02 05:05:52,2026-10-02 06:01:04,NO
1790917562,2026-10-02 05:06:02,2026-10-02 02:06:02,Chaiten,VIIRS,0.0,0.0,RUTINA,NULO,No descargada,2026-10-02 05:05:52,2026-10-02 07:00:59,NO
1790917562,2026-10-02 05:06:02,2026-10-02 02:06:02,Tupungatito,VIIRS,0.0,0.0,RUTINA,NULO,No descargada,2026-10-02 05:05:52,2026-10-02 06:01:04,NO
1790917562,2026-10-02 05:06:02,2026-10-02 02:06:02,Puyehue-Cordon Caulle,VIIRS375,0.0,0.0,RUTINA,NULO,No descargada,2026-10-02 07:05:53,2026-10-02 08:56:53,NO
1790917562,2026-10-02 05:06:02,2026-10-02 02:06:02,Copahue,VIIRS375,0.0,0.0,RUTINA,NULO,No descargada,2026-10-02 07:05:53,2026-10-02 08:56:53,NO
1790917562,2026-10-02 05:06:02,2026-10-02 02:06:02,Nevados de Chillan,VIIRS375,0.0,0.0,RUTINA,NULO,No descargada,2026-10-02 07:05:53,2026-10-02 08:56:53,NO
1790917562,2026-10-02 05:06:02,2026-10-02 02:06:02,PlanchonPeteroa,VIIRS,0.0,0.0,RUTINA,NULO,No descargada,2026-10-02 05:05:52,2026-10-02 06:01:04,NO
1790917562,2026-10-02 05:06:02,2026-10-02 02:06:02,PlanchonPeteroa,VIIRS375,0.18,21.92,FALSO_POSITIVO,NULO,No descargada,2026-10-02 07:05:53,2026-10-02 08:56:53,NO
1790917202,2026-10-02 05:00:02,2026-10-02 02:00:02,Lastarria,VIIRS375,0.0,0.0,RUTINA,NULO,No descargada,2026-10-02 07:05:53,2026-10-02 08:56:53,NO
1790917202,2026-10-02 05:00:02,2026-10-02 02:00:02,Lascar,VIIRS375,0.07,0.75,ALERTA_TERMICA,Muy Bajo,imagenes_satelitales/Lascar/2026-10-02/05-00-02_Lascar_VIIRS375_Latest.png,2026-10-02 06:32:34,2026-10-02 08:56:53,NO
1790917202,2026-10-02 05:00:02,2026-10-02 02:00:02,Lascar,VIIRS,0.0,0.0,RUTINA,NULO,No descargada,2026-10-02 05:05:52,2026-10-02 06:01:04,NO
1790917202,2026-10-02 05:00:02,2026-10-02 02:00:02,Lastarria,VIIRS,0.0,0.0,RUTINA,NULO,No descargada,2026-10-02 05:05:52,2026-10-02 06:01:04,NO
1790917202,2026-10-02 05:00:02,2026-10-02 02:00:02,Isluga,VIIRS,0.0,0.0,RUTINA,NULO,No descargada,2026-10-02 05:05:52,2026-10-02 06:01:04,NO
1790917202,2026-10-02 05:00:02,2026-10-02 02:00:02,Isluga,VIIRS375,0.27,0.84,ALERTA_TERMICA,Muy Bajo,imagenes_satelitales/Isluga/2026-10-02/05-00-02_Isluga_VIIRS375_Latest.png,2026-10-02 06:32:34,2026-10-02 08:56:53,NO
1790907900,2026-10-02 02:25:00,2026-10-01 23:25:00,Tupungatito,MODIS,0.0,0.0,RUTINA,NULO,No descargada,2026-10-02 02:20:57,2026-10-02 07:00:59,NO
1790902200,2026-10-02 00:50:00,2026-10-01 21:50:00,Lastarria,MODIS,0.0,0.0,RUTINA,NULO,No descargada,2026-10-02 01:51:07,2026-10-02 07:00:59,NO
1790902200,2026-10-02 00:50:00,2026-10-01 21:50:00,Isluga,MODIS,0.0,0.0,RUTINA,NULO,No descargada,2026-10-02 01:31:47,2026-10-02 07:00:59,NO
1790902200,2026-10-02 00:50:00,2026-10-01 21:50:00,Lascar,MODIS,0.0,0.0,RUTINA,NULO,No descargada,2026-10-02 01:51:07,2026-10-02 07:00:59,NO
1790902200,2026-10-02 00:50:00,2026-10-01 21:50:00,Tupungatito,MODIS,0.0,0.0,RUTINA,NULO,No descargada,2026-10-02 01:51:07,2026-10-02 02:15:57,NO
1790886900,2026-10-01 20:35:00,2026-10-01 17:35:00,Lastarria,MODIS,0.0,0.0,RUTINA,NULO,No descargada,2026-10-01 21:05:54,2026-10-02 01:45:57,NO
1790886900,2026-10-01 20:35:00,2026-10-01 17:35:00,Lascar,MODIS,0.0,0.0,RUTINA,NULO,No descargada,2026-10-01 21:05:54,2026-10-02 01:45:57,NO
1790886900,2026-10-01 20:35:00,2026-10-01 17:35:00,Tupungatito,MODIS,0.0,0.0,RUTINA,NULO,No descargada,2026-10-01 21:05:54,2026-10-02 01:45:57,NO
1790886900,2026-10-01 20:35:00,2026-10-01 17:35:00,Isluga,MODIS,0.0,0.0,RUTINA,NULO,No descargada,2026-10-01 21:05:54,2026-10-02 01:26:01,NO
1790886600,2026-10-01 20:30:00,2026-10-01 17:30:00,Puyehue-Cordon Caulle,MODIS,0.0,0.0,RUTINA,NULO,No descargada,2026-10-01 19:51:00,2026-10-02 07:15:54,NO
1790886600,2026-10-01 20:30:00,2026-10-01 17:30:00,Copahue,MODIS,0.0,0.0,RUTINA,NULO,No descargada,2026-10-01 19:51:00,2026-10-02 07:00:59,NO
1790886600,2026-10-01 20:30:00,2026-10-01 17:30:00,Chaiten,MODIS,0.0,0.0,RUTINA,NULO,No descargada,2026-10-01 19:51:00,2026-10-02 07:15:54,NO
1790886600,2026-10-01 20:30:00,2026-10-01 17:30:00,Nevados de Chillan,MODIS,0.0,0.0,RUTINA,NULO,No descargada,2026-10-01 19:51:00,2026-10-02 07:00:59,NO
1790886600,2026-10-01 20:30:00,2026-10-01 17:30:00,Llaima,MODIS,0.0,0.0,RUTINA,NULO,No descargada,2026-10-01 19:51:00,2026-10-02 07:00:59,NO
1790886600,2026-10-01 20:30:00,2026-10-01 17:30:00,Villarrica,MODIS,0.0,0.0,RUTINA,NULO,No descargada,2026-10-01 19:51:00,2026-10-02 07:00:59,NO
1790884800,2026-10-01 20:00:00,2026-10-01 17:00:00,Villarrica,VIIRS,0.0,0.0,RUTINA,NULO,No descargada,2026-10-01 22:35:59,2026-10-02 05:01:04,NO
1790884800,2026-10-01 20:00:00,2026-10-01 17:00:00,Copahue,VIIRS,0.0,0.0,RUTINA,NULO,No descargada,2026-10-01 22:35:59,2026-10-02 05:01:04,NO
1790884800,2026-10-01 20:00:00,2026-10-01 17:00:00,Llaima,VIIRS375,0.0,0.0,RUTINA,NULO,No descargada,2026-10-02 01:05:58,2026-10-02 07:00:59,NO
1790884800,2026-10-01 20:00:00,2026-10-01 17:00:00,Chaiten,VIIRS,0.0,0.0,RUTINA,NULO,No descargada,2026-10-01 22:35:59,2026-10-02 05:01:04,NO
1790884800,2026-10-01 20:00:00,2026-10-01 17:00:00,Nevados de Chillan,VIIRS,0.0,0.0,RUTINA,NULO,No descargada,2026-10-01 22:35:59,2026-10-02 05:01:04,NO
1790884800,2026-10-01 20:00:00,2026-10-01 17:00:00,Puyehue-Cordon Caulle,VIIRS,0.0,0.0,RUTINA,NULO,No descargada,2026-10-01 22:35:59,2026-10-02 05:01:04,NO
1790884800,2026-10-01 20:00:00,2026-10-01 17:00:00,Villarrica,VIIRS375,0.0,0.0,RUTINA,NULO,No descargada,2026-10-02 01:05:58,2026-10-02 07:00:59,NO
1790884800,2026-10-01 20:00:00,2026-10-01 17:00:00,Puyehue-Cordon Caulle,VIIRS375,0.0,0.0,RUTINA,NULO,No descargada,2026-10-02 01:05:58,2026-10-02 07:00:59,NO
1790884800,2026-10-01 20:00:00,2026-10-01 17:00:00,Copahue,VIIRS375,0.0,0.0,RUTINA,NULO,No descargada,2026-10-02 01:05:58,2026-10-02 07:00:59,NO
1790884800,2026-10-01 20:00:00,2026-10-01 17:00:00,Nevados de Chillan,VIIRS375,0.0,0.0,RUTINA,NULO,No descargada,2026-10-02 00:51:24,2026-10-02 07:00:59,NO
1790884800,2026-10-01 20:00:00,2026-10-01 17:00:00,Llaima,VIIRS,0.0,0.0,RUTINA,NULO,No descargada,2026-10-01 22:35:59,2026-10-02 05:01:04,NO
1790884800,2026-10-01 20:00:00,2026-10-01 17:00:00,Chaiten,VIIRS375,0.0,0.0,RUTINA,NULO,No descargada,2026-10-02 01:05:58,2026-10-02 07:00:59,NO
1790882642,2026-10-01 19:24:02,2026-10-01 16:24:02,Villarrica,VIIRS375,0.0,0.0,RUTINA,NULO,No descargada,2026-10-01 23:21:02,2026-10-02 01:01:03,NO
1790882642,2026-10-01 19:24:02,2026-10-01 16:24:02,Llaima,VIIRS,0.0,0.0,RUTINA,NULO,No descargada,2026-10-01 21:05:54,2026-10-01 22:30:59,NO
1790882642,2026-10-01 19:24:02,2026-10-01 16:24:02,PlanchonPeteroa,VIIRS375,0.0,0.0,RUTINA,NULO,No descargada,2026-10-01 23:21:02,2026-10-02 07:00:59,NO
1790882642,2026-10-01 19:24:02,2026-10-01 16:24:02,Chaiten,VIIRS375,0.0,0.0,RUTINA,NULO,No descargada,2026-10-01 23:21:02,2026-10-02 01:01:03,NO
1790882642,2026-10-01 19:24:02,2026-10-01 16:24:02,Tupungatito,VIIRS,0.0,0.0,RUTINA,NULO,No descargada,2026-10-01 21:05:54,2026-10-02 05:01:04,NO
1790882642,2026-10-01 19:24:02,2026-10-01 16:24:02,Puyehue-Cordon Caulle,VIIRS,0.0,0.0,RUTINA,NULO,No descargada,2026-10-01 21:05:54,2026-10-01 22:30:59,NO
1790882642,2026-10-01 19:24:02,2026-10-01 16:24:02,PlanchonPeteroa,VIIRS,0.0,0.0,RUTINA,NULO,No descargada,2026-10-01 21:05:54,2026-10-02 05:01:04,NO
1790882642,2026-10-01 19:24:02,2026-10-01 16:24:02,Nevados de Chillan,VIIRS375,0.0,0.0,RUTINA,NULO,No descargada,2026-10-01 23:21:02,2026-10-02 00:45:58,NO
1790882642,2026-10-01 19:24:02,2026-10-01 16:24:02,Tupungatito,VIIRS375,0.0,0.0,RUTINA,NULO,No descargada,2026-10-01 23:21:02,2026-10-02 07:00:59,NO
1790882642,2026-10-01 19:24:02,2026-10-01 16:24:02,Villarrica,VIIRS,0.0,0.0,RUTINA,NULO,No descargada,2026-10-01 21:05:54,2026-10-01 22:30:59,NO
1790882642,2026-10-01 19:24:02,2026-10-01 16:24:02,Chaiten,VIIRS,0.0,0.0,RUTINA,NULO,No descargada,2026-10-01 21:05:54,2026-10-01 22:30:59,NO
1790882642,2026-10-01 19:24:02,2026-10-01 16:24:02,Nevados de Chillan,VIIRS,0.0,0.0,RUTINA,NULO,No descargada,2026-10-01 21:05:54,2026-10-01 22:30:59,NO
1790882642,2026-10-01 19:24:02,2026-10-01 16:24:02,Copahue,VIIRS375,0.0,0.0,RUTINA,NULO,No descargada,2026-10-01 23:21:02,2026-10-02 01:01:03,NO
1790882642,2026-10-01 19:24:02,2026-10-01 16:24:02,Copahue,VIIRS,0.0,0.0,RUTINA,NULO,No descargada,2026-10-01 21:05:54,2026-10-01 22:30:59,NO
1790882642,2026-10-01 19:24:02,2026-10-01 16:24:02,Llaima,VIIRS375,0.0,0.0,RUTINA,NULO,No descargada,2026-10-01 23:21:02,2026-10-02 01:01:03,NO
1790882642,2026-10-01 19:24:02,2026-10-01 16:24:02,Puyehue-Cordon Caulle,VIIRS375,0.0,0.0,RUTINA,NULO,No descargada,2026-10-01 23:21:02,2026-10-02 01:01:03,NO
1790880481,2026-10-01 18:48:01,2026-10-01 15:48:01,Isluga,VIIRS375,3.48,26.55,FALSO_POSITIVO,NULO,No descargada,2026-10-01 22:50:57,2026-10-02 06:26:27,NO
1790880481,2026-10-01 18:48:01,2026-10-01 15:48:01,Isluga,VIIRS,0.0,0.0,RUTINA,NULO,No descargada,2026-10-01 20:20:59,2026-10-02 05:01:04,NO
1790880121,2026-10-01 18:42:01,2026-10-01 15:42:01,Nevados de Chillan,VIIRS375,2.53,0.38,ALERTA_TERMICA,Bajo,imagenes_satelitales/Nevados_de_Chillan/2026-10-01/18-42-01_Nevados_de_Chillan_VIIRS375_Latest.png,2026-10-01 22:50:57,2026-10-01 23:16:40,NO
1790880121,2026-10-01 18:42:01,2026-10-01 15:42:01,Llaima,VIIRS,0.0,0.0,RUTINA,NULO,No descargada,2026-10-01 20:20:59,2026-10-01 21:01:09,NO
1790880121,2026-10-01 18:42:01,2026-10-01 15:42:01,Lastarria,VIIRS375,0.0,0.0,RUTINA,NULO,No descargada,2026-10-01 22:50:57,2026-10-02 07:00:59,NO
1790880121,2026-10-01 18:42:01,2026-10-01 15:42:01,PlanchonPeteroa,VIIRS,0.0,0.0,RUTINA,NULO,No descargada,2026-10-01 20:20:59,2026-10-01 21:01:09,NO
1790880121,2026-10-01 18:42:01,2026-10-01 15:42:01,Tupungatito,VIIRS375,0.0,0.0,RUTINA,NULO,No descargada,2026-10-01 22:50:57,2026-10-01 23:16:40,NO
1790880121,2026-10-01 18:42:01,2026-10-01 15:42:01,Puyehue-Cordon Caulle,VIIRS,0.0,0.0,RUTINA,NULO,No descargada,2026-10-01 20:20:59,2026-10-01 21:01:09,NO
1790880121,2026-10-01 18:42:01,2026-10-01 15:42:01,Lascar,VIIRS,0.0,0.0,RUTINA,NULO,No descargada,2026-10-01 20:20:59,2026-10-02 05:01:04,NO
1790880121,2026-10-01 18:42:01,2026-10-01 15:42:01,Villarrica,VIIRS375,0.0,0.0,RUTINA,NULO,No descargada,2026-10-01 22:50:57,2026-10-01 23:16:40,NO
1790880121,2026-10-01 18:42:01,2026-10-01 15:42:01,Villarrica,VIIRS,0.0,0.0,RUTINA,NULO,No descargada,2026-10-01 20:20:59,2026-10-01 21:01:09,NO
1790880121,2026-10-01 18:42:01,2026-10-01 15:42:01,Copahue,VIIRS,0.0,0.0,RUTINA,NULO,No descargada,2026-10-01 20:20:59,2026-10-01 21:01:09,NO
1790880121,2026-10-01 18:42:01,2026-10-01 15:42:01,Llaima,VIIRS375,0.0,0.0,RUTINA,NULO,No descargada,2026-10-01 22:50:57,2026-10-01 23:16:40,NO
1790880121,2026-10-01 18:42:01,2026-10-01 15:42:01,Tupungatito,VIIRS,0.0,0.0,RUTINA,NULO,No descargada,2026-10-01 20:20:59,2026-10-01 21:01:09,NO
1790880121,2026-10-01 18:42:01,2026-10-01 15:42:01,Lascar,VIIRS375,0.0,0.0,RUTINA,NULO,No descargada,2026-10-01 22:50:57,2026-10-02 06:26:27,NO
1790880121,2026-10-01 18:42:01,2026-10-01 15:42:01,Puyehue-Cordon Caulle,VIIRS375,0.0,0.0,RUTINA,NULO,No descargada,2026-10-01 22:50:57,2026-10-01 23:16:40,NO
1790880121,2026-10-01 18:42:01,2026-10-01 15:42:01,Nevados de Chillan,VIIRS,3.71,0.75,ALERTA_TERMICA,Bajo,imagenes_satelitales/Nevados_de_Chillan/2026-10-01/18-42-01_Nevados_de_Chillan_VIIRS750_Latest.png,2026-10-01 20:20:59,2026-10-01 21:01:09,NO
1790880121,2026-10-01 18:42:01,2026-10-01 15:42:01,Lastarria,VIIRS,0.0,0.0,RUTINA,NULO,No descargada,2026-10-01 20:20:59,2026-10-02 05:01:04,NO
1790880121,2026-10-01 18:42:01,2026-10-01 15:42:01,Copahue,VIIRS375,0.0,0.0,RUTINA,NULO,No descargada,2026-10-01 22:50:57,2026-10-01 23:16:40,NO
1790880121,2026-10-01 18:42:01,2026-10-01 15:42:01,PlanchonPeteroa,VIIRS375,0.0,0.0,RUTINA,NULO,No descargada,2026-10-01 22:50:57,2026-10-01 23:16:40,NO
1790879761,2026-10-01 18:36:01,2026-10-01 15:36:01,Chaiten,VIIRS,0.0,0.0,RUTINA,NULO,No descargada,2026-10-01 20:20:59,2026-10-01 21:01:09,NO
1790879761,2026-10-01 18:36:01,2026-10-01 15:36:01,Chaiten,VIIRS375,0.0,0.0,RUTINA,NULO,No descargada,2026-10-01 22:50:57,2026-10-01 23:16:40,NO
1790859000,2026-10-01 12:50:00,2026-10-01 09:50:00,Copahue,MODIS,0.0,0.0,RUTINA,NULO,No descargada,2026-10-01 11:35:52,2026-10-01 19:45:57,NO
1790859000,2026-10-01 12:50:00,2026-10-01 09:50:00,Nevados de Chillan,MODIS,0.0,0.0,RUTINA,NULO,No descargada,2026-10-01 11:35:52,2026-10-01 19:45:57,NO
1790859000,2026-10-01 12:50:00,2026-10-01 09:50:00,Llaima,MODIS,0.0,0.0,RUTINA,NULO,No descargada,2026-10-01 11:35:52,2026-10-01 19:45:57,NO
1790859000,2026-10-01 12:50:00,2026-10-01 09:50:00,Chaiten,MODIS,0.0,0.0,RUTINA,NULO,No descargada,2026-10-01 11:35:52,2026-10-01 19:45:57,NO
1790859000,2026-10-01 12:50:00,2026-10-01 09:50:00,Villarrica,MODIS,0.0,0.0,RUTINA,NULO,No descargada,2026-10-01 11:35:52,2026-10-01 19:45:57,NO
1790859000,2026-10-01 12:50:00,2026-10-01 09:50:00,Puyehue-Cordon Caulle,MODIS,0.0,0.0,RUTINA,NULO,No descargada,2026-10-01 11:35:52,2026-10-01 19:45:57,NO
1790858700,2026-10-01 12:45:00,2026-10-01 09:45:00,Lascar,MODIS,0.0,0.0,RUTINA,NULO,No descargada,2026-10-01 11:35:52,2026-10-01 21:01:09,NO
1790858700,2026-10-01 12:45:00,2026-10-01 09:45:00,Tupungatito,MODIS,0.0,0.0,RUTINA,NULO,No descargada,2026-10-01 11:35:52,2026-10-01 21:01:09,NO
1790858700,2026-10-01 12:45:00,2026-10-01 09:45:00,PlanchonPeteroa,MODIS,0.0,0.0,RUTINA,NULO,No descargada,2026-10-01 11:35:52,2026-10-02 07:00:59,NO
1790858700,2026-10-01 12:45:00,2026-10-01 09:45:00,Isluga,MODIS,0.0,0.0,RUTINA,NULO,No descargada,2026-10-01 11:35:52,2026-10-01 21:01:09,NO
1790858700,2026-10-01 12:45:00,2026-10-01 09:45:00,Lastarria,MODIS,0.0,0.0,RUTINA,NULO,No descargada,2026-10-01 11:35:52,2026-10-01 21:01:09,NO
1790843700,2026-10-01 08:35:00,2026-10-01 05:35:00,Puyehue-Cordon Caulle,MODIS,0.0,0.0,RUTINA,NULO,No descargada,2026-10-01 07:51:03,2026-10-01 11:31:04,NO
1790843700,2026-10-01 08:35:00,2026-10-01 05:35:00,Copahue,MODIS,0.0,0.0,RUTINA,NULO,No descargada,2026-10-01 07:51:03,2026-10-01 11:31:04,NO
1790843700,2026-10-01 08:35:00,2026-10-01 05:35:00,Llaima,MODIS,0.0,0.0,RUTINA,NULO,No descargada,2026-10-01 07:51:03,2026-10-01 11:31:04,NO
1790843700,2026-10-01 08:35:00,2026-10-01 05:35:00,PlanchonPeteroa,MODIS,0.0,0.0,RUTINA,NULO,No descargada,2026-10-01 07:51:03,2026-10-01 11:31:04,NO
1790843700,2026-10-01 08:35:00,2026-10-01 05:35:00,Villarrica,MODIS,0.0,0.0,RUTINA,NULO,No descargada,2026-10-01 07:51:03,2026-10-01 11:31:04,NO
1790843700,2026-10-01 08:35:00,2026-10-01 05:35:00,Chaiten,MODIS,0.0,0.0,RUTINA,NULO,No descargada,2026-10-01 07:51:03,2026-10-01 11:31:04,NO
1790843700,2026-10-01 08:35:00,2026-10-01 05:35:00,Nevados de Chillan,MODIS,5.18,2.24,ALERTA_TERMICA,Bajo,imagenes_satelitales/Nevados_de_Chillan/2026-10-01/08-35-00_Nevados_de_Chillan_MODIS_Latest.png,2026-10-01 07:51:03,2026-10-01 11:31:04,NO
1790843400,2026-10-01 08:30:00,2026-10-01 05:30:00,Tupungatito,MODIS,0.0,0.0,RUTINA,NULO,No descargada,2026-10-01 07:51:03,2026-10-01 11:31:04,NO
1790843400,2026-10-01 08:30:00,2026-10-01 05:30:00,Isluga,MODIS,0.0,0.0,RUTINA,NULO,No descargada,2026-10-01 07:51:03,2026-10-01 11:31:04,NO
1790843400,2026-10-01 08:30:00,2026-10-01 05:30:00,Lascar,MODIS,0.0,0.0,RUTINA,NULO,No descargada,2026-10-01 07:51:03,2026-10-01 11:31:04,NO
1790843400,2026-10-01 08:30:00,2026-10-01 05:30:00,Lastarria,MODIS,0.0,0.0,RUTINA,NULO,No descargada,2026-10-01 07:51:03,2026-10-01 11:31:04,NO
1790835841,2026-10-01 06:24:01,2026-10-01 03:24:01,Puyehue-Cordon Caulle,VIIRS,0.0,0.0,RUTINA,NULO,No descargada,2026-10-01 09:06:16,2026-10-01 20:15:57,NO
1790835841,2026-10-01 06:24:01,2026-10-01 03:24:01,Chaiten,VIIRS,0.0,0.0,RUTINA,NULO,No descargada,2026-10-01 09:06:16,2026-10-01 20:15:57,NO
1790835841,2026-10-01 06:24:01,2026-10-01 03:24:01,Puyehue-Cordon Caulle,VIIRS375,0.0,0.0,RUTINA,NULO,No descargada,2026-10-01 10:06:12,2026-10-01 22:46:04,NO
1790835841,2026-10-01 06:24:01,2026-10-01 03:24:01,Chaiten,VIIRS375,0.0,0.0,RUTINA,NULO,No descargada,2026-10-01 10:06:12,2026-10-01 22:46:04,NO
1790835481,2026-10-01 06:18:01,2026-10-01 03:18:01,Copahue,VIIRS375,0.0,0.0,RUTINA,NULO,No descargada,2026-10-01 09:50:57,2026-10-01 22:46:04,NO
1790835481,2026-10-01 06:18:01,2026-10-01 03:18:01,Copahue,VIIRS,0.0,0.0,RUTINA,NULO,No descargada,2026-10-01 08:51:09,2026-10-01 20:15:57,NO
1790835481,2026-10-01 06:18:01,2026-10-01 03:18:01,Tupungatito,VIIRS,0.0,0.0,RUTINA,NULO,No descargada,2026-10-01 09:06:16,2026-10-01 20:15:57,NO
1790835481,2026-10-01 06:18:01,2026-10-01 03:18:01,Llaima,VIIRS375,0.0,0.0,RUTINA,NULO,No descargada,2026-10-01 09:50:57,2026-10-01 22:46:04,NO
1790835481,2026-10-01 06:18:01,2026-10-01 03:18:01,Isluga,VIIRS,0.0,0.0,RUTINA,NULO,No descargada,2026-10-01 08:51:09,2026-10-01 20:15:57,NO
1790835481,2026-10-01 06:18:01,2026-10-01 03:18:01,Lastarria,VIIRS,0.0,0.0,RUTINA,NULO,No descargada,2026-10-01 08:51:09,2026-10-01 20:15:57,NO
1790835481,2026-10-01 06:18:01,2026-10-01 03:18:01,Llaima,VIIRS,0.0,0.0,RUTINA,NULO,No descargada,2026-10-01 09:06:16,2026-10-01 20:15:57,NO
1790835481,2026-10-01 06:18:01,2026-10-01 03:18:01,Lascar,VIIRS,0.0,0.0,RUTINA,NULO,No descargada,2026-10-01 08:51:09,2026-10-01 20:15:57,NO
1790835481,2026-10-01 06:18:01,2026-10-01 03:18:01,Isluga,VIIRS375,0.0,0.0,RUTINA,NULO,No descargada,2026-10-01 09:50:57,2026-10-01 22:46:04,NO
1790835481,2026-10-01 06:18:01,2026-10-01 03:18:01,Nevados de Chillan,VIIRS,7.06,1.68,ALERTA_TERMICA,Bajo,imagenes_satelitales/Nevados_de_Chillan/2026-10-01/06-18-01_Nevados_de_Chillan_VIIRS750_Latest.png,2026-10-01 08:51:09,2026-10-01 20:15:57,NO
1790835481,2026-10-01 06:18:01,2026-10-01 03:18:01,PlanchonPeteroa,VIIRS,0.0,0.0,RUTINA,NULO,No descargada,2026-10-01 08:51:09,2026-10-01 20:15:57,NO
1790835481,2026-10-01 06:18:01,2026-10-01 03:18:01,Villarrica,VIIRS,0.0,0.0,RUTINA,NULO,No descargada,2026-10-01 09:06:16,2026-10-01 20:15:57,NO
1790835481,2026-10-01 06:18:01,2026-10-01 03:18:01,PlanchonPeteroa,VIIRS375,0.0,0.0,RUTINA,NULO,No descargada,2026-10-01 09:50:57,2026-10-01 22:46:04,NO
1790835481,2026-10-01 06:18:01,2026-10-01 03:18:01,Tupungatito,VIIRS375,0.0,0.0,RUTINA,NULO,No descargada,2026-10-01 10:06:12,2026-10-01 22:46:04,NO
1790835481,2026-10-01 06:18:01,2026-10-01 03:18:01,Villarrica,VIIRS375,0.0,0.0,RUTINA,NULO,No descargada,2026-10-01 09:50:57,2026-10-01 22:46:04,NO
1790835481,2026-10-01 06:18:01,2026-10-01 03:18:01,Lastarria,VIIRS375,0.56,7.44,FALSO_POSITIVO,NULO,No descargada,2026-10-01 09:50:57,2026-10-01 22:46:04,NO
1790835481,2026-10-01 06:18:01,2026-10-01 03:18:01,Lascar,VIIRS375,0.09,1.19,ALERTA_TERMICA,Muy Bajo,imagenes_satelitales/Lascar/2026-10-01/06-18-01_Lascar_VIIRS375_Latest.png,2026-10-01 09:50:57,2026-10-01 22:46:04,NO
1790835481,2026-10-01 06:18:01,2026-10-01 03:18:01,Nevados de Chillan,VIIRS375,7.28,0.84,ALERTA_TERMICA,Bajo,imagenes_satelitales/Nevados_de_Chillan/2026-10-01/06-18-01_Nevados_de_Chillan_VIIRS375_Latest.png,2026-10-01 09:50:57,2026-10-01 22:46:04,NO
1790829721,2026-10-01 04:42:01,2026-10-01 01:42:01,Nevados de Chillan,VIIRS,0.09,2.37,ALERTA_TERMICA,Muy Bajo,imagenes_satelitales/Nevados_de_Chillan/2026-10-01/04-42-01_Nevados_de_Chillan_VIIRS750_Latest.png,2026-10-01 08:06:03,2026-10-01 08:45:55,NO
1790829721,2026-10-01 04:42:01,2026-10-01 01:42:01,Villarrica,VIIRS375,0.0,0.0,RUTINA,NULO,No descargada,2026-10-01 09:06:16,2026-10-01 09:46:07,NO
1790829721,2026-10-01 04:42:01,2026-10-01 01:42:01,Puyehue-Cordon Caulle,VIIRS375,0.05,8.66,ALERTA_TERMICA,Muy Bajo,imagenes_satelitales/Puyehue_Cordon_Caulle/2026-10-01/04-42-01_Puyehue_Cordon_Caulle_VIIRS375_Latest.png,2026-10-01 09:21:00,2026-10-01 10:01:06,NO
1790829721,2026-10-01 04:42:01,2026-10-01 01:42:01,Copahue,VIIRS,0.0,0.0,RUTINA,NULO,No descargada,2026-10-01 08:06:03,2026-10-01 08:45:55,NO
1790829721,2026-10-01 04:42:01,2026-10-01 01:42:01,Chaiten,VIIRS,0.0,0.0,RUTINA,NULO,No descargada,2026-10-01 08:06:03,2026-10-01 09:01:05,NO
1790829721,2026-10-01 04:42:01,2026-10-01 01:42:01,PlanchonPeteroa,VIIRS375,0.0,0.0,RUTINA,NULO,No descargada,2026-10-01 09:06:16,2026-10-01 09:46:07,NO
1790829721,2026-10-01 04:42:01,2026-10-01 01:42:01,Villarrica,VIIRS,0.0,0.0,RUTINA,NULO,No descargada,2026-10-01 08:06:03,2026-10-01 09:01:05,NO
1790829721,2026-10-01 04:42:01,2026-10-01 01:42:01,Copahue,VIIRS375,0.0,0.0,RUTINA,NULO,No descargada,2026-10-01 09:06:16,2026-10-01 09:46:07,NO
1790829721,2026-10-01 04:42:01,2026-10-01 01:42:01,Llaima,VIIRS375,0.0,0.0,RUTINA,NULO,No descargada,2026-10-01 09:06:16,2026-10-01 09:46:07,NO
1790829721,2026-10-01 04:42:01,2026-10-01 01:42:01,PlanchonPeteroa,VIIRS,0.0,0.0,RUTINA,NULO,No descargada,2026-10-01 08:06:03,2026-10-01 08:45:55,NO
1790829721,2026-10-01 04:42:01,2026-10-01 01:42:01,Llaima,VIIRS,0.0,0.0,RUTINA,NULO,No descargada,2026-10-01 08:06:03,2026-10-01 09:01:05,NO
1790829721,2026-10-01 04:42:01,2026-10-01 01:42:01,Puyehue-Cordon Caulle,VIIRS,0.0,0.0,RUTINA,NULO,No descargada,2026-10-01 08:06:03,2026-10-01 09:01:05,NO
1790829721,2026-10-01 04:42:01,2026-10-01 01:42:01,Nevados de Chillan,VIIRS375,0.88,2.37,ALERTA_TERMICA,Muy Bajo,imagenes_satelitales/Nevados_de_Chillan/2026-10-01/04-42-01_Nevados_de_Chillan_VIIRS375_Latest.png,2026-10-01 09:06:16,2026-10-01 09:46:07,NO
1790829721,2026-10-01 04:42:01,2026-10-01 01:42:01,Chaiten,VIIRS375,0.0,0.0,RUTINA,NULO,No descargada,2026-10-01 09:21:00,2026-10-01 10:01:06,NO
1790829361,2026-10-01 04:36:01,2026-10-01 01:36:01,Tupungatito,VIIRS,0.0,0.0,RUTINA,NULO,No descargada,2026-10-01 08:06:03,2026-10-01 09:01:05,NO
1790829361,2026-10-01 04:36:01,2026-10-01 01:36:01,Tupungatito,VIIRS375,0.0,0.0,RUTINA,NULO,No descargada,2026-10-01 09:06:16,2026-10-01 10:01:06,NO
1790819400,2026-10-01 01:50:00,2026-09-30 22:50:00,Lastarria,MODIS,0.0,0.0,RUTINA,NULO,No descargada,2026-10-01 01:36:06,2026-10-01 07:45:54,NO
1790819400,2026-10-01 01:50:00,2026-09-30 22:50:00,Lascar,MODIS,0.0,0.0,RUTINA,NULO,No descargada,2026-10-01 01:36:06,2026-10-01 07:45:54,NO
1790819400,2026-10-01 01:50:00,2026-09-30 22:50:00,Isluga,MODIS,0.0,0.0,RUTINA,NULO,No descargada,2026-10-01 01:36:06,2026-10-01 07:45:54,NO
1790819100,2026-10-01 01:45:00,2026-09-30 22:45:00,Llaima,MODIS,0.0,0.0,RUTINA,NULO,No descargada,2026-09-30 23:51:02,2026-10-01 07:45:54,NO
1790819100,2026-10-01 01:45:00,2026-09-30 22:45:00,Villarrica,MODIS,0.0,0.0,RUTINA,NULO,No descargada,2026-09-30 23:51:02,2026-10-01 07:45:54,NO
1790819100,2026-10-01 01:45:00,2026-09-30 22:45:00,Tupungatito,MODIS,0.0,0.0,RUTINA,NULO,No descargada,2026-09-30 23:51:02,2026-10-01 07:45:54,NO
1790819100,2026-10-01 01:45:00,2026-09-30 22:45:00,Chaiten,MODIS,0.0,0.0,RUTINA,NULO,No descargada,2026-09-30 23:51:02,2026-10-01 07:45:54,NO
1790819100,2026-10-01 01:45:00,2026-09-30 22:45:00,Copahue,MODIS,0.0,0.0,RUTINA,NULO,No descargada,2026-09-30 23:51:02,2026-10-01 07:45:54,NO
1790819100,2026-10-01 01:45:00,2026-09-30 22:45:00,Nevados de Chillan,MODIS,6.17,1.41,ALERTA_TERMICA,Bajo,imagenes_satelitales/Nevados_de_Chillan/2026-10-01/01-45-00_Nevados_de_Chillan_MODIS_Latest.png,2026-09-30 23:51:02,2026-10-01 07:45:54,NO
1790819100,2026-10-01 01:45:00,2026-09-30 22:45:00,PlanchonPeteroa,MODIS,0.0,0.0,RUTINA,NULO,No descargada,2026-09-30 23:51:02,2026-10-01 07:45:54,NO
1790819100,2026-10-01 01:45:00,2026-09-30 22:45:00,Puyehue-Cordon Caulle,MODIS,0.0,0.0,RUTINA,NULO,No descargada,2026-09-30 23:51:02,2026-10-01 07:45:54,NO
1790804100,2026-09-30 21:35:00,2026-09-30 18:35:00,Tupungatito,MODIS,0.0,0.0,RUTINA,NULO,No descargada,2026-09-30 20:05:56,2026-09-30 23:45:55,NO
1790803800,2026-09-30 21:30:00,2026-09-30 18:30:00,Chaiten,MODIS,0.0,0.0,RUTINA,NULO,No descargada,2026-09-30 20:05:56,2026-09-30 23:45:55,NO
1790803800,2026-09-30 21:30:00,2026-09-30 18:30:00,PlanchonPeteroa,MODIS,0.0,0.0,RUTINA,NULO,No descargada,2026-09-30 20:05:56,2026-09-30 23:45:55,NO
1790803800,2026-09-30 21:30:00,2026-09-30 18:30:00,Copahue,MODIS,0.0,0.0,RUTINA,NULO,No descargada,2026-09-30 20:05:56,2026-09-30 23:45:55,NO
1790803800,2026-09-30 21:30:00,2026-09-30 18:30:00,Puyehue-Cordon Caulle,MODIS,0.0,0.0,RUTINA,NULO,No descargada,2026-09-30 20:05:56,2026-09-30 23:45:55,NO
1790803800,2026-09-30 21:30:00,2026-09-30 18:30:00,Llaima,MODIS,0.0,0.0,RUTINA,NULO,No descargada,2026-09-30 20:05:56,2026-09-30 23:45:55,NO
1790803800,2026-09-30 21:30:00,2026-09-30 18:30:00,Nevados de Chillan,MODIS,0.0,0.0,RUTINA,NULO,No descargada,2026-09-30 20:05:56,2026-09-30 23:45:55,NO
1790803800,2026-09-30 21:30:00,2026-09-30 18:30:00,Villarrica,MODIS,0.0,0.0,RUTINA,NULO,No descargada,2026-09-30 20:05:56,2026-09-30 23:45:55,NO
1790799480,2026-09-30 20:18:00,2026-09-30 17:18:00,Chaiten,VIIRS,0.0,0.0,RUTINA,NULO,No descargada,2026-10-01 02:35:53,2026-10-01 08:01:12,NO
1790799480,2026-09-30 20:18:00,2026-09-30 17:18:00,Chaiten,VIIRS375,0.0,0.0,RUTINA,NULO,No descargada,2026-10-01 02:50:52,2026-10-01 09:16:01,NO
1790798400,2026-09-30 20:00:00,2026-09-30 17:00:00,Lascar,MODIS,0.0,0.0,RUTINA,NULO,No descargada,2026-09-30 19:35:57,2026-10-01 01:30:59,NO
1790798400,2026-09-30 20:00:00,2026-09-30 17:00:00,Isluga,MODIS,0.0,0.0,RUTINA,NULO,No descargada,2026-09-30 19:35:57,2026-10-01 01:30:59,NO
1790798100,2026-09-30 19:55:00,2026-09-30 16:55:00,Lastarria,MODIS,0.0,0.0,RUTINA,NULO,No descargada,2026-09-30 18:05:57,2026-10-01 01:30:59,NO
1790797322,2026-09-30 19:42:02,2026-09-30 16:42:02,Puyehue-Cordon Caulle,VIIRS375,0.0,0.0,RUTINA,NULO,No descargada,2026-10-01 02:21:00,2026-10-01 09:16:01,NO
1790797322,2026-09-30 19:42:02,2026-09-30 16:42:02,Nevados de Chillan,VIIRS,0.0,0.0,RUTINA,NULO,No descargada,2026-10-01 02:05:55,2026-10-01 08:01:12,NO
1790797322,2026-09-30 19:42:02,2026-09-30 16:42:02,Copahue,VIIRS375,0.0,0.0,RUTINA,NULO,No descargada,2026-10-01 02:05:55,2026-10-01 09:01:05,NO
1790797322,2026-09-30 19:42:02,2026-09-30 16:42:02,Puyehue-Cordon Caulle,VIIRS,0.0,0.0,RUTINA,NULO,No descargada,2026-10-01 02:05:55,2026-10-01 08:01:12,NO
1790797322,2026-09-30 19:42:02,2026-09-30 16:42:02,Llaima,VIIRS,0.0,0.0,RUTINA,NULO,No descargada,2026-10-01 02:05:55,2026-10-01 08:01:12,NO
1790797322,2026-09-30 19:42:02,2026-09-30 16:42:02,Copahue,VIIRS,0.0,0.0,RUTINA,NULO,No descargada,2026-10-01 02:05:55,2026-10-01 08:01:12,NO
1790797322,2026-09-30 19:42:02,2026-09-30 16:42:02,Chaiten,VIIRS375,0.0,0.0,RUTINA,NULO,No descargada,2026-10-01 02:21:00,2026-10-01 02:45:56,NO
1790797322,2026-09-30 19:42:02,2026-09-30 16:42:02,Llaima,VIIRS375,0.0,0.0,RUTINA,NULO,No descargada,2026-10-01 02:21:00,2026-10-01 09:01:05,NO
1790797322,2026-09-30 19:42:02,2026-09-30 16:42:02,Nevados de Chillan,VIIRS375,0.0,0.0,RUTINA,NULO,No descargada,2026-10-01 02:05:55,2026-10-01 09:01:05,NO
1790797322,2026-09-30 19:42:02,2026-09-30 16:42:02,Villarrica,VIIRS,0.0,0.0,RUTINA,NULO,No descargada,2026-10-01 02:05:55,2026-10-01 08:01:12,NO
1790797322,2026-09-30 19:42:02,2026-09-30 16:42:02,Chaiten,VIIRS,0.0,0.0,RUTINA,NULO,No descargada,2026-10-01 02:05:55,2026-10-01 02:31:01,NO
1790797322,2026-09-30 19:42:02,2026-09-30 16:42:02,Villarrica,VIIRS375,0.0,0.0,RUTINA,NULO,No descargada,2026-10-01 02:21:00,2026-10-01 09:01:05,NO
1790795161,2026-09-30 19:06:01,2026-09-30 16:06:01,Isluga,VIIRS375,0.0,0.0,RUTINA,NULO,No descargada,2026-10-01 01:36:06,2026-10-01 09:46:07,NO
1790795161,2026-09-30 19:06:01,2026-09-30 16:06:01,Isluga,VIIRS,0.0,0.0,RUTINA,NULO,No descargada,2026-10-01 01:36:06,2026-10-01 08:45:55,NO
1790794801,2026-09-30 19:00:01,2026-09-30 16:00:01,Tupungatito,VIIRS375,0.0,0.0,RUTINA,NULO,No descargada,2026-10-01 01:36:06,2026-10-01 09:01:05,NO
1790794801,2026-09-30 19:00:01,2026-09-30 16:00:01,PlanchonPeteroa,VIIRS,0.0,0.0,RUTINA,NULO,No descargada,2026-10-01 01:21:05,2026-10-01 08:01:12,NO
1790794801,2026-09-30 19:00:01,2026-09-30 16:00:01,Llaima,VIIRS375,0.0,0.0,RUTINA,NULO,No descargada,2026-10-01 01:36:06,2026-10-01 02:01:03,NO
1790794801,2026-09-30 19:00:01,2026-09-30 16:00:01,Chaiten,VIIRS,0.0,0.0,RUTINA,NULO,No descargada,2026-10-01 01:21:05,2026-10-01 02:01:03,NO
1790794801,2026-09-30 19:00:01,2026-09-30 16:00:01,Copahue,VIIRS,0.0,0.0,RUTINA,NULO,No descargada,2026-10-01 01:21:05,2026-10-01 02:01:03,NO
1790794801,2026-09-30 19:00:01,2026-09-30 16:00:01,Puyehue-Cordon Caulle,VIIRS375,0.0,0.0,RUTINA,NULO,No descargada,2026-10-01 01:36:06,2026-10-01 02:16:14,NO
1790794801,2026-09-30 19:00:01,2026-09-30 16:00:01,Nevados de Chillan,VIIRS,0.0,0.0,RUTINA,NULO,No descargada,2026-10-01 01:21:05,2026-10-01 02:01:03,NO
1790794801,2026-09-30 19:00:01,2026-09-30 16:00:01,Villarrica,VIIRS375,0.0,0.0,RUTINA,NULO,No descargada,2026-10-01 01:36:06,2026-10-01 02:16:14,NO
1790794801,2026-09-30 19:00:01,2026-09-30 16:00:01,Nevados de Chillan,VIIRS375,0.0,0.0,RUTINA,NULO,No descargada,2026-10-01 01:36:06,2026-10-01 02:01:03,NO
1790794801,2026-09-30 19:00:01,2026-09-30 16:00:01,Lastarria,VIIRS,0.0,0.0,RUTINA,NULO,No descargada,2026-10-01 01:21:05,2026-10-01 08:45:55,NO
1790794801,2026-09-30 19:00:01,2026-09-30 16:00:01,Llaima,VIIRS,0.0,0.0,RUTINA,NULO,No descargada,2026-10-01 01:21:05,2026-10-01 02:01:03,NO
1790794801,2026-09-30 19:00:01,2026-09-30 16:00:01,Lascar,VIIRS,0.0,0.0,RUTINA,NULO,No descargada,2026-10-01 01:21:05,2026-10-01 08:45:55,NO
1790794801,2026-09-30 19:00:01,2026-09-30 16:00:01,Lascar,VIIRS375,0.0,0.0,RUTINA,NULO,No descargada,2026-10-01 01:36:06,2026-10-01 09:46:07,NO
1790794801,2026-09-30 19:00:01,2026-09-30 16:00:01,Copahue,VIIRS375,0.0,0.0,RUTINA,NULO,No descargada,2026-10-01 01:36:06,2026-10-01 02:01:03,NO
1790794801,2026-09-30 19:00:01,2026-09-30 16:00:01,Villarrica,VIIRS,0.0,0.0,RUTINA,NULO,No descargada,2026-10-01 01:21:05,2026-10-01 02:01:03,NO
1790794801,2026-09-30 19:00:01,2026-09-30 16:00:01,Lastarria,VIIRS375,0.0,0.0,RUTINA,NULO,No descargada,2026-10-01 01:36:06,2026-10-01 09:46:07,NO
1790794801,2026-09-30 19:00:01,2026-09-30 16:00:01,Puyehue-Cordon Caulle,VIIRS,0.0,0.0,RUTINA,NULO,No descargada,2026-10-01 01:21:05,2026-10-01 02:01:03,NO
1790794801,2026-09-30 19:00:01,2026-09-30 16:00:01,PlanchonPeteroa,VIIRS375,0.0,0.0,RUTINA,NULO,No descargada,2026-10-01 01:36:06,2026-10-01 09:01:05,NO
1790794801,2026-09-30 19:00:01,2026-09-30 16:00:01,Tupungatito,VIIRS,0.0,0.0,RUTINA,NULO,No descargada,2026-10-01 01:21:05,2026-10-01 08:01:12,NO
1790794801,2026-09-30 19:00:01,2026-09-30 16:00:01,Chaiten,VIIRS375,0.0,0.0,RUTINA,NULO,No descargada,2026-10-01 01:36:06,2026-10-01 02:16:14,NO
1790793720,2026-09-30 18:42:00,2026-09-30 15:42:00,Nevados de Chillan,VIIRS,0.0,0.0,RUTINA,NULO,No descargada,2026-10-01 00:36:31,2026-10-01 01:15:57,NO
1790793720,2026-09-30 18:42:00,2026-09-30 15:42:00,Tupungatito,VIIRS,0.0,0.0,RUTINA,NULO,No descargada,2026-10-01 00:36:31,2026-10-01 01:15:57,NO
1790793720,2026-09-30 18:42:00,2026-09-30 15:42:00,Nevados de Chillan,VIIRS375,0.0,0.0,RUTINA,NULO,No descargada,2026-10-01 00:36:31,2026-10-01 01:30:59,NO
1790793720,2026-09-30 18:42:00,2026-09-30 15:42:00,Isluga,VIIRS,0.0,0.0,RUTINA,NULO,No descargada,2026-10-01 00:36:31,2026-10-01 01:30:59,NO
1790793720,2026-09-30 18:42:00,2026-09-30 15:42:00,Lascar,VIIRS375,0.0,0.0,RUTINA,NULO,No descargada,2026-10-01 00:36:31,2026-10-01 01:30:59,NO
1790793720,2026-09-30 18:42:00,2026-09-30 15:42:00,Lastarria,VIIRS375,0.0,0.0,RUTINA,NULO,No descargada,2026-10-01 00:36:31,2026-10-01 01:30:59,NO
1790793720,2026-09-30 18:42:00,2026-09-30 15:42:00,Copahue,VIIRS,0.0,0.0,RUTINA,NULO,No descargada,2026-10-01 00:36:31,2026-10-01 01:15:57,NO
1790793720,2026-09-30 18:42:00,2026-09-30 15:42:00,Isluga,VIIRS375,0.0,0.0,RUTINA,NULO,No descargada,2026-10-01 00:36:31,2026-10-01 01:30:59,NO
1790793720,2026-09-30 18:42:00,2026-09-30 15:42:00,PlanchonPeteroa,VIIRS375,0.0,0.0,RUTINA,NULO,No descargada,2026-10-01 00:36:31,2026-10-01 01:30:59,NO
1790793720,2026-09-30 18:42:00,2026-09-30 15:42:00,Copahue,VIIRS375,0.0,0.0,RUTINA,NULO,No descargada,2026-10-01 00:36:31,2026-10-01 01:30:59,NO
1790793720,2026-09-30 18:42:00,2026-09-30 15:42:00,Tupungatito,VIIRS375,0.0,0.0,RUTINA,NULO,No descargada,2026-10-01 00:36:31,2026-10-01 01:30:59,NO
1790793720,2026-09-30 18:42:00,2026-09-30 15:42:00,PlanchonPeteroa,VIIRS,0.0,0.0,RUTINA,NULO,No descargada,2026-10-01 00:36:31,2026-10-01 01:15:57,NO
1790793720,2026-09-30 18:42:00,2026-09-30 15:42:00,Lastarria,VIIRS,0.0,0.0,RUTINA,NULO,No descargada,2026-10-01 00:36:31,2026-10-01 01:15:57,NO
1790793720,2026-09-30 18:42:00,2026-09-30 15:42:00,Lascar,VIIRS,0.0,0.0,RUTINA,NULO,No descargada,2026-10-01 00:36:31,2026-10-01 01:15:57,NO
1790793360,2026-09-30 18:36:00,2026-09-30 15:36:00,Chaiten,VIIRS,0.0,0.0,RUTINA,NULO,No descargada,2026-10-01 00:36:31,2026-10-01 01:15:57,NO
1790793360,2026-09-30 18:36:00,2026-09-30 15:36:00,Chaiten,VIIRS375,0.0,0.0,RUTINA,NULO,No descargada,2026-10-01 00:36:31,2026-10-01 01:30:59,NO
1790793360,2026-09-30 18:36:00,2026-09-30 15:36:00,Puyehue-Cordon Caulle,VIIRS,0.0,0.0,RUTINA,NULO,No descargada,2026-10-01 00:36:31,2026-10-01 01:15:57,NO
1790793360,2026-09-30 18:36:00,2026-09-30 15:36:00,Puyehue-Cordon Caulle,VIIRS375,0.0,0.0,RUTINA,NULO,No descargada,2026-10-01 00:36:31,2026-10-01 01:30:59,NO
1790791562,2026-09-30 18:06:02,2026-09-30 15:06:02,Lastarria,VIIRS,0.0,0.0,RUTINA,NULO,No descargada,2026-09-30 22:20:57,2026-10-01 00:31:06,NO
1790791562,2026-09-30 18:06:02,2026-09-30 15:06:02,Lastarria,VIIRS375,0.0,0.0,RUTINA,NULO,No descargada,2026-09-30 22:20:57,2026-10-01 00:31:06,NO
1790791562,2026-09-30 18:06:02,2026-09-30 15:06:02,Isluga,VIIRS375,0.0,0.0,RUTINA,NULO,No descargada,2026-09-30 22:20:57,2026-10-01 00:31:06,NO
1790791562,2026-09-30 18:06:02,2026-09-30 15:06:02,Isluga,VIIRS,0.0,0.0,RUTINA,NULO,No descargada,2026-09-30 22:20:57,2026-10-01 00:31:06,NO
1790791562,2026-09-30 18:06:02,2026-09-30 15:06:02,PlanchonPeteroa,VIIRS,0.0,0.0,RUTINA,NULO,No descargada,2026-09-30 22:20:57,2026-10-01 00:31:06,NO
1790791562,2026-09-30 18:06:02,2026-09-30 15:06:02,Lascar,VIIRS375,0.0,0.0,RUTINA,NULO,No descargada,2026-09-30 22:20:57,2026-10-01 00:31:06,NO
1790791562,2026-09-30 18:06:02,2026-09-30 15:06:02,Tupungatito,VIIRS,0.0,0.0,RUTINA,NULO,No descargada,2026-09-30 22:20:57,2026-10-01 00:31:06,NO
1790791562,2026-09-30 18:06:02,2026-09-30 15:06:02,Lascar,VIIRS,0.0,0.0,RUTINA,NULO,No descargada,2026-09-30 22:20:57,2026-10-01 00:31:06,NO
1790791562,2026-09-30 18:06:02,2026-09-30 15:06:02,Tupungatito,VIIRS375,0.0,0.0,RUTINA,NULO,No descargada,2026-09-30 22:20:57,2026-10-01 00:31:06,NO
1790791562,2026-09-30 18:06:02,2026-09-30 15:06:02,PlanchonPeteroa,VIIRS375,0.0,0.0,RUTINA,NULO,No descargada,2026-09-30 22:20:57,2026-10-01 00:31:06,NO
1790791202,2026-09-30 18:00:02,2026-09-30 15:00:02,Villarrica,VIIRS375,0.0,0.0,RUTINA,NULO,No descargada,2026-09-30 22:20:57,2026-10-01 01:30:59,NO
1790791202,2026-09-30 18:00:02,2026-09-30 15:00:02,Chaiten,VIIRS375,0.0,0.0,RUTINA,NULO,No descargada,2026-09-30 22:20:57,2026-10-01 00:31:06,NO
1790791202,2026-09-30 18:00:02,2026-09-30 15:00:02,Llaima,VIIRS,0.0,0.0,RUTINA,NULO,No descargada,2026-09-30 22:20:57,2026-10-01 01:15:57,NO
1790791202,2026-09-30 18:00:02,2026-09-30 15:00:02,Copahue,VIIRS,0.0,0.0,RUTINA,NULO,No descargada,2026-09-30 22:20:57,2026-10-01 00:31:06,NO
1790791202,2026-09-30 18:00:02,2026-09-30 15:00:02,Chaiten,VIIRS,0.0,0.0,RUTINA,NULO,No descargada,2026-09-30 22:20:57,2026-10-01 00:31:06,NO
1790791202,2026-09-30 18:00:02,2026-09-30 15:00:02,Llaima,VIIRS375,0.0,0.0,RUTINA,NULO,No descargada,2026-09-30 22:20:57,2026-10-01 01:30:59,NO
1790791202,2026-09-30 18:00:02,2026-09-30 15:00:02,Villarrica,VIIRS,0.0,0.0,RUTINA,NULO,No descargada,2026-09-30 22:20:57,2026-10-01 01:15:57,NO
1790791202,2026-09-30 18:00:02,2026-09-30 15:00:02,Copahue,VIIRS375,0.0,0.0,RUTINA,NULO,No descargada,2026-09-30 22:20:57,2026-10-01 00:31:06,NO
1790791202,2026-09-30 18:00:02,2026-09-30 15:00:02,Puyehue-Cordon Caulle,VIIRS375,0.0,0.0,RUTINA,NULO,No descargada,2026-09-30 22:20:57,2026-10-01 00:31:06,NO
1790789041,2026-09-30 17:24:01,2026-09-30 14:24:01,Isluga,VIIRS375,0.0,0.0,RUTINA,NULO,No descargada,2026-09-30 20:05:56,2026-09-30 22:15:58,NO
1790789041,2026-09-30 17:24:01,2026-09-30 14:24:01,Lastarria,VIIRS,0.0,0.0,RUTINA,NULO,No descargada,2026-09-30 19:35:57,2026-09-30 22:15:58,NO
1790789041,2026-09-30 17:24:01,2026-09-30 14:24:01,Lascar,VIIRS375,0.0,0.0,RUTINA,NULO,No descargada,2026-09-30 20:05:56,2026-09-30 22:15:58,NO
1790789041,2026-09-30 17:24:01,2026-09-30 14:24:01,Lastarria,VIIRS375,0.0,0.0,RUTINA,NULO,No descargada,2026-09-30 20:05:56,2026-09-30 22:15:58,NO
1790789041,2026-09-30 17:24:01,2026-09-30 14:24:01,Isluga,VIIRS,0.0,0.0,RUTINA,NULO,No descargada,2026-09-30 19:35:57,2026-09-30 22:15:58,NO
1790789041,2026-09-30 17:24:01,2026-09-30 14:24:01,Lascar,VIIRS,0.0,0.0,RUTINA,NULO,No descargada,2026-09-30 19:35:57,2026-09-30 22:15:58,NO
1790776200,2026-09-30 13:50:00,2026-09-30 10:50:00,Puyehue-Cordon Caulle,MODIS,0.0,0.0,RUTINA,NULO,No descargada,2026-09-30 12:21:33,2026-09-30 20:01:03,NO
1790776200,2026-09-30 13:50:00,2026-09-30 10:50:00,Chaiten,MODIS,0.0,0.0,RUTINA,NULO,No descargada,2026-09-30 12:21:33,2026-09-30 20:01:03,NO
1790775900,2026-09-30 13:45:00,2026-09-30 10:45:00,Villarrica,MODIS,0.0,0.0,RUTINA,NULO,No descargada,2026-09-30 12:21:33,2026-09-30 20:01:03,NO
1790775900,2026-09-30 13:45:00,2026-09-30 10:45:00,Copahue,MODIS,0.0,0.0,RUTINA,NULO,No descargada,2026-09-30 12:21:33,2026-09-30 20:01:03,NO
1790775900,2026-09-30 13:45:00,2026-09-30 10:45:00,PlanchonPeteroa,MODIS,0.0,0.0,RUTINA,NULO,No descargada,2026-09-30 12:21:33,2026-09-30 20:01:03,NO
1790775900,2026-09-30 13:45:00,2026-09-30 10:45:00,Nevados de Chillan,MODIS,0.0,0.0,RUTINA,NULO,No descargada,2026-09-30 12:21:33,2026-09-30 20:01:03,NO
1790775900,2026-09-30 13:45:00,2026-09-30 10:45:00,Llaima,MODIS,0.0,0.0,RUTINA,NULO,No descargada,2026-09-30 12:21:33,2026-09-30 20:01:03,NO
1790775600,2026-09-30 13:40:00,2026-09-30 10:40:00,Isluga,MODIS,0.0,0.0,RUTINA,NULO,No descargada,2026-09-30 12:06:17,2026-09-30 19:31:03,NO
1790770200,2026-09-30 12:10:00,2026-09-30 09:10:00,Llaima,MODIS,0.0,0.0,RUTINA,NULO,No descargada,2026-09-30 10:51:00,2026-09-30 12:16:03,NO
1790770200,2026-09-30 12:10:00,2026-09-30 09:10:00,Nevados de Chillan,MODIS,0.0,0.0,RUTINA,NULO,No descargada,2026-09-30 10:51:00,2026-09-30 12:16:03,NO
1790770200,2026-09-30 12:10:00,2026-09-30 09:10:00,Villarrica,MODIS,0.0,0.0,RUTINA,NULO,No descargada,2026-09-30 10:51:00,2026-09-30 12:16:03,NO
1790770200,2026-09-30 12:10:00,2026-09-30 09:10:00,Tupungatito,MODIS,0.0,0.0,RUTINA,NULO,No descargada,2026-09-30 10:51:00,2026-09-30 18:01:03,NO
1790770200,2026-09-30 12:10:00,2026-09-30 09:10:00,Chaiten,MODIS,0.0,0.0,RUTINA,NULO,No descargada,2026-09-30 10:51:00,2026-09-30 12:16:03,NO
1790770200,2026-09-30 12:10:00,2026-09-30 09:10:00,PlanchonPeteroa,MODIS,0.0,0.0,RUTINA,NULO,No descargada,2026-09-30 10:51:00,2026-09-30 12:16:03,NO
1790770200,2026-09-30 12:10:00,2026-09-30 09:10:00,Copahue,MODIS,0.0,0.0,RUTINA,NULO,No descargada,2026-09-30 10:51:00,2026-09-30 12:16:03,NO
1790770200,2026-09-30 12:10:00,2026-09-30 09:10:00,Puyehue-Cordon Caulle,MODIS,0.0,0.0,RUTINA,NULO,No descargada,2026-09-30 10:51:00,2026-09-30 12:16:03,NO
1790754900,2026-09-30 07:55:00,2026-09-30 04:55:00,Llaima,MODIS,0.0,0.0,RUTINA,NULO,No descargada,2026-09-30 07:05:59,2026-09-30 10:46:10,NO
1790754900,2026-09-30 07:55:00,2026-09-30 04:55:00,Copahue,MODIS,0.0,0.0,RUTINA,NULO,No descargada,2026-09-30 07:05:59,2026-09-30 10:46:10,NO
1790754900,2026-09-30 07:55:00,2026-09-30 04:55:00,Tupungatito,MODIS,0.0,0.0,RUTINA,NULO,No descargada,2026-09-30 07:05:59,2026-09-30 10:46:10,NO
1790754900,2026-09-30 07:55:00,2026-09-30 04:55:00,Chaiten,MODIS,0.0,0.0,RUTINA,NULO,No descargada,2026-09-30 07:05:59,2026-09-30 10:46:10,NO
1790754900,2026-09-30 07:55:00,2026-09-30 04:55:00,Nevados de Chillan,MODIS,0.0,0.0,RUTINA,NULO,No descargada,2026-09-30 07:05:59,2026-09-30 10:46:10,NO
1790754900,2026-09-30 07:55:00,2026-09-30 04:55:00,Puyehue-Cordon Caulle,MODIS,0.0,0.0,RUTINA,NULO,No descargada,2026-09-30 07:05:59,2026-09-30 10:46:10,NO
1790754900,2026-09-30 07:55:00,2026-09-30 04:55:00,PlanchonPeteroa,MODIS,0.0,0.0,RUTINA,NULO,No descargada,2026-09-30 07:05:59,2026-09-30 10:46:10,NO
1790754900,2026-09-30 07:55:00,2026-09-30 04:55:00,Villarrica,MODIS,0.0,0.0,RUTINA,NULO,No descargada,2026-09-30 07:05:59,2026-09-30 10:46:10,NO
1790754600,2026-09-30 07:50:00,2026-09-30 04:50:00,Isluga,MODIS,0.0,0.0,RUTINA,NULO,No descargada,2026-09-30 07:05:59,2026-09-30 12:01:07,NO
1790754600,2026-09-30 07:50:00,2026-09-30 04:50:00,Lascar,MODIS,0.0,0.0,RUTINA,NULO,No descargada,2026-09-30 07:05:59,2026-09-30 19:31:03,NO
1790754600,2026-09-30 07:50:00,2026-09-30 04:50:00,Lastarria,MODIS,0.0,0.0,RUTINA,NULO,No descargada,2026-09-30 07:05:59,2026-09-30 18:01:03,NO
1790750521,2026-09-30 06:42:01,2026-09-30 03:42:01,Puyehue-Cordon Caulle,VIIRS,0.0,0.0,RUTINA,NULO,No descargada,2026-09-30 06:21:22,2026-09-30 22:15:58,NO
1790750521,2026-09-30 06:42:01,2026-09-30 03:42:01,Llaima,VIIRS,0.0,0.0,RUTINA,NULO,No descargada,2026-09-30 06:21:22,2026-09-30 22:15:58,NO
1790750521,2026-09-30 06:42:01,2026-09-30 03:42:01,Puyehue-Cordon Caulle,VIIRS375,0.0,0.0,RUTINA,NULO,No descargada,2026-09-30 06:21:22,2026-09-30 22:15:58,NO
1790750521,2026-09-30 06:42:01,2026-09-30 03:42:01,Copahue,VIIRS375,0.0,0.0,RUTINA,NULO,No descargada,2026-09-30 06:21:22,2026-09-30 22:15:58,NO
1790750521,2026-09-30 06:42:01,2026-09-30 03:42:01,Chaiten,VIIRS,0.0,0.0,RUTINA,NULO,No descargada,2026-09-30 06:21:22,2026-09-30 22:15:58,NO
1790750521,2026-09-30 06:42:01,2026-09-30 03:42:01,Llaima,VIIRS375,0.0,0.0,RUTINA,NULO,No descargada,2026-09-30 06:21:22,2026-09-30 22:15:58,NO
1790750521,2026-09-30 06:42:01,2026-09-30 03:42:01,Chaiten,VIIRS375,0.0,0.0,RUTINA,NULO,No descargada,2026-09-30 06:21:22,2026-09-30 22:15:58,NO
1790750521,2026-09-30 06:42:01,2026-09-30 03:42:01,Villarrica,VIIRS,0.0,0.0,RUTINA,NULO,No descargada,2026-09-30 06:21:22,2026-09-30 22:15:58,NO
1790750521,2026-09-30 06:42:01,2026-09-30 03:42:01,Copahue,VIIRS,0.0,0.0,RUTINA,NULO,No descargada,2026-09-30 06:21:22,2026-09-30 22:15:58,NO
1790750521,2026-09-30 06:42:01,2026-09-30 03:42:01,Villarrica,VIIRS375,0.0,0.0,RUTINA,NULO,No descargada,2026-09-30 06:21:22,2026-09-30 22:15:58,NO
1790750161,2026-09-30 06:36:01,2026-09-30 03:36:01,Tupungatito,VIIRS375,0.0,0.0,RUTINA,NULO,No descargada,2026-09-30 06:21:22,2026-09-30 22:15:58,NO
1790750161,2026-09-30 06:36:01,2026-09-30 03:36:01,Lascar,VIIRS,0.0,0.0,RUTINA,NULO,No descargada,2026-09-30 06:21:22,2026-09-30 19:31:03,NO
1790750161,2026-09-30 06:36:01,2026-09-30 03:36:01,PlanchonPeteroa,VIIRS375,0.0,0.0,RUTINA,NULO,No descargada,2026-09-30 06:21:22,2026-09-30 22:15:58,NO
1790750161,2026-09-30 06:36:01,2026-09-30 03:36:01,Isluga,VIIRS,0.0,0.0,RUTINA,NULO,No descargada,2026-09-30 06:21:22,2026-09-30 19:31:03,NO
1790750161,2026-09-30 06:36:01,2026-09-30 03:36:01,Lascar,VIIRS375,0.0,0.0,RUTINA,NULO,No descargada,2026-09-30 06:21:22,2026-09-30 20:01:03,NO
1790750161,2026-09-30 06:36:01,2026-09-30 03:36:01,PlanchonPeteroa,VIIRS,0.0,0.0,RUTINA,NULO,No descargada,2026-09-30 06:21:22,2026-09-30 22:15:58,NO
1790750161,2026-09-30 06:36:01,2026-09-30 03:36:01,Lastarria,VIIRS,0.0,0.0,RUTINA,NULO,No descargada,2026-09-30 06:21:22,2026-09-30 19:31:03,NO
1790750161,2026-09-30 06:36:01,2026-09-30 03:36:01,Tupungatito,VIIRS,0.0,0.0,RUTINA,NULO,No descargada,2026-09-30 06:21:22,2026-09-30 22:15:58,NO
1790750161,2026-09-30 06:36:01,2026-09-30 03:36:01,Isluga,VIIRS375,0.0,0.0,RUTINA,NULO,No descargada,2026-09-30 06:21:22,2026-09-30 20:01:03,NO
1790750161,2026-09-30 06:36:01,2026-09-30 03:36:01,Lastarria,VIIRS375,0.0,0.0,RUTINA,NULO,No descargada,2026-09-30 06:21:22,2026-09-30 20:01:03,NO
1790749080,2026-09-30 06:18:00,2026-09-30 03:18:00,Nevados de Chillan,VIIRS,0.0,0.0,RUTINA,NULO,No descargada,2026-09-30 06:50:58,2026-10-01 00:31:06,NO
1790749080,2026-09-30 06:18:00,2026-09-30 03:18:00,Nevados de Chillan,VIIRS375,0.0,0.0,RUTINA,NULO,No descargada,2026-09-30 06:50:58,2026-09-30 20:01:03,NO
1790746922,2026-09-30 05:42:02,2026-09-30 02:42:02,Chaiten,VIIRS375,0.0,0.0,RUTINA,NULO,No descargada,2026-09-30 05:06:37,2026-09-30 06:16:21,NO
1790746922,2026-09-30 05:42:02,2026-09-30 02:42:02,Puyehue-Cordon Caulle,VIIRS,0.0,0.0,RUTINA,NULO,No descargada,2026-09-30 04:51:00,2026-09-30 06:16:21,NO
1790746922,2026-09-30 05:42:02,2026-09-30 02:42:02,PlanchonPeteroa,VIIRS,0.0,0.0,RUTINA,NULO,No descargada,2026-09-30 04:51:00,2026-09-30 06:16:21,NO
1790746922,2026-09-30 05:42:02,2026-09-30 02:42:02,Chaiten,VIIRS,0.0,0.0,RUTINA,NULO,No descargada,2026-09-30 04:51:00,2026-09-30 06:16:21,NO
1790746922,2026-09-30 05:42:02,2026-09-30 02:42:02,Llaima,VIIRS375,0.0,0.0,RUTINA,NULO,No descargada,2026-09-30 05:06:37,2026-09-30 06:16:21,NO
1790746922,2026-09-30 05:42:02,2026-09-30 02:42:02,Tupungatito,VIIRS375,0.0,0.0,RUTINA,NULO,No descargada,2026-09-30 05:06:37,2026-09-30 06:16:21,NO
1790746922,2026-09-30 05:42:02,2026-09-30 02:42:02,Puyehue-Cordon Caulle,VIIRS375,0.0,0.0,RUTINA,NULO,No descargada,2026-09-30 05:06:37,2026-09-30 06:16:21,NO
1790746922,2026-09-30 05:42:02,2026-09-30 02:42:02,Copahue,VIIRS375,0.0,0.0,RUTINA,NULO,No descargada,2026-09-30 05:06:37,2026-09-30 06:16:21,NO
1790746922,2026-09-30 05:42:02,2026-09-30 02:42:02,Villarrica,VIIRS375,0.0,0.0,RUTINA,NULO,No descargada,2026-09-30 05:06:37,2026-09-30 06:16:21,NO
1790746922,2026-09-30 05:42:02,2026-09-30 02:42:02,Lastarria,VIIRS375,0.0,0.0,RUTINA,NULO,No descargada,2026-09-30 05:06:37,2026-09-30 06:16:21,NO
1790746922,2026-09-30 05:42:02,2026-09-30 02:42:02,Copahue,VIIRS,0.0,0.0,RUTINA,NULO,No descargada,2026-09-30 04:51:00,2026-09-30 06:16:21,NO
1790746922,2026-09-30 05:42:02,2026-09-30 02:42:02,PlanchonPeteroa,VIIRS375,0.0,0.0,RUTINA,NULO,No descargada,2026-09-30 05:06:37,2026-09-30 06:16:21,NO
1790746922,2026-09-30 05:42:02,2026-09-30 02:42:02,Tupungatito,VIIRS,0.0,0.0,RUTINA,NULO,No descargada,2026-09-30 04:51:00,2026-09-30 06:16:21,NO
1790746922,2026-09-30 05:42:02,2026-09-30 02:42:02,Nevados de Chillan,VIIRS,0.0,0.0,RUTINA,NULO,No descargada,2026-09-30 04:51:00,2026-09-30 06:45:57,NO
1790746922,2026-09-30 05:42:02,2026-09-30 02:42:02,Nevados de Chillan,VIIRS375,0.0,0.0,RUTINA,NULO,No descargada,2026-09-30 05:06:37,2026-09-30 06:45:57,NO
1790746922,2026-09-30 05:42:02,2026-09-30 02:42:02,Villarrica,VIIRS,0.0,0.0,RUTINA,NULO,No descargada,2026-09-30 04:51:00,2026-09-30 06:16:21,NO
1790746922,2026-09-30 05:42:02,2026-09-30 02:42:02,Llaima,VIIRS,0.0,0.0,RUTINA,NULO,No descargada,2026-09-30 04:51:00,2026-09-30 06:16:21,NO
1790746922,2026-09-30 05:42:02,2026-09-30 02:42:02,Lastarria,VIIRS,0.0,0.0,RUTINA,NULO,No descargada,2026-09-30 04:51:00,2026-09-30 06:16:21,NO
1790746562,2026-09-30 05:36:02,2026-09-30 02:36:02,Isluga,VIIRS,0.0,0.0,RUTINA,NULO,No descargada,2026-09-30 04:51:00,2026-09-30 06:16:21,NO
1790746562,2026-09-30 05:36:02,2026-09-30 02:36:02,Lascar,VIIRS375,0.0,0.0,RUTINA,NULO,No descargada,2026-09-30 05:06:37,2026-09-30 06:16:21,NO
1790746562,2026-09-30 05:36:02,2026-09-30 02:36:02,Lascar,VIIRS,0.0,0.0,RUTINA,NULO,No descargada,2026-09-30 04:51:00,2026-09-30 06:16:21,NO
1790746562,2026-09-30 05:36:02,2026-09-30 02:36:02,Isluga,VIIRS375,0.0,0.0,RUTINA,NULO,No descargada,2026-09-30 05:06:37,2026-09-30 06:16:21,NO
1790744401,2026-09-30 05:00:01,2026-09-30 02:00:01,Tupungatito,VIIRS375,0.0,0.0,RUTINA,NULO,No descargada,2026-09-30 04:20:59,2026-09-30 05:01:04,NO
1790744401,2026-09-30 05:00:01,2026-09-30 02:00:01,Nevados de Chillan,VIIRS375,0.0,0.0,RUTINA,NULO,No descargada,2026-09-30 04:20:59,2026-09-30 05:01:04,NO
1790744401,2026-09-30 05:00:01,2026-09-30 02:00:01,Tupungatito,VIIRS,0.0,0.0,RUTINA,NULO,No descargada,2026-09-30 04:20:59,2026-09-30 04:46:02,NO
1790744401,2026-09-30 05:00:01,2026-09-30 02:00:01,Puyehue-Cordon Caulle,VIIRS375,0.0,0.0,RUTINA,NULO,No descargada,2026-09-30 04:20:59,2026-09-30 05:01:04,NO
1790744401,2026-09-30 05:00:01,2026-09-30 02:00:01,Llaima,VIIRS,0.0,0.0,RUTINA,NULO,No descargada,2026-09-30 04:20:59,2026-09-30 04:46:02,NO
1790744401,2026-09-30 05:00:01,2026-09-30 02:00:01,Villarrica,VIIRS,0.0,0.0,RUTINA,NULO,No descargada,2026-09-30 04:20:59,2026-09-30 04:46:02,NO
1790744401,2026-09-30 05:00:01,2026-09-30 02:00:01,Chaiten,VIIRS,0.0,0.0,RUTINA,NULO,No descargada,2026-09-30 04:20:59,2026-09-30 04:46:02,NO
1790744401,2026-09-30 05:00:01,2026-09-30 02:00:01,PlanchonPeteroa,VIIRS375,0.0,0.0,RUTINA,NULO,No descargada,2026-09-30 04:20:59,2026-09-30 05:01:04,NO
1790744401,2026-09-30 05:00:01,2026-09-30 02:00:01,Chaiten,VIIRS375,0.0,0.0,RUTINA,NULO,No descargada,2026-09-30 04:20:59,2026-09-30 05:01:04,NO
1790744401,2026-09-30 05:00:01,2026-09-30 02:00:01,PlanchonPeteroa,VIIRS,0.0,0.0,RUTINA,NULO,No descargada,2026-09-30 04:20:59,2026-09-30 04:46:02,NO
1790744401,2026-09-30 05:00:01,2026-09-30 02:00:01,Villarrica,VIIRS375,0.0,0.0,RUTINA,NULO,No descargada,2026-09-30 04:20:59,2026-09-30 05:01:04,NO
1790744401,2026-09-30 05:00:01,2026-09-30 02:00:01,Llaima,VIIRS375,0.0,0.0,RUTINA,NULO,No descargada,2026-09-30 04:20:59,2026-09-30 05:01:04,NO
1790744401,2026-09-30 05:00:01,2026-09-30 02:00:01,Copahue,VIIRS375,0.0,0.0,RUTINA,NULO,No descargada,2026-09-30 04:20:59,2026-09-30 05:01:04,NO
1790744401,2026-09-30 05:00:01,2026-09-30 02:00:01,Puyehue-Cordon Caulle,VIIRS,0.0,0.0,RUTINA,NULO,No descargada,2026-09-30 04:20:59,2026-09-30 04:46:02,NO
1790744401,2026-09-30 05:00:01,2026-09-30 02:00:01,Copahue,VIIRS,0.0,0.0,RUTINA,NULO,No descargada,2026-09-30 04:20:59,2026-09-30 04:46:02,NO
1790744401,2026-09-30 05:00:01,2026-09-30 02:00:01,Nevados de Chillan,VIIRS,0.0,0.0,RUTINA,NULO,No descargada,2026-09-30 04:20:59,2026-09-30 04:46:02,NO
1790744041,2026-09-30 04:54:01,2026-09-30 01:54:01,Isluga,VIIRS,0.0,0.0,RUTINA,NULO,No descargada,2026-09-30 04:20:59,2026-09-30 04:46:02,NO
1790744041,2026-09-30 04:54:01,2026-09-30 01:54:01,Isluga,VIIRS375,0.0,0.0,RUTINA,NULO,No descargada,2026-09-30 04:20:59,2026-09-30 05:01:04,NO
1790744041,2026-09-30 04:54:01,2026-09-30 01:54:01,Lastarria,VIIRS375,0.0,0.0,RUTINA,NULO,No descargada,2026-09-30 04:20:59,2026-09-30 05:01:04,NO
1790744041,2026-09-30 04:54:01,2026-09-30 01:54:01,Lascar,VIIRS,0.0,0.0,RUTINA,NULO,No descargada,2026-09-30 04:20:59,2026-09-30 04:46:02,NO
1790744041,2026-09-30 04:54:01,2026-09-30 01:54:01,Lascar,VIIRS375,0.0,0.0,RUTINA,NULO,No descargada,2026-09-30 04:20:59,2026-09-30 05:01:04,NO
1790744041,2026-09-30 04:54:01,2026-09-30 01:54:01,Lastarria,VIIRS,0.0,0.0,RUTINA,NULO,No descargada,2026-09-30 04:20:59,2026-09-30 04:46:02,NO
1790736300,2026-09-30 02:45:00,2026-09-29 23:45:00,Llaima,MODIS,0.0,0.0,RUTINA,NULO,No descargada,2026-09-30 02:05:54,2026-09-30 07:01:13,NO
1790736300,2026-09-30 02:45:00,2026-09-29 23:45:00,Chaiten,MODIS,0.0,0.0,RUTINA,NULO,No descargada,2026-09-30 02:05:54,2026-09-30 07:01:13,NO
1790736300,2026-09-30 02:45:00,2026-09-29 23:45:00,Villarrica,MODIS,0.0,0.0,RUTINA,NULO,No descargada,2026-09-30 02:05:54,2026-09-30 07:01:13,NO
1790736300,2026-09-30 02:45:00,2026-09-29 23:45:00,Puyehue-Cordon Caulle,MODIS,0.0,0.0,RUTINA,NULO,No descargada,2026-09-30 02:05:54,2026-09-30 07:01:13,NO
1790730600,2026-09-30 01:10:00,2026-09-29 22:10:00,Lastarria,MODIS,0.0,0.0,RUTINA,NULO,No descargada,2026-09-29 23:20:56,2026-09-30 07:01:13,NO
1790730600,2026-09-30 01:10:00,2026-09-29 22:10:00,Tupungatito,MODIS,0.0,0.0,RUTINA,NULO,No descargada,2026-09-29 23:20:56,2026-09-30 07:01:13,NO
1790730600,2026-09-30 01:10:00,2026-09-29 22:10:00,PlanchonPeteroa,MODIS,0.0,0.0,RUTINA,NULO,No descargada,2026-09-29 23:20:56,2026-09-30 07:01:13,NO
1790730600,2026-09-30 01:10:00,2026-09-29 22:10:00,Isluga,MODIS,0.0,0.0,RUTINA,NULO,No descargada,2026-09-29 23:20:56,2026-09-30 07:01:13,NO
1790730600,2026-09-30 01:10:00,2026-09-29 22:10:00,Lascar,MODIS,0.0,0.0,RUTINA,NULO,No descargada,2026-09-29 23:20:56,2026-09-30 07:01:13,NO
1790730300,2026-09-30 01:05:00,2026-09-29 22:05:00,Villarrica,MODIS,0.0,0.0,RUTINA,NULO,No descargada,2026-09-29 23:20:56,2026-09-30 02:01:05,NO
1790730300,2026-09-30 01:05:00,2026-09-29 22:05:00,Nevados de Chillan,MODIS,0.0,0.0,RUTINA,NULO,No descargada,2026-09-29 23:20:56,2026-09-30 07:01:13,NO
1790730300,2026-09-30 01:05:00,2026-09-29 22:05:00,Copahue,MODIS,0.0,0.0,RUTINA,NULO,No descargada,2026-09-29 23:20:56,2026-09-30 07:01:13,NO
1790730300,2026-09-30 01:05:00,2026-09-29 22:05:00,Llaima,MODIS,0.0,0.0,RUTINA,NULO,No descargada,2026-09-29 23:20:56,2026-09-30 02:01:05,NO
1790730300,2026-09-30 01:05:00,2026-09-29 22:05:00,Puyehue-Cordon Caulle,MODIS,0.0,0.0,RUTINA,NULO,No descargada,2026-09-29 23:20:56,2026-09-30 02:01:05,NO
1790730300,2026-09-30 01:05:00,2026-09-29 22:05:00,Chaiten,MODIS,0.0,0.0,RUTINA,NULO,No descargada,2026-09-29 23:20:56,2026-09-30 02:01:05,NO
1790715600,2026-09-29 21:00:00,2026-09-29 18:00:00,Lascar,MODIS,0.0,0.0,RUTINA,NULO,No descargada,2026-09-29 20:51:04,2026-09-29 23:16:04,NO
1790715600,2026-09-29 21:00:00,2026-09-29 18:00:00,Isluga,MODIS,0.0,0.0,RUTINA,NULO,No descargada,2026-09-29 20:51:04,2026-09-29 23:16:04,NO
1790715300,2026-09-29 20:55:00,2026-09-29 17:55:00,PlanchonPeteroa,MODIS,0.0,0.0,RUTINA,NULO,No descargada,2026-09-29 19:21:30,2026-09-29 23:16:04,NO
1790715300,2026-09-29 20:55:00,2026-09-29 17:55:00,Llaima,MODIS,0.0,0.0,RUTINA,NULO,No descargada,2026-09-29 19:21:30,2026-09-29 23:16:04,NO
1790715300,2026-09-29 20:55:00,2026-09-29 17:55:00,Nevados de Chillan,MODIS,0.0,0.0,RUTINA,NULO,No descargada,2026-09-29 19:21:30,2026-09-29 23:16:04,NO
1790715300,2026-09-29 20:55:00,2026-09-29 17:55:00,Tupungatito,MODIS,0.0,0.0,RUTINA,NULO,No descargada,2026-09-29 19:21:30,2026-09-29 23:16:04,NO
1790715300,2026-09-29 20:55:00,2026-09-29 17:55:00,Lastarria,MODIS,0.0,0.0,RUTINA,NULO,No descargada,2026-09-29 19:21:30,2026-09-29 23:16:04,NO
1790715300,2026-09-29 20:55:00,2026-09-29 17:55:00,Puyehue-Cordon Caulle,MODIS,0.0,0.0,RUTINA,NULO,No descargada,2026-09-29 19:21:30,2026-09-29 23:16:04,NO
1790715300,2026-09-29 20:55:00,2026-09-29 17:55:00,Chaiten,MODIS,0.0,0.0,RUTINA,NULO,No descargada,2026-09-29 19:21:30,2026-09-29 23:16:04,NO
1790715300,2026-09-29 20:55:00,2026-09-29 17:55:00,Villarrica,MODIS,0.0,0.0,RUTINA,NULO,No descargada,2026-09-29 19:21:30,2026-09-29 23:16:04,NO
1790715300,2026-09-29 20:55:00,2026-09-29 17:55:00,Copahue,MODIS,0.0,0.0,RUTINA,NULO,No descargada,2026-09-29 19:21:30,2026-09-29 23:16:04,NO
1790712002,2026-09-29 20:00:02,2026-09-29 17:00:02,Chaiten,VIIRS375,0.0,0.0,RUTINA,NULO,No descargada,2026-09-29 19:21:30,2026-09-30 04:16:06,NO
1790712002,2026-09-29 20:00:02,2026-09-29 17:00:02,Chaiten,VIIRS,0.0,0.0,RUTINA,NULO,No descargada,2026-09-29 19:21:30,2026-09-30 04:16:06,NO
1790709481,2026-09-29 19:18:01,2026-09-29 16:18:01,Copahue,VIIRS,0.0,0.0,RUTINA,NULO,No descargada,2026-09-29 19:21:30,2026-09-30 04:16:06,NO
1790709481,2026-09-29 19:18:01,2026-09-29 16:18:01,Puyehue-Cordon Caulle,VIIRS,0.0,0.0,RUTINA,NULO,No descargada,2026-09-29 19:21:30,2026-09-30 04:16:06,NO
1790709481,2026-09-29 19:18:01,2026-09-29 16:18:01,Llaima,VIIRS,0.0,0.0,RUTINA,NULO,No descargada,2026-09-29 19:21:30,2026-09-30 04:16:06,NO
1790709481,2026-09-29 19:18:01,2026-09-29 16:18:01,Tupungatito,VIIRS375,0.0,0.0,RUTINA,NULO,No descargada,2026-09-29 19:21:30,2026-09-30 04:16:06,NO
1790709481,2026-09-29 19:18:01,2026-09-29 16:18:01,Llaima,VIIRS375,0.0,0.0,RUTINA,NULO,No descargada,2026-09-29 19:21:30,2026-09-30 04:16:06,NO
1790709481,2026-09-29 19:18:01,2026-09-29 16:18:01,Villarrica,VIIRS,0.0,0.0,RUTINA,NULO,No descargada,2026-09-29 19:21:30,2026-09-30 04:16:06,NO
1790709481,2026-09-29 19:18:01,2026-09-29 16:18:01,Puyehue-Cordon Caulle,VIIRS375,0.0,0.0,RUTINA,NULO,No descargada,2026-09-29 19:21:30,2026-09-30 04:16:06,NO
1790709481,2026-09-29 19:18:01,2026-09-29 16:18:01,PlanchonPeteroa,VIIRS,0.0,0.0,RUTINA,NULO,No descargada,2026-09-29 19:21:30,2026-09-30 04:16:06,NO
1790709481,2026-09-29 19:18:01,2026-09-29 16:18:01,Tupungatito,VIIRS,0.0,0.0,RUTINA,NULO,No descargada,2026-09-29 19:21:30,2026-09-30 04:16:06,NO
1790709481,2026-09-29 19:18:01,2026-09-29 16:18:01,Nevados de Chillan,VIIRS,0.0,0.0,RUTINA,NULO,No descargada,2026-09-29 19:21:30,2026-09-30 04:16:06,NO
1790709481,2026-09-29 19:18:01,2026-09-29 16:18:01,PlanchonPeteroa,VIIRS375,0.0,0.0,RUTINA,NULO,No descargada,2026-09-29 19:21:30,2026-09-30 04:16:06,NO
1790709481,2026-09-29 19:18:01,2026-09-29 16:18:01,Copahue,VIIRS375,0.0,0.0,RUTINA,NULO,No descargada,2026-09-29 19:21:30,2026-09-30 04:16:06,NO
1790709481,2026-09-29 19:18:01,2026-09-29 16:18:01,Nevados de Chillan,VIIRS375,0.0,0.0,RUTINA,NULO,No descargada,2026-09-29 19:21:30,2026-09-30 04:16:06,NO
1790709481,2026-09-29 19:18:01,2026-09-29 16:18:01,Villarrica,VIIRS375,0.0,0.0,RUTINA,NULO,No descargada,2026-09-29 19:21:30,2026-09-30 04:16:06,NO
1790708760,2026-09-29 19:06:00,2026-09-29 16:06:00,Isluga,VIIRS,0.0,0.0,RUTINA,NULO,No descargada,2026-09-29 19:05:55,2026-09-30 04:16:06,NO
1790708760,2026-09-29 19:06:00,2026-09-29 16:06:00,Isluga,VIIRS375,0.0,0.0,RUTINA,NULO,No descargada,2026-09-29 19:05:55,2026-09-30 04:16:06,NO
1790708400,2026-09-29 19:00:00,2026-09-29 16:00:00,Puyehue-Cordon Caulle,VIIRS,0.0,0.0,RUTINA,NULO,No descargada,2026-09-29 19:05:55,2026-09-29 19:16:02,NO
1790708400,2026-09-29 19:00:00,2026-09-29 16:00:00,Lascar,VIIRS,0.0,0.0,RUTINA,NULO,No descargada,2026-09-29 18:50:58,2026-09-30 04:16:06,NO
1790708400,2026-09-29 19:00:00,2026-09-29 16:00:00,Villarrica,VIIRS,0.0,0.0,RUTINA,NULO,No descargada,2026-09-29 19:05:55,2026-09-29 19:16:02,NO
1790708400,2026-09-29 19:00:00,2026-09-29 16:00:00,Puyehue-Cordon Caulle,VIIRS375,0.0,0.0,RUTINA,NULO,No descargada,2026-09-29 19:05:55,2026-09-29 19:16:02,NO
1790708400,2026-09-29 19:00:00,2026-09-29 16:00:00,Copahue,VIIRS375,0.0,0.0,RUTINA,NULO,No descargada,2026-09-29 19:05:55,2026-09-29 19:16:02,NO
1790708400,2026-09-29 19:00:00,2026-09-29 16:00:00,Tupungatito,VIIRS375,0.0,0.0,RUTINA,NULO,No descargada,2026-09-29 19:05:55,2026-09-29 19:16:02,NO
1790708400,2026-09-29 19:00:00,2026-09-29 16:00:00,Nevados de Chillan,VIIRS375,0.0,0.0,RUTINA,NULO,No descargada,2026-09-29 19:05:55,2026-09-29 19:16:02,NO
1790708400,2026-09-29 19:00:00,2026-09-29 16:00:00,PlanchonPeteroa,VIIRS375,0.0,0.0,RUTINA,NULO,No descargada,2026-09-29 19:05:55,2026-09-29 19:16:02,NO
1790708400,2026-09-29 19:00:00,2026-09-29 16:00:00,Tupungatito,VIIRS,0.0,0.0,RUTINA,NULO,No descargada,2026-09-29 19:05:55,2026-09-29 19:16:02,NO
1790708400,2026-09-29 19:00:00,2026-09-29 16:00:00,Nevados de Chillan,VIIRS,0.0,0.0,RUTINA,NULO,No descargada,2026-09-29 19:05:55,2026-09-29 19:16:02,NO
1790708400,2026-09-29 19:00:00,2026-09-29 16:00:00,Lascar,VIIRS375,0.0,0.0,RUTINA,NULO,No descargada,2026-09-29 19:05:55,2026-09-30 04:16:06,NO
1790708400,2026-09-29 19:00:00,2026-09-29 16:00:00,Copahue,VIIRS,0.0,0.0,RUTINA,NULO,No descargada,2026-09-29 19:05:55,2026-09-29 19:16:02,NO
1790708400,2026-09-29 19:00:00,2026-09-29 16:00:00,Villarrica,VIIRS375,0.0,0.0,RUTINA,NULO,No descargada,2026-09-29 19:05:55,2026-09-29 19:16:02,NO
1790708400,2026-09-29 19:00:00,2026-09-29 16:00:00,Lastarria,VIIRS375,0.0,0.0,RUTINA,NULO,No descargada,2026-09-29 19:05:55,2026-09-30 04:16:06,NO
1790708400,2026-09-29 19:00:00,2026-09-29 16:00:00,Llaima,VIIRS,0.0,0.0,RUTINA,NULO,No descargada,2026-09-29 19:05:55,2026-09-29 19:16:02,NO
1790708400,2026-09-29 19:00:00,2026-09-29 16:00:00,PlanchonPeteroa,VIIRS,0.0,0.0,RUTINA,NULO,No descargada,2026-09-29 19:05:55,2026-09-29 19:16:02,NO
1790708400,2026-09-29 19:00:00,2026-09-29 16:00:00,Lastarria,VIIRS,0.0,0.0,RUTINA,NULO,No descargada,2026-09-29 19:05:55,2026-09-30 04:16:06,NO
1790708400,2026-09-29 19:00:00,2026-09-29 16:00:00,Llaima,VIIRS375,0.0,0.0,RUTINA,NULO,No descargada,2026-09-29 19:05:55,2026-09-29 19:16:02,NO
1790706242,2026-09-29 18:24:02,2026-09-29 15:24:02,Tupungatito,VIIRS,0.0,0.0,RUTINA,NULO,No descargada,2026-09-29 18:20:58,2026-09-29 19:01:11,NO
1790706242,2026-09-29 18:24:02,2026-09-29 15:24:02,Lascar,VIIRS,0.0,0.0,RUTINA,NULO,No descargada,2026-09-29 18:20:58,2026-09-29 18:45:50,NO
1790706242,2026-09-29 18:24:02,2026-09-29 15:24:02,Copahue,VIIRS,0.0,0.0,RUTINA,NULO,No descargada,2026-09-29 18:20:58,2026-09-29 19:01:11,NO
1790706242,2026-09-29 18:24:02,2026-09-29 15:24:02,PlanchonPeteroa,VIIRS375,0.52,26.01,FALSO_POSITIVO,NULO,No descargada,2026-09-29 18:20:58,2026-09-29 19:01:11,NO
1790706242,2026-09-29 18:24:02,2026-09-29 15:24:02,Lastarria,VIIRS,0.0,0.0,RUTINA,NULO,No descargada,2026-09-29 18:20:58,2026-09-29 19:01:11,NO
1790706242,2026-09-29 18:24:02,2026-09-29 15:24:02,Lascar,VIIRS375,0.0,0.0,RUTINA,NULO,No descargada,2026-09-29 18:20:58,2026-09-29 19:01:11,NO
1790706242,2026-09-29 18:24:02,2026-09-29 15:24:02,Llaima,VIIRS,0.0,0.0,RUTINA,NULO,No descargada,2026-09-29 18:20:58,2026-09-29 19:01:11,NO
1790706242,2026-09-29 18:24:02,2026-09-29 15:24:02,Isluga,VIIRS,0.0,0.0,RUTINA,NULO,No descargada,2026-09-29 18:20:58,2026-09-29 19:01:11,NO
1790706242,2026-09-29 18:24:02,2026-09-29 15:24:02,Tupungatito,VIIRS375,0.0,0.0,RUTINA,NULO,No descargada,2026-09-29 18:20:58,2026-09-29 19:01:11,NO
1790706242,2026-09-29 18:24:02,2026-09-29 15:24:02,Copahue,VIIRS375,0.0,0.0,RUTINA,NULO,No descargada,2026-09-29 18:20:58,2026-09-29 19:01:11,NO
1790706242,2026-09-29 18:24:02,2026-09-29 15:24:02,Nevados de Chillan,VIIRS,0.0,0.0,RUTINA,NULO,No descargada,2026-09-29 18:20:58,2026-09-29 19:01:11,NO
1790706242,2026-09-29 18:24:02,2026-09-29 15:24:02,Nevados de Chillan,VIIRS375,0.0,0.0,RUTINA,NULO,No descargada,2026-09-29 18:20:58,2026-09-29 19:01:11,NO
1790706242,2026-09-29 18:24:02,2026-09-29 15:24:02,Lastarria,VIIRS375,0.0,0.0,RUTINA,NULO,No descargada,2026-09-29 18:20:58,2026-09-29 19:01:11,NO
1790706242,2026-09-29 18:24:02,2026-09-29 15:24:02,PlanchonPeteroa,VIIRS,0.0,0.0,RUTINA,NULO,No descargada,2026-09-29 18:20:58,2026-09-29 19:01:11,NO
1790706242,2026-09-29 18:24:02,2026-09-29 15:24:02,Isluga,VIIRS375,0.0,0.0,RUTINA,NULO,No descargada,2026-09-29 18:20:58,2026-09-29 19:01:11,NO
1790706242,2026-09-29 18:24:02,2026-09-29 15:24:02,Llaima,VIIRS375,0.0,0.0,RUTINA,NULO,No descargada,2026-09-29 18:20:58,2026-09-29 19:01:11,NO
1790705882,2026-09-29 18:18:02,2026-09-29 15:18:02,Puyehue-Cordon Caulle,VIIRS,0.0,0.0,RUTINA,NULO,No descargada,2026-09-29 18:20:58,2026-09-29 19:01:11,NO
1790705882,2026-09-29 18:18:02,2026-09-29 15:18:02,Chaiten,VIIRS,0.0,0.0,RUTINA,NULO,No descargada,2026-09-29 18:20:58,2026-09-29 19:16:02,NO
1790705882,2026-09-29 18:18:02,2026-09-29 15:18:02,Chaiten,VIIRS375,0.0,0.0,RUTINA,NULO,No descargada,2026-09-29 18:20:58,2026-09-29 19:16:02,NO
1790705882,2026-09-29 18:18:02,2026-09-29 15:18:02,Puyehue-Cordon Caulle,VIIRS375,0.0,0.0,RUTINA,NULO,No descargada,2026-09-29 18:20:58,2026-09-29 19:01:11,NO
1790703721,2026-09-29 17:42:01,2026-09-29 14:42:01,Isluga,VIIRS,0.0,0.0,RUTINA,NULO,No descargada,2026-09-29 17:21:01,2026-09-29 18:16:08,NO
1790703721,2026-09-29 17:42:01,2026-09-29 14:42:01,Lascar,VIIRS,0.0,0.0,RUTINA,NULO,No descargada,2026-09-29 17:21:01,2026-09-29 18:16:08,NO
1790703721,2026-09-29 17:42:01,2026-09-29 14:42:01,Lastarria,VIIRS375,0.0,0.0,RUTINA,NULO,No descargada,2026-09-29 18:05:56,2026-09-29 18:16:08,NO
1790703721,2026-09-29 17:42:01,2026-09-29 14:42:01,Lascar,VIIRS375,0.0,0.0,RUTINA,NULO,No descargada,2026-09-29 18:05:56,2026-09-29 18:16:08,NO
1790703721,2026-09-29 17:42:01,2026-09-29 14:42:01,Isluga,VIIRS375,0.0,0.0,RUTINA,NULO,No descargada,2026-09-29 18:05:56,2026-09-29 18:16:08,NO
1790703721,2026-09-29 17:42:01,2026-09-29 14:42:01,Lastarria,VIIRS,0.0,0.0,RUTINA,NULO,No descargada,2026-09-29 17:21:01,2026-09-29 18:16:08,NO
1790703361,2026-09-29 17:36:01,2026-09-29 14:36:01,Puyehue-Cordon Caulle,VIIRS,0.0,0.0,RUTINA,NULO,No descargada,2026-09-29 17:21:01,2026-09-29 18:16:08,NO
1790703361,2026-09-29 17:36:01,2026-09-29 14:36:01,Nevados de Chillan,VIIRS375,0.0,0.0,RUTINA,NULO,No descargada,2026-09-29 18:05:56,2026-09-29 18:16:08,NO
1790703361,2026-09-29 17:36:01,2026-09-29 14:36:01,PlanchonPeteroa,VIIRS375,0.84,28.1,FALSO_POSITIVO,NULO,No descargada,2026-09-29 18:05:56,2026-09-29 18:16:08,NO
1790703361,2026-09-29 17:36:01,2026-09-29 14:36:01,Chaiten,VIIRS,0.0,0.0,RUTINA,NULO,No descargada,2026-09-29 17:21:01,2026-09-29 18:16:08,NO
1790703361,2026-09-29 17:36:01,2026-09-29 14:36:01,Puyehue-Cordon Caulle,VIIRS375,0.0,0.0,RUTINA,NULO,No descargada,2026-09-29 18:05:56,2026-09-29 18:16:08,NO
1790703361,2026-09-29 17:36:01,2026-09-29 14:36:01,Llaima,VIIRS,0.0,0.0,RUTINA,NULO,No descargada,2026-09-29 17:21:01,2026-09-29 18:16:08,NO
1790703361,2026-09-29 17:36:01,2026-09-29 14:36:01,Villarrica,VIIRS375,0.0,0.0,RUTINA,NULO,No descargada,2026-09-29 18:05:56,2026-09-29 19:01:11,NO
1790703361,2026-09-29 17:36:01,2026-09-29 14:36:01,Chaiten,VIIRS375,0.0,0.0,RUTINA,NULO,No descargada,2026-09-29 18:05:56,2026-09-29 18:16:08,NO
1790703361,2026-09-29 17:36:01,2026-09-29 14:36:01,Tupungatito,VIIRS,0.0,0.0,RUTINA,NULO,No descargada,2026-09-29 17:21:01,2026-09-29 18:16:08,NO
1790703361,2026-09-29 17:36:01,2026-09-29 14:36:01,Nevados de Chillan,VIIRS,0.95,30.92,FALSO_POSITIVO,NULO,No descargada,2026-09-29 17:21:01,2026-09-29 18:16:08,NO
1790703361,2026-09-29 17:36:01,2026-09-29 14:36:01,Copahue,VIIRS,0.0,0.0,RUTINA,NULO,No descargada,2026-09-29 17:21:01,2026-09-29 18:16:08,NO
1790703361,2026-09-29 17:36:01,2026-09-29 14:36:01,Copahue,VIIRS375,0.0,0.0,RUTINA,NULO,No descargada,2026-09-29 18:05:56,2026-09-29 18:16:08,NO
1790703361,2026-09-29 17:36:01,2026-09-29 14:36:01,Villarrica,VIIRS,0.0,0.0,RUTINA,NULO,No descargada,2026-09-29 17:21:01,2026-09-29 19:01:11,NO
1790703361,2026-09-29 17:36:01,2026-09-29 14:36:01,Llaima,VIIRS375,0.0,0.0,RUTINA,NULO,No descargada,2026-09-29 18:05:56,2026-09-29 18:16:08,NO
1790703361,2026-09-29 17:36:01,2026-09-29 14:36:01,PlanchonPeteroa,VIIRS,0.0,0.0,RUTINA,NULO,No descargada,2026-09-29 17:21:01,2026-09-29 18:16:08,NO
1790703361,2026-09-29 17:36:01,2026-09-29 14:36:01,Tupungatito,VIIRS375,0.0,0.0,RUTINA,NULO,No descargada,2026-09-29 18:05:56,2026-09-29 18:16:08,NO
1790702640,2026-09-29 17:24:00,2026-09-29 14:24:00,Lascar,VIIRS375,0.0,0.0,RUTINA,NULO,No descargada,2026-09-29 17:51:03,2026-09-29 18:01:02,NO
1790687400,2026-09-29 13:10:00,2026-09-29 10:10:00,Llaima,MODIS,0.0,0.0,RUTINA,NULO,No descargada,2026-09-29 11:51:02,2026-09-29 19:16:02,NO
1790687400,2026-09-29 13:10:00,2026-09-29 10:10:00,Villarrica,MODIS,0.0,0.0,RUTINA,NULO,No descargada,2026-09-29 11:51:02,2026-09-29 19:16:02,NO
1790687400,2026-09-29 13:10:00,2026-09-29 10:10:00,Chaiten,MODIS,0.0,0.0,RUTINA,NULO,No descargada,2026-09-29 11:51:02,2026-09-29 19:16:02,NO
1790687400,2026-09-29 13:10:00,2026-09-29 10:10:00,Nevados de Chillan,MODIS,0.0,0.0,RUTINA,NULO,No descargada,2026-09-29 11:51:02,2026-09-29 19:16:02,NO
1790687400,2026-09-29 13:10:00,2026-09-29 10:10:00,Puyehue-Cordon Caulle,MODIS,0.0,0.0,RUTINA,NULO,No descargada,2026-09-29 11:51:02,2026-09-29 19:16:02,NO
1790687400,2026-09-29 13:10:00,2026-09-29 10:10:00,Copahue,MODIS,0.0,0.0,RUTINA,NULO,No descargada,2026-09-29 11:51:02,2026-09-29 19:16:02,NO
1790687100,2026-09-29 13:05:00,2026-09-29 10:05:00,Lascar,MODIS,0.0,0.0,RUTINA,NULO,No descargada,2026-09-29 11:21:00,2026-09-29 20:46:00,NO
1790687100,2026-09-29 13:05:00,2026-09-29 10:05:00,Lastarria,MODIS,0.0,0.0,RUTINA,NULO,No descargada,2026-09-29 11:21:00,2026-09-29 19:16:02,NO
1790687100,2026-09-29 13:05:00,2026-09-29 10:05:00,Isluga,MODIS,0.0,0.0,RUTINA,NULO,No descargada,2026-09-29 11:21:00,2026-09-29 20:46:00,NO
1790687100,2026-09-29 13:05:00,2026-09-29 10:05:00,PlanchonPeteroa,MODIS,0.0,0.0,RUTINA,NULO,No descargada,2026-09-29 11:21:00,2026-09-29 19:16:02,NO
1790687100,2026-09-29 13:05:00,2026-09-29 10:05:00,Tupungatito,MODIS,0.0,0.0,RUTINA,NULO,No descargada,2026-09-29 11:21:00,2026-09-29 19:16:02,NO
1790666400,2026-09-29 07:20:00,2026-09-29 04:20:00,Nevados de Chillan,MODIS,0.13,0.0,ALERTA_TERMICA,Muy Bajo,imagenes_satelitales/Nevados_de_Chillan/2026-09-29/07-20-00_Nevados_de_Chillan_MODIS_Latest.png,2026-09-29 06:02:02,2026-09-29 11:45:59,NO
1790666400,2026-09-29 07:20:00,2026-09-29 04:20:00,Copahue,MODIS,0.0,0.0,RUTINA,NULO,No descargada,2026-09-29 06:02:02,2026-09-29 11:45:59,NO
1790666400,2026-09-29 07:20:00,2026-09-29 04:20:00,Puyehue-Cordon Caulle,MODIS,0.0,0.0,RUTINA,NULO,No descargada,2026-09-29 06:02:02,2026-09-29 11:45:59,NO
1790666400,2026-09-29 07:20:00,2026-09-29 04:20:00,Llaima,MODIS,0.0,0.0,RUTINA,NULO,No descargada,2026-09-29 06:02:02,2026-09-29 11:45:59,NO
1790666400,2026-09-29 07:20:00,2026-09-29 04:20:00,Chaiten,MODIS,0.0,0.0,RUTINA,NULO,No descargada,2026-09-29 06:02:02,2026-09-29 11:45:59,NO
1790666400,2026-09-29 07:20:00,2026-09-29 04:20:00,Villarrica,MODIS,0.0,0.0,RUTINA,NULO,No descargada,2026-09-29 06:02:02,2026-09-29 11:45:59,NO
1790666100,2026-09-29 07:15:00,2026-09-29 04:15:00,Tupungatito,MODIS,0.0,0.0,RUTINA,NULO,No descargada,2026-09-29 06:02:02,2026-09-29 11:16:05,NO
1790666100,2026-09-29 07:15:00,2026-09-29 04:15:00,Lascar,MODIS,0.0,0.0,RUTINA,NULO,No descargada,2026-09-29 06:02:02,2026-09-29 11:16:05,NO
1790666100,2026-09-29 07:15:00,2026-09-29 04:15:00,PlanchonPeteroa,MODIS,0.0,0.0,RUTINA,NULO,No descargada,2026-09-29 06:02:02,2026-09-29 11:16:05,NO
1790666100,2026-09-29 07:15:00,2026-09-29 04:15:00,Lastarria,MODIS,0.0,0.0,RUTINA,NULO,No descargada,2026-09-29 06:02:02,2026-09-29 11:16:05,NO
1790665201,2026-09-29 07:00:01,2026-09-29 04:00:01,Llaima,VIIRS,0.0,0.0,RUTINA,NULO,No descargada,2026-09-29 08:35:55,2026-09-29 17:16:06,NO
1790665201,2026-09-29 07:00:01,2026-09-29 04:00:01,Villarrica,VIIRS,0.0,0.0,RUTINA,NULO,No descargada,2026-09-29 08:35:55,2026-09-29 17:16:06,NO
1790665201,2026-09-29 07:00:01,2026-09-29 04:00:01,Chaiten,VIIRS,0.0,0.0,RUTINA,NULO,No descargada,2026-09-29 08:35:55,2026-09-29 17:16:06,NO
1790665201,2026-09-29 07:00:01,2026-09-29 04:00:01,Chaiten,VIIRS375,0.0,0.0,RUTINA,NULO,No descargada,2026-09-29 08:35:55,2026-09-29 18:01:02,NO
1790665201,2026-09-29 07:00:01,2026-09-29 04:00:01,Villarrica,VIIRS375,0.0,0.0,RUTINA,NULO,No descargada,2026-09-29 08:35:55,2026-09-29 18:01:02,NO
1790665201,2026-09-29 07:00:01,2026-09-29 04:00:01,Puyehue-Cordon Caulle,VIIRS375,0.0,0.0,RUTINA,NULO,No descargada,2026-09-29 08:35:55,2026-09-29 18:01:02,NO
1790665201,2026-09-29 07:00:01,2026-09-29 04:00:01,Puyehue-Cordon Caulle,VIIRS,0.0,0.0,RUTINA,NULO,No descargada,2026-09-29 08:35:55,2026-09-29 17:16:06,NO
1790665201,2026-09-29 07:00:01,2026-09-29 04:00:01,Llaima,VIIRS375,0.0,0.0,RUTINA,NULO,No descargada,2026-09-29 08:35:55,2026-09-29 18:01:02,NO
1790663760,2026-09-29 06:36:00,2026-09-29 03:36:00,PlanchonPeteroa,VIIRS,0.0,0.0,RUTINA,NULO,No descargada,2026-09-29 09:35:57,2026-09-29 17:16:06,NO
1790663760,2026-09-29 06:36:00,2026-09-29 03:36:00,Tupungatito,VIIRS375,0.0,0.0,RUTINA,NULO,No descargada,2026-09-29 09:35:57,2026-09-29 16:31:02,NO
1790663760,2026-09-29 06:36:00,2026-09-29 03:36:00,Lastarria,VIIRS,0.0,0.0,RUTINA,NULO,No descargada,2026-09-29 09:35:57,2026-09-29 17:16:06,NO
1790663760,2026-09-29 06:36:00,2026-09-29 03:36:00,Lascar,VIIRS375,0.0,0.0,RUTINA,NULO,No descargada,2026-09-29 09:35:57,2026-09-29 17:46:02,NO
1790663760,2026-09-29 06:36:00,2026-09-29 03:36:00,Nevados de Chillan,VIIRS,2.03,0.75,ALERTA_TERMICA,Bajo,imagenes_satelitales/Nevados_de_Chillan/2026-09-29/06-36-00_Nevados_de_Chillan_VIIRS750_Latest.png,2026-09-29 09:35:57,2026-09-29 17:16:06,NO
1790663760,2026-09-29 06:36:00,2026-09-29 03:36:00,PlanchonPeteroa,VIIRS375,0.0,0.0,RUTINA,NULO,No descargada,2026-09-29 09:35:57,2026-09-29 18:01:02,NO
1790663760,2026-09-29 06:36:00,2026-09-29 03:36:00,Copahue,VIIRS,0.0,0.0,RUTINA,NULO,No descargada,2026-09-29 09:35:57,2026-09-29 17:16:06,NO
1790663760,2026-09-29 06:36:00,2026-09-29 03:36:00,Isluga,VIIRS,0.0,0.0,RUTINA,NULO,No descargada,2026-09-29 09:35:57,2026-09-29 17:16:06,NO
1790663760,2026-09-29 06:36:00,2026-09-29 03:36:00,Copahue,VIIRS375,0.0,0.0,RUTINA,NULO,No descargada,2026-09-29 09:35:57,2026-09-29 18:01:02,NO
1790663760,2026-09-29 06:36:00,2026-09-29 03:36:00,Nevados de Chillan,VIIRS375,2.11,0.84,ALERTA_TERMICA,Bajo,imagenes_satelitales/Nevados_de_Chillan/2026-09-29/06-36-00_Nevados_de_Chillan_VIIRS375_Latest.png,2026-09-29 09:35:57,2026-09-29 18:01:02,NO
1790663760,2026-09-29 06:36:00,2026-09-29 03:36:00,Lastarria,VIIRS375,0.0,0.0,RUTINA,NULO,No descargada,2026-09-29 09:35:57,2026-09-29 18:01:02,NO
1790663760,2026-09-29 06:36:00,2026-09-29 03:36:00,Lascar,VIIRS,0.0,0.0,RUTINA,NULO,No descargada,2026-09-29 09:35:57,2026-09-29 17:16:06,NO
1790663760,2026-09-29 06:36:00,2026-09-29 03:36:00,Isluga,VIIRS375,0.0,0.0,RUTINA,NULO,No descargada,2026-09-29 09:35:57,2026-09-29 18:01:02,NO
1790663760,2026-09-29 06:36:00,2026-09-29 03:36:00,Tupungatito,VIIRS,0.0,0.0,RUTINA,NULO,No descargada,2026-09-29 09:35:57,2026-09-29 17:16:06,NO
1790661962,2026-09-29 06:06:02,2026-09-29 03:06:02,Chaiten,VIIRS,0.0,0.0,RUTINA,NULO,No descargada,2026-09-29 07:05:56,2026-09-29 08:31:01,NO
1790661962,2026-09-29 06:06:02,2026-09-29 03:06:02,Chaiten,VIIRS375,0.0,0.0,RUTINA,NULO,No descargada,2026-09-29 06:50:56,2026-09-29 08:31:01,NO
1790661602,2026-09-29 06:00:02,2026-09-29 03:00:02,Lastarria,VIIRS,0.0,0.0,RUTINA,NULO,No descargada,2026-09-29 07:05:56,2026-09-29 09:31:06,NO
1790661602,2026-09-29 06:00:02,2026-09-29 03:00:02,Puyehue-Cordon Caulle,VIIRS375,0.0,0.0,RUTINA,NULO,No descargada,2026-09-29 06:50:56,2026-09-29 08:31:01,NO
1790661602,2026-09-29 06:00:02,2026-09-29 03:00:02,Copahue,VIIRS375,0.0,0.0,RUTINA,NULO,No descargada,2026-09-29 06:50:56,2026-09-29 09:31:06,NO
1790661602,2026-09-29 06:00:02,2026-09-29 03:00:02,Villarrica,VIIRS375,0.0,0.0,RUTINA,NULO,No descargada,2026-09-29 06:50:56,2026-09-29 08:31:01,NO
1790661602,2026-09-29 06:00:02,2026-09-29 03:00:02,Lascar,VIIRS375,0.0,0.0,RUTINA,NULO,No descargada,2026-09-29 06:50:56,2026-09-29 09:31:06,NO
1790661602,2026-09-29 06:00:02,2026-09-29 03:00:02,Puyehue-Cordon Caulle,VIIRS,0.0,0.0,RUTINA,NULO,No descargada,2026-09-29 07:05:56,2026-09-29 08:31:01,NO
1790661602,2026-09-29 06:00:02,2026-09-29 03:00:02,PlanchonPeteroa,VIIRS375,0.0,0.0,RUTINA,NULO,No descargada,2026-09-29 06:50:56,2026-09-29 09:31:06,NO
1790661602,2026-09-29 06:00:02,2026-09-29 03:00:02,Llaima,VIIRS,0.0,0.0,RUTINA,NULO,No descargada,2026-09-29 07:05:56,2026-09-29 08:31:01,NO
1790661602,2026-09-29 06:00:02,2026-09-29 03:00:02,Copahue,VIIRS,0.0,0.0,RUTINA,NULO,No descargada,2026-09-29 07:05:56,2026-09-29 09:31:06,NO
1790661602,2026-09-29 06:00:02,2026-09-29 03:00:02,Lascar,VIIRS,0.0,0.0,RUTINA,NULO,No descargada,2026-09-29 07:05:56,2026-09-29 09:31:06,NO
1790661602,2026-09-29 06:00:02,2026-09-29 03:00:02,PlanchonPeteroa,VIIRS,0.0,0.0,RUTINA,NULO,No descargada,2026-09-29 07:05:56,2026-09-29 09:31:06,NO
1790661602,2026-09-29 06:00:02,2026-09-29 03:00:02,Lastarria,VIIRS375,0.42,24.98,FALSO_POSITIVO,NULO,No descargada,2026-09-29 06:50:56,2026-09-29 09:31:06,NO
1790661602,2026-09-29 06:00:02,2026-09-29 03:00:02,Tupungatito,VIIRS,0.0,0.0,RUTINA,NULO,No descargada,2026-09-29 07:05:56,2026-09-29 09:31:06,NO
1790661602,2026-09-29 06:00:02,2026-09-29 03:00:02,Nevados de Chillan,VIIRS375,3.92,0.84,ALERTA_TERMICA,Bajo,imagenes_satelitales/Nevados_de_Chillan/2026-09-29/06-00-02_Nevados_de_Chillan_VIIRS375_Latest.png,2026-09-29 06:50:56,2026-09-29 09:31:06,NO
1790661602,2026-09-29 06:00:02,2026-09-29 03:00:02,Llaima,VIIRS375,0.0,0.0,RUTINA,NULO,No descargada,2026-09-29 06:50:56,2026-09-29 08:31:01,NO
1790661602,2026-09-29 06:00:02,2026-09-29 03:00:02,Nevados de Chillan,VIIRS,2.52,1.68,ALERTA_TERMICA,Bajo,imagenes_satelitales/Nevados_de_Chillan/2026-09-29/06-00-02_Nevados_de_Chillan_VIIRS750_Latest.png,2026-09-29 07:05:56,2026-09-29 09:31:06,NO
1790661602,2026-09-29 06:00:02,2026-09-29 03:00:02,Tupungatito,VIIRS375,0.0,0.0,RUTINA,NULO,No descargada,2026-09-29 06:50:56,2026-09-29 09:31:06,NO
1790661602,2026-09-29 06:00:02,2026-09-29 03:00:02,Villarrica,VIIRS,0.0,0.0,RUTINA,NULO,No descargada,2026-09-29 07:05:56,2026-09-29 08:31:01,NO
1790661242,2026-09-29 05:54:02,2026-09-29 02:54:02,Isluga,VIIRS,0.0,0.0,RUTINA,NULO,No descargada,2026-09-29 07:05:56,2026-09-29 09:31:06,NO
1790661242,2026-09-29 05:54:02,2026-09-29 02:54:02,Isluga,VIIRS375,0.77,24.32,FALSO_POSITIVO,NULO,No descargada,2026-09-29 06:50:56,2026-09-29 09:31:06,NO
1790659081,2026-09-29 05:18:01,2026-09-29 02:18:01,PlanchonPeteroa,VIIRS,0.0,0.0,RUTINA,NULO,No descargada,2026-09-29 06:02:02,2026-09-29 07:01:05,NO
1790659081,2026-09-29 05:18:01,2026-09-29 02:18:01,Copahue,VIIRS,0.0,0.0,RUTINA,NULO,No descargada,2026-09-29 06:02:02,2026-09-29 07:01:05,NO
1790659081,2026-09-29 05:18:01,2026-09-29 02:18:01,PlanchonPeteroa,VIIRS375,0.0,0.0,RUTINA,NULO,No descargada,2026-09-29 05:50:59,2026-09-29 06:46:01,NO
1790659081,2026-09-29 05:18:01,2026-09-29 02:18:01,Puyehue-Cordon Caulle,VIIRS375,0.0,0.0,RUTINA,NULO,No descargada,2026-09-29 06:02:02,2026-09-29 06:46:01,NO
1790659081,2026-09-29 05:18:01,2026-09-29 02:18:01,Llaima,VIIRS,0.0,0.0,RUTINA,NULO,No descargada,2026-09-29 06:02:02,2026-09-29 07:01:05,NO
1790659081,2026-09-29 05:18:01,2026-09-29 02:18:01,Villarrica,VIIRS,0.0,0.0,RUTINA,NULO,No descargada,2026-09-29 06:02:02,2026-09-29 07:01:05,NO
1790659081,2026-09-29 05:18:01,2026-09-29 02:18:01,Tupungatito,VIIRS375,0.04,5.41,ALERTA_TERMICA,Muy Bajo,imagenes_satelitales/Tupungatito/2026-09-29/05-18-01_Tupungatito_VIIRS375_Latest.png,2026-09-29 06:02:02,2026-09-29 06:46:01,NO
1790659081,2026-09-29 05:18:01,2026-09-29 02:18:01,Nevados de Chillan,VIIRS,5.48,1.06,ALERTA_TERMICA,Bajo,imagenes_satelitales/Nevados_de_Chillan/2026-09-29/05-18-01_Nevados_de_Chillan_VIIRS750_Latest.png,2026-09-29 06:02:02,2026-09-29 07:01:05,NO
1790659081,2026-09-29 05:18:01,2026-09-29 02:18:01,Chaiten,VIIRS,0.0,0.0,RUTINA,NULO,No descargada,2026-09-29 06:21:23,2026-09-29 07:01:05,NO
1790659081,2026-09-29 05:18:01,2026-09-29 02:18:01,Copahue,VIIRS375,0.0,0.0,RUTINA,NULO,No descargada,2026-09-29 05:50:59,2026-09-29 06:46:01,NO
1790659081,2026-09-29 05:18:01,2026-09-29 02:18:01,Llaima,VIIRS375,0.0,0.0,RUTINA,NULO,No descargada,2026-09-29 05:50:59,2026-09-29 06:46:01,NO
1790659081,2026-09-29 05:18:01,2026-09-29 02:18:01,Villarrica,VIIRS375,0.0,0.0,RUTINA,NULO,No descargada,2026-09-29 06:02:02,2026-09-29 06:46:01,NO
1790659081,2026-09-29 05:18:01,2026-09-29 02:18:01,Puyehue-Cordon Caulle,VIIRS,0.0,0.0,RUTINA,NULO,No descargada,2026-09-29 06:02:02,2026-09-29 07:01:05,NO
1790659081,2026-09-29 05:18:01,2026-09-29 02:18:01,Tupungatito,VIIRS,0.0,0.0,RUTINA,NULO,No descargada,2026-09-29 06:21:23,2026-09-29 07:01:05,NO
1790659081,2026-09-29 05:18:01,2026-09-29 02:18:01,Nevados de Chillan,VIIRS375,5.73,0.75,ALERTA_TERMICA,Bajo,imagenes_satelitales/Nevados_de_Chillan/2026-09-29/05-18-01_Nevados_de_Chillan_VIIRS375_Latest.png,2026-09-29 05:50:59,2026-09-29 06:46:01,NO
1790659081,2026-09-29 05:18:01,2026-09-29 02:18:01,Chaiten,VIIRS375,0.0,0.0,RUTINA,NULO,No descargada,2026-09-29 06:02:02,2026-09-29 06:46:01,NO
1790658721,2026-09-29 05:12:01,2026-09-29 02:12:01,Lascar,VIIRS,0.0,0.0,RUTINA,NULO,No descargada,2026-09-29 06:02:02,2026-09-29 07:01:05,NO
1790658721,2026-09-29 05:12:01,2026-09-29 02:12:01,Isluga,VIIRS,0.0,0.0,RUTINA,NULO,No descargada,2026-09-29 06:02:02,2026-09-29 07:01:05,NO
1790658721,2026-09-29 05:12:01,2026-09-29 02:12:01,Lascar,VIIRS375,0.0,0.0,RUTINA,NULO,No descargada,2026-09-29 05:50:59,2026-09-29 06:46:01,NO
1790658721,2026-09-29 05:12:01,2026-09-29 02:12:01,Isluga,VIIRS375,0.0,0.0,RUTINA,NULO,No descargada,2026-09-29 05:50:59,2026-09-29 06:46:01,NO
1790658721,2026-09-29 05:12:01,2026-09-29 02:12:01,Lastarria,VIIRS375,0.0,0.0,RUTINA,NULO,No descargada,2026-09-29 05:50:59,2026-09-29 06:46:01,NO
1790658721,2026-09-29 05:12:01,2026-09-29 02:12:01,Lastarria,VIIRS,0.0,0.0,RUTINA,NULO,No descargada,2026-09-29 06:02:02,2026-09-29 07:01:05,NO
1790655842,2026-09-29 04:24:02,2026-09-29 01:24:02,Chaiten,VIIRS375,0.0,0.0,RUTINA,NULO,No descargada,2026-09-29 04:21:11,2026-09-29 05:56:07,NO
1790655842,2026-09-29 04:24:02,2026-09-29 01:24:02,Puyehue-Cordon Caulle,VIIRS375,0.0,0.0,RUTINA,NULO,No descargada,2026-09-29 04:21:11,2026-09-29 05:56:07,NO
1790655842,2026-09-29 04:24:02,2026-09-29 01:24:02,Chaiten,VIIRS,0.0,0.0,RUTINA,NULO,No descargada,2026-09-29 04:50:58,2026-09-29 06:16:01,NO
1790647800,2026-09-29 02:10:00,2026-09-28 23:10:00,Lastarria,MODIS,0.0,0.0,RUTINA,NULO,No descargada,2026-09-29 01:35:56,2026-09-29 05:56:07,NO
1790647500,2026-09-29 02:05:00,2026-09-28 23:05:00,Tupungatito,MODIS,0.0,0.0,RUTINA,NULO,No descargada,2026-09-29 00:21:07,2026-09-29 05:56:07,NO
1790647500,2026-09-29 02:05:00,2026-09-28 23:05:00,Llaima,MODIS,0.0,0.0,RUTINA,NULO,No descargada,2026-09-29 00:21:07,2026-09-29 05:56:07,NO
1790647500,2026-09-29 02:05:00,2026-09-28 23:05:00,Copahue,MODIS,0.0,0.0,RUTINA,NULO,No descargada,2026-09-29 00:21:07,2026-09-29 05:56:07,NO
1790647500,2026-09-29 02:05:00,2026-09-28 23:05:00,Nevados de Chillan,MODIS,0.0,0.0,RUTINA,NULO,No descargada,2026-09-29 00:21:07,2026-09-29 05:56:07,NO
1790647500,2026-09-29 02:05:00,2026-09-28 23:05:00,Chaiten,MODIS,0.0,0.0,RUTINA,NULO,No descargada,2026-09-29 00:21:07,2026-09-29 05:56:07,NO
1790647500,2026-09-29 02:05:00,2026-09-28 23:05:00,Puyehue-Cordon Caulle,MODIS,0.0,0.0,RUTINA,NULO,No descargada,2026-09-29 00:21:07,2026-09-29 05:56:07,NO
1790647500,2026-09-29 02:05:00,2026-09-28 23:05:00,PlanchonPeteroa,MODIS,0.0,0.0,RUTINA,NULO,No descargada,2026-09-29 00:21:07,2026-09-29 05:56:07,NO
1790647500,2026-09-29 02:05:00,2026-09-28 23:05:00,Villarrica,MODIS,0.0,0.0,RUTINA,NULO,No descargada,2026-09-29 00:21:07,2026-09-29 05:56:07,NO
1790632500,2026-09-28 21:55:00,2026-09-28 18:55:00,Puyehue-Cordon Caulle,MODIS,0.0,0.0,RUTINA,NULO,No descargada,2026-09-28 20:21:01,2026-09-29 00:15:58,NO
1790632200,2026-09-28 21:50:00,2026-09-28 18:50:00,Chaiten,MODIS,0.0,0.0,RUTINA,NULO,No descargada,2026-09-28 20:51:03,2026-09-29 00:15:58,NO
1790626800,2026-09-28 20:20:00,2026-09-28 17:20:00,Lascar,MODIS,0.0,0.0,RUTINA,NULO,No descargada,2026-09-28 20:05:54,2026-09-29 05:56:07,NO
1790626800,2026-09-28 20:20:00,2026-09-28 17:20:00,Isluga,MODIS,0.0,0.0,RUTINA,NULO,No descargada,2026-09-28 20:05:54,2026-09-29 11:16:05,NO
1790626800,2026-09-28 20:20:00,2026-09-28 17:20:00,Lastarria,MODIS,0.0,0.0,RUTINA,NULO,No descargada,2026-09-28 20:05:54,2026-09-29 01:30:58,NO
1790626500,2026-09-28 20:15:00,2026-09-28 17:15:00,Llaima,MODIS,0.0,0.0,RUTINA,NULO,No descargada,2026-09-28 18:20:56,2026-09-29 00:15:58,NO
1790626500,2026-09-28 20:15:00,2026-09-28 17:15:00,PlanchonPeteroa,MODIS,0.0,0.0,RUTINA,NULO,No descargada,2026-09-28 18:20:56,2026-09-29 00:15:58,NO
1790626500,2026-09-28 20:15:00,2026-09-28 17:15:00,Chaiten,MODIS,0.0,0.0,RUTINA,NULO,No descargada,2026-09-28 18:20:56,2026-09-28 20:46:00,NO
1790626500,2026-09-28 20:15:00,2026-09-28 17:15:00,Puyehue-Cordon Caulle,MODIS,0.0,0.0,RUTINA,NULO,No descargada,2026-09-28 18:20:56,2026-09-28 20:16:06,NO
1790626500,2026-09-28 20:15:00,2026-09-28 17:15:00,Copahue,MODIS,0.0,0.0,RUTINA,NULO,No descargada,2026-09-28 18:20:56,2026-09-29 00:15:58,NO
1790626500,2026-09-28 20:15:00,2026-09-28 17:15:00,Tupungatito,MODIS,0.0,0.0,RUTINA,NULO,No descargada,2026-09-28 18:20:56,2026-09-29 00:15:58,NO
1790626500,2026-09-28 20:15:00,2026-09-28 17:15:00,Nevados de Chillan,MODIS,0.0,0.0,RUTINA,NULO,No descargada,2026-09-28 18:20:56,2026-09-29 00:15:58,NO
1790626500,2026-09-28 20:15:00,2026-09-28 17:15:00,Villarrica,MODIS,0.0,0.0,RUTINA,NULO,No descargada,2026-09-28 18:20:56,2026-09-29 00:15:58,NO
1790624161,2026-09-28 19:36:01,2026-09-28 16:36:01,Puyehue-Cordon Caulle,VIIRS,0.0,0.0,RUTINA,NULO,No descargada,2026-09-28 20:21:01,2026-09-29 05:56:07,NO
1790624161,2026-09-28 19:36:01,2026-09-28 16:36:01,Villarrica,VIIRS375,0.0,0.0,RUTINA,NULO,No descargada,2026-09-28 20:36:05,2026-09-29 05:56:07,NO
1790624161,2026-09-28 19:36:01,2026-09-28 16:36:01,Copahue,VIIRS375,0.0,0.0,RUTINA,NULO,No descargada,2026-09-28 20:36:05,2026-09-29 05:46:12,NO
1790624161,2026-09-28 19:36:01,2026-09-28 16:36:01,Tupungatito,VIIRS,0.0,0.0,RUTINA,NULO,No descargada,2026-09-28 20:21:01,2026-09-29 06:16:01,NO
1790624161,2026-09-28 19:36:01,2026-09-28 16:36:01,Chaiten,VIIRS375,0.0,0.0,RUTINA,NULO,No descargada,2026-09-28 20:51:03,2026-09-29 04:16:00,NO
1790624161,2026-09-28 19:36:01,2026-09-28 16:36:01,PlanchonPeteroa,VIIRS,0.0,0.0,RUTINA,NULO,No descargada,2026-09-28 20:21:01,2026-09-29 05:56:07,NO
1790624161,2026-09-28 19:36:01,2026-09-28 16:36:01,Tupungatito,VIIRS375,0.0,0.0,RUTINA,NULO,No descargada,2026-09-28 20:51:03,2026-09-29 05:56:07,NO
1790624161,2026-09-28 19:36:01,2026-09-28 16:36:01,Nevados de Chillan,VIIRS,0.0,0.0,RUTINA,NULO,No descargada,2026-09-28 20:21:01,2026-09-29 05:56:07,NO
1790624161,2026-09-28 19:36:01,2026-09-28 16:36:01,Nevados de Chillan,VIIRS375,0.0,0.0,RUTINA,NULO,No descargada,2026-09-28 20:36:05,2026-09-29 05:46:12,NO
1790624161,2026-09-28 19:36:01,2026-09-28 16:36:01,Villarrica,VIIRS,0.0,0.0,RUTINA,NULO,No descargada,2026-09-28 20:21:01,2026-09-29 05:56:07,NO
1790624161,2026-09-28 19:36:01,2026-09-28 16:36:01,Llaima,VIIRS,0.0,0.0,RUTINA,NULO,No descargada,2026-09-28 20:21:01,2026-09-29 05:56:07,NO
1790624161,2026-09-28 19:36:01,2026-09-28 16:36:01,Copahue,VIIRS,0.0,0.0,RUTINA,NULO,No descargada,2026-09-28 20:21:01,2026-09-29 05:56:07,NO
1790624161,2026-09-28 19:36:01,2026-09-28 16:36:01,Puyehue-Cordon Caulle,VIIRS375,0.0,0.0,RUTINA,NULO,No descargada,2026-09-28 20:51:03,2026-09-29 04:16:00,NO
1790624161,2026-09-28 19:36:01,2026-09-28 16:36:01,Chaiten,VIIRS,0.0,0.0,RUTINA,NULO,No descargada,2026-09-28 20:21:01,2026-09-29 04:46:01,NO
1790624161,2026-09-28 19:36:01,2026-09-28 16:36:01,PlanchonPeteroa,VIIRS375,0.0,0.0,RUTINA,NULO,No descargada,2026-09-28 20:36:05,2026-09-29 05:46:12,NO
1790624161,2026-09-28 19:36:01,2026-09-28 16:36:01,Llaima,VIIRS375,0.0,0.0,RUTINA,NULO,No descargada,2026-09-28 20:36:05,2026-09-29 05:46:12,NO
1790623440,2026-09-28 19:24:00,2026-09-28 16:24:00,Isluga,VIIRS,0.0,0.0,RUTINA,NULO,No descargada,2026-09-28 19:50:58,2026-09-29 05:56:07,NO
1790623440,2026-09-28 19:24:00,2026-09-28 16:24:00,Isluga,VIIRS375,0.0,0.0,RUTINA,NULO,No descargada,2026-09-28 20:05:54,2026-09-29 05:46:12,NO
1790623080,2026-09-28 19:18:00,2026-09-28 16:18:00,Chaiten,VIIRS375,0.0,0.0,RUTINA,NULO,No descargada,2026-09-28 20:05:54,2026-09-28 20:46:00,NO
1790623080,2026-09-28 19:18:00,2026-09-28 16:18:00,Lastarria,VIIRS375,0.0,0.0,RUTINA,NULO,No descargada,2026-09-28 20:05:54,2026-09-29 05:46:12,NO
1790623080,2026-09-28 19:18:00,2026-09-28 16:18:00,Lascar,VIIRS375,0.0,0.0,RUTINA,NULO,No descargada,2026-09-28 20:05:54,2026-09-29 05:46:12,NO
1790623080,2026-09-28 19:18:00,2026-09-28 16:18:00,Villarrica,VIIRS375,0.0,0.0,RUTINA,NULO,No descargada,2026-09-28 20:05:54,2026-09-28 20:31:13,NO
1790623080,2026-09-28 19:18:00,2026-09-28 16:18:00,Tupungatito,VIIRS375,0.0,0.0,RUTINA,NULO,No descargada,2026-09-28 20:05:54,2026-09-28 20:46:00,NO
1790623080,2026-09-28 19:18:00,2026-09-28 16:18:00,Lastarria,VIIRS,0.0,0.0,RUTINA,NULO,No descargada,2026-09-28 19:50:58,2026-09-29 05:56:07,NO
1790623080,2026-09-28 19:18:00,2026-09-28 16:18:00,Llaima,VIIRS375,0.0,0.0,RUTINA,NULO,No descargada,2026-09-28 20:05:54,2026-09-28 20:31:13,NO
1790623080,2026-09-28 19:18:00,2026-09-28 16:18:00,Villarrica,VIIRS,0.0,0.0,RUTINA,NULO,No descargada,2026-09-28 19:50:58,2026-09-28 20:16:06,NO
1790623080,2026-09-28 19:18:00,2026-09-28 16:18:00,Llaima,VIIRS,0.0,0.0,RUTINA,NULO,No descargada,2026-09-28 19:50:58,2026-09-28 20:16:06,NO
1790623080,2026-09-28 19:18:00,2026-09-28 16:18:00,Chaiten,VIIRS,0.0,0.0,RUTINA,NULO,No descargada,2026-09-28 19:50:58,2026-09-28 20:16:06,NO
1790623080,2026-09-28 19:18:00,2026-09-28 16:18:00,Copahue,VIIRS375,0.0,0.0,RUTINA,NULO,No descargada,2026-09-28 20:05:54,2026-09-28 20:31:13,NO
1790623080,2026-09-28 19:18:00,2026-09-28 16:18:00,Tupungatito,VIIRS,0.0,0.0,RUTINA,NULO,No descargada,2026-09-28 19:50:58,2026-09-28 20:16:06,NO
1790623080,2026-09-28 19:18:00,2026-09-28 16:18:00,Nevados de Chillan,VIIRS,0.0,0.0,RUTINA,NULO,No descargada,2026-09-28 19:50:58,2026-09-28 20:16:06,NO
1790623080,2026-09-28 19:18:00,2026-09-28 16:18:00,Lascar,VIIRS,0.0,0.0,RUTINA,NULO,No descargada,2026-09-28 19:50:58,2026-09-29 05:56:07,NO
1790623080,2026-09-28 19:18:00,2026-09-28 16:18:00,PlanchonPeteroa,VIIRS375,0.0,0.0,RUTINA,NULO,No descargada,2026-09-28 20:05:54,2026-09-28 20:31:13,NO
1790623080,2026-09-28 19:18:00,2026-09-28 16:18:00,Nevados de Chillan,VIIRS375,0.0,0.0,RUTINA,NULO,No descargada,2026-09-28 20:05:54,2026-09-28 20:31:13,NO
1790623080,2026-09-28 19:18:00,2026-09-28 16:18:00,PlanchonPeteroa,VIIRS,0.0,0.0,RUTINA,NULO,No descargada,2026-09-28 19:50:58,2026-09-28 20:16:06,NO
1790623080,2026-09-28 19:18:00,2026-09-28 16:18:00,Puyehue-Cordon Caulle,VIIRS,0.0,0.0,RUTINA,NULO,No descargada,2026-09-28 19:50:58,2026-09-28 20:16:06,NO
1790623080,2026-09-28 19:18:00,2026-09-28 16:18:00,Puyehue-Cordon Caulle,VIIRS375,0.0,0.0,RUTINA,NULO,No descargada,2026-09-28 20:05:54,2026-09-28 20:46:00,NO
1790623080,2026-09-28 19:18:00,2026-09-28 16:18:00,Copahue,VIIRS,0.0,0.0,RUTINA,NULO,No descargada,2026-09-28 19:50:58,2026-09-28 20:16:06,NO
1790621282,2026-09-28 18:48:02,2026-09-28 15:48:02,Isluga,VIIRS375,0.0,0.0,RUTINA,NULO,No descargada,2026-09-28 19:35:56,2026-09-28 20:01:12,NO
1790621282,2026-09-28 18:48:02,2026-09-28 15:48:02,Isluga,VIIRS,0.0,0.0,RUTINA,NULO,No descargada,2026-09-28 19:35:56,2026-09-28 19:45:58,NO
1790620922,2026-09-28 18:42:02,2026-09-28 15:42:02,Nevados de Chillan,VIIRS,0.0,0.0,RUTINA,NULO,No descargada,2026-09-28 19:35:56,2026-09-28 19:45:58,NO
1790620922,2026-09-28 18:42:02,2026-09-28 15:42:02,Nevados de Chillan,VIIRS375,0.0,0.0,RUTINA,NULO,No descargada,2026-09-28 19:35:56,2026-09-28 20:01:12,NO
1790620922,2026-09-28 18:42:02,2026-09-28 15:42:02,Lastarria,VIIRS,0.0,0.0,RUTINA,NULO,No descargada,2026-09-28 19:35:56,2026-09-28 19:45:58,NO
1790620922,2026-09-28 18:42:02,2026-09-28 15:42:02,Copahue,VIIRS375,0.0,0.0,RUTINA,NULO,No descargada,2026-09-28 19:35:56,2026-09-28 20:01:12,NO
1790620922,2026-09-28 18:42:02,2026-09-28 15:42:02,Llaima,VIIRS,0.0,0.0,RUTINA,NULO,No descargada,2026-09-28 19:35:56,2026-09-28 19:45:58,NO
1790620922,2026-09-28 18:42:02,2026-09-28 15:42:02,Llaima,VIIRS375,0.0,0.0,RUTINA,NULO,No descargada,2026-09-28 19:35:56,2026-09-28 20:01:12,NO
1790620922,2026-09-28 18:42:02,2026-09-28 15:42:02,Tupungatito,VIIRS375,0.0,0.0,RUTINA,NULO,No descargada,2026-09-28 19:35:56,2026-09-28 20:01:12,NO
1790620922,2026-09-28 18:42:02,2026-09-28 15:42:02,PlanchonPeteroa,VIIRS375,0.0,0.0,RUTINA,NULO,No descargada,2026-09-28 19:35:56,2026-09-28 20:01:12,NO
1790620922,2026-09-28 18:42:02,2026-09-28 15:42:02,Puyehue-Cordon Caulle,VIIRS375,0.0,0.0,RUTINA,NULO,No descargada,2026-09-28 19:35:56,2026-09-28 20:01:12,NO
1790620922,2026-09-28 18:42:02,2026-09-28 15:42:02,Lascar,VIIRS375,0.0,0.0,RUTINA,NULO,No descargada,2026-09-28 19:35:56,2026-09-28 20:01:12,NO
1790620922,2026-09-28 18:42:02,2026-09-28 15:42:02,Villarrica,VIIRS,0.0,0.0,RUTINA,NULO,No descargada,2026-09-28 19:35:56,2026-09-28 19:45:58,NO
1790620922,2026-09-28 18:42:02,2026-09-28 15:42:02,Lastarria,VIIRS375,0.0,0.0,RUTINA,NULO,No descargada,2026-09-28 19:35:56,2026-09-28 20:01:12,NO
1790620922,2026-09-28 18:42:02,2026-09-28 15:42:02,Tupungatito,VIIRS,0.0,0.0,RUTINA,NULO,No descargada,2026-09-28 19:35:56,2026-09-28 19:45:58,NO
1790620922,2026-09-28 18:42:02,2026-09-28 15:42:02,PlanchonPeteroa,VIIRS,0.0,0.0,RUTINA,NULO,No descargada,2026-09-28 19:35:56,2026-09-28 19:45:58,NO
1790620922,2026-09-28 18:42:02,2026-09-28 15:42:02,Puyehue-Cordon Caulle,VIIRS,0.0,0.0,RUTINA,NULO,No descargada,2026-09-28 19:35:56,2026-09-28 19:45:58,NO
1790620922,2026-09-28 18:42:02,2026-09-28 15:42:02,Villarrica,VIIRS375,0.0,0.0,RUTINA,NULO,No descargada,2026-09-28 19:35:56,2026-09-28 20:01:12,NO
1790620922,2026-09-28 18:42:02,2026-09-28 15:42:02,Lascar,VIIRS,0.0,0.0,RUTINA,NULO,No descargada,2026-09-28 19:35:56,2026-09-28 19:45:58,NO
1790620922,2026-09-28 18:42:02,2026-09-28 15:42:02,Copahue,VIIRS,0.0,0.0,RUTINA,NULO,No descargada,2026-09-28 19:35:56,2026-09-28 19:45:58,NO
1790618401,2026-09-28 18:00:01,2026-09-28 15:00:01,Lascar,VIIRS375,0.0,0.0,RUTINA,NULO,No descargada,2026-09-28 18:50:57,2026-09-28 19:31:00,NO
1790618401,2026-09-28 18:00:01,2026-09-28 15:00:01,Tupungatito,VIIRS,0.0,0.0,RUTINA,NULO,No descargada,2026-09-28 18:35:55,2026-09-28 19:31:00,NO
1790618401,2026-09-28 18:00:01,2026-09-28 15:00:01,Lastarria,VIIRS,0.0,0.0,RUTINA,NULO,No descargada,2026-09-28 18:35:55,2026-09-28 19:31:00,NO
1790618401,2026-09-28 18:00:01,2026-09-28 15:00:01,Tupungatito,VIIRS375,0.0,0.0,RUTINA,NULO,No descargada,2026-09-28 18:50:57,2026-09-28 19:31:00,NO
1790618401,2026-09-28 18:00:01,2026-09-28 15:00:01,Lascar,VIIRS,0.0,0.0,RUTINA,NULO,No descargada,2026-09-28 18:35:55,2026-09-28 19:31:00,NO
1790618401,2026-09-28 18:00:01,2026-09-28 15:00:01,Lastarria,VIIRS375,0.0,0.0,RUTINA,NULO,No descargada,2026-09-28 18:50:57,2026-09-28 19:31:00,NO
1790618401,2026-09-28 18:00:01,2026-09-28 15:00:01,Isluga,VIIRS,0.0,0.0,RUTINA,NULO,No descargada,2026-09-28 18:35:55,2026-09-28 19:31:00,NO
1790618401,2026-09-28 18:00:01,2026-09-28 15:00:01,Isluga,VIIRS375,0.0,0.0,RUTINA,NULO,No descargada,2026-09-28 18:50:57,2026-09-28 19:31:00,NO
1790618041,2026-09-28 17:54:01,2026-09-28 14:54:01,Nevados de Chillan,VIIRS,0.0,0.0,RUTINA,NULO,No descargada,2026-09-28 18:35:55,2026-09-28 19:31:00,NO
1790618041,2026-09-28 17:54:01,2026-09-28 14:54:01,Copahue,VIIRS,0.0,0.0,RUTINA,NULO,No descargada,2026-09-28 18:35:55,2026-09-28 19:31:00,NO
1790618041,2026-09-28 17:54:01,2026-09-28 14:54:01,PlanchonPeteroa,VIIRS375,0.0,0.0,RUTINA,NULO,No descargada,2026-09-28 18:50:57,2026-09-28 19:31:00,NO
1790618041,2026-09-28 17:54:01,2026-09-28 14:54:01,Chaiten,VIIRS,0.0,0.0,RUTINA,NULO,No descargada,2026-09-28 18:35:55,2026-09-28 19:45:58,NO
1790618041,2026-09-28 17:54:01,2026-09-28 14:54:01,Nevados de Chillan,VIIRS375,0.0,0.0,RUTINA,NULO,No descargada,2026-09-28 18:50:57,2026-09-28 19:31:00,NO
1790618041,2026-09-28 17:54:01,2026-09-28 14:54:01,Villarrica,VIIRS375,0.0,0.0,RUTINA,NULO,No descargada,2026-09-28 18:50:57,2026-09-28 19:31:00,NO
1790618041,2026-09-28 17:54:01,2026-09-28 14:54:01,Puyehue-Cordon Caulle,VIIRS375,0.0,0.0,RUTINA,NULO,No descargada,2026-09-28 18:50:57,2026-09-28 19:31:00,NO
1790618041,2026-09-28 17:54:01,2026-09-28 14:54:01,Puyehue-Cordon Caulle,VIIRS,0.0,0.0,RUTINA,NULO,No descargada,2026-09-28 18:35:55,2026-09-28 19:31:00,NO
1790618041,2026-09-28 17:54:01,2026-09-28 14:54:01,Copahue,VIIRS375,0.0,0.0,RUTINA,NULO,No descargada,2026-09-28 18:50:57,2026-09-28 19:31:00,NO
1790618041,2026-09-28 17:54:01,2026-09-28 14:54:01,PlanchonPeteroa,VIIRS,0.0,0.0,RUTINA,NULO,No descargada,2026-09-28 18:35:55,2026-09-28 19:31:00,NO
1790618041,2026-09-28 17:54:01,2026-09-28 14:54:01,Llaima,VIIRS375,0.0,0.0,RUTINA,NULO,No descargada,2026-09-28 18:50:57,2026-09-28 19:31:00,NO
1790618041,2026-09-28 17:54:01,2026-09-28 14:54:01,Llaima,VIIRS,0.0,0.0,RUTINA,NULO,No descargada,2026-09-28 18:35:55,2026-09-28 19:31:00,NO
1790618041,2026-09-28 17:54:01,2026-09-28 14:54:01,Villarrica,VIIRS,0.0,0.0,RUTINA,NULO,No descargada,2026-09-28 18:35:55,2026-09-28 19:31:00,NO
1790618041,2026-09-28 17:54:01,2026-09-28 14:54:01,Chaiten,VIIRS375,0.0,0.0,RUTINA,NULO,No descargada,2026-09-28 18:50:57,2026-09-28 20:01:12,NO
1790617320,2026-09-28 17:42:00,2026-09-28 14:42:00,Isluga,VIIRS375,0.0,0.0,RUTINA,NULO,No descargada,2026-09-28 18:20:56,2026-09-28 18:45:51,NO
1790617320,2026-09-28 17:42:00,2026-09-28 14:42:00,Lascar,VIIRS375,0.0,0.0,RUTINA,NULO,No descargada,2026-09-28 18:20:56,2026-09-28 18:45:51,NO
1790617320,2026-09-28 17:42:00,2026-09-28 14:42:00,Isluga,VIIRS,0.0,0.0,RUTINA,NULO,No descargada,2026-09-28 18:05:57,2026-09-28 18:31:07,NO
1790617320,2026-09-28 17:42:00,2026-09-28 14:42:00,Lastarria,VIIRS,0.0,0.0,RUTINA,NULO,No descargada,2026-09-28 18:05:57,2026-09-28 18:31:07,NO
1790617320,2026-09-28 17:42:00,2026-09-28 14:42:00,Lascar,VIIRS,0.0,0.0,RUTINA,NULO,No descargada,2026-09-28 18:05:57,2026-09-28 18:31:07,NO
1790617320,2026-09-28 17:42:00,2026-09-28 14:42:00,Lastarria,VIIRS375,70.67,32.35,FALSO_POSITIVO,NULO,No descargada,2026-09-28 18:20:56,2026-09-28 18:45:51,NO
1790616960,2026-09-28 17:36:00,2026-09-28 14:36:00,Tupungatito,VIIRS,0.0,0.0,RUTINA,NULO,No descargada,2026-09-28 18:05:57,2026-09-28 18:31:07,NO
1790616960,2026-09-28 17:36:00,2026-09-28 14:36:00,Copahue,VIIRS375,0.0,0.0,RUTINA,NULO,No descargada,2026-09-28 18:20:56,2026-09-28 18:45:51,NO
1790616960,2026-09-28 17:36:00,2026-09-28 14:36:00,Nevados de Chillan,VIIRS375,0.0,0.0,RUTINA,NULO,No descargada,2026-09-28 18:20:56,2026-09-28 18:45:51,NO
1790616960,2026-09-28 17:36:00,2026-09-28 14:36:00,Copahue,VIIRS,0.0,0.0,RUTINA,NULO,No descargada,2026-09-28 18:05:57,2026-09-28 18:31:07,NO
1790616960,2026-09-28 17:36:00,2026-09-28 14:36:00,Tupungatito,VIIRS375,0.0,0.0,RUTINA,NULO,No descargada,2026-09-28 18:20:56,2026-09-28 18:45:51,NO
1790616960,2026-09-28 17:36:00,2026-09-28 14:36:00,PlanchonPeteroa,VIIRS375,0.0,0.0,RUTINA,NULO,No descargada,2026-09-28 18:20:56,2026-09-28 18:45:51,NO
1790616960,2026-09-28 17:36:00,2026-09-28 14:36:00,PlanchonPeteroa,VIIRS,0.0,0.0,RUTINA,NULO,No descargada,2026-09-28 18:05:57,2026-09-28 18:31:07,NO
1790616960,2026-09-28 17:36:00,2026-09-28 14:36:00,Nevados de Chillan,VIIRS,0.0,0.0,RUTINA,NULO,No descargada,2026-09-28 18:05:57,2026-09-28 18:31:07,NO
1790598600,2026-09-28 12:30:00,2026-09-28 09:30:00,Puyehue-Cordon Caulle,MODIS,0.0,0.0,RUTINA,NULO,No descargada,2026-09-28 11:05:57,2026-09-28 18:15:56,NO
1790598600,2026-09-28 12:30:00,2026-09-28 09:30:00,Llaima,MODIS,0.0,0.0,RUTINA,NULO,No descargada,2026-09-28 11:05:57,2026-09-28 18:15:56,NO
1790598600,2026-09-28 12:30:00,2026-09-28 09:30:00,Chaiten,MODIS,0.0,0.0,RUTINA,NULO,No descargada,2026-09-28 11:05:57,2026-09-28 18:15:56,NO
1790598600,2026-09-28 12:30:00,2026-09-28 09:30:00,Nevados de Chillan,MODIS,0.0,0.0,RUTINA,NULO,No descargada,2026-09-28 11:05:57,2026-09-28 18:15:56,NO
1790598600,2026-09-28 12:30:00,2026-09-28 09:30:00,Copahue,MODIS,0.0,0.0,RUTINA,NULO,No descargada,2026-09-28 11:05:57,2026-09-28 18:15:56,NO
1790598600,2026-09-28 12:30:00,2026-09-28 09:30:00,Tupungatito,MODIS,0.0,0.0,RUTINA,NULO,No descargada,2026-09-28 11:05:57,2026-09-28 18:15:56,NO
1790598600,2026-09-28 12:30:00,2026-09-28 09:30:00,Villarrica,MODIS,0.0,0.0,RUTINA,NULO,No descargada,2026-09-28 11:05:57,2026-09-28 18:15:56,NO
1790598600,2026-09-28 12:30:00,2026-09-28 09:30:00,PlanchonPeteroa,MODIS,0.0,0.0,RUTINA,NULO,No descargada,2026-09-28 11:05:57,2026-09-28 18:15:56,NO
1790598300,2026-09-28 12:25:00,2026-09-28 09:25:00,Lascar,MODIS,0.0,0.0,RUTINA,NULO,No descargada,2026-09-28 10:51:01,2026-09-28 20:01:12,NO
1790598300,2026-09-28 12:25:00,2026-09-28 09:25:00,Isluga,MODIS,0.0,0.0,RUTINA,NULO,No descargada,2026-09-28 10:51:01,2026-09-28 20:01:12,NO
1790598300,2026-09-28 12:25:00,2026-09-28 09:25:00,Lastarria,MODIS,0.0,0.0,RUTINA,NULO,No descargada,2026-09-28 10:51:01,2026-09-28 20:01:12,NO
1790583600,2026-09-28 08:20:00,2026-09-28 05:20:00,Copahue,MODIS,0.0,0.0,RUTINA,NULO,No descargada,2026-09-28 07:35:57,2026-09-28 11:01:12,NO
1790583600,2026-09-28 08:20:00,2026-09-28 05:20:00,Puyehue-Cordon Caulle,MODIS,0.0,0.0,RUTINA,NULO,No descargada,2026-09-28 07:35:57,2026-09-28 11:01:12,NO
1790583600,2026-09-28 08:20:00,2026-09-28 05:20:00,Villarrica,MODIS,0.0,0.0,RUTINA,NULO,No descargada,2026-09-28 07:35:57,2026-09-28 11:01:12,NO
1790583600,2026-09-28 08:20:00,2026-09-28 05:20:00,Chaiten,MODIS,0.0,0.0,RUTINA,NULO,No descargada,2026-09-28 07:35:57,2026-09-28 11:01:12,NO
1790583600,2026-09-28 08:20:00,2026-09-28 05:20:00,Llaima,MODIS,0.0,0.0,RUTINA,NULO,No descargada,2026-09-28 07:35:57,2026-09-28 11:01:12,NO
1790583300,2026-09-28 08:15:00,2026-09-28 05:15:00,PlanchonPeteroa,MODIS,0.0,0.0,RUTINA,NULO,No descargada,2026-09-28 07:21:09,2026-09-28 11:01:12,NO
1790583300,2026-09-28 08:15:00,2026-09-28 05:15:00,Nevados de Chillan,MODIS,0.0,0.0,RUTINA,NULO,No descargada,2026-09-28 07:21:09,2026-09-28 11:01:12,NO
1790583300,2026-09-28 08:15:00,2026-09-28 05:15:00,Tupungatito,MODIS,0.0,0.0,RUTINA,NULO,No descargada,2026-09-28 07:21:09,2026-09-28 11:01:12,NO
1790583300,2026-09-28 08:15:00,2026-09-28 05:15:00,Lastarria,MODIS,0.0,0.0,RUTINA,NULO,No descargada,2026-09-28 07:21:09,2026-09-28 10:45:59,NO
1790583300,2026-09-28 08:15:00,2026-09-28 05:15:00,Isluga,MODIS,0.0,0.0,RUTINA,NULO,No descargada,2026-09-28 07:21:09,2026-09-28 10:45:59,NO
1790583300,2026-09-28 08:15:00,2026-09-28 05:15:00,Lascar,MODIS,0.0,0.0,RUTINA,NULO,No descargada,2026-09-28 07:21:09,2026-09-28 10:45:59,NO
1790578800,2026-09-28 07:00:00,2026-09-28 04:00:00,Puyehue-Cordon Caulle,VIIRS375,0.0,0.0,RUTINA,NULO,No descargada,2026-09-28 09:21:03,2026-09-28 18:45:51,NO
1790578800,2026-09-28 07:00:00,2026-09-28 04:00:00,Nevados de Chillan,VIIRS375,0.0,0.0,RUTINA,NULO,No descargada,2026-09-28 09:05:55,2026-09-28 18:15:56,NO
1790578800,2026-09-28 07:00:00,2026-09-28 04:00:00,Copahue,VIIRS375,0.0,0.0,RUTINA,NULO,No descargada,2026-09-28 09:05:55,2026-09-28 18:15:56,NO
1790578800,2026-09-28 07:00:00,2026-09-28 04:00:00,Nevados de Chillan,VIIRS,0.0,0.0,RUTINA,NULO,No descargada,2026-09-28 09:21:03,2026-09-28 18:01:01,NO
1790578800,2026-09-28 07:00:00,2026-09-28 04:00:00,Puyehue-Cordon Caulle,VIIRS,0.0,0.0,RUTINA,NULO,No descargada,2026-09-28 09:21:03,2026-09-28 18:31:07,NO
1790578800,2026-09-28 07:00:00,2026-09-28 04:00:00,Llaima,VIIRS375,0.0,0.0,RUTINA,NULO,No descargada,2026-09-28 09:05:55,2026-09-28 18:45:51,NO
1790578800,2026-09-28 07:00:00,2026-09-28 04:00:00,Llaima,VIIRS,0.0,0.0,RUTINA,NULO,No descargada,2026-09-28 09:21:03,2026-09-28 18:31:07,NO
1790578800,2026-09-28 07:00:00,2026-09-28 04:00:00,Villarrica,VIIRS,0.0,0.0,RUTINA,NULO,No descargada,2026-09-28 09:21:03,2026-09-28 18:31:07,NO
1790578800,2026-09-28 07:00:00,2026-09-28 04:00:00,Chaiten,VIIRS,0.0,0.0,RUTINA,NULO,No descargada,2026-09-28 09:21:03,2026-09-28 18:31:07,NO
1790578800,2026-09-28 07:00:00,2026-09-28 04:00:00,Villarrica,VIIRS375,0.0,0.0,RUTINA,NULO,No descargada,2026-09-28 09:21:03,2026-09-28 18:15:56,NO
1790578800,2026-09-28 07:00:00,2026-09-28 04:00:00,Chaiten,VIIRS375,0.0,0.0,RUTINA,NULO,No descargada,2026-09-28 09:21:03,2026-09-28 18:45:51,NO
1790578800,2026-09-28 07:00:00,2026-09-28 04:00:00,Copahue,VIIRS,0.0,0.0,RUTINA,NULO,No descargada,2026-09-28 09:21:03,2026-09-28 18:01:01,NO
1790578440,2026-09-28 06:54:00,2026-09-28 03:54:00,PlanchonPeteroa,VIIRS,0.0,0.0,RUTINA,NULO,No descargada,2026-09-28 09:21:03,2026-09-28 18:01:01,NO
1790578440,2026-09-28 06:54:00,2026-09-28 03:54:00,Tupungatito,VIIRS375,0.0,0.0,RUTINA,NULO,No descargada,2026-09-28 09:05:55,2026-09-28 18:15:56,NO
1790578440,2026-09-28 06:54:00,2026-09-28 03:54:00,Lastarria,VIIRS,0.0,0.0,RUTINA,NULO,No descargada,2026-09-28 09:05:55,2026-09-28 18:01:01,NO
1790578440,2026-09-28 06:54:00,2026-09-28 03:54:00,Lastarria,VIIRS375,0.0,0.0,RUTINA,NULO,No descargada,2026-09-28 09:05:55,2026-09-28 18:15:56,NO
1790578440,2026-09-28 06:54:00,2026-09-28 03:54:00,PlanchonPeteroa,VIIRS375,0.0,0.0,RUTINA,NULO,No descargada,2026-09-28 09:05:55,2026-09-28 18:15:56,NO
1790578440,2026-09-28 06:54:00,2026-09-28 03:54:00,Isluga,VIIRS,0.0,0.0,RUTINA,NULO,No descargada,2026-09-28 09:05:55,2026-09-28 18:01:01,NO
1790578440,2026-09-28 06:54:00,2026-09-28 03:54:00,Isluga,VIIRS375,0.0,0.0,RUTINA,NULO,No descargada,2026-09-28 09:05:55,2026-09-28 18:15:56,NO
1790578440,2026-09-28 06:54:00,2026-09-28 03:54:00,Tupungatito,VIIRS,0.0,0.0,RUTINA,NULO,No descargada,2026-09-28 09:21:03,2026-09-28 18:01:01,NO
1790576642,2026-09-28 06:24:02,2026-09-28 03:24:02,Puyehue-Cordon Caulle,VIIRS,0.0,0.0,RUTINA,NULO,No descargada,2026-09-28 07:21:09,2026-09-28 09:15:57,NO
1790576642,2026-09-28 06:24:02,2026-09-28 03:24:02,Villarrica,VIIRS375,0.0,0.0,RUTINA,NULO,No descargada,2026-09-28 07:06:30,2026-09-28 09:15:57,NO
1790576642,2026-09-28 06:24:02,2026-09-28 03:24:02,Villarrica,VIIRS,0.0,0.0,RUTINA,NULO,No descargada,2026-09-28 07:06:30,2026-09-28 09:15:57,NO
1790576642,2026-09-28 06:24:02,2026-09-28 03:24:02,Puyehue-Cordon Caulle,VIIRS375,0.0,0.0,RUTINA,NULO,No descargada,2026-09-28 07:06:30,2026-09-28 09:15:57,NO
1790576642,2026-09-28 06:24:02,2026-09-28 03:24:02,Chaiten,VIIRS,0.0,0.0,RUTINA,NULO,No descargada,2026-09-28 07:21:09,2026-09-28 09:15:57,NO
1790576642,2026-09-28 06:24:02,2026-09-28 03:24:02,Chaiten,VIIRS375,0.0,0.0,RUTINA,NULO,No descargada,2026-09-28 07:06:30,2026-09-28 09:15:57,NO
1790576282,2026-09-28 06:18:02,2026-09-28 03:18:02,Tupungatito,VIIRS375,0.0,0.0,RUTINA,NULO,No descargada,2026-09-28 07:06:30,2026-09-28 09:01:15,NO
1790576282,2026-09-28 06:18:02,2026-09-28 03:18:02,Copahue,VIIRS,0.0,0.0,RUTINA,NULO,No descargada,2026-09-28 07:06:30,2026-09-28 09:15:57,NO
1790576282,2026-09-28 06:18:02,2026-09-28 03:18:02,Lascar,VIIRS375,0.0,0.0,RUTINA,NULO,No descargada,2026-09-28 06:47:12,2026-09-28 17:31:00,NO
1790576282,2026-09-28 06:18:02,2026-09-28 03:18:02,Isluga,VIIRS375,0.13,0.53,ALERTA_TERMICA,Muy Bajo,imagenes_satelitales/Isluga/2026-09-28/06-18-02_Isluga_VIIRS375_Latest.png,2026-09-28 06:47:12,2026-09-28 09:01:15,NO
1790576282,2026-09-28 06:18:02,2026-09-28 03:18:02,Isluga,VIIRS,0.0,0.0,RUTINA,NULO,No descargada,2026-09-28 07:06:30,2026-09-28 09:01:15,NO
1790576282,2026-09-28 06:18:02,2026-09-28 03:18:02,Lastarria,VIIRS,0.0,0.0,RUTINA,NULO,No descargada,2026-09-28 07:06:30,2026-09-28 09:01:15,NO
1790576282,2026-09-28 06:18:02,2026-09-28 03:18:02,Lascar,VIIRS,0.0,0.0,RUTINA,NULO,No descargada,2026-09-28 07:06:30,2026-09-28 18:01:01,NO
1790576282,2026-09-28 06:18:02,2026-09-28 03:18:02,Lastarria,VIIRS375,0.0,0.0,RUTINA,NULO,No descargada,2026-09-28 06:47:12,2026-09-28 09:01:15,NO
1790576282,2026-09-28 06:18:02,2026-09-28 03:18:02,PlanchonPeteroa,VIIRS375,0.0,0.0,RUTINA,NULO,No descargada,2026-09-28 06:47:12,2026-09-28 09:01:15,NO
1790576282,2026-09-28 06:18:02,2026-09-28 03:18:02,Nevados de Chillan,VIIRS375,0.6,0.53,ALERTA_TERMICA,Muy Bajo,imagenes_satelitales/Nevados_de_Chillan/2026-09-28/06-18-02_Nevados_de_Chillan_VIIRS375_Latest.png,2026-09-28 07:06:30,2026-09-28 09:01:15,NO
1790576282,2026-09-28 06:18:02,2026-09-28 03:18:02,Nevados de Chillan,VIIRS,0.0,0.0,RUTINA,NULO,No descargada,2026-09-28 07:06:30,2026-09-28 09:15:57,NO
1790576282,2026-09-28 06:18:02,2026-09-28 03:18:02,Tupungatito,VIIRS,0.0,0.0,RUTINA,NULO,No descargada,2026-09-28 07:06:30,2026-09-28 09:15:57,NO
1790576282,2026-09-28 06:18:02,2026-09-28 03:18:02,Copahue,VIIRS375,0.0,0.0,RUTINA,NULO,No descargada,2026-09-28 07:06:30,2026-09-28 09:01:15,NO
1790576282,2026-09-28 06:18:02,2026-09-28 03:18:02,PlanchonPeteroa,VIIRS,0.0,0.0,RUTINA,NULO,No descargada,2026-09-28 07:06:30,2026-09-28 09:15:57,NO
1790573761,2026-09-28 05:36:01,2026-09-28 02:36:01,Llaima,VIIRS,0.0,0.0,RUTINA,NULO,No descargada,2026-09-28 05:36:06,2026-09-28 09:15:57,NO
1790573761,2026-09-28 05:36:01,2026-09-28 02:36:01,PlanchonPeteroa,VIIRS375,0.0,0.0,RUTINA,NULO,No descargada,2026-09-28 05:20:55,2026-09-28 06:41:06,NO
1790573761,2026-09-28 05:36:01,2026-09-28 02:36:01,Chaiten,VIIRS375,0.0,0.0,RUTINA,NULO,No descargada,2026-09-28 05:20:55,2026-09-28 07:01:14,NO
1790573761,2026-09-28 05:36:01,2026-09-28 02:36:01,Copahue,VIIRS375,0.0,0.0,RUTINA,NULO,No descargada,2026-09-28 05:20:55,2026-09-28 07:01:14,NO
1790573761,2026-09-28 05:36:01,2026-09-28 02:36:01,Llaima,VIIRS375,0.0,0.0,RUTINA,NULO,No descargada,2026-09-28 05:20:55,2026-09-28 09:01:15,NO
1790573761,2026-09-28 05:36:01,2026-09-28 02:36:01,Puyehue-Cordon Caulle,VIIRS,0.38,7.65,ALERTA_TERMICA,Muy Bajo,imagenes_satelitales/Puyehue_Cordon_Caulle/2026-09-28/05-36-01_Puyehue_Cordon_Caulle_VIIRS750_Latest.png,2026-09-28 05:36:06,2026-09-28 07:16:08,NO
1790573761,2026-09-28 05:36:01,2026-09-28 02:36:01,PlanchonPeteroa,VIIRS,0.0,0.0,RUTINA,NULO,No descargada,2026-09-28 05:20:55,2026-09-28 07:01:14,NO
1790573761,2026-09-28 05:36:01,2026-09-28 02:36:01,Tupungatito,VIIRS,0.0,0.0,RUTINA,NULO,No descargada,2026-09-28 05:36:06,2026-09-28 07:01:14,NO
1790573761,2026-09-28 05:36:01,2026-09-28 02:36:01,Copahue,VIIRS,0.0,0.0,RUTINA,NULO,No descargada,2026-09-28 05:20:55,2026-09-28 07:01:14,NO
1790573761,2026-09-28 05:36:01,2026-09-28 02:36:01,Tupungatito,VIIRS375,0.09,5.21,ALERTA_TERMICA,Muy Bajo,imagenes_satelitales/Tupungatito/2026-09-28/05-36-01_Tupungatito_VIIRS375_Latest.png,2026-09-28 05:36:06,2026-09-28 07:01:14,NO
1790573761,2026-09-28 05:36:01,2026-09-28 02:36:01,Puyehue-Cordon Caulle,VIIRS375,0.26,7.73,ALERTA_TERMICA,Muy Bajo,imagenes_satelitales/Puyehue_Cordon_Caulle/2026-09-28/05-36-01_Puyehue_Cordon_Caulle_VIIRS375_Latest.png,2026-09-28 05:20:55,2026-09-28 07:01:14,NO
1790573761,2026-09-28 05:36:01,2026-09-28 02:36:01,Nevados de Chillan,VIIRS375,0.0,0.0,RUTINA,NULO,No descargada,2026-09-28 05:20:55,2026-09-28 07:01:14,NO
1790573761,2026-09-28 05:36:01,2026-09-28 02:36:01,Villarrica,VIIRS375,0.0,0.0,RUTINA,NULO,No descargada,2026-09-28 05:20:55,2026-09-28 07:01:14,NO
1790573761,2026-09-28 05:36:01,2026-09-28 02:36:01,Villarrica,VIIRS,0.0,0.0,RUTINA,NULO,No descargada,2026-09-28 05:36:06,2026-09-28 07:01:14,NO
1790573761,2026-09-28 05:36:01,2026-09-28 02:36:01,Chaiten,VIIRS,0.0,0.0,RUTINA,NULO,No descargada,2026-09-28 05:36:06,2026-09-28 07:16:08,NO
1790573761,2026-09-28 05:36:01,2026-09-28 02:36:01,Nevados de Chillan,VIIRS,0.0,0.0,RUTINA,NULO,No descargada,2026-09-28 05:20:55,2026-09-28 07:01:14,NO
1790573401,2026-09-28 05:30:01,2026-09-28 02:30:01,Lastarria,VIIRS375,0.0,0.0,RUTINA,NULO,No descargada,2026-09-28 05:20:55,2026-09-28 06:41:06,NO
1790573401,2026-09-28 05:30:01,2026-09-28 02:30:01,Isluga,VIIRS375,0.26,0.84,ALERTA_TERMICA,Muy Bajo,imagenes_satelitales/Isluga/2026-09-28/05-30-01_Isluga_VIIRS375_Latest.png,2026-09-28 05:20:55,2026-09-28 06:41:06,NO
1790573401,2026-09-28 05:30:01,2026-09-28 02:30:01,Isluga,VIIRS,0.0,0.0,RUTINA,NULO,No descargada,2026-09-28 05:20:55,2026-09-28 07:01:14,NO
1790573401,2026-09-28 05:30:01,2026-09-28 02:30:01,Lastarria,VIIRS,0.0,0.0,RUTINA,NULO,No descargada,2026-09-28 05:20:55,2026-09-28 07:01:14,NO
1790573401,2026-09-28 05:30:01,2026-09-28 02:30:01,Lascar,VIIRS375,0.68,17.08,FALSO_POSITIVO,NULO,No descargada,2026-09-28 05:20:55,2026-09-28 06:41:06,NO
1790573401,2026-09-28 05:30:01,2026-09-28 02:30:01,Lascar,VIIRS,0.37,0.75,ALERTA_TERMICA,Muy Bajo,imagenes_satelitales/Lascar/2026-09-28/05-30-01_Lascar_VIIRS750_Latest.png,2026-09-28 05:20:55,2026-09-28 07:01:14,NO
1790570522,2026-09-28 04:42:02,2026-09-28 01:42:02,Llaima,VIIRS,0.0,0.0,RUTINA,NULO,No descargada,2026-09-28 04:20:58,2026-09-28 05:30:57,NO
1790570522,2026-09-28 04:42:02,2026-09-28 01:42:02,Nevados de Chillan,VIIRS375,2.58,2.19,ALERTA_TERMICA,Bajo,imagenes_satelitales/Nevados_de_Chillan/2026-09-28/04-42-02_Nevados_de_Chillan_VIIRS375_Latest.png,2026-09-28 04:05:52,2026-09-28 05:16:01,NO
1790570522,2026-09-28 04:42:02,2026-09-28 01:42:02,Copahue,VIIRS,0.0,0.0,RUTINA,NULO,No descargada,2026-09-28 04:20:58,2026-09-28 05:16:01,NO
1790570522,2026-09-28 04:42:02,2026-09-28 01:42:02,Copahue,VIIRS375,0.0,0.0,RUTINA,NULO,No descargada,2026-09-28 04:05:52,2026-09-28 05:16:01,NO
1790570522,2026-09-28 04:42:02,2026-09-28 01:42:02,Tupungatito,VIIRS,0.0,0.0,RUTINA,NULO,No descargada,2026-09-28 04:20:58,2026-09-28 05:30:57,NO
1790570522,2026-09-28 04:42:02,2026-09-28 01:42:02,Chaiten,VIIRS,0.0,0.0,RUTINA,NULO,No descargada,2026-09-28 04:20:58,2026-09-28 05:30:57,NO
1790570522,2026-09-28 04:42:02,2026-09-28 01:42:02,Llaima,VIIRS375,0.0,0.0,RUTINA,NULO,No descargada,2026-09-28 04:05:52,2026-09-28 05:16:01,NO
1790570522,2026-09-28 04:42:02,2026-09-28 01:42:02,PlanchonPeteroa,VIIRS375,0.0,0.0,RUTINA,NULO,No descargada,2026-09-28 04:05:52,2026-09-28 05:16:01,NO
1790570522,2026-09-28 04:42:02,2026-09-28 01:42:02,Chaiten,VIIRS375,0.0,0.0,RUTINA,NULO,No descargada,2026-09-28 04:05:52,2026-09-28 05:16:01,NO
1790570522,2026-09-28 04:42:02,2026-09-28 01:42:02,PlanchonPeteroa,VIIRS,0.0,0.0,RUTINA,NULO,No descargada,2026-09-28 04:20:58,2026-09-28 05:16:01,NO
1790570522,2026-09-28 04:42:02,2026-09-28 01:42:02,Puyehue-Cordon Caulle,VIIRS,0.0,0.0,RUTINA,NULO,No descargada,2026-09-28 04:20:58,2026-09-28 05:30:57,NO
1790570522,2026-09-28 04:42:02,2026-09-28 01:42:02,Villarrica,VIIRS375,0.0,0.0,RUTINA,NULO,No descargada,2026-09-28 04:05:52,2026-09-28 05:16:01,NO
1790570522,2026-09-28 04:42:02,2026-09-28 01:42:02,Villarrica,VIIRS,0.0,0.0,RUTINA,NULO,No descargada,2026-09-28 04:20:58,2026-09-28 05:30:57,NO
1790570522,2026-09-28 04:42:02,2026-09-28 01:42:02,Tupungatito,VIIRS375,0.0,0.0,RUTINA,NULO,No descargada,2026-09-28 04:05:52,2026-09-28 05:30:57,NO
1790570522,2026-09-28 04:42:02,2026-09-28 01:42:02,Nevados de Chillan,VIIRS,0.23,1.68,ALERTA_TERMICA,Muy Bajo,imagenes_satelitales/Nevados_de_Chillan/2026-09-28/04-42-02_Nevados_de_Chillan_VIIRS750_Latest.png,2026-09-28 04:20:58,2026-09-28 05:16:01,NO
1790570522,2026-09-28 04:42:02,2026-09-28 01:42:02,Puyehue-Cordon Caulle,VIIRS375,0.11,7.83,ALERTA_TERMICA,Muy Bajo,imagenes_satelitales/Puyehue_Cordon_Caulle/2026-09-28/04-42-02_Puyehue_Cordon_Caulle_VIIRS375_Latest.png,2026-09-28 04:05:52,2026-09-28 05:16:01,NO
1790559000,2026-09-28 01:30:00,2026-09-27 22:30:00,Lascar,MODIS,0.0,0.0,RUTINA,NULO,No descargada,2026-09-28 02:51:05,2026-09-28 07:16:08,NO
1790559000,2026-09-28 01:30:00,2026-09-27 22:30:00,Isluga,MODIS,0.0,0.0,RUTINA,NULO,No descargada,2026-09-28 02:51:05,2026-09-28 07:16:08,NO
1790559000,2026-09-28 01:30:00,2026-09-27 22:30:00,PlanchonPeteroa,MODIS,0.0,0.0,RUTINA,NULO,No descargada,2026-09-28 02:51:05,2026-09-28 07:16:08,NO
1790559000,2026-09-28 01:30:00,2026-09-27 22:30:00,Tupungatito,MODIS,0.0,0.0,RUTINA,NULO,No descargada,2026-09-28 02:51:05,2026-09-28 07:16:08,NO
1790559000,2026-09-28 01:30:00,2026-09-27 22:30:00,Lastarria,MODIS,0.0,0.0,RUTINA,NULO,No descargada,2026-09-28 02:51:05,2026-09-28 07:16:08,NO
1790558700,2026-09-28 01:25:00,2026-09-27 22:25:00,Puyehue-Cordon Caulle,MODIS,0.0,0.0,RUTINA,NULO,No descargada,2026-09-28 02:51:05,2026-09-28 07:21:09,NO
1790558700,2026-09-28 01:25:00,2026-09-27 22:25:00,Copahue,MODIS,0.0,0.0,RUTINA,NULO,No descargada,2026-09-28 02:51:05,2026-09-28 07:21:09,NO
1790558700,2026-09-28 01:25:00,2026-09-27 22:25:00,Chaiten,MODIS,0.0,0.0,RUTINA,NULO,No descargada,2026-09-28 02:51:05,2026-09-28 07:21:09,NO
1790558700,2026-09-28 01:25:00,2026-09-27 22:25:00,Llaima,MODIS,0.0,0.0,RUTINA,NULO,No descargada,2026-09-28 02:51:05,2026-09-28 07:21:09,NO
1790558700,2026-09-28 01:25:00,2026-09-27 22:25:00,Nevados de Chillan,MODIS,0.0,0.0,RUTINA,NULO,No descargada,2026-09-28 02:51:05,2026-09-28 07:16:08,NO
1790558700,2026-09-28 01:25:00,2026-09-27 22:25:00,Villarrica,MODIS,0.0,0.0,RUTINA,NULO,No descargada,2026-09-28 02:51:05,2026-09-28 07:21:09,NO
1790543700,2026-09-27 21:15:00,2026-09-27 18:15:00,Nevados de Chillan,MODIS,0.0,0.0,RUTINA,NULO,No descargada,2026-09-27 19:50:58,2026-09-28 02:46:11,NO
1790543700,2026-09-27 21:15:00,2026-09-27 18:15:00,PlanchonPeteroa,MODIS,0.0,0.0,RUTINA,NULO,No descargada,2026-09-27 19:50:58,2026-09-28 02:46:11,NO
1790543700,2026-09-27 21:15:00,2026-09-27 18:15:00,Chaiten,MODIS,0.0,0.0,RUTINA,NULO,No descargada,2026-09-27 19:50:58,2026-09-28 02:46:11,NO
1790543700,2026-09-27 21:15:00,2026-09-27 18:15:00,Llaima,MODIS,0.0,0.0,RUTINA,NULO,No descargada,2026-09-27 19:50:58,2026-09-28 02:46:11,NO
1790543700,2026-09-27 21:15:00,2026-09-27 18:15:00,Villarrica,MODIS,0.0,0.0,RUTINA,NULO,No descargada,2026-09-27 19:50:58,2026-09-28 02:46:11,NO
1790543700,2026-09-27 21:15:00,2026-09-27 18:15:00,Tupungatito,MODIS,0.0,0.0,RUTINA,NULO,No descargada,2026-09-27 19:50:58,2026-09-28 02:46:11,NO
1790543700,2026-09-27 21:15:00,2026-09-27 18:15:00,Copahue,MODIS,0.0,0.0,RUTINA,NULO,No descargada,2026-09-27 19:50:58,2026-09-28 02:46:11,NO
1790543700,2026-09-27 21:15:00,2026-09-27 18:15:00,Puyehue-Cordon Caulle,MODIS,0.0,0.0,RUTINA,NULO,No descargada,2026-09-27 19:50:58,2026-09-28 02:46:11,NO
1790538841,2026-09-27 19:54:01,2026-09-27 16:54:01,Puyehue-Cordon Caulle,VIIRS375,0.0,0.0,RUTINA,NULO,No descargada,2026-09-27 20:06:09,2026-09-28 04:01:04,NO
1790538841,2026-09-27 19:54:01,2026-09-27 16:54:01,Llaima,VIIRS,0.0,0.0,RUTINA,NULO,No descargada,2026-09-27 19:50:58,2026-09-28 04:16:33,NO
1790538841,2026-09-27 19:54:01,2026-09-27 16:54:01,Puyehue-Cordon Caulle,VIIRS,0.0,0.0,RUTINA,NULO,No descargada,2026-09-27 19:50:58,2026-09-28 04:16:33,NO
1790538841,2026-09-27 19:54:01,2026-09-27 16:54:01,Chaiten,VIIRS375,0.0,0.0,RUTINA,NULO,No descargada,2026-09-27 20:06:09,2026-09-28 04:01:04,NO
1790538841,2026-09-27 19:54:01,2026-09-27 16:54:01,Copahue,VIIRS,0.0,0.0,RUTINA,NULO,No descargada,2026-09-27 19:50:58,2026-09-28 04:16:33,NO
1790538841,2026-09-27 19:54:01,2026-09-27 16:54:01,Villarrica,VIIRS375,0.0,0.0,RUTINA,NULO,No descargada,2026-09-27 20:06:09,2026-09-28 04:01:04,NO
1790538841,2026-09-27 19:54:01,2026-09-27 16:54:01,Villarrica,VIIRS,0.0,0.0,RUTINA,NULO,No descargada,2026-09-27 19:50:58,2026-09-28 04:16:33,NO
1790538841,2026-09-27 19:54:01,2026-09-27 16:54:01,Chaiten,VIIRS,0.0,0.0,RUTINA,NULO,No descargada,2026-09-27 19:50:58,2026-09-28 04:16:33,NO
1790538841,2026-09-27 19:54:01,2026-09-27 16:54:01,Llaima,VIIRS375,0.0,0.0,RUTINA,NULO,No descargada,2026-09-27 20:06:09,2026-09-28 04:01:04,NO
1790538841,2026-09-27 19:54:01,2026-09-27 16:54:01,Copahue,VIIRS375,0.0,0.0,RUTINA,NULO,No descargada,2026-09-27 20:06:09,2026-09-28 04:01:04,NO
1790538300,2026-09-27 19:45:00,2026-09-27 16:45:00,Isluga,MODIS,0.0,0.0,RUTINA,NULO,No descargada,2026-09-27 19:35:59,2026-09-28 02:46:11,NO
1790538000,2026-09-27 19:40:00,2026-09-27 16:40:00,Lascar,MODIS,0.0,0.0,RUTINA,NULO,No descargada,2026-09-27 17:36:00,2026-09-28 02:46:11,NO
1790537760,2026-09-27 19:36:00,2026-09-27 16:36:00,Tupungatito,VIIRS375,0.0,0.0,RUTINA,NULO,No descargada,2026-09-27 20:06:09,2026-09-28 04:01:04,NO
1790537760,2026-09-27 19:36:00,2026-09-27 16:36:00,Nevados de Chillan,VIIRS,0.0,0.0,RUTINA,NULO,No descargada,2026-09-27 20:06:09,2026-09-28 04:16:33,NO
1790537760,2026-09-27 19:36:00,2026-09-27 16:36:00,Nevados de Chillan,VIIRS375,0.0,0.0,RUTINA,NULO,No descargada,2026-09-27 20:06:09,2026-09-28 04:01:04,NO
1790537760,2026-09-27 19:36:00,2026-09-27 16:36:00,PlanchonPeteroa,VIIRS375,0.0,0.0,RUTINA,NULO,No descargada,2026-09-27 20:06:09,2026-09-28 04:01:04,NO
1790537760,2026-09-27 19:36:00,2026-09-27 16:36:00,Tupungatito,VIIRS,0.0,0.0,RUTINA,NULO,No descargada,2026-09-27 20:06:09,2026-09-28 04:16:33,NO
1790537760,2026-09-27 19:36:00,2026-09-27 16:36:00,PlanchonPeteroa,VIIRS,0.0,0.0,RUTINA,NULO,No descargada,2026-09-27 20:06:09,2026-09-28 04:16:33,NO
1790535962,2026-09-27 19:06:02,2026-09-27 16:06:02,Isluga,VIIRS375,0.0,0.0,RUTINA,NULO,No descargada,2026-09-27 19:50:58,2026-09-28 05:16:01,NO
1790535962,2026-09-27 19:06:02,2026-09-27 16:06:02,Isluga,VIIRS,0.0,0.0,RUTINA,NULO,No descargada,2026-09-27 19:20:59,2026-09-28 05:16:01,NO
1790535962,2026-09-27 19:06:02,2026-09-27 16:06:02,Lascar,VIIRS375,0.0,0.0,RUTINA,NULO,No descargada,2026-09-27 19:50:58,2026-09-28 05:16:01,NO
1790535962,2026-09-27 19:06:02,2026-09-27 16:06:02,Lascar,VIIRS,0.0,0.0,RUTINA,NULO,No descargada,2026-09-27 19:20:59,2026-09-28 05:16:01,NO
1790535602,2026-09-27 19:00:02,2026-09-27 16:00:02,Nevados de Chillan,VIIRS375,0.0,0.0,RUTINA,NULO,No descargada,2026-09-27 19:50:58,2026-09-27 20:01:04,NO
1790535602,2026-09-27 19:00:02,2026-09-27 16:00:02,Tupungatito,VIIRS375,0.0,0.0,RUTINA,NULO,No descargada,2026-09-27 19:50:58,2026-09-27 20:01:04,NO
1790535602,2026-09-27 19:00:02,2026-09-27 16:00:02,Copahue,VIIRS,0.0,0.0,RUTINA,NULO,No descargada,2026-09-27 19:05:59,2026-09-27 19:46:07,NO
1790535602,2026-09-27 19:00:02,2026-09-27 16:00:02,Nevados de Chillan,VIIRS,0.0,0.0,RUTINA,NULO,No descargada,2026-09-27 19:05:59,2026-09-27 20:01:04,NO
1790535602,2026-09-27 19:00:02,2026-09-27 16:00:02,Chaiten,VIIRS,0.0,0.0,RUTINA,NULO,No descargada,2026-09-27 19:20:59,2026-09-27 19:46:07,NO
1790535602,2026-09-27 19:00:02,2026-09-27 16:00:02,Lascar,VIIRS,0.0,0.0,RUTINA,NULO,No descargada,2026-09-27 19:05:59,2026-09-27 19:15:58,NO
1790535602,2026-09-27 19:00:02,2026-09-27 16:00:02,PlanchonPeteroa,VIIRS,0.0,0.0,RUTINA,NULO,No descargada,2026-09-27 19:05:59,2026-09-27 20:01:04,NO
1790535602,2026-09-27 19:00:02,2026-09-27 16:00:02,Villarrica,VIIRS375,0.0,0.0,RUTINA,NULO,No descargada,2026-09-27 19:50:58,2026-09-27 20:01:04,NO
1790535602,2026-09-27 19:00:02,2026-09-27 16:00:02,Lascar,VIIRS375,0.0,0.0,RUTINA,NULO,No descargada,2026-09-27 19:35:59,2026-09-27 19:46:07,NO
1790535602,2026-09-27 19:00:02,2026-09-27 16:00:02,Puyehue-Cordon Caulle,VIIRS,0.0,0.0,RUTINA,NULO,No descargada,2026-09-27 19:05:59,2026-09-27 19:46:07,NO
1790535602,2026-09-27 19:00:02,2026-09-27 16:00:02,Copahue,VIIRS375,0.0,0.0,RUTINA,NULO,No descargada,2026-09-27 19:50:58,2026-09-27 20:01:04,NO
1790535602,2026-09-27 19:00:02,2026-09-27 16:00:02,Lastarria,VIIRS375,0.0,0.0,RUTINA,NULO,No descargada,2026-09-27 19:50:58,2026-09-28 05:16:01,NO
1790535602,2026-09-27 19:00:02,2026-09-27 16:00:02,Tupungatito,VIIRS,0.0,0.0,RUTINA,NULO,No descargada,2026-09-27 19:20:59,2026-09-27 20:01:04,NO
1790535602,2026-09-27 19:00:02,2026-09-27 16:00:02,Lastarria,VIIRS,0.0,0.0,RUTINA,NULO,No descargada,2026-09-27 19:05:59,2026-09-28 05:16:01,NO
1790535602,2026-09-27 19:00:02,2026-09-27 16:00:02,Villarrica,VIIRS,0.0,0.0,RUTINA,NULO,No descargada,2026-09-27 19:05:59,2026-09-27 19:46:07,NO
1790535602,2026-09-27 19:00:02,2026-09-27 16:00:02,Llaima,VIIRS375,0.0,0.0,RUTINA,NULO,No descargada,2026-09-27 19:50:58,2026-09-27 20:01:04,NO
1790535602,2026-09-27 19:00:02,2026-09-27 16:00:02,Puyehue-Cordon Caulle,VIIRS375,0.0,0.0,RUTINA,NULO,No descargada,2026-09-27 19:50:58,2026-09-27 20:01:04,NO
1790535602,2026-09-27 19:00:02,2026-09-27 16:00:02,Llaima,VIIRS,0.0,0.0,RUTINA,NULO,No descargada,2026-09-27 19:05:59,2026-09-27 19:46:07,NO
1790535602,2026-09-27 19:00:02,2026-09-27 16:00:02,Chaiten,VIIRS375,0.0,0.0,RUTINA,NULO,No descargada,2026-09-27 19:50:58,2026-09-27 20:01:04,NO
1790535602,2026-09-27 19:00:02,2026-09-27 16:00:02,PlanchonPeteroa,VIIRS375,0.0,0.0,RUTINA,NULO,No descargada,2026-09-27 19:50:58,2026-09-27 20:01:04,NO
1790533081,2026-09-27 18:18:01,2026-09-27 15:18:01,PlanchonPeteroa,VIIRS375,0.0,0.0,RUTINA,NULO,No descargada,2026-09-27 19:05:59,2026-09-27 19:46:07,NO
1790533081,2026-09-27 18:18:01,2026-09-27 15:18:01,Lastarria,VIIRS,0.0,0.0,RUTINA,NULO,No descargada,2026-09-27 18:46:39,2026-09-27 19:01:07,NO
1790533081,2026-09-27 18:18:01,2026-09-27 15:18:01,Isluga,VIIRS,0.0,0.0,RUTINA,NULO,No descargada,2026-09-27 18:46:39,2026-09-27 19:15:58,NO
1790533081,2026-09-27 18:18:01,2026-09-27 15:18:01,Lastarria,VIIRS375,0.0,0.0,RUTINA,NULO,No descargada,2026-09-27 19:05:59,2026-09-27 19:31:14,NO
1790533081,2026-09-27 18:18:01,2026-09-27 15:18:01,PlanchonPeteroa,VIIRS,0.0,0.0,RUTINA,NULO,No descargada,2026-09-27 18:46:39,2026-09-27 19:01:07,NO
1790533081,2026-09-27 18:18:01,2026-09-27 15:18:01,Isluga,VIIRS375,0.0,0.0,RUTINA,NULO,No descargada,2026-09-27 19:05:59,2026-09-27 19:46:07,NO
1790533081,2026-09-27 18:18:01,2026-09-27 15:18:01,Lascar,VIIRS,0.0,0.0,RUTINA,NULO,No descargada,2026-09-27 18:46:39,2026-09-27 19:01:07,NO
1790533081,2026-09-27 18:18:01,2026-09-27 15:18:01,Lascar,VIIRS375,0.0,0.0,RUTINA,NULO,No descargada,2026-09-27 19:05:59,2026-09-27 19:31:14,NO
1790533081,2026-09-27 18:18:01,2026-09-27 15:18:01,Nevados de Chillan,VIIRS,0.0,0.0,RUTINA,NULO,No descargada,2026-09-27 18:46:39,2026-09-27 19:01:07,NO
1790533081,2026-09-27 18:18:01,2026-09-27 15:18:01,Tupungatito,VIIRS375,0.0,0.0,RUTINA,NULO,No descargada,2026-09-27 19:05:59,2026-09-27 19:46:07,NO
1790533081,2026-09-27 18:18:01,2026-09-27 15:18:01,Nevados de Chillan,VIIRS375,0.0,0.0,RUTINA,NULO,No descargada,2026-09-27 19:05:59,2026-09-27 19:46:07,NO
1790533081,2026-09-27 18:18:01,2026-09-27 15:18:01,Tupungatito,VIIRS,0.0,0.0,RUTINA,NULO,No descargada,2026-09-27 18:46:39,2026-09-27 19:15:58,NO
1790532721,2026-09-27 18:12:01,2026-09-27 15:12:01,Chaiten,VIIRS,0.0,0.0,RUTINA,NULO,No descargada,2026-09-27 18:46:39,2026-09-27 19:15:58,NO
1790532721,2026-09-27 18:12:01,2026-09-27 15:12:01,Copahue,VIIRS,0.0,0.0,RUTINA,NULO,No descargada,2026-09-27 18:46:39,2026-09-27 19:01:07,NO
1790532721,2026-09-27 18:12:01,2026-09-27 15:12:01,Villarrica,VIIRS,0.0,0.0,RUTINA,NULO,No descargada,2026-09-27 18:46:39,2026-09-27 19:01:07,NO
1790532721,2026-09-27 18:12:01,2026-09-27 15:12:01,Villarrica,VIIRS375,0.0,0.0,RUTINA,NULO,No descargada,2026-09-27 19:05:59,2026-09-27 19:46:07,NO
1790532721,2026-09-27 18:12:01,2026-09-27 15:12:01,Llaima,VIIRS,0.0,0.0,RUTINA,NULO,No descargada,2026-09-27 18:46:39,2026-09-27 19:01:07,NO
1790532721,2026-09-27 18:12:01,2026-09-27 15:12:01,Copahue,VIIRS375,0.0,0.0,RUTINA,NULO,No descargada,2026-09-27 19:05:59,2026-09-27 19:46:07,NO
1790532721,2026-09-27 18:12:01,2026-09-27 15:12:01,Llaima,VIIRS375,0.0,0.0,RUTINA,NULO,No descargada,2026-09-27 19:05:59,2026-09-27 19:46:07,NO
1790532721,2026-09-27 18:12:01,2026-09-27 15:12:01,Puyehue-Cordon Caulle,VIIRS,0.0,0.0,RUTINA,NULO,No descargada,2026-09-27 18:46:39,2026-09-27 19:01:07,NO
1790532721,2026-09-27 18:12:01,2026-09-27 15:12:01,Chaiten,VIIRS375,0.0,0.0,RUTINA,NULO,No descargada,2026-09-27 19:05:59,2026-09-27 19:46:07,NO
1790532721,2026-09-27 18:12:01,2026-09-27 15:12:01,Puyehue-Cordon Caulle,VIIRS375,0.0,0.0,RUTINA,NULO,No descargada,2026-09-27 19:05:59,2026-09-27 19:46:07,NO
1790532000,2026-09-27 18:00:00,2026-09-27 15:00:00,Lascar,VIIRS,0.0,0.0,RUTINA,NULO,No descargada,2026-09-27 17:51:03,2026-09-27 18:40:58,NO
1790532000,2026-09-27 18:00:00,2026-09-27 15:00:00,Isluga,VIIRS375,0.0,0.0,RUTINA,NULO,No descargada,2026-09-27 18:35:48,2026-09-27 19:01:07,NO
1790532000,2026-09-27 18:00:00,2026-09-27 15:00:00,Lastarria,VIIRS,0.0,0.0,RUTINA,NULO,No descargada,2026-09-27 17:51:03,2026-09-27 18:40:58,NO
1790532000,2026-09-27 18:00:00,2026-09-27 15:00:00,Isluga,VIIRS,0.0,0.0,RUTINA,NULO,No descargada,2026-09-27 17:51:03,2026-09-27 18:40:58,NO
1790532000,2026-09-27 18:00:00,2026-09-27 15:00:00,Lastarria,VIIRS375,0.0,0.0,RUTINA,NULO,No descargada,2026-09-27 18:35:48,2026-09-27 19:01:07,NO
1790532000,2026-09-27 18:00:00,2026-09-27 15:00:00,Lascar,VIIRS375,0.0,0.0,RUTINA,NULO,No descargada,2026-09-27 18:35:48,2026-09-27 19:01:07,NO
1790531640,2026-09-27 17:54:00,2026-09-27 14:54:00,Llaima,VIIRS375,0.0,0.0,RUTINA,NULO,No descargada,2026-09-27 18:35:48,2026-09-27 19:01:07,NO
1790531640,2026-09-27 17:54:00,2026-09-27 14:54:00,Puyehue-Cordon Caulle,VIIRS,0.0,0.0,RUTINA,NULO,No descargada,2026-09-27 17:51:03,2026-09-27 18:40:58,NO
1790531640,2026-09-27 17:54:00,2026-09-27 14:54:00,Villarrica,VIIRS375,0.0,0.0,RUTINA,NULO,No descargada,2026-09-27 18:35:48,2026-09-27 19:01:07,NO
1790531640,2026-09-27 17:54:00,2026-09-27 14:54:00,Tupungatito,VIIRS375,0.0,0.0,RUTINA,NULO,No descargada,2026-09-27 18:35:48,2026-09-27 19:01:07,NO
1790531640,2026-09-27 17:54:00,2026-09-27 14:54:00,Nevados de Chillan,VIIRS,0.0,0.0,RUTINA,NULO,No descargada,2026-09-27 17:51:03,2026-09-27 18:40:58,NO
1790531640,2026-09-27 17:54:00,2026-09-27 14:54:00,Copahue,VIIRS,0.0,0.0,RUTINA,NULO,No descargada,2026-09-27 17:51:03,2026-09-27 18:40:58,NO
1790531640,2026-09-27 17:54:00,2026-09-27 14:54:00,Chaiten,VIIRS,0.0,0.0,RUTINA,NULO,No descargada,2026-09-27 17:51:03,2026-09-27 18:40:58,NO
1790531640,2026-09-27 17:54:00,2026-09-27 14:54:00,Chaiten,VIIRS375,0.0,0.0,RUTINA,NULO,No descargada,2026-09-27 18:35:48,2026-09-27 19:01:07,NO
1790531640,2026-09-27 17:54:00,2026-09-27 14:54:00,Llaima,VIIRS,0.0,0.0,RUTINA,NULO,No descargada,2026-09-27 17:51:03,2026-09-27 18:40:58,NO
1790531640,2026-09-27 17:54:00,2026-09-27 14:54:00,Tupungatito,VIIRS,0.0,0.0,RUTINA,NULO,No descargada,2026-09-27 17:51:03,2026-09-27 18:40:58,NO
1790531640,2026-09-27 17:54:00,2026-09-27 14:54:00,PlanchonPeteroa,VIIRS375,0.0,0.0,RUTINA,NULO,No descargada,2026-09-27 18:35:48,2026-09-27 19:01:07,NO
1790531640,2026-09-27 17:54:00,2026-09-27 14:54:00,Puyehue-Cordon Caulle,VIIRS375,0.0,0.0,RUTINA,NULO,No descargada,2026-09-27 18:35:48,2026-09-27 19:01:07,NO
1790531640,2026-09-27 17:54:00,2026-09-27 14:54:00,Nevados de Chillan,VIIRS375,0.0,0.0,RUTINA,NULO,No descargada,2026-09-27 18:35:48,2026-09-27 19:01:07,NO
1790531640,2026-09-27 17:54:00,2026-09-27 14:54:00,PlanchonPeteroa,VIIRS,0.0,0.0,RUTINA,NULO,No descargada,2026-09-27 17:51:03,2026-09-27 18:40:58,NO
1790531640,2026-09-27 17:54:00,2026-09-27 14:54:00,Copahue,VIIRS375,0.0,0.0,RUTINA,NULO,No descargada,2026-09-27 18:35:48,2026-09-27 19:01:07,NO
1790531640,2026-09-27 17:54:00,2026-09-27 14:54:00,Villarrica,VIIRS,0.0,0.0,RUTINA,NULO,No descargada,2026-09-27 17:51:03,2026-09-27 18:40:58,NO
1790529842,2026-09-27 17:24:02,2026-09-27 14:24:02,Isluga,VIIRS,0.0,0.0,RUTINA,NULO,No descargada,2026-09-27 17:05:54,2026-09-27 17:46:01,NO
1790529842,2026-09-27 17:24:02,2026-09-27 14:24:02,Lascar,VIIRS,0.0,0.0,RUTINA,NULO,No descargada,2026-09-27 17:05:54,2026-09-27 17:46:01,NO
1790529842,2026-09-27 17:24:02,2026-09-27 14:24:02,Isluga,VIIRS375,0.0,0.0,RUTINA,NULO,No descargada,2026-09-27 17:51:03,2026-09-27 18:31:00,NO
1790529842,2026-09-27 17:24:02,2026-09-27 14:24:02,Lastarria,VIIRS,0.0,0.0,RUTINA,NULO,No descargada,2026-09-27 17:05:54,2026-09-27 17:46:01,NO
1790529842,2026-09-27 17:24:02,2026-09-27 14:24:02,Lastarria,VIIRS375,0.0,0.0,RUTINA,NULO,No descargada,2026-09-27 17:51:03,2026-09-27 18:31:00,NO
1790529842,2026-09-27 17:24:02,2026-09-27 14:24:02,Lascar,VIIRS375,0.0,0.0,RUTINA,NULO,No descargada,2026-09-27 17:51:03,2026-09-27 18:31:00,NO
1790529482,2026-09-27 17:18:02,2026-09-27 14:18:02,Tupungatito,VIIRS375,0.0,0.0,RUTINA,NULO,No descargada,2026-09-27 17:51:03,2026-09-27 18:31:00,NO
1790529482,2026-09-27 17:18:02,2026-09-27 14:18:02,Tupungatito,VIIRS,0.0,0.0,RUTINA,NULO,No descargada,2026-09-27 17:05:54,2026-09-27 17:46:01,NO
1790515800,2026-09-27 13:30:00,2026-09-27 10:30:00,Copahue,MODIS,0.0,0.0,RUTINA,NULO,No descargada,2026-09-27 12:21:02,2026-09-27 19:46:07,NO
1790515800,2026-09-27 13:30:00,2026-09-27 10:30:00,Chaiten,MODIS,0.0,0.0,RUTINA,NULO,No descargada,2026-09-27 12:21:02,2026-09-27 19:46:07,NO
1790515800,2026-09-27 13:30:00,2026-09-27 10:30:00,Nevados de Chillan,MODIS,0.0,0.0,RUTINA,NULO,No descargada,2026-09-27 12:21:02,2026-09-27 19:46:07,NO
1790515800,2026-09-27 13:30:00,2026-09-27 10:30:00,Llaima,MODIS,0.0,0.0,RUTINA,NULO,No descargada,2026-09-27 12:21:02,2026-09-27 19:46:07,NO
1790515800,2026-09-27 13:30:00,2026-09-27 10:30:00,Villarrica,MODIS,0.0,0.0,RUTINA,NULO,No descargada,2026-09-27 12:21:02,2026-09-27 19:46:07,NO
1790515800,2026-09-27 13:30:00,2026-09-27 10:30:00,Puyehue-Cordon Caulle,MODIS,0.0,0.0,RUTINA,NULO,No descargada,2026-09-27 12:21:02,2026-09-27 19:46:07,NO
1790515500,2026-09-27 13:25:00,2026-09-27 10:25:00,Tupungatito,MODIS,0.0,0.0,RUTINA,NULO,No descargada,2026-09-27 11:50:57,2026-09-27 19:46:07,NO
1790515500,2026-09-27 13:25:00,2026-09-27 10:25:00,Lastarria,MODIS,0.0,0.0,RUTINA,NULO,No descargada,2026-09-27 11:50:57,2026-09-28 02:46:11,NO
1790515500,2026-09-27 13:25:00,2026-09-27 10:25:00,Lascar,MODIS,0.0,0.0,RUTINA,NULO,No descargada,2026-09-27 11:50:57,2026-09-27 17:31:03,NO
1790515500,2026-09-27 13:25:00,2026-09-27 10:25:00,PlanchonPeteroa,MODIS,0.0,0.0,RUTINA,NULO,No descargada,2026-09-27 11:50:57,2026-09-27 19:46:07,NO
1790515500,2026-09-27 13:25:00,2026-09-27 10:25:00,Isluga,MODIS,0.0,0.0,RUTINA,NULO,No descargada,2026-09-27 11:50:57,2026-09-27 19:31:14,NO
1790494800,2026-09-27 07:40:00,2026-09-27 04:40:00,Llaima,MODIS,0.0,0.0,RUTINA,NULO,No descargada,2026-09-27 06:51:01,2026-09-27 12:15:59,NO
1790494800,2026-09-27 07:40:00,2026-09-27 04:40:00,Tupungatito,MODIS,0.0,0.0,RUTINA,NULO,No descargada,2026-09-27 06:51:01,2026-09-27 11:46:07,NO
1790494800,2026-09-27 07:40:00,2026-09-27 04:40:00,Villarrica,MODIS,0.0,0.0,RUTINA,NULO,No descargada,2026-09-27 06:51:01,2026-09-27 12:15:59,NO
1790494800,2026-09-27 07:40:00,2026-09-27 04:40:00,Chaiten,MODIS,0.0,0.0,RUTINA,NULO,No descargada,2026-09-27 06:51:01,2026-09-27 12:15:59,NO
1790494800,2026-09-27 07:40:00,2026-09-27 04:40:00,PlanchonPeteroa,MODIS,0.0,0.0,RUTINA,NULO,No descargada,2026-09-27 06:51:01,2026-09-27 11:46:07,NO
1790494800,2026-09-27 07:40:00,2026-09-27 04:40:00,Puyehue-Cordon Caulle,MODIS,0.0,0.0,RUTINA,NULO,No descargada,2026-09-27 06:51:01,2026-09-27 12:15:59,NO
1790494800,2026-09-27 07:40:00,2026-09-27 04:40:00,Nevados de Chillan,MODIS,0.0,0.0,RUTINA,NULO,No descargada,2026-09-27 06:51:01,2026-09-27 12:15:59,NO
1790494800,2026-09-27 07:40:00,2026-09-27 04:40:00,Copahue,MODIS,0.0,0.0,RUTINA,NULO,No descargada,2026-09-27 06:51:01,2026-09-27 12:15:59,NO
1790494500,2026-09-27 07:35:00,2026-09-27 04:35:00,Lascar,MODIS,0.0,0.0,RUTINA,NULO,No descargada,2026-09-27 06:51:01,2026-09-27 11:46:07,NO
1790494500,2026-09-27 07:35:00,2026-09-27 04:35:00,Lastarria,MODIS,0.0,0.0,RUTINA,NULO,No descargada,2026-09-27 06:51:01,2026-09-27 11:46:07,NO
1790494500,2026-09-27 07:35:00,2026-09-27 04:35:00,Isluga,MODIS,0.0,0.0,RUTINA,NULO,No descargada,2026-09-27 06:51:01,2026-09-27 11:46:07,NO
1790491322,2026-09-27 06:42:02,2026-09-27 03:42:02,Villarrica,VIIRS,0.0,0.0,RUTINA,NULO,No descargada,2026-09-27 06:36:30,2026-09-27 17:46:01,NO
1790491322,2026-09-27 06:42:02,2026-09-27 03:42:02,Puyehue-Cordon Caulle,VIIRS375,0.0,0.0,RUTINA,NULO,No descargada,2026-09-27 06:51:01,2026-09-27 18:31:00,NO
1790491322,2026-09-27 06:42:02,2026-09-27 03:42:02,Llaima,VIIRS,0.0,0.0,RUTINA,NULO,No descargada,2026-09-27 06:36:30,2026-09-27 17:46:01,NO
1790491322,2026-09-27 06:42:02,2026-09-27 03:42:02,Chaiten,VIIRS375,0.0,0.0,RUTINA,NULO,No descargada,2026-09-27 06:51:01,2026-09-27 18:31:00,NO
1790491322,2026-09-27 06:42:02,2026-09-27 03:42:02,Copahue,VIIRS,0.0,0.0,RUTINA,NULO,No descargada,2026-09-27 06:36:30,2026-09-27 17:46:01,NO
1790491322,2026-09-27 06:42:02,2026-09-27 03:42:02,Villarrica,VIIRS375,0.0,0.0,RUTINA,NULO,No descargada,2026-09-27 06:51:01,2026-09-27 18:31:00,NO
1790491322,2026-09-27 06:42:02,2026-09-27 03:42:02,Llaima,VIIRS375,0.0,0.0,RUTINA,NULO,No descargada,2026-09-27 06:51:01,2026-09-27 18:31:00,NO
1790491322,2026-09-27 06:42:02,2026-09-27 03:42:02,Puyehue-Cordon Caulle,VIIRS,0.0,0.0,RUTINA,NULO,No descargada,2026-09-27 06:36:30,2026-09-27 17:46:01,NO
1790491322,2026-09-27 06:42:02,2026-09-27 03:42:02,Nevados de Chillan,VIIRS,0.0,0.0,RUTINA,NULO,No descargada,2026-09-27 06:36:30,2026-09-27 17:46:01,NO
1790491322,2026-09-27 06:42:02,2026-09-27 03:42:02,Chaiten,VIIRS,0.0,0.0,RUTINA,NULO,No descargada,2026-09-27 06:36:30,2026-09-27 17:46:01,NO
1790491322,2026-09-27 06:42:02,2026-09-27 03:42:02,Copahue,VIIRS375,0.0,0.0,RUTINA,NULO,No descargada,2026-09-27 06:51:01,2026-09-27 18:31:00,NO
1790491322,2026-09-27 06:42:02,2026-09-27 03:42:02,Nevados de Chillan,VIIRS375,0.0,0.0,RUTINA,NULO,No descargada,2026-09-27 06:51:01,2026-09-27 18:31:00,NO
1790490962,2026-09-27 06:36:02,2026-09-27 03:36:02,Tupungatito,VIIRS375,0.0,0.0,RUTINA,NULO,No descargada,2026-09-27 06:51:01,2026-09-27 17:46:01,NO
1790490962,2026-09-27 06:36:02,2026-09-27 03:36:02,PlanchonPeteroa,VIIRS,0.0,0.0,RUTINA,NULO,No descargada,2026-09-27 06:36:30,2026-09-27 17:46:01,NO
1790490962,2026-09-27 06:36:02,2026-09-27 03:36:02,Isluga,VIIRS375,0.0,0.0,RUTINA,NULO,No descargada,2026-09-27 06:36:30,2026-09-27 17:46:01,NO
1790490962,2026-09-27 06:36:02,2026-09-27 03:36:02,Lascar,VIIRS375,0.0,0.0,RUTINA,NULO,No descargada,2026-09-27 06:36:30,2026-09-27 17:46:01,NO
1790490962,2026-09-27 06:36:02,2026-09-27 03:36:02,Lastarria,VIIRS375,0.05,1.19,ALERTA_TERMICA,Muy Bajo,imagenes_satelitales/Lastarria/2026-09-27/06-36-02_Lastarria_VIIRS375_Latest.png,2026-09-27 06:36:30,2026-09-27 17:46:01,NO
1790490962,2026-09-27 06:36:02,2026-09-27 03:36:02,PlanchonPeteroa,VIIRS375,0.0,0.0,RUTINA,NULO,No descargada,2026-09-27 06:36:30,2026-09-27 17:46:01,NO
1790490962,2026-09-27 06:36:02,2026-09-27 03:36:02,Tupungatito,VIIRS,0.0,0.0,RUTINA,NULO,No descargada,2026-09-27 06:36:30,2026-09-27 17:01:02,NO
1790490962,2026-09-27 06:36:02,2026-09-27 03:36:02,Isluga,VIIRS,0.0,0.0,RUTINA,NULO,No descargada,2026-09-27 06:36:30,2026-09-27 17:01:02,NO
1790490962,2026-09-27 06:36:02,2026-09-27 03:36:02,Lascar,VIIRS,0.0,0.0,RUTINA,NULO,No descargada,2026-09-27 06:36:30,2026-09-27 17:01:02,NO
1790490962,2026-09-27 06:36:02,2026-09-27 03:36:02,Lastarria,VIIRS,0.0,0.0,RUTINA,NULO,No descargada,2026-09-27 06:36:30,2026-09-27 17:01:02,NO
1790488441,2026-09-27 05:54:01,2026-09-27 02:54:01,Chaiten,VIIRS,0.0,0.0,RUTINA,NULO,No descargada,2026-09-27 06:05:54,2026-09-27 06:31:09,NO
1790488441,2026-09-27 05:54:01,2026-09-27 02:54:01,Villarrica,VIIRS375,0.0,0.0,RUTINA,NULO,No descargada,2026-09-27 05:36:13,2026-09-27 06:45:51,NO
1790488441,2026-09-27 05:54:01,2026-09-27 02:54:01,Copahue,VIIRS375,0.0,0.0,RUTINA,NULO,No descargada,2026-09-27 05:36:13,2026-09-27 06:45:51,NO
1790488441,2026-09-27 05:54:01,2026-09-27 02:54:01,PlanchonPeteroa,VIIRS,0.0,0.0,RUTINA,NULO,No descargada,2026-09-27 05:50:59,2026-09-27 06:31:09,NO
1790488441,2026-09-27 05:54:01,2026-09-27 02:54:01,Chaiten,VIIRS375,0.0,0.0,RUTINA,NULO,No descargada,2026-09-27 05:36:13,2026-09-27 06:45:51,NO
1790488441,2026-09-27 05:54:01,2026-09-27 02:54:01,Villarrica,VIIRS,0.0,0.0,RUTINA,NULO,No descargada,2026-09-27 05:50:59,2026-09-27 06:31:09,NO
1790488441,2026-09-27 05:54:01,2026-09-27 02:54:01,Puyehue-Cordon Caulle,VIIRS,0.0,0.0,RUTINA,NULO,No descargada,2026-09-27 06:05:54,2026-09-27 06:31:09,NO
1790488441,2026-09-27 05:54:01,2026-09-27 02:54:01,Lastarria,VIIRS,0.0,0.0,RUTINA,NULO,No descargada,2026-09-27 05:50:59,2026-09-27 06:31:09,NO
1790488441,2026-09-27 05:54:01,2026-09-27 02:54:01,Llaima,VIIRS375,0.0,0.0,RUTINA,NULO,No descargada,2026-09-27 05:36:13,2026-09-27 06:45:51,NO
1790488441,2026-09-27 05:54:01,2026-09-27 02:54:01,Nevados de Chillan,VIIRS375,0.0,0.0,RUTINA,NULO,No descargada,2026-09-27 05:36:13,2026-09-27 06:45:51,NO
1790488441,2026-09-27 05:54:01,2026-09-27 02:54:01,Puyehue-Cordon Caulle,VIIRS375,0.0,0.0,RUTINA,NULO,No descargada,2026-09-27 05:36:13,2026-09-27 06:45:51,NO
1790488441,2026-09-27 05:54:01,2026-09-27 02:54:01,Tupungatito,VIIRS375,0.37,21.8,FALSO_POSITIVO,NULO,No descargada,2026-09-27 05:36:13,2026-09-27 06:45:51,NO
1790488441,2026-09-27 05:54:01,2026-09-27 02:54:01,Copahue,VIIRS,0.0,0.0,RUTINA,NULO,No descargada,2026-09-27 05:50:59,2026-09-27 06:31:09,NO
1790488441,2026-09-27 05:54:01,2026-09-27 02:54:01,PlanchonPeteroa,VIIRS375,0.26,2.02,ALERTA_TERMICA,Muy Bajo,imagenes_satelitales/PlanchonPeteroa/2026-09-27/05-54-01_PlanchonPeteroa_VIIRS375_Latest.png,2026-09-27 05:36:13,2026-09-27 06:31:09,NO
1790488441,2026-09-27 05:54:01,2026-09-27 02:54:01,Nevados de Chillan,VIIRS,0.0,0.0,RUTINA,NULO,No descargada,2026-09-27 05:50:59,2026-09-27 06:31:09,NO
1790488441,2026-09-27 05:54:01,2026-09-27 02:54:01,Tupungatito,VIIRS,0.0,0.0,RUTINA,NULO,No descargada,2026-09-27 06:05:54,2026-09-27 06:31:09,NO
1790488441,2026-09-27 05:54:01,2026-09-27 02:54:01,Lastarria,VIIRS375,0.05,2.4,ALERTA_TERMICA,Muy Bajo,imagenes_satelitales/Lastarria/2026-09-27/05-54-01_Lastarria_VIIRS375_Latest.png,2026-09-27 05:36:13,2026-09-27 06:31:09,NO
1790488441,2026-09-27 05:54:01,2026-09-27 02:54:01,Llaima,VIIRS,0.0,0.0,RUTINA,NULO,No descargada,2026-09-27 05:50:59,2026-09-27 06:31:09,NO
1790488081,2026-09-27 05:48:01,2026-09-27 02:48:01,Isluga,VIIRS375,0.12,0.53,ALERTA_TERMICA,Muy Bajo,imagenes_satelitales/Isluga/2026-09-27/05-48-01_Isluga_VIIRS375_Latest.png,2026-09-27 05:36:13,2026-09-27 06:31:09,NO
1790488081,2026-09-27 05:48:01,2026-09-27 02:48:01,Isluga,VIIRS,0.0,0.0,RUTINA,NULO,No descargada,2026-09-27 05:50:59,2026-09-27 06:31:09,NO
1790487360,2026-09-27 05:36:00,2026-09-27 02:36:00,Puyehue-Cordon Caulle,VIIRS,0.0,0.0,RUTINA,NULO,No descargada,2026-09-27 05:20:57,2026-09-27 06:01:07,NO
1790487360,2026-09-27 05:36:00,2026-09-27 02:36:00,Tupungatito,VIIRS,0.0,0.0,RUTINA,NULO,No descargada,2026-09-27 05:20:57,2026-09-27 06:01:07,NO
1790487360,2026-09-27 05:36:00,2026-09-27 02:36:00,Copahue,VIIRS,0.0,0.0,RUTINA,NULO,No descargada,2026-09-27 05:20:57,2026-09-27 05:46:03,NO
1790487360,2026-09-27 05:36:00,2026-09-27 02:36:00,Nevados de Chillan,VIIRS,0.0,0.0,RUTINA,NULO,No descargada,2026-09-27 05:20:57,2026-09-27 05:46:03,NO
1790487360,2026-09-27 05:36:00,2026-09-27 02:36:00,PlanchonPeteroa,VIIRS,0.0,0.0,RUTINA,NULO,No descargada,2026-09-27 05:20:57,2026-09-27 05:46:03,NO
1790487360,2026-09-27 05:36:00,2026-09-27 02:36:00,Villarrica,VIIRS,0.0,0.0,RUTINA,NULO,No descargada,2026-09-27 05:20:57,2026-09-27 05:46:03,NO
1790487360,2026-09-27 05:36:00,2026-09-27 02:36:00,Llaima,VIIRS,0.0,0.0,RUTINA,NULO,No descargada,2026-09-27 05:20:57,2026-09-27 05:46:03,NO
1790487360,2026-09-27 05:36:00,2026-09-27 02:36:00,Chaiten,VIIRS,0.0,0.0,RUTINA,NULO,No descargada,2026-09-27 05:20:57,2026-09-27 06:01:07,NO
1790487000,2026-09-27 05:30:00,2026-09-27 02:30:00,Lascar,VIIRS375,1.78,13.92,FALSO_POSITIVO,NULO,No descargada,2026-09-27 05:50:59,2026-09-27 06:31:09,NO
1790485202,2026-09-27 05:00:02,2026-09-27 02:00:02,Llaima,VIIRS375,0.0,0.0,RUTINA,NULO,No descargada,2026-09-27 04:20:49,2026-09-27 05:30:56,NO
1790485202,2026-09-27 05:00:02,2026-09-27 02:00:02,Tupungatito,VIIRS,0.0,0.0,RUTINA,NULO,No descargada,2026-09-27 04:35:53,2026-09-27 05:15:59,NO
1790485202,2026-09-27 05:00:02,2026-09-27 02:00:02,Chaiten,VIIRS,0.0,0.0,RUTINA,NULO,No descargada,2026-09-27 04:35:53,2026-09-27 05:15:59,NO
1790485202,2026-09-27 05:00:02,2026-09-27 02:00:02,Puyehue-Cordon Caulle,VIIRS,0.0,0.0,RUTINA,NULO,No descargada,2026-09-27 04:35:53,2026-09-27 05:15:59,NO
1790485202,2026-09-27 05:00:02,2026-09-27 02:00:02,Copahue,VIIRS375,0.0,0.0,RUTINA,NULO,No descargada,2026-09-27 04:20:49,2026-09-27 05:30:56,NO
1790485202,2026-09-27 05:00:02,2026-09-27 02:00:02,Villarrica,VIIRS375,0.0,0.0,RUTINA,NULO,No descargada,2026-09-27 04:20:49,2026-09-27 05:30:56,NO
1790485202,2026-09-27 05:00:02,2026-09-27 02:00:02,Copahue,VIIRS,0.0,0.0,RUTINA,NULO,No descargada,2026-09-27 04:20:49,2026-09-27 05:15:59,NO
1790485202,2026-09-27 05:00:02,2026-09-27 02:00:02,Llaima,VIIRS,0.0,0.0,RUTINA,NULO,No descargada,2026-09-27 04:35:53,2026-09-27 05:15:59,NO
1790485202,2026-09-27 05:00:02,2026-09-27 02:00:02,PlanchonPeteroa,VIIRS375,0.0,0.0,RUTINA,NULO,No descargada,2026-09-27 04:20:49,2026-09-27 05:30:56,NO
1790485202,2026-09-27 05:00:02,2026-09-27 02:00:02,Chaiten,VIIRS375,0.0,0.0,RUTINA,NULO,No descargada,2026-09-27 04:35:53,2026-09-27 05:30:56,NO
1790485202,2026-09-27 05:00:02,2026-09-27 02:00:02,PlanchonPeteroa,VIIRS,0.0,0.0,RUTINA,NULO,No descargada,2026-09-27 04:20:49,2026-09-27 05:15:59,NO
1790485202,2026-09-27 05:00:02,2026-09-27 02:00:02,Nevados de Chillan,VIIRS,0.0,0.0,RUTINA,NULO,No descargada,2026-09-27 04:20:49,2026-09-27 05:15:59,NO
1790485202,2026-09-27 05:00:02,2026-09-27 02:00:02,Nevados de Chillan,VIIRS375,0.0,0.0,RUTINA,NULO,No descargada,2026-09-27 04:20:49,2026-09-27 05:30:56,NO
1790485202,2026-09-27 05:00:02,2026-09-27 02:00:02,Puyehue-Cordon Caulle,VIIRS375,0.0,0.0,RUTINA,NULO,No descargada,2026-09-27 04:35:53,2026-09-27 05:30:56,NO
1790485202,2026-09-27 05:00:02,2026-09-27 02:00:02,Tupungatito,VIIRS375,0.0,0.0,RUTINA,NULO,No descargada,2026-09-27 04:35:53,2026-09-27 05:30:56,NO
1790485202,2026-09-27 05:00:02,2026-09-27 02:00:02,Villarrica,VIIRS,0.0,0.0,RUTINA,NULO,No descargada,2026-09-27 04:35:53,2026-09-27 05:15:59,NO
1790484842,2026-09-27 04:54:02,2026-09-27 01:54:02,Isluga,VIIRS375,0.0,0.0,RUTINA,NULO,No descargada,2026-09-27 04:20:49,2026-09-27 05:30:56,NO
1790484842,2026-09-27 04:54:02,2026-09-27 01:54:02,Lastarria,VIIRS375,0.0,0.0,RUTINA,NULO,No descargada,2026-09-27 04:20:49,2026-09-27 05:30:56,NO
1790484842,2026-09-27 04:54:02,2026-09-27 01:54:02,Isluga,VIIRS,0.0,0.0,RUTINA,NULO,No descargada,2026-09-27 04:20:49,2026-09-27 05:46:03,NO
1790484842,2026-09-27 04:54:02,2026-09-27 01:54:02,Lascar,VIIRS375,0.0,0.0,RUTINA,NULO,No descargada,2026-09-27 04:20:49,2026-09-27 05:46:03,NO
1790484842,2026-09-27 04:54:02,2026-09-27 01:54:02,Lastarria,VIIRS,0.0,0.0,RUTINA,NULO,No descargada,2026-09-27 04:20:49,2026-09-27 05:46:03,NO
1790484842,2026-09-27 04:54:02,2026-09-27 01:54:02,Lascar,VIIRS,0.0,0.0,RUTINA,NULO,No descargada,2026-09-27 04:20:49,2026-09-27 06:31:09,NO
1790475900,2026-09-27 02:25:00,2026-09-26 23:25:00,Villarrica,MODIS,0.0,0.0,RUTINA,NULO,No descargada,2026-09-27 00:51:00,2026-09-27 06:45:51,NO
1790475900,2026-09-27 02:25:00,2026-09-26 23:25:00,Copahue,MODIS,0.0,0.0,RUTINA,NULO,No descargada,2026-09-27 00:51:00,2026-09-27 06:45:51,NO
1790475900,2026-09-27 02:25:00,2026-09-26 23:25:00,Llaima,MODIS,0.0,0.0,RUTINA,NULO,No descargada,2026-09-27 00:51:00,2026-09-27 06:45:51,NO
1790475900,2026-09-27 02:25:00,2026-09-26 23:25:00,PlanchonPeteroa,MODIS,0.0,0.0,RUTINA,NULO,No descargada,2026-09-27 00:51:00,2026-09-27 06:45:51,NO
1790475900,2026-09-27 02:25:00,2026-09-26 23:25:00,Chaiten,MODIS,0.0,0.0,RUTINA,NULO,No descargada,2026-09-27 00:51:00,2026-09-27 06:45:51,NO
1790475900,2026-09-27 02:25:00,2026-09-26 23:25:00,Nevados de Chillan,MODIS,0.0,0.0,RUTINA,NULO,No descargada,2026-09-27 00:51:00,2026-09-27 06:45:51,NO
1790475900,2026-09-27 02:25:00,2026-09-26 23:25:00,Puyehue-Cordon Caulle,MODIS,0.0,0.0,RUTINA,NULO,No descargada,2026-09-27 00:51:00,2026-09-27 06:45:51,NO
1790475900,2026-09-27 02:25:00,2026-09-26 23:25:00,Tupungatito,MODIS,0.0,0.0,RUTINA,NULO,No descargada,2026-09-27 00:51:00,2026-09-27 06:45:51,NO
1790470500,2026-09-27 00:55:00,2026-09-26 21:55:00,Isluga,MODIS,0.0,0.0,RUTINA,NULO,No descargada,2026-09-27 00:35:55,2026-09-27 06:45:51,NO
1790470200,2026-09-27 00:50:00,2026-09-26 21:50:00,Tupungatito,MODIS,0.0,0.0,RUTINA,NULO,No descargada,2026-09-26 23:05:59,2026-09-27 00:45:55,NO
1790470200,2026-09-27 00:50:00,2026-09-26 21:50:00,Lascar,MODIS,0.0,0.0,RUTINA,NULO,No descargada,2026-09-26 23:05:59,2026-09-27 06:45:51,NO
1790470200,2026-09-27 00:50:00,2026-09-26 21:50:00,Lastarria,MODIS,0.0,0.0,RUTINA,NULO,No descargada,2026-09-26 23:05:59,2026-09-27 06:45:51,NO
1790470200,2026-09-27 00:50:00,2026-09-26 21:50:00,PlanchonPeteroa,MODIS,0.0,0.0,RUTINA,NULO,No descargada,2026-09-26 23:05:59,2026-09-27 00:45:55,NO
1790455500,2026-09-26 20:45:00,2026-09-26 17:45:00,Isluga,MODIS,0.0,0.0,RUTINA,NULO,No descargada,2026-09-26 20:35:59,2026-09-27 00:15:55,NO
1790455200,2026-09-26 20:40:00,2026-09-26 17:40:00,Llaima,MODIS,0.0,0.0,RUTINA,NULO,No descargada,2026-09-26 18:35:47,2026-09-27 00:45:55,NO
1790455200,2026-09-26 20:40:00,2026-09-26 17:40:00,PlanchonPeteroa,MODIS,0.0,0.0,RUTINA,NULO,No descargada,2026-09-26 18:35:47,2026-09-26 23:01:05,NO
1790455200,2026-09-26 20:40:00,2026-09-26 17:40:00,Nevados de Chillan,MODIS,0.0,0.0,RUTINA,NULO,No descargada,2026-09-26 18:35:47,2026-09-27 00:45:55,NO
1790455200,2026-09-26 20:40:00,2026-09-26 17:40:00,Lascar,MODIS,0.0,0.0,RUTINA,NULO,No descargada,2026-09-26 18:35:47,2026-09-26 23:01:05,NO
1790455200,2026-09-26 20:40:00,2026-09-26 17:40:00,Puyehue-Cordon Caulle,MODIS,0.0,0.0,RUTINA,NULO,No descargada,2026-09-26 18:35:47,2026-09-27 00:45:55,NO
1790455200,2026-09-26 20:40:00,2026-09-26 17:40:00,Tupungatito,MODIS,0.0,0.0,RUTINA,NULO,No descargada,2026-09-26 18:35:47,2026-09-26 23:01:05,NO
1790455200,2026-09-26 20:40:00,2026-09-26 17:40:00,Villarrica,MODIS,0.0,0.0,RUTINA,NULO,No descargada,2026-09-26 18:35:47,2026-09-27 00:45:55,NO
1790455200,2026-09-26 20:40:00,2026-09-26 17:40:00,Lastarria,MODIS,0.0,0.0,RUTINA,NULO,No descargada,2026-09-26 18:35:47,2026-09-26 23:01:05,NO
1790455200,2026-09-26 20:40:00,2026-09-26 17:40:00,Copahue,MODIS,0.0,0.0,RUTINA,NULO,No descargada,2026-09-26 18:35:47,2026-09-27 00:45:55,NO
1790454900,2026-09-26 20:35:00,2026-09-26 17:35:00,Chaiten,MODIS,0.0,0.0,RUTINA,NULO,No descargada,2026-09-26 18:50:54,2026-09-27 00:45:55,NO
1790453521,2026-09-26 20:12:01,2026-09-26 17:12:01,Chaiten,VIIRS,0.0,0.0,RUTINA,NULO,No descargada,2026-09-26 20:06:08,2026-09-27 04:31:01,NO
1790452440,2026-09-26 19:54:00,2026-09-26 16:54:00,Copahue,VIIRS375,0.0,0.0,RUTINA,NULO,No descargada,2026-09-26 19:36:03,2026-09-27 04:16:03,NO
1790452440,2026-09-26 19:54:00,2026-09-26 16:54:00,Llaima,VIIRS,0.0,0.0,RUTINA,NULO,No descargada,2026-09-26 19:21:05,2026-09-27 04:31:01,NO
1790452440,2026-09-26 19:54:00,2026-09-26 16:54:00,Chaiten,VIIRS375,0.0,0.0,RUTINA,NULO,No descargada,2026-09-26 19:36:03,2026-09-26 19:46:00,NO
1790452440,2026-09-26 19:54:00,2026-09-26 16:54:00,Puyehue-Cordon Caulle,VIIRS,0.0,0.0,RUTINA,NULO,No descargada,2026-09-26 19:21:05,2026-09-27 04:31:01,NO
1790452440,2026-09-26 19:54:00,2026-09-26 16:54:00,Llaima,VIIRS375,0.0,0.0,RUTINA,NULO,No descargada,2026-09-26 19:36:03,2026-09-27 04:16:03,NO
1790452440,2026-09-26 19:54:00,2026-09-26 16:54:00,Copahue,VIIRS,0.0,0.0,RUTINA,NULO,No descargada,2026-09-26 19:21:05,2026-09-27 04:16:03,NO
1790452440,2026-09-26 19:54:00,2026-09-26 16:54:00,Puyehue-Cordon Caulle,VIIRS375,0.0,0.0,RUTINA,NULO,No descargada,2026-09-26 19:36:03,2026-09-27 04:31:01,NO
1790452440,2026-09-26 19:54:00,2026-09-26 16:54:00,Villarrica,VIIRS,0.0,0.0,RUTINA,NULO,No descargada,2026-09-26 19:21:05,2026-09-27 04:31:01,NO
1790452440,2026-09-26 19:54:00,2026-09-26 16:54:00,Nevados de Chillan,VIIRS,0.0,0.0,RUTINA,NULO,No descargada,2026-09-26 19:21:05,2026-09-27 04:16:03,NO
1790452440,2026-09-26 19:54:00,2026-09-26 16:54:00,Chaiten,VIIRS,0.0,0.0,RUTINA,NULO,No descargada,2026-09-26 19:21:05,2026-09-26 20:01:03,NO
1790452440,2026-09-26 19:54:00,2026-09-26 16:54:00,Villarrica,VIIRS375,0.0,0.0,RUTINA,NULO,No descargada,2026-09-26 19:36:03,2026-09-27 04:16:03,NO
1790452440,2026-09-26 19:54:00,2026-09-26 16:54:00,Nevados de Chillan,VIIRS375,0.0,0.0,RUTINA,NULO,No descargada,2026-09-26 19:36:03,2026-09-27 04:16:03,NO
1790450282,2026-09-26 19:18:02,2026-09-26 16:18:02,Chaiten,VIIRS375,0.0,0.0,RUTINA,NULO,No descargada,2026-09-26 19:21:05,2026-09-26 19:30:59,NO
1790450282,2026-09-26 19:18:02,2026-09-26 16:18:02,Villarrica,VIIRS375,0.0,0.0,RUTINA,NULO,No descargada,2026-09-26 19:21:05,2026-09-26 19:30:59,NO
1790450282,2026-09-26 19:18:02,2026-09-26 16:18:02,Copahue,VIIRS375,0.0,0.0,RUTINA,NULO,No descargada,2026-09-26 19:21:05,2026-09-26 19:30:59,NO
1790450282,2026-09-26 19:18:02,2026-09-26 16:18:02,Puyehue-Cordon Caulle,VIIRS,0.0,0.0,RUTINA,NULO,No descargada,2026-09-26 19:06:30,2026-09-26 19:15:55,NO
1790450282,2026-09-26 19:18:02,2026-09-26 16:18:02,Tupungatito,VIIRS375,0.0,0.0,RUTINA,NULO,No descargada,2026-09-26 19:21:05,2026-09-27 04:31:01,NO
1790450282,2026-09-26 19:18:02,2026-09-26 16:18:02,Nevados de Chillan,VIIRS,0.0,0.0,RUTINA,NULO,No descargada,2026-09-26 19:06:30,2026-09-26 19:15:55,NO
1790450282,2026-09-26 19:18:02,2026-09-26 16:18:02,Puyehue-Cordon Caulle,VIIRS375,0.0,0.0,RUTINA,NULO,No descargada,2026-09-26 19:21:05,2026-09-26 19:30:59,NO
1790450282,2026-09-26 19:18:02,2026-09-26 16:18:02,Tupungatito,VIIRS,0.0,0.0,RUTINA,NULO,No descargada,2026-09-26 19:06:30,2026-09-27 04:31:01,NO
1790450282,2026-09-26 19:18:02,2026-09-26 16:18:02,Llaima,VIIRS,0.0,0.0,RUTINA,NULO,No descargada,2026-09-26 19:06:30,2026-09-26 19:15:55,NO
1790450282,2026-09-26 19:18:02,2026-09-26 16:18:02,PlanchonPeteroa,VIIRS375,0.0,0.0,RUTINA,NULO,No descargada,2026-09-26 19:21:05,2026-09-27 04:16:03,NO
1790450282,2026-09-26 19:18:02,2026-09-26 16:18:02,Llaima,VIIRS375,0.0,0.0,RUTINA,NULO,No descargada,2026-09-26 19:21:05,2026-09-26 19:30:59,NO
1790450282,2026-09-26 19:18:02,2026-09-26 16:18:02,Villarrica,VIIRS,0.0,0.0,RUTINA,NULO,No descargada,2026-09-26 19:06:30,2026-09-26 19:15:55,NO
1790450282,2026-09-26 19:18:02,2026-09-26 16:18:02,Chaiten,VIIRS,0.0,0.0,RUTINA,NULO,No descargada,2026-09-26 19:06:30,2026-09-26 19:15:55,NO
1790450282,2026-09-26 19:18:02,2026-09-26 16:18:02,PlanchonPeteroa,VIIRS,0.0,0.0,RUTINA,NULO,No descargada,2026-09-26 19:06:30,2026-09-27 04:16:03,NO
1790450282,2026-09-26 19:18:02,2026-09-26 16:18:02,Copahue,VIIRS,0.0,0.0,RUTINA,NULO,No descargada,2026-09-26 19:06:30,2026-09-26 19:15:55,NO
1790450282,2026-09-26 19:18:02,2026-09-26 16:18:02,Nevados de Chillan,VIIRS375,0.0,0.0,RUTINA,NULO,No descargada,2026-09-26 19:21:05,2026-09-26 19:30:59,NO
1790447761,2026-09-26 18:36:01,2026-09-26 15:36:01,Llaima,VIIRS,0.0,0.0,RUTINA,NULO,No descargada,2026-09-26 18:50:54,2026-09-26 19:01:05,NO
1790447761,2026-09-26 18:36:01,2026-09-26 15:36:01,Isluga,VIIRS375,0.0,0.0,RUTINA,NULO,No descargada,2026-09-26 19:06:30,2026-09-27 04:16:03,NO
1790447761,2026-09-26 18:36:01,2026-09-26 15:36:01,Lascar,VIIRS375,0.0,0.0,RUTINA,NULO,No descargada,2026-09-26 19:06:30,2026-09-27 04:16:03,NO
1790447761,2026-09-26 18:36:01,2026-09-26 15:36:01,PlanchonPeteroa,VIIRS375,0.0,0.0,RUTINA,NULO,No descargada,2026-09-26 19:06:30,2026-09-26 19:15:55,NO
1790447761,2026-09-26 18:36:01,2026-09-26 15:36:01,Isluga,VIIRS,0.0,0.0,RUTINA,NULO,No descargada,2026-09-26 18:50:54,2026-09-27 04:16:03,NO
1790447761,2026-09-26 18:36:01,2026-09-26 15:36:01,Lastarria,VIIRS375,0.0,0.0,RUTINA,NULO,No descargada,2026-09-26 19:06:30,2026-09-27 04:16:03,NO
1790447761,2026-09-26 18:36:01,2026-09-26 15:36:01,Tupungatito,VIIRS,0.0,0.0,RUTINA,NULO,No descargada,2026-09-26 18:50:54,2026-09-26 19:01:05,NO
1790447761,2026-09-26 18:36:01,2026-09-26 15:36:01,Copahue,VIIRS,0.0,0.0,RUTINA,NULO,No descargada,2026-09-26 18:50:54,2026-09-26 19:01:05,NO
1790447761,2026-09-26 18:36:01,2026-09-26 15:36:01,Villarrica,VIIRS375,0.0,0.0,RUTINA,NULO,No descargada,2026-09-26 19:06:30,2026-09-26 19:15:55,NO
1790447761,2026-09-26 18:36:01,2026-09-26 15:36:01,Nevados de Chillan,VIIRS,0.0,0.0,RUTINA,NULO,No descargada,2026-09-26 18:50:54,2026-09-26 19:01:05,NO
1790447761,2026-09-26 18:36:01,2026-09-26 15:36:01,PlanchonPeteroa,VIIRS,0.0,0.0,RUTINA,NULO,No descargada,2026-09-26 18:50:54,2026-09-26 19:01:05,NO
1790447761,2026-09-26 18:36:01,2026-09-26 15:36:01,Llaima,VIIRS375,0.0,0.0,RUTINA,NULO,No descargada,2026-09-26 19:06:30,2026-09-26 19:15:55,NO
1790447761,2026-09-26 18:36:01,2026-09-26 15:36:01,Copahue,VIIRS375,0.0,0.0,RUTINA,NULO,No descargada,2026-09-26 19:06:30,2026-09-26 19:15:55,NO
1790447761,2026-09-26 18:36:01,2026-09-26 15:36:01,Nevados de Chillan,VIIRS375,0.0,0.0,RUTINA,NULO,No descargada,2026-09-26 19:06:30,2026-09-26 19:15:55,NO
1790447761,2026-09-26 18:36:01,2026-09-26 15:36:01,Villarrica,VIIRS,0.0,0.0,RUTINA,NULO,No descargada,2026-09-26 18:50:54,2026-09-26 19:01:05,NO
1790447761,2026-09-26 18:36:01,2026-09-26 15:36:01,Lastarria,VIIRS,0.0,0.0,RUTINA,NULO,No descargada,2026-09-26 18:50:54,2026-09-27 04:16:03,NO
1790447761,2026-09-26 18:36:01,2026-09-26 15:36:01,Tupungatito,VIIRS375,0.0,0.0,RUTINA,NULO,No descargada,2026-09-26 19:06:30,2026-09-26 19:15:55,NO
1790447761,2026-09-26 18:36:01,2026-09-26 15:36:01,Lascar,VIIRS,0.0,0.0,RUTINA,NULO,No descargada,2026-09-26 18:50:54,2026-09-27 04:16:03,NO
1790447401,2026-09-26 18:30:01,2026-09-26 15:30:01,Chaiten,VIIRS375,0.0,0.0,RUTINA,NULO,No descargada,2026-09-26 19:06:30,2026-09-26 19:15:55,NO
1790447401,2026-09-26 18:30:01,2026-09-26 15:30:01,Chaiten,VIIRS,0.0,0.0,RUTINA,NULO,No descargada,2026-09-26 18:50:54,2026-09-26 19:01:05,NO
1790446680,2026-09-26 18:18:00,2026-09-26 15:18:00,Lastarria,VIIRS375,0.0,0.0,RUTINA,NULO,No descargada,2026-09-26 18:35:47,2026-09-26 19:01:05,NO
1790446680,2026-09-26 18:18:00,2026-09-26 15:18:00,Lastarria,VIIRS,0.0,0.0,RUTINA,NULO,No descargada,2026-09-26 18:35:47,2026-09-26 18:45:47,NO
1790446680,2026-09-26 18:18:00,2026-09-26 15:18:00,Tupungatito,VIIRS375,0.0,0.0,RUTINA,NULO,No descargada,2026-09-26 18:35:47,2026-09-26 19:01:05,NO
1790446680,2026-09-26 18:18:00,2026-09-26 15:18:00,Tupungatito,VIIRS,0.0,0.0,RUTINA,NULO,No descargada,2026-09-26 18:35:47,2026-09-26 18:45:47,NO
1790446680,2026-09-26 18:18:00,2026-09-26 15:18:00,Isluga,VIIRS375,0.0,0.0,RUTINA,NULO,No descargada,2026-09-26 18:35:47,2026-09-26 19:01:05,NO
1790446680,2026-09-26 18:18:00,2026-09-26 15:18:00,Lascar,VIIRS,0.0,0.0,RUTINA,NULO,No descargada,2026-09-26 18:35:47,2026-09-26 18:45:47,NO
1790446680,2026-09-26 18:18:00,2026-09-26 15:18:00,Isluga,VIIRS,0.0,0.0,RUTINA,NULO,No descargada,2026-09-26 18:35:47,2026-09-26 18:45:47,NO
1790446680,2026-09-26 18:18:00,2026-09-26 15:18:00,Lascar,VIIRS375,0.0,0.0,RUTINA,NULO,No descargada,2026-09-26 18:35:47,2026-09-26 19:01:05,NO
1790446320,2026-09-26 18:12:00,2026-09-26 15:12:00,Llaima,VIIRS,0.0,0.0,RUTINA,NULO,No descargada,2026-09-26 18:20:55,2026-09-26 18:45:47,NO
1790446320,2026-09-26 18:12:00,2026-09-26 15:12:00,Copahue,VIIRS375,0.0,0.0,RUTINA,NULO,No descargada,2026-09-26 18:35:47,2026-09-26 19:01:05,NO
1790446320,2026-09-26 18:12:00,2026-09-26 15:12:00,Nevados de Chillan,VIIRS375,0.0,0.0,RUTINA,NULO,No descargada,2026-09-26 18:35:47,2026-09-26 19:01:05,NO
1790446320,2026-09-26 18:12:00,2026-09-26 15:12:00,Nevados de Chillan,VIIRS,0.0,0.0,RUTINA,NULO,No descargada,2026-09-26 18:20:55,2026-09-26 18:45:47,NO
1790446320,2026-09-26 18:12:00,2026-09-26 15:12:00,Llaima,VIIRS375,0.0,0.0,RUTINA,NULO,No descargada,2026-09-26 18:35:47,2026-09-26 19:01:05,NO
1790446320,2026-09-26 18:12:00,2026-09-26 15:12:00,Villarrica,VIIRS,0.0,0.0,RUTINA,NULO,No descargada,2026-09-26 18:20:55,2026-09-26 18:45:47,NO
1790446320,2026-09-26 18:12:00,2026-09-26 15:12:00,Chaiten,VIIRS,0.0,0.0,RUTINA,NULO,No descargada,2026-09-26 18:35:47,2026-09-26 18:45:47,NO
1790446320,2026-09-26 18:12:00,2026-09-26 15:12:00,Villarrica,VIIRS375,0.0,0.0,RUTINA,NULO,No descargada,2026-09-26 18:35:47,2026-09-26 19:01:05,NO
1790446320,2026-09-26 18:12:00,2026-09-26 15:12:00,Chaiten,VIIRS375,0.0,0.0,RUTINA,NULO,No descargada,2026-09-26 18:35:47,2026-09-26 19:01:05,NO
1790446320,2026-09-26 18:12:00,2026-09-26 15:12:00,Puyehue-Cordon Caulle,VIIRS375,0.0,0.0,RUTINA,NULO,No descargada,2026-09-26 18:35:47,2026-09-26 19:15:55,NO
1790446320,2026-09-26 18:12:00,2026-09-26 15:12:00,Puyehue-Cordon Caulle,VIIRS,0.0,0.0,RUTINA,NULO,No descargada,2026-09-26 18:35:47,2026-09-26 19:01:05,NO
1790446320,2026-09-26 18:12:00,2026-09-26 15:12:00,Copahue,VIIRS,0.0,0.0,RUTINA,NULO,No descargada,2026-09-26 18:20:55,2026-09-26 18:45:47,NO
1790444522,2026-09-26 17:42:02,2026-09-26 14:42:02,Lascar,VIIRS375,0.0,0.0,RUTINA,NULO,No descargada,2026-09-26 18:05:59,2026-09-26 18:31:11,NO
1790444522,2026-09-26 17:42:02,2026-09-26 14:42:02,Lascar,VIIRS,0.0,0.0,RUTINA,NULO,No descargada,2026-09-26 17:51:08,2026-09-26 18:31:11,NO
1790444522,2026-09-26 17:42:02,2026-09-26 14:42:02,Isluga,VIIRS,0.0,0.0,RUTINA,NULO,No descargada,2026-09-26 17:51:08,2026-09-26 18:31:11,NO
1790444522,2026-09-26 17:42:02,2026-09-26 14:42:02,Isluga,VIIRS375,0.0,0.0,RUTINA,NULO,No descargada,2026-09-26 18:05:59,2026-09-26 18:31:11,NO
1790444522,2026-09-26 17:42:02,2026-09-26 14:42:02,Lastarria,VIIRS,0.0,0.0,RUTINA,NULO,No descargada,2026-09-26 17:51:08,2026-09-26 18:31:11,NO
1790444522,2026-09-26 17:42:02,2026-09-26 14:42:02,Lastarria,VIIRS375,0.0,0.0,RUTINA,NULO,No descargada,2026-09-26 18:05:59,2026-09-26 18:31:11,NO
1790444162,2026-09-26 17:36:02,2026-09-26 14:36:02,Copahue,VIIRS375,0.0,0.0,RUTINA,NULO,No descargada,2026-09-26 18:05:59,2026-09-26 18:31:11,NO
1790444162,2026-09-26 17:36:02,2026-09-26 14:36:02,Tupungatito,VIIRS375,0.0,0.0,RUTINA,NULO,No descargada,2026-09-26 18:05:59,2026-09-26 18:31:11,NO
1790444162,2026-09-26 17:36:02,2026-09-26 14:36:02,Tupungatito,VIIRS,0.0,0.0,RUTINA,NULO,No descargada,2026-09-26 17:51:08,2026-09-26 18:31:11,NO
1790444162,2026-09-26 17:36:02,2026-09-26 14:36:02,PlanchonPeteroa,VIIRS,0.0,0.0,RUTINA,NULO,No descargada,2026-09-26 17:51:08,2026-09-26 18:45:47,NO
1790444162,2026-09-26 17:36:02,2026-09-26 14:36:02,Chaiten,VIIRS,0.0,0.0,RUTINA,NULO,No descargada,2026-09-26 17:51:08,2026-09-26 18:31:11,NO
1790444162,2026-09-26 17:36:02,2026-09-26 14:36:02,Villarrica,VIIRS,0.0,0.0,RUTINA,NULO,No descargada,2026-09-26 17:51:08,2026-09-26 18:15:56,NO
1790444162,2026-09-26 17:36:02,2026-09-26 14:36:02,Llaima,VIIRS375,0.0,0.0,RUTINA,NULO,No descargada,2026-09-26 18:05:59,2026-09-26 18:31:11,NO
1790444162,2026-09-26 17:36:02,2026-09-26 14:36:02,Nevados de Chillan,VIIRS375,0.0,0.0,RUTINA,NULO,No descargada,2026-09-26 18:05:59,2026-09-26 18:31:11,NO
1790444162,2026-09-26 17:36:02,2026-09-26 14:36:02,Copahue,VIIRS,0.0,0.0,RUTINA,NULO,No descargada,2026-09-26 17:51:08,2026-09-26 18:15:56,NO
1790444162,2026-09-26 17:36:02,2026-09-26 14:36:02,Puyehue-Cordon Caulle,VIIRS375,0.0,0.0,RUTINA,NULO,No descargada,2026-09-26 18:05:59,2026-09-26 18:31:11,NO
1790444162,2026-09-26 17:36:02,2026-09-26 14:36:02,Llaima,VIIRS,0.0,0.0,RUTINA,NULO,No descargada,2026-09-26 17:51:08,2026-09-26 18:15:56,NO
1790444162,2026-09-26 17:36:02,2026-09-26 14:36:02,Villarrica,VIIRS375,0.0,0.0,RUTINA,NULO,No descargada,2026-09-26 18:05:59,2026-09-26 18:31:11,NO
1790444162,2026-09-26 17:36:02,2026-09-26 14:36:02,Chaiten,VIIRS375,0.0,0.0,RUTINA,NULO,No descargada,2026-09-26 18:05:59,2026-09-26 18:31:11,NO
1790444162,2026-09-26 17:36:02,2026-09-26 14:36:02,PlanchonPeteroa,VIIRS375,0.0,0.0,RUTINA,NULO,No descargada,2026-09-26 18:05:59,2026-09-26 19:01:05,NO
1790444162,2026-09-26 17:36:02,2026-09-26 14:36:02,Puyehue-Cordon Caulle,VIIRS,0.0,0.0,RUTINA,NULO,No descargada,2026-09-26 17:51:08,2026-09-26 18:31:11,NO
1790444162,2026-09-26 17:36:02,2026-09-26 14:36:02,Nevados de Chillan,VIIRS,0.0,0.0,RUTINA,NULO,No descargada,2026-09-26 17:51:08,2026-09-26 18:15:56,NO
1790427000,2026-09-26 12:50:00,2026-09-26 09:50:00,Copahue,MODIS,0.0,0.0,RUTINA,NULO,No descargada,2026-09-26 11:05:56,2026-09-26 18:31:11,NO
1790427000,2026-09-26 12:50:00,2026-09-26 09:50:00,Llaima,MODIS,0.0,0.0,RUTINA,NULO,No descargada,2026-09-26 11:05:56,2026-09-26 18:31:11,NO
1790427000,2026-09-26 12:50:00,2026-09-26 09:50:00,Nevados de Chillan,MODIS,0.0,0.0,RUTINA,NULO,No descargada,2026-09-26 11:05:56,2026-09-26 18:31:11,NO
1790427000,2026-09-26 12:50:00,2026-09-26 09:50:00,Puyehue-Cordon Caulle,MODIS,0.0,0.0,RUTINA,NULO,No descargada,2026-09-26 11:05:56,2026-09-26 18:31:11,NO
1790427000,2026-09-26 12:50:00,2026-09-26 09:50:00,Chaiten,MODIS,0.0,0.0,RUTINA,NULO,No descargada,2026-09-26 11:05:56,2026-09-26 18:45:47,NO
1790427000,2026-09-26 12:50:00,2026-09-26 09:50:00,Tupungatito,MODIS,0.0,0.0,RUTINA,NULO,No descargada,2026-09-26 11:05:56,2026-09-26 18:31:11,NO
1790427000,2026-09-26 12:50:00,2026-09-26 09:50:00,PlanchonPeteroa,MODIS,0.0,0.0,RUTINA,NULO,No descargada,2026-09-26 11:05:56,2026-09-26 18:31:11,NO
1790427000,2026-09-26 12:50:00,2026-09-26 09:50:00,Villarrica,MODIS,0.0,0.0,RUTINA,NULO,No descargada,2026-09-26 11:05:56,2026-09-26 18:31:11,NO
1790426700,2026-09-26 12:45:00,2026-09-26 09:45:00,Lastarria,MODIS,0.0,0.0,RUTINA,NULO,No descargada,2026-09-26 11:05:56,2026-09-26 18:31:11,NO
1790426700,2026-09-26 12:45:00,2026-09-26 09:45:00,Isluga,MODIS,0.0,0.0,RUTINA,NULO,No descargada,2026-09-26 11:05:56,2026-09-26 20:31:06,NO
1790426700,2026-09-26 12:45:00,2026-09-26 09:45:00,Lascar,MODIS,0.0,0.0,RUTINA,NULO,No descargada,2026-09-26 11:05:56,2026-09-26 18:31:11,NO
1790412000,2026-09-26 08:40:00,2026-09-26 05:40:00,Villarrica,MODIS,0.0,0.0,RUTINA,NULO,No descargada,2026-09-26 07:50:55,2026-09-26 11:01:03,NO
1790412000,2026-09-26 08:40:00,2026-09-26 05:40:00,PlanchonPeteroa,MODIS,0.0,0.0,RUTINA,NULO,No descargada,2026-09-26 07:50:55,2026-09-26 11:01:03,NO
1790412000,2026-09-26 08:40:00,2026-09-26 05:40:00,Nevados de Chillan,MODIS,0.0,0.0,RUTINA,NULO,No descargada,2026-09-26 07:50:55,2026-09-26 11:01:03,NO
1790412000,2026-09-26 08:40:00,2026-09-26 05:40:00,Chaiten,MODIS,0.0,0.0,RUTINA,NULO,No descargada,2026-09-26 07:50:55,2026-09-26 11:01:03,NO
1790412000,2026-09-26 08:40:00,2026-09-26 05:40:00,Copahue,MODIS,0.0,0.0,RUTINA,NULO,No descargada,2026-09-26 07:50:55,2026-09-26 11:01:03,NO
1790412000,2026-09-26 08:40:00,2026-09-26 05:40:00,Llaima,MODIS,0.0,0.0,RUTINA,NULO,No descargada,2026-09-26 07:50:55,2026-09-26 11:01:03,NO
1790412000,2026-09-26 08:40:00,2026-09-26 05:40:00,Tupungatito,MODIS,0.0,0.0,RUTINA,NULO,No descargada,2026-09-26 07:50:55,2026-09-26 11:01:03,NO
1790412000,2026-09-26 08:40:00,2026-09-26 05:40:00,Puyehue-Cordon Caulle,MODIS,0.0,0.0,RUTINA,NULO,No descargada,2026-09-26 07:50:55,2026-09-26 11:01:03,NO
1790411700,2026-09-26 08:35:00,2026-09-26 05:35:00,Lastarria,MODIS,0.0,0.0,RUTINA,NULO,No descargada,2026-09-26 07:50:55,2026-09-26 11:01:03,NO
1790411700,2026-09-26 08:35:00,2026-09-26 05:35:00,Lascar,MODIS,0.0,0.0,RUTINA,NULO,No descargada,2026-09-26 07:50:55,2026-09-26 11:01:03,NO
1790411700,2026-09-26 08:35:00,2026-09-26 05:35:00,Isluga,MODIS,0.0,0.0,RUTINA,NULO,No descargada,2026-09-26 07:50:55,2026-09-26 11:01:03,NO
1790406300,2026-09-26 07:05:00,2026-09-26 04:05:00,Chaiten,MODIS,0.0,0.0,RUTINA,NULO,No descargada,2026-09-26 06:05:52,2026-09-26 07:46:00,NO
1790406300,2026-09-26 07:05:00,2026-09-26 04:05:00,Puyehue-Cordon Caulle,MODIS,0.0,0.0,RUTINA,NULO,No descargada,2026-09-26 06:05:52,2026-09-26 07:46:00,NO
1790406300,2026-09-26 07:05:00,2026-09-26 04:05:00,Villarrica,MODIS,0.0,0.0,RUTINA,NULO,No descargada,2026-09-26 06:05:52,2026-09-26 07:46:00,NO
1790403481,2026-09-26 06:18:01,2026-09-26 03:18:01,Chaiten,VIIRS,0.0,0.0,RUTINA,NULO,No descargada,2026-09-26 06:35:59,2026-09-26 17:46:05,NO
1790403481,2026-09-26 06:18:01,2026-09-26 03:18:01,Chaiten,VIIRS375,0.0,0.0,RUTINA,NULO,No descargada,2026-09-26 06:21:02,2026-09-26 18:01:03,NO
1790403121,2026-09-26 06:12:01,2026-09-26 03:12:01,Lascar,VIIRS375,0.21,1.13,ALERTA_TERMICA,Muy Bajo,imagenes_satelitales/Lascar/2026-09-26/06-12-01_Lascar_VIIRS375_Latest.png,2026-09-26 07:05:54,2026-09-26 18:01:03,NO
1790403121,2026-09-26 06:12:01,2026-09-26 03:12:01,PlanchonPeteroa,VIIRS,0.0,0.0,RUTINA,NULO,No descargada,2026-09-26 07:05:54,2026-09-26 17:46:05,NO
1790403121,2026-09-26 06:12:01,2026-09-26 03:12:01,Lastarria,VIIRS375,0.05,1.19,ALERTA_TERMICA,Muy Bajo,imagenes_satelitales/Lastarria/2026-09-26/06-12-01_Lastarria_VIIRS375_Latest.png,2026-09-26 07:05:54,2026-09-26 18:01:03,NO
1790403121,2026-09-26 06:12:01,2026-09-26 03:12:01,Lascar,VIIRS,0.0,0.0,RUTINA,NULO,No descargada,2026-09-26 07:05:54,2026-09-26 17:46:05,NO
1790403121,2026-09-26 06:12:01,2026-09-26 03:12:01,PlanchonPeteroa,VIIRS375,0.0,0.0,RUTINA,NULO,No descargada,2026-09-26 07:05:54,2026-09-26 18:01:03,NO
1790403121,2026-09-26 06:12:01,2026-09-26 03:12:01,Puyehue-Cordon Caulle,VIIRS375,0.0,0.0,RUTINA,NULO,No descargada,2026-09-26 07:21:05,2026-09-26 18:01:03,NO
1790403121,2026-09-26 06:12:01,2026-09-26 03:12:01,Tupungatito,VIIRS375,0.0,0.0,RUTINA,NULO,No descargada,2026-09-26 07:21:05,2026-09-26 18:01:03,NO
1790403121,2026-09-26 06:12:01,2026-09-26 03:12:01,Nevados de Chillan,VIIRS375,0.0,0.0,RUTINA,NULO,No descargada,2026-09-26 07:05:54,2026-09-26 18:01:03,NO
1790403121,2026-09-26 06:12:01,2026-09-26 03:12:01,Llaima,VIIRS375,0.0,0.0,RUTINA,NULO,No descargada,2026-09-26 07:21:05,2026-09-26 18:01:03,NO
1790403121,2026-09-26 06:12:01,2026-09-26 03:12:01,Nevados de Chillan,VIIRS,0.0,0.0,RUTINA,NULO,No descargada,2026-09-26 07:21:05,2026-09-26 17:46:05,NO
1790403121,2026-09-26 06:12:01,2026-09-26 03:12:01,Copahue,VIIRS375,0.0,0.0,RUTINA,NULO,No descargada,2026-09-26 07:21:05,2026-09-26 18:01:03,NO
1790403121,2026-09-26 06:12:01,2026-09-26 03:12:01,Lastarria,VIIRS,0.0,0.0,RUTINA,NULO,No descargada,2026-09-26 07:05:54,2026-09-26 17:46:05,NO
1790403121,2026-09-26 06:12:01,2026-09-26 03:12:01,Villarrica,VIIRS375,0.0,0.0,RUTINA,NULO,No descargada,2026-09-26 07:21:05,2026-09-26 18:01:03,NO
1790402761,2026-09-26 06:06:01,2026-09-26 03:06:01,Isluga,VIIRS375,0.15,0.53,ALERTA_TERMICA,Muy Bajo,imagenes_satelitales/Isluga/2026-09-26/06-06-01_Isluga_VIIRS375_Latest.png,2026-09-26 06:21:02,2026-09-26 17:01:04,NO
1790402761,2026-09-26 06:06:01,2026-09-26 03:06:01,Isluga,VIIRS,0.0,0.0,RUTINA,NULO,No descargada,2026-09-26 06:21:02,2026-09-26 17:46:05,NO
1790402040,2026-09-26 05:54:00,2026-09-26 02:54:00,PlanchonPeteroa,VIIRS375,0.0,0.0,RUTINA,NULO,No descargada,2026-09-26 05:50:54,2026-09-26 07:01:11,NO
1790402040,2026-09-26 05:54:00,2026-09-26 02:54:00,Nevados de Chillan,VIIRS375,0.0,0.0,RUTINA,NULO,No descargada,2026-09-26 05:50:54,2026-09-26 07:01:11,NO
1790402040,2026-09-26 05:54:00,2026-09-26 02:54:00,Copahue,VIIRS375,0.0,0.0,RUTINA,NULO,No descargada,2026-09-26 05:50:54,2026-09-26 07:15:59,NO
1790402040,2026-09-26 05:54:00,2026-09-26 02:54:00,Chaiten,VIIRS,0.0,0.0,RUTINA,NULO,No descargada,2026-09-26 05:50:54,2026-09-26 06:31:05,NO
1790402040,2026-09-26 05:54:00,2026-09-26 02:54:00,Tupungatito,VIIRS375,0.0,0.0,RUTINA,NULO,No descargada,2026-09-26 05:50:54,2026-09-26 07:15:59,NO
1790402040,2026-09-26 05:54:00,2026-09-26 02:54:00,Puyehue-Cordon Caulle,VIIRS,0.0,0.0,RUTINA,NULO,No descargada,2026-09-26 05:50:54,2026-09-26 17:46:05,NO
1790402040,2026-09-26 05:54:00,2026-09-26 02:54:00,Villarrica,VIIRS,0.0,0.0,RUTINA,NULO,No descargada,2026-09-26 05:50:54,2026-09-26 17:46:05,NO
1790402040,2026-09-26 05:54:00,2026-09-26 02:54:00,Chaiten,VIIRS375,0.0,0.0,RUTINA,NULO,No descargada,2026-09-26 05:50:54,2026-09-26 06:15:59,NO
1790402040,2026-09-26 05:54:00,2026-09-26 02:54:00,Puyehue-Cordon Caulle,VIIRS375,0.0,0.0,RUTINA,NULO,No descargada,2026-09-26 05:50:54,2026-09-26 07:15:59,NO
1790402040,2026-09-26 05:54:00,2026-09-26 02:54:00,Copahue,VIIRS,0.0,0.0,RUTINA,NULO,No descargada,2026-09-26 05:50:54,2026-09-26 17:46:05,NO
1790402040,2026-09-26 05:54:00,2026-09-26 02:54:00,Nevados de Chillan,VIIRS,0.0,0.0,RUTINA,NULO,No descargada,2026-09-26 05:50:54,2026-09-26 07:15:59,NO
1790402040,2026-09-26 05:54:00,2026-09-26 02:54:00,Tupungatito,VIIRS,0.0,0.0,RUTINA,NULO,No descargada,2026-09-26 05:50:54,2026-09-26 17:46:05,NO
1790402040,2026-09-26 05:54:00,2026-09-26 02:54:00,Villarrica,VIIRS375,0.16,25.8,FALSO_POSITIVO,NULO,No descargada,2026-09-26 05:50:54,2026-09-26 07:15:59,NO
1790402040,2026-09-26 05:54:00,2026-09-26 02:54:00,Llaima,VIIRS,0.0,0.0,RUTINA,NULO,No descargada,2026-09-26 05:50:54,2026-09-26 17:46:05,NO
1790402040,2026-09-26 05:54:00,2026-09-26 02:54:00,Llaima,VIIRS375,0.0,0.0,RUTINA,NULO,No descargada,2026-09-26 05:50:54,2026-09-26 07:15:59,NO
1790402040,2026-09-26 05:54:00,2026-09-26 02:54:00,PlanchonPeteroa,VIIRS,0.0,0.0,RUTINA,NULO,No descargada,2026-09-26 05:50:54,2026-09-26 07:01:11,NO
1790401680,2026-09-26 05:48:00,2026-09-26 02:48:00,Lastarria,VIIRS,0.0,0.0,RUTINA,NULO,No descargada,2026-09-26 05:50:54,2026-09-26 07:01:11,NO
1790401680,2026-09-26 05:48:00,2026-09-26 02:48:00,Lascar,VIIRS375,0.58,24.96,FALSO_POSITIVO,NULO,No descargada,2026-09-26 05:35:55,2026-09-26 07:01:11,NO
1790401680,2026-09-26 05:48:00,2026-09-26 02:48:00,Isluga,VIIRS375,0.23,0.75,ALERTA_TERMICA,Muy Bajo,imagenes_satelitales/Isluga/2026-09-26/05-48-00_Isluga_VIIRS375_Latest.png,2026-09-26 05:35:55,2026-09-26 06:15:59,NO
1790401680,2026-09-26 05:48:00,2026-09-26 02:48:00,Lascar,VIIRS,0.74,1.5,ALERTA_TERMICA,Muy Bajo,imagenes_satelitales/Lascar/2026-09-26/05-48-00_Lascar_VIIRS750_Latest.png,2026-09-26 05:50:54,2026-09-26 07:01:11,NO
1790401680,2026-09-26 05:48:00,2026-09-26 02:48:00,Isluga,VIIRS,0.0,0.0,RUTINA,NULO,No descargada,2026-09-26 05:50:54,2026-09-26 06:15:59,NO
1790401680,2026-09-26 05:48:00,2026-09-26 02:48:00,Lastarria,VIIRS375,0.32,2.4,ALERTA_TERMICA,Muy Bajo,imagenes_satelitales/Lastarria/2026-09-26/05-48-00_Lastarria_VIIRS375_Latest.png,2026-09-26 05:50:54,2026-09-26 07:01:11,NO
1790399882,2026-09-26 05:18:02,2026-09-26 02:18:02,Chaiten,VIIRS,0.0,0.0,RUTINA,NULO,No descargada,2026-09-26 04:35:56,2026-09-26 05:45:52,NO
1790399882,2026-09-26 05:18:02,2026-09-26 02:18:02,Copahue,VIIRS375,0.0,0.0,RUTINA,NULO,No descargada,2026-09-26 04:50:56,2026-09-26 05:45:52,NO
1790399882,2026-09-26 05:18:02,2026-09-26 02:18:02,Chaiten,VIIRS375,0.0,0.0,RUTINA,NULO,No descargada,2026-09-26 04:50:56,2026-09-26 05:45:52,NO
1790399882,2026-09-26 05:18:02,2026-09-26 02:18:02,Copahue,VIIRS,0.0,0.0,RUTINA,NULO,No descargada,2026-09-26 04:35:56,2026-09-26 05:45:52,NO
1790399882,2026-09-26 05:18:02,2026-09-26 02:18:02,Llaima,VIIRS375,0.0,0.0,RUTINA,NULO,No descargada,2026-09-26 04:50:56,2026-09-26 05:45:52,NO
1790399882,2026-09-26 05:18:02,2026-09-26 02:18:02,Llaima,VIIRS,0.0,0.0,RUTINA,NULO,No descargada,2026-09-26 04:35:56,2026-09-26 05:45:52,NO
1790399882,2026-09-26 05:18:02,2026-09-26 02:18:02,Villarrica,VIIRS,0.0,0.0,RUTINA,NULO,No descargada,2026-09-26 04:35:56,2026-09-26 05:45:52,NO
1790399882,2026-09-26 05:18:02,2026-09-26 02:18:02,Villarrica,VIIRS375,0.0,0.0,RUTINA,NULO,No descargada,2026-09-26 04:50:56,2026-09-26 05:45:52,NO
1790399882,2026-09-26 05:18:02,2026-09-26 02:18:02,Puyehue-Cordon Caulle,VIIRS,0.0,0.0,RUTINA,NULO,No descargada,2026-09-26 04:35:56,2026-09-26 05:45:52,NO
1790399882,2026-09-26 05:18:02,2026-09-26 02:18:02,Tupungatito,VIIRS,0.0,0.0,RUTINA,NULO,No descargada,2026-09-26 04:35:56,2026-09-26 05:45:52,NO
1790399882,2026-09-26 05:18:02,2026-09-26 02:18:02,Tupungatito,VIIRS375,0.0,0.0,RUTINA,NULO,No descargada,2026-09-26 04:50:56,2026-09-26 05:45:52,NO
1790399882,2026-09-26 05:18:02,2026-09-26 02:18:02,Nevados de Chillan,VIIRS375,0.0,0.0,RUTINA,NULO,No descargada,2026-09-26 04:50:56,2026-09-26 05:45:52,NO
1790399882,2026-09-26 05:18:02,2026-09-26 02:18:02,Nevados de Chillan,VIIRS,0.0,0.0,RUTINA,NULO,No descargada,2026-09-26 04:35:56,2026-09-26 05:45:52,NO
1790399882,2026-09-26 05:18:02,2026-09-26 02:18:02,PlanchonPeteroa,VIIRS375,0.0,0.0,RUTINA,NULO,No descargada,2026-09-26 04:50:56,2026-09-26 05:45:52,NO
1790399882,2026-09-26 05:18:02,2026-09-26 02:18:02,PlanchonPeteroa,VIIRS,0.0,0.0,RUTINA,NULO,No descargada,2026-09-26 04:35:56,2026-09-26 05:45:52,NO
1790399882,2026-09-26 05:18:02,2026-09-26 02:18:02,Puyehue-Cordon Caulle,VIIRS375,0.0,0.0,RUTINA,NULO,No descargada,2026-09-26 04:50:56,2026-09-26 05:45:52,NO
1790399522,2026-09-26 05:12:02,2026-09-26 02:12:02,Lastarria,VIIRS375,0.0,0.0,RUTINA,NULO,No descargada,2026-09-26 04:50:56,2026-09-26 05:45:52,NO
1790399522,2026-09-26 05:12:02,2026-09-26 02:12:02,Lascar,VIIRS375,0.13,1.19,ALERTA_TERMICA,Muy Bajo,imagenes_satelitales/Lascar/2026-09-26/05-12-02_Lascar_VIIRS375_Latest.png,2026-09-26 04:35:56,2026-09-26 05:31:01,NO
1790399522,2026-09-26 05:12:02,2026-09-26 02:12:02,Isluga,VIIRS375,0.27,0.84,ALERTA_TERMICA,Muy Bajo,imagenes_satelitales/Isluga/2026-09-26/05-12-02_Isluga_VIIRS375_Latest.png,2026-09-26 04:35:56,2026-09-26 05:31:01,NO
1790399522,2026-09-26 05:12:02,2026-09-26 02:12:02,Lastarria,VIIRS,0.0,0.0,RUTINA,NULO,No descargada,2026-09-26 04:35:56,2026-09-26 05:45:52,NO
1790399522,2026-09-26 05:12:02,2026-09-26 02:12:02,Lascar,VIIRS,0.0,0.0,RUTINA,NULO,No descargada,2026-09-26 04:35:56,2026-09-26 05:45:52,NO
1790399522,2026-09-26 05:12:02,2026-09-26 02:12:02,Isluga,VIIRS,0.0,0.0,RUTINA,NULO,No descargada,2026-09-26 04:35:56,2026-09-26 05:45:52,NO
1790397361,2026-09-26 04:36:01,2026-09-26 01:36:01,Copahue,VIIRS,0.0,0.0,RUTINA,NULO,No descargada,2026-09-26 03:50:54,2026-09-26 04:30:55,NO
1790397361,2026-09-26 04:36:01,2026-09-26 01:36:01,Nevados de Chillan,VIIRS375,0.0,0.0,RUTINA,NULO,No descargada,2026-09-26 04:05:51,2026-09-26 04:46:00,NO
1790397361,2026-09-26 04:36:01,2026-09-26 01:36:01,Chaiten,VIIRS,0.0,0.0,RUTINA,NULO,No descargada,2026-09-26 03:50:54,2026-09-26 04:30:55,NO
1790397361,2026-09-26 04:36:01,2026-09-26 01:36:01,Copahue,VIIRS375,0.0,0.0,RUTINA,NULO,No descargada,2026-09-26 04:05:51,2026-09-26 04:46:00,NO
1790397361,2026-09-26 04:36:01,2026-09-26 01:36:01,Chaiten,VIIRS375,0.0,0.0,RUTINA,NULO,No descargada,2026-09-26 04:05:51,2026-09-26 04:46:00,NO
1790397361,2026-09-26 04:36:01,2026-09-26 01:36:01,Llaima,VIIRS,0.0,0.0,RUTINA,NULO,No descargada,2026-09-26 03:50:54,2026-09-26 04:30:55,NO
1790397361,2026-09-26 04:36:01,2026-09-26 01:36:01,Puyehue-Cordon Caulle,VIIRS375,0.0,0.0,RUTINA,NULO,No descargada,2026-09-26 04:05:51,2026-09-26 04:46:00,NO
1790397361,2026-09-26 04:36:01,2026-09-26 01:36:01,Llaima,VIIRS375,0.0,0.0,RUTINA,NULO,No descargada,2026-09-26 04:05:51,2026-09-26 04:46:00,NO
1790397361,2026-09-26 04:36:01,2026-09-26 01:36:01,Nevados de Chillan,VIIRS,0.0,0.0,RUTINA,NULO,No descargada,2026-09-26 03:50:54,2026-09-26 04:30:55,NO
1790397361,2026-09-26 04:36:01,2026-09-26 01:36:01,Villarrica,VIIRS375,0.0,0.0,RUTINA,NULO,No descargada,2026-09-26 04:05:51,2026-09-26 04:46:00,NO
1790397361,2026-09-26 04:36:01,2026-09-26 01:36:01,Puyehue-Cordon Caulle,VIIRS,0.0,0.0,RUTINA,NULO,No descargada,2026-09-26 03:50:54,2026-09-26 04:30:55,NO
1790397361,2026-09-26 04:36:01,2026-09-26 01:36:01,Villarrica,VIIRS,0.0,0.0,RUTINA,NULO,No descargada,2026-09-26 03:50:54,2026-09-26 04:30:55,NO
1790387400,2026-09-26 01:50:00,2026-09-25 22:50:00,PlanchonPeteroa,MODIS,0.0,0.0,RUTINA,NULO,No descargada,2026-09-25 23:50:55,2026-09-26 07:46:00,NO
1790387400,2026-09-26 01:50:00,2026-09-25 22:50:00,Tupungatito,MODIS,0.0,0.0,RUTINA,NULO,No descargada,2026-09-25 23:50:55,2026-09-26 07:46:00,NO
1790387400,2026-09-26 01:50:00,2026-09-25 22:50:00,Lascar,MODIS,0.0,0.0,RUTINA,NULO,No descargada,2026-09-25 23:50:55,2026-09-26 07:46:00,NO
1790387400,2026-09-26 01:50:00,2026-09-25 22:50:00,Isluga,MODIS,0.0,0.0,RUTINA,NULO,No descargada,2026-09-25 23:50:55,2026-09-26 07:46:00,NO
1790387400,2026-09-26 01:50:00,2026-09-25 22:50:00,Lastarria,MODIS,0.0,0.0,RUTINA,NULO,No descargada,2026-09-25 23:50:55,2026-09-26 07:46:00,NO
1790387100,2026-09-26 01:45:00,2026-09-25 22:45:00,Puyehue-Cordon Caulle,MODIS,0.0,0.0,RUTINA,NULO,No descargada,2026-09-25 23:50:55,2026-09-26 06:01:02,NO
1790387100,2026-09-26 01:45:00,2026-09-25 22:45:00,Copahue,MODIS,0.0,0.0,RUTINA,NULO,No descargada,2026-09-25 23:50:55,2026-09-26 07:46:00,NO
1790387100,2026-09-26 01:45:00,2026-09-25 22:45:00,Chaiten,MODIS,0.0,0.0,RUTINA,NULO,No descargada,2026-09-25 23:50:55,2026-09-26 06:01:02,NO
1790387100,2026-09-26 01:45:00,2026-09-25 22:45:00,Llaima,MODIS,0.0,0.0,RUTINA,NULO,No descargada,2026-09-25 23:50:55,2026-09-26 07:46:00,NO
1790387100,2026-09-26 01:45:00,2026-09-25 22:45:00,Villarrica,MODIS,0.0,0.0,RUTINA,NULO,No descargada,2026-09-25 23:50:55,2026-09-26 06:01:02,NO
1790372400,2026-09-25 21:40:00,2026-09-25 18:40:00,Villarrica,MODIS,0.0,0.0,RUTINA,NULO,No descargada,2026-09-25 20:05:51,2026-09-25 23:45:53,NO
1790372400,2026-09-25 21:40:00,2026-09-25 18:40:00,Copahue,MODIS,0.0,0.0,RUTINA,NULO,No descargada,2026-09-25 20:05:51,2026-09-25 23:45:53,NO
1790372400,2026-09-25 21:40:00,2026-09-25 18:40:00,Nevados de Chillan,MODIS,0.0,0.0,RUTINA,NULO,No descargada,2026-09-25 20:05:51,2026-09-26 07:46:00,NO
1790372400,2026-09-25 21:40:00,2026-09-25 18:40:00,Llaima,MODIS,0.0,0.0,RUTINA,NULO,No descargada,2026-09-25 20:05:51,2026-09-25 23:45:53,NO
1790372400,2026-09-25 21:40:00,2026-09-25 18:40:00,PlanchonPeteroa,MODIS,0.0,0.0,RUTINA,NULO,No descargada,2026-09-25 20:05:51,2026-09-25 23:45:53,NO
1790372100,2026-09-25 21:35:00,2026-09-25 18:35:00,Puyehue-Cordon Caulle,MODIS,0.0,0.0,RUTINA,NULO,No descargada,2026-09-25 20:05:51,2026-09-25 23:45:53,NO
1790372100,2026-09-25 21:35:00,2026-09-25 18:35:00,Chaiten,MODIS,0.0,0.0,RUTINA,NULO,No descargada,2026-09-25 20:05:51,2026-09-25 23:45:53,NO
1790367120,2026-09-25 20:12:00,2026-09-25 17:12:00,Puyehue-Cordon Caulle,VIIRS375,0.0,0.0,RUTINA,NULO,No descargada,2026-09-25 22:50:53,2026-09-26 04:01:01,NO
1790367120,2026-09-25 20:12:00,2026-09-25 17:12:00,Chaiten,VIIRS375,0.0,0.0,RUTINA,NULO,No descargada,2026-09-25 23:06:26,2026-09-26 04:01:01,NO
1790367120,2026-09-25 20:12:00,2026-09-25 17:12:00,Chaiten,VIIRS,0.0,0.0,RUTINA,NULO,No descargada,2026-09-25 22:06:00,2026-09-26 03:45:54,NO
1790367120,2026-09-25 20:12:00,2026-09-25 17:12:00,Puyehue-Cordon Caulle,VIIRS,0.0,0.0,RUTINA,NULO,No descargada,2026-09-25 22:06:00,2026-09-26 03:45:54,NO
1790366700,2026-09-25 20:05:00,2026-09-25 17:05:00,Lastarria,MODIS,0.0,0.0,RUTINA,NULO,No descargada,2026-09-25 19:50:55,2026-09-25 23:45:53,NO
1790366700,2026-09-25 20:05:00,2026-09-25 17:05:00,Isluga,MODIS,0.0,0.0,RUTINA,NULO,No descargada,2026-09-25 19:50:55,2026-09-25 23:45:53,NO
1790366700,2026-09-25 20:05:00,2026-09-25 17:05:00,Lascar,MODIS,0.0,0.0,RUTINA,NULO,No descargada,2026-09-25 19:50:55,2026-09-25 23:45:53,NO
1790366400,2026-09-25 20:00:00,2026-09-25 17:00:00,Llaima,MODIS,0.0,0.0,RUTINA,NULO,No descargada,2026-09-25 18:05:53,2026-09-25 20:01:02,NO
1790366400,2026-09-25 20:00:00,2026-09-25 17:00:00,Tupungatito,MODIS,0.0,0.0,RUTINA,NULO,No descargada,2026-09-25 18:05:53,2026-09-25 23:45:53,NO
1790366400,2026-09-25 20:00:00,2026-09-25 17:00:00,Nevados de Chillan,MODIS,0.0,0.0,RUTINA,NULO,No descargada,2026-09-25 18:05:53,2026-09-25 20:01:02,NO
1790366400,2026-09-25 20:00:00,2026-09-25 17:00:00,PlanchonPeteroa,MODIS,0.0,0.0,RUTINA,NULO,No descargada,2026-09-25 18:05:53,2026-09-25 20:01:02,NO
1790366400,2026-09-25 20:00:00,2026-09-25 17:00:00,Copahue,MODIS,0.0,0.0,RUTINA,NULO,No descargada,2026-09-25 18:05:53,2026-09-25 20:01:02,NO
1790364962,2026-09-25 19:36:02,2026-09-25 16:36:02,Puyehue-Cordon Caulle,VIIRS,0.0,0.0,RUTINA,NULO,No descargada,2026-09-25 21:05:52,2026-09-25 22:01:02,NO
1790364962,2026-09-25 19:36:02,2026-09-25 16:36:02,Chaiten,VIIRS375,0.0,0.0,RUTINA,NULO,No descargada,2026-09-25 21:50:53,2026-09-25 23:01:08,NO
1790364962,2026-09-25 19:36:02,2026-09-25 16:36:02,Chaiten,VIIRS,0.0,0.0,RUTINA,NULO,No descargada,2026-09-25 21:05:52,2026-09-25 22:01:02,NO
1790364962,2026-09-25 19:36:02,2026-09-25 16:36:02,Copahue,VIIRS375,0.0,0.0,RUTINA,NULO,No descargada,2026-09-25 21:50:53,2026-09-26 04:01:01,NO
1790364962,2026-09-25 19:36:02,2026-09-25 16:36:02,Villarrica,VIIRS,0.0,0.0,RUTINA,NULO,No descargada,2026-09-25 21:05:52,2026-09-26 03:45:54,NO
1790364962,2026-09-25 19:36:02,2026-09-25 16:36:02,PlanchonPeteroa,VIIRS,0.0,0.0,RUTINA,NULO,No descargada,2026-09-25 21:05:52,2026-09-26 04:30:55,NO
1790364962,2026-09-25 19:36:02,2026-09-25 16:36:02,Nevados de Chillan,VIIRS375,0.0,0.0,RUTINA,NULO,No descargada,2026-09-25 21:50:53,2026-09-26 04:01:01,NO
1790364962,2026-09-25 19:36:02,2026-09-25 16:36:02,Puyehue-Cordon Caulle,VIIRS375,0.0,0.0,RUTINA,NULO,No descargada,2026-09-25 21:50:53,2026-09-25 22:45:53,NO
1790364962,2026-09-25 19:36:02,2026-09-25 16:36:02,Nevados de Chillan,VIIRS,0.0,0.0,RUTINA,NULO,No descargada,2026-09-25 21:05:52,2026-09-26 03:45:54,NO
1790364962,2026-09-25 19:36:02,2026-09-25 16:36:02,Llaima,VIIRS375,0.0,0.0,RUTINA,NULO,No descargada,2026-09-25 21:50:53,2026-09-26 04:01:01,NO
1790364962,2026-09-25 19:36:02,2026-09-25 16:36:02,PlanchonPeteroa,VIIRS375,0.0,0.0,RUTINA,NULO,No descargada,2026-09-25 21:50:53,2026-09-26 04:46:00,NO
1790364962,2026-09-25 19:36:02,2026-09-25 16:36:02,Copahue,VIIRS,0.0,0.0,RUTINA,NULO,No descargada,2026-09-25 21:05:52,2026-09-26 03:45:54,NO
1790364962,2026-09-25 19:36:02,2026-09-25 16:36:02,Llaima,VIIRS,0.0,0.0,RUTINA,NULO,No descargada,2026-09-25 21:05:52,2026-09-26 03:45:54,NO
1790364962,2026-09-25 19:36:02,2026-09-25 16:36:02,Villarrica,VIIRS375,0.0,0.0,RUTINA,NULO,No descargada,2026-09-25 21:50:53,2026-09-26 04:01:01,NO
1790362801,2026-09-25 19:00:01,2026-09-25 16:00:01,Isluga,VIIRS,0.0,0.0,RUTINA,NULO,No descargada,2026-09-25 20:50:56,2026-09-26 04:30:55,NO
1790362801,2026-09-25 19:00:01,2026-09-25 16:00:01,Isluga,VIIRS375,10.67,11.77,FALSO_POSITIVO,NULO,No descargada,2026-09-25 21:35:58,2026-09-26 04:30:55,NO
1790362441,2026-09-25 18:54:01,2026-09-25 15:54:01,Lastarria,VIIRS375,0.0,0.0,RUTINA,NULO,No descargada,2026-09-25 21:35:58,2026-09-26 04:46:00,NO
1790362441,2026-09-25 18:54:01,2026-09-25 15:54:01,Lascar,VIIRS,0.0,0.0,RUTINA,NULO,No descargada,2026-09-25 20:50:56,2026-09-26 04:30:55,NO
1790362441,2026-09-25 18:54:01,2026-09-25 15:54:01,Puyehue-Cordon Caulle,VIIRS,0.0,0.0,RUTINA,NULO,No descargada,2026-09-25 20:50:56,2026-09-25 21:01:02,NO
1790362441,2026-09-25 18:54:01,2026-09-25 15:54:01,Tupungatito,VIIRS375,0.0,0.0,RUTINA,NULO,No descargada,2026-09-25 21:35:58,2026-09-26 04:46:00,NO
1790362441,2026-09-25 18:54:01,2026-09-25 15:54:01,Copahue,VIIRS375,0.0,0.0,RUTINA,NULO,No descargada,2026-09-25 21:35:58,2026-09-25 21:45:57,NO
1790362441,2026-09-25 18:54:01,2026-09-25 15:54:01,Copahue,VIIRS,0.0,0.0,RUTINA,NULO,No descargada,2026-09-25 20:50:56,2026-09-25 21:01:02,NO
1790362441,2026-09-25 18:54:01,2026-09-25 15:54:01,Lascar,VIIRS375,0.0,0.0,RUTINA,NULO,No descargada,2026-09-25 21:35:58,2026-09-26 04:30:55,NO
1790362441,2026-09-25 18:54:01,2026-09-25 15:54:01,Villarrica,VIIRS375,0.0,0.0,RUTINA,NULO,No descargada,2026-09-25 21:35:58,2026-09-25 21:45:57,NO
1790362441,2026-09-25 18:54:01,2026-09-25 15:54:01,Nevados de Chillan,VIIRS,0.0,0.0,RUTINA,NULO,No descargada,2026-09-25 20:50:56,2026-09-25 21:01:02,NO
1790362441,2026-09-25 18:54:01,2026-09-25 15:54:01,Tupungatito,VIIRS,0.0,0.0,RUTINA,NULO,No descargada,2026-09-25 20:50:56,2026-09-26 04:30:55,NO
1790362441,2026-09-25 18:54:01,2026-09-25 15:54:01,Nevados de Chillan,VIIRS375,0.0,0.0,RUTINA,NULO,No descargada,2026-09-25 21:35:58,2026-09-25 21:45:57,NO
1790362441,2026-09-25 18:54:01,2026-09-25 15:54:01,PlanchonPeteroa,VIIRS,0.0,0.0,RUTINA,NULO,No descargada,2026-09-25 20:50:56,2026-09-25 21:01:02,NO
1790362441,2026-09-25 18:54:01,2026-09-25 15:54:01,Puyehue-Cordon Caulle,VIIRS375,0.0,0.0,RUTINA,NULO,No descargada,2026-09-25 21:35:58,2026-09-25 21:45:57,NO
1790362441,2026-09-25 18:54:01,2026-09-25 15:54:01,Lastarria,VIIRS,0.0,0.0,RUTINA,NULO,No descargada,2026-09-25 20:50:56,2026-09-26 04:30:55,NO
1790362441,2026-09-25 18:54:01,2026-09-25 15:54:01,Llaima,VIIRS375,0.0,0.0,RUTINA,NULO,No descargada,2026-09-25 21:35:58,2026-09-25 21:45:57,NO
1790362441,2026-09-25 18:54:01,2026-09-25 15:54:01,Villarrica,VIIRS,0.0,0.0,RUTINA,NULO,No descargada,2026-09-25 20:50:56,2026-09-25 21:01:02,NO
1790362441,2026-09-25 18:54:01,2026-09-25 15:54:01,PlanchonPeteroa,VIIRS375,0.0,0.0,RUTINA,NULO,No descargada,2026-09-25 21:35:58,2026-09-25 21:45:57,NO
1790362441,2026-09-25 18:54:01,2026-09-25 15:54:01,Llaima,VIIRS,0.0,0.0,RUTINA,NULO,No descargada,2026-09-25 20:50:56,2026-09-25 21:01:02,NO
1790359202,2026-09-25 18:00:02,2026-09-25 15:00:02,Lastarria,VIIRS375,0.0,0.0,RUTINA,NULO,No descargada,2026-09-25 19:35:59,2026-09-25 21:31:00,NO
1790359202,2026-09-25 18:00:02,2026-09-25 15:00:02,Tupungatito,VIIRS375,0.0,0.0,RUTINA,NULO,No descargada,2026-09-25 19:35:59,2026-09-25 21:31:00,NO
1790359202,2026-09-25 18:00:02,2026-09-25 15:00:02,PlanchonPeteroa,VIIRS,0.0,0.0,RUTINA,NULO,No descargada,2026-09-25 19:05:54,2026-09-25 20:45:51,NO
1790359202,2026-09-25 18:00:02,2026-09-25 15:00:02,Lascar,VIIRS375,0.0,0.0,RUTINA,NULO,No descargada,2026-09-25 19:35:59,2026-09-25 21:31:00,NO
1790359202,2026-09-25 18:00:02,2026-09-25 15:00:02,Isluga,VIIRS375,0.0,0.0,RUTINA,NULO,No descargada,2026-09-25 19:35:59,2026-09-25 21:31:00,NO
1790359202,2026-09-25 18:00:02,2026-09-25 15:00:02,Tupungatito,VIIRS,0.0,0.0,RUTINA,NULO,No descargada,2026-09-25 19:05:54,2026-09-25 20:45:51,NO
1790359202,2026-09-25 18:00:02,2026-09-25 15:00:02,Isluga,VIIRS,0.0,0.0,RUTINA,NULO,No descargada,2026-09-25 19:05:54,2026-09-25 20:45:51,NO
1790359202,2026-09-25 18:00:02,2026-09-25 15:00:02,Lascar,VIIRS,0.0,0.0,RUTINA,NULO,No descargada,2026-09-25 19:05:54,2026-09-25 20:45:51,NO
1790359202,2026-09-25 18:00:02,2026-09-25 15:00:02,Lastarria,VIIRS,0.0,0.0,RUTINA,NULO,No descargada,2026-09-25 19:05:54,2026-09-25 20:45:51,NO
1790359202,2026-09-25 18:00:02,2026-09-25 15:00:02,PlanchonPeteroa,VIIRS375,0.0,0.0,RUTINA,NULO,No descargada,2026-09-25 19:35:59,2026-09-25 21:31:00,NO
1790358842,2026-09-25 17:54:02,2026-09-25 14:54:02,Chaiten,VIIRS,0.0,0.0,RUTINA,NULO,No descargada,2026-09-25 19:05:54,2026-09-25 21:01:02,NO
1790358842,2026-09-25 17:54:02,2026-09-25 14:54:02,Chaiten,VIIRS375,0.0,0.0,RUTINA,NULO,No descargada,2026-09-25 19:35:59,2026-09-25 21:45:57,NO
1790358842,2026-09-25 17:54:02,2026-09-25 14:54:02,Copahue,VIIRS,0.0,0.0,RUTINA,NULO,No descargada,2026-09-25 19:05:54,2026-09-25 20:45:51,NO
1790358842,2026-09-25 17:54:02,2026-09-25 14:54:02,Nevados de Chillan,VIIRS375,0.0,0.0,RUTINA,NULO,No descargada,2026-09-25 19:35:59,2026-09-25 21:31:00,NO
1790358842,2026-09-25 17:54:02,2026-09-25 14:54:02,Copahue,VIIRS375,0.0,0.0,RUTINA,NULO,No descargada,2026-09-25 19:35:59,2026-09-25 21:31:00,NO
1790358842,2026-09-25 17:54:02,2026-09-25 14:54:02,Llaima,VIIRS,0.0,0.0,RUTINA,NULO,No descargada,2026-09-25 19:05:54,2026-09-25 20:45:51,NO
1790358842,2026-09-25 17:54:02,2026-09-25 14:54:02,Llaima,VIIRS375,0.0,0.0,RUTINA,NULO,No descargada,2026-09-25 19:35:59,2026-09-25 21:31:00,NO
1790358842,2026-09-25 17:54:02,2026-09-25 14:54:02,Puyehue-Cordon Caulle,VIIRS,0.0,0.0,RUTINA,NULO,No descargada,2026-09-25 19:05:54,2026-09-25 20:45:51,NO
1790358842,2026-09-25 17:54:02,2026-09-25 14:54:02,Villarrica,VIIRS375,0.0,0.0,RUTINA,NULO,No descargada,2026-09-25 19:35:59,2026-09-25 21:31:00,NO
1790358842,2026-09-25 17:54:02,2026-09-25 14:54:02,Villarrica,VIIRS,0.0,0.0,RUTINA,NULO,No descargada,2026-09-25 19:05:54,2026-09-25 20:45:51,NO
1790358842,2026-09-25 17:54:02,2026-09-25 14:54:02,Nevados de Chillan,VIIRS,0.0,0.0,RUTINA,NULO,No descargada,2026-09-25 19:05:54,2026-09-25 20:45:51,NO
1790358842,2026-09-25 17:54:02,2026-09-25 14:54:02,Puyehue-Cordon Caulle,VIIRS375,0.0,0.0,RUTINA,NULO,No descargada,2026-09-25 19:35:59,2026-09-25 21:31:00,NO
1790356681,2026-09-25 17:18:01,2026-09-25 14:18:01,Lascar,VIIRS375,0.0,0.0,RUTINA,NULO,No descargada,2026-09-25 18:35:51,2026-09-25 19:30:56,NO
1790356681,2026-09-25 17:18:01,2026-09-25 14:18:01,Lascar,VIIRS,0.0,0.0,RUTINA,NULO,No descargada,2026-09-25 18:20:53,2026-09-25 19:01:09,NO
1790344200,2026-09-25 13:50:00,2026-09-25 10:50:00,PlanchonPeteroa,MODIS,0.0,0.0,RUTINA,NULO,No descargada,2026-09-25 12:36:02,2026-09-25 18:01:06,NO
1790344200,2026-09-25 13:50:00,2026-09-25 10:50:00,Villarrica,MODIS,0.0,0.0,RUTINA,NULO,No descargada,2026-09-25 12:36:02,2026-09-25 20:01:02,NO
1790344200,2026-09-25 13:50:00,2026-09-25 10:50:00,Llaima,MODIS,0.0,0.0,RUTINA,NULO,No descargada,2026-09-25 12:36:02,2026-09-25 18:01:06,NO
1790344200,2026-09-25 13:50:00,2026-09-25 10:50:00,Copahue,MODIS,0.0,0.0,RUTINA,NULO,No descargada,2026-09-25 12:36:02,2026-09-25 18:01:06,NO
1790344200,2026-09-25 13:50:00,2026-09-25 10:50:00,Chaiten,MODIS,0.0,0.0,RUTINA,NULO,No descargada,2026-09-25 12:36:02,2026-09-25 20:01:02,NO
1790344200,2026-09-25 13:50:00,2026-09-25 10:50:00,Nevados de Chillan,MODIS,0.0,0.0,RUTINA,NULO,No descargada,2026-09-25 12:36:02,2026-09-25 18:01:06,NO
1790344200,2026-09-25 13:50:00,2026-09-25 10:50:00,Puyehue-Cordon Caulle,MODIS,0.0,0.0,RUTINA,NULO,No descargada,2026-09-25 12:36:02,2026-09-25 20:01:02,NO
1790343900,2026-09-25 13:45:00,2026-09-25 10:45:00,Isluga,MODIS,0.0,0.0,RUTINA,NULO,No descargada,2026-09-25 11:51:00,2026-09-25 19:46:03,NO
1790338200,2026-09-25 12:10:00,2026-09-25 09:10:00,Puyehue-Cordon Caulle,MODIS,0.0,0.0,RUTINA,NULO,No descargada,2026-09-25 10:36:04,2026-09-25 12:31:00,NO
1790338200,2026-09-25 12:10:00,2026-09-25 09:10:00,Villarrica,MODIS,0.0,0.0,RUTINA,NULO,No descargada,2026-09-25 10:36:04,2026-09-25 12:31:00,NO
1790338200,2026-09-25 12:10:00,2026-09-25 09:10:00,Tupungatito,MODIS,0.0,0.0,RUTINA,NULO,No descargada,2026-09-25 10:36:04,2026-09-25 18:01:06,NO
1790338200,2026-09-25 12:10:00,2026-09-25 09:10:00,Nevados de Chillan,MODIS,0.0,0.0,RUTINA,NULO,No descargada,2026-09-25 10:36:04,2026-09-25 12:31:00,NO
1790338200,2026-09-25 12:10:00,2026-09-25 09:10:00,PlanchonPeteroa,MODIS,0.0,0.0,RUTINA,NULO,No descargada,2026-09-25 10:36:04,2026-09-25 12:31:00,NO
1790338200,2026-09-25 12:10:00,2026-09-25 09:10:00,Copahue,MODIS,0.0,0.0,RUTINA,NULO,No descargada,2026-09-25 10:36:04,2026-09-25 12:31:00,NO
1790338200,2026-09-25 12:10:00,2026-09-25 09:10:00,Llaima,MODIS,0.0,0.0,RUTINA,NULO,No descargada,2026-09-25 10:36:04,2026-09-25 12:31:00,NO
1790338200,2026-09-25 12:10:00,2026-09-25 09:10:00,Chaiten,MODIS,0.0,0.0,RUTINA,NULO,No descargada,2026-09-25 10:36:04,2026-09-25 12:31:00,NO
1790323500,2026-09-25 08:05:00,2026-09-25 05:05:00,Chaiten,MODIS,0.0,0.0,RUTINA,NULO,No descargada,2026-09-25 07:05:52,2026-09-25 10:30:58,NO
1790323500,2026-09-25 08:05:00,2026-09-25 05:05:00,Puyehue-Cordon Caulle,MODIS,0.0,0.0,RUTINA,NULO,No descargada,2026-09-25 07:05:52,2026-09-25 10:30:58,NO
1790323500,2026-09-25 08:05:00,2026-09-25 05:05:00,Villarrica,MODIS,0.9,0.0,ALERTA_TERMICA,Muy Bajo,imagenes_satelitales/Villarrica/2026-09-25/08-05-00_Villarrica_MODIS_Latest.png,2026-09-25 07:05:52,2026-09-25 10:30:58,NO
1790323200,2026-09-25 08:00:00,2026-09-25 05:00:00,Llaima,MODIS,0.0,0.0,RUTINA,NULO,No descargada,2026-09-25 07:05:52,2026-09-25 10:30:58,NO
1790323200,2026-09-25 08:00:00,2026-09-25 05:00:00,Lascar,MODIS,0.56,1.0,ALERTA_TERMICA,Muy Bajo,imagenes_satelitales/Lascar/2026-09-25/08-00-00_Lascar_MODIS_Latest.png,2026-09-25 07:05:52,2026-09-25 19:46:03,NO
1790323200,2026-09-25 08:00:00,2026-09-25 05:00:00,PlanchonPeteroa,MODIS,0.0,0.0,RUTINA,NULO,No descargada,2026-09-25 07:05:52,2026-09-25 10:30:58,NO
1790323200,2026-09-25 08:00:00,2026-09-25 05:00:00,Tupungatito,MODIS,0.0,0.0,RUTINA,NULO,No descargada,2026-09-25 07:05:52,2026-09-25 10:30:58,NO
1790323200,2026-09-25 08:00:00,2026-09-25 05:00:00,Lastarria,MODIS,0.0,0.0,RUTINA,NULO,No descargada,2026-09-25 07:05:52,2026-09-25 19:46:03,NO
1790323200,2026-09-25 08:00:00,2026-09-25 05:00:00,Nevados de Chillan,MODIS,0.0,0.0,RUTINA,NULO,No descargada,2026-09-25 07:05:52,2026-09-25 10:30:58,NO
1790323200,2026-09-25 08:00:00,2026-09-25 05:00:00,Copahue,MODIS,0.0,0.0,RUTINA,NULO,No descargada,2026-09-25 07:05:52,2026-09-25 10:30:58,NO
1790322900,2026-09-25 07:55:00,2026-09-25 04:55:00,Isluga,MODIS,0.0,0.0,RUTINA,NULO,No descargada,2026-09-25 07:05:52,2026-09-25 11:45:53,NO
1790318161,2026-09-25 06:36:01,2026-09-25 03:36:01,Villarrica,VIIRS375,0.0,0.0,RUTINA,NULO,No descargada,2026-09-25 08:06:05,2026-09-25 19:30:56,NO
1790318161,2026-09-25 06:36:01,2026-09-25 03:36:01,Villarrica,VIIRS,0.0,0.0,RUTINA,NULO,No descargada,2026-09-25 08:06:05,2026-09-25 19:01:09,NO
1790318161,2026-09-25 06:36:01,2026-09-25 03:36:01,Chaiten,VIIRS375,0.0,0.0,RUTINA,NULO,No descargada,2026-09-25 08:06:05,2026-09-25 19:30:56,NO
1790318161,2026-09-25 06:36:01,2026-09-25 03:36:01,Puyehue-Cordon Caulle,VIIRS,0.0,0.0,RUTINA,NULO,No descargada,2026-09-25 08:06:05,2026-09-25 19:01:09,NO
1790318161,2026-09-25 06:36:01,2026-09-25 03:36:01,Chaiten,VIIRS,0.0,0.0,RUTINA,NULO,No descargada,2026-09-25 08:06:05,2026-09-25 19:01:09,NO
1790318161,2026-09-25 06:36:01,2026-09-25 03:36:01,Puyehue-Cordon Caulle,VIIRS375,0.0,0.0,RUTINA,NULO,No descargada,2026-09-25 08:06:05,2026-09-25 19:30:56,NO
1790318161,2026-09-25 06:36:01,2026-09-25 03:36:01,Llaima,VIIRS,0.0,0.0,RUTINA,NULO,No descargada,2026-09-25 08:06:05,2026-09-25 19:01:09,NO
1790318161,2026-09-25 06:36:01,2026-09-25 03:36:01,Llaima,VIIRS375,0.0,0.0,RUTINA,NULO,No descargada,2026-09-25 08:06:05,2026-09-25 19:30:56,NO
1790317801,2026-09-25 06:30:01,2026-09-25 03:30:01,PlanchonPeteroa,VIIRS375,0.0,0.0,RUTINA,NULO,No descargada,2026-09-25 08:06:05,2026-09-25 19:30:56,NO
1790317801,2026-09-25 06:30:01,2026-09-25 03:30:01,Lascar,VIIRS,0.0,0.0,RUTINA,NULO,No descargada,2026-09-25 07:51:29,2026-09-25 18:16:07,NO
1790317801,2026-09-25 06:30:01,2026-09-25 03:30:01,Copahue,VIIRS375,0.0,0.0,RUTINA,NULO,No descargada,2026-09-25 08:06:05,2026-09-25 19:30:56,NO
1790317801,2026-09-25 06:30:01,2026-09-25 03:30:01,Nevados de Chillan,VIIRS375,0.0,0.0,RUTINA,NULO,No descargada,2026-09-25 08:06:05,2026-09-25 19:30:56,NO
1790317801,2026-09-25 06:30:01,2026-09-25 03:30:01,Lascar,VIIRS375,0.0,0.0,RUTINA,NULO,No descargada,2026-09-25 07:51:29,2026-09-25 18:30:59,NO
1790317801,2026-09-25 06:30:01,2026-09-25 03:30:01,PlanchonPeteroa,VIIRS,0.0,0.0,RUTINA,NULO,No descargada,2026-09-25 08:06:05,2026-09-25 19:01:09,NO
1790317801,2026-09-25 06:30:01,2026-09-25 03:30:01,Lastarria,VIIRS,0.0,0.0,RUTINA,NULO,No descargada,2026-09-25 08:06:05,2026-09-25 19:01:09,NO
1790317801,2026-09-25 06:30:01,2026-09-25 03:30:01,Tupungatito,VIIRS375,0.0,0.0,RUTINA,NULO,No descargada,2026-09-25 08:06:05,2026-09-25 19:30:56,NO
1790317801,2026-09-25 06:30:01,2026-09-25 03:30:01,Tupungatito,VIIRS,0.0,0.0,RUTINA,NULO,No descargada,2026-09-25 08:06:05,2026-09-25 19:01:09,NO
1790317801,2026-09-25 06:30:01,2026-09-25 03:30:01,Nevados de Chillan,VIIRS,0.0,0.0,RUTINA,NULO,No descargada,2026-09-25 08:06:05,2026-09-25 19:01:09,NO
1790317801,2026-09-25 06:30:01,2026-09-25 03:30:01,Lastarria,VIIRS375,0.1,1.91,ALERTA_TERMICA,Muy Bajo,imagenes_satelitales/Lastarria/2026-09-25/06-30-01_Lastarria_VIIRS375_Latest.png,2026-09-25 07:51:29,2026-09-25 19:30:56,NO
1790317801,2026-09-25 06:30:01,2026-09-25 03:30:01,Isluga,VIIRS375,0.83,9.96,FALSO_POSITIVO,NULO,No descargada,2026-09-25 07:51:29,2026-09-25 19:30:56,NO
1790317801,2026-09-25 06:30:01,2026-09-25 03:30:01,Copahue,VIIRS,0.0,0.0,RUTINA,NULO,No descargada,2026-09-25 08:06:05,2026-09-25 19:01:09,NO
1790317801,2026-09-25 06:30:01,2026-09-25 03:30:01,Isluga,VIIRS,0.0,0.0,RUTINA,NULO,No descargada,2026-09-25 07:51:29,2026-09-25 19:01:09,NO
1790314562,2026-09-25 05:36:02,2026-09-25 02:36:02,Llaima,VIIRS,0.0,0.0,RUTINA,NULO,No descargada,2026-09-25 05:51:01,2026-09-25 08:01:00,NO
1790314562,2026-09-25 05:36:02,2026-09-25 02:36:02,Lastarria,VIIRS375,0.0,0.0,RUTINA,NULO,No descargada,2026-09-25 05:51:01,2026-09-25 07:46:03,NO
1790314562,2026-09-25 05:36:02,2026-09-25 02:36:02,Lastarria,VIIRS,0.0,0.0,RUTINA,NULO,No descargada,2026-09-25 05:51:01,2026-09-25 08:01:00,NO
1790314562,2026-09-25 05:36:02,2026-09-25 02:36:02,PlanchonPeteroa,VIIRS,0.0,0.0,RUTINA,NULO,No descargada,2026-09-25 05:51:01,2026-09-25 08:01:00,NO
1790314562,2026-09-25 05:36:02,2026-09-25 02:36:02,Tupungatito,VIIRS375,0.0,0.0,RUTINA,NULO,No descargada,2026-09-25 05:51:01,2026-09-25 08:01:00,NO
1790314562,2026-09-25 05:36:02,2026-09-25 02:36:02,Villarrica,VIIRS,0.0,0.0,RUTINA,NULO,No descargada,2026-09-25 05:51:01,2026-09-25 08:01:00,NO
1790314562,2026-09-25 05:36:02,2026-09-25 02:36:02,Puyehue-Cordon Caulle,VIIRS375,0.0,0.0,RUTINA,NULO,No descargada,2026-09-25 05:51:01,2026-09-25 08:01:00,NO
1790314562,2026-09-25 05:36:02,2026-09-25 02:36:02,Llaima,VIIRS375,0.0,0.0,RUTINA,NULO,No descargada,2026-09-25 05:51:01,2026-09-25 08:01:00,NO
1790314562,2026-09-25 05:36:02,2026-09-25 02:36:02,Nevados de Chillan,VIIRS,0.0,0.0,RUTINA,NULO,No descargada,2026-09-25 05:51:01,2026-09-25 08:01:00,NO
1790314562,2026-09-25 05:36:02,2026-09-25 02:36:02,Villarrica,VIIRS375,0.0,0.0,RUTINA,NULO,No descargada,2026-09-25 05:51:01,2026-09-25 08:01:00,NO
1790314562,2026-09-25 05:36:02,2026-09-25 02:36:02,Chaiten,VIIRS375,0.0,0.0,RUTINA,NULO,No descargada,2026-09-25 05:51:01,2026-09-25 08:01:00,NO
1790314562,2026-09-25 05:36:02,2026-09-25 02:36:02,Copahue,VIIRS375,0.0,0.0,RUTINA,NULO,No descargada,2026-09-25 05:51:01,2026-09-25 08:01:00,NO
1790314562,2026-09-25 05:36:02,2026-09-25 02:36:02,Nevados de Chillan,VIIRS375,0.0,0.0,RUTINA,NULO,No descargada,2026-09-25 05:51:01,2026-09-25 08:01:00,NO
1790314562,2026-09-25 05:36:02,2026-09-25 02:36:02,Chaiten,VIIRS,0.0,0.0,RUTINA,NULO,No descargada,2026-09-25 06:05:52,2026-09-25 08:01:00,NO
1790314562,2026-09-25 05:36:02,2026-09-25 02:36:02,Tupungatito,VIIRS,0.0,0.0,RUTINA,NULO,No descargada,2026-09-25 06:05:52,2026-09-25 08:01:00,NO
1790314562,2026-09-25 05:36:02,2026-09-25 02:36:02,PlanchonPeteroa,VIIRS375,0.0,0.0,RUTINA,NULO,No descargada,2026-09-25 05:51:01,2026-09-25 08:01:00,NO
1790314562,2026-09-25 05:36:02,2026-09-25 02:36:02,Puyehue-Cordon Caulle,VIIRS,0.0,0.0,RUTINA,NULO,No descargada,2026-09-25 06:05:52,2026-09-25 08:01:00,NO
1790314562,2026-09-25 05:36:02,2026-09-25 02:36:02,Copahue,VIIRS,0.0,0.0,RUTINA,NULO,No descargada,2026-09-25 05:51:01,2026-09-25 08:01:00,NO
1790314202,2026-09-25 05:30:02,2026-09-25 02:30:02,Lascar,VIIRS,0.0,0.0,RUTINA,NULO,No descargada,2026-09-25 05:51:01,2026-09-25 07:46:03,NO
1790314202,2026-09-25 05:30:02,2026-09-25 02:30:02,Isluga,VIIRS375,0.67,19.94,FALSO_POSITIVO,NULO,No descargada,2026-09-25 05:51:01,2026-09-25 07:46:03,NO
1790314202,2026-09-25 05:30:02,2026-09-25 02:30:02,Isluga,VIIRS,0.0,0.0,RUTINA,NULO,No descargada,2026-09-25 05:51:01,2026-09-25 07:46:03,NO
1790314202,2026-09-25 05:30:02,2026-09-25 02:30:02,Lascar,VIIRS375,0.31,1.19,ALERTA_TERMICA,Muy Bajo,imagenes_satelitales/Lascar/2026-09-25/05-30-02_Lascar_VIIRS375_Latest.png,2026-09-25 05:51:01,2026-09-25 07:46:03,NO
1790312041,2026-09-25 04:54:01,2026-09-25 01:54:01,PlanchonPeteroa,VIIRS375,0.0,0.0,RUTINA,NULO,No descargada,2026-09-25 04:50:47,2026-09-25 05:45:55,NO
1790312041,2026-09-25 04:54:01,2026-09-25 01:54:01,PlanchonPeteroa,VIIRS,0.0,0.0,RUTINA,NULO,No descargada,2026-09-25 04:50:47,2026-09-25 05:45:55,NO
1790312041,2026-09-25 04:54:01,2026-09-25 01:54:01,Puyehue-Cordon Caulle,VIIRS375,0.0,0.0,RUTINA,NULO,No descargada,2026-09-25 05:06:01,2026-09-25 05:45:55,NO
1790312041,2026-09-25 04:54:01,2026-09-25 01:54:01,Copahue,VIIRS,0.0,0.0,RUTINA,NULO,No descargada,2026-09-25 05:06:01,2026-09-25 05:45:55,NO
1790312041,2026-09-25 04:54:01,2026-09-25 01:54:01,Nevados de Chillan,VIIRS375,0.0,0.0,RUTINA,NULO,No descargada,2026-09-25 04:50:47,2026-09-25 05:45:55,NO
1790312041,2026-09-25 04:54:01,2026-09-25 01:54:01,Villarrica,VIIRS375,0.0,0.0,RUTINA,NULO,No descargada,2026-09-25 05:06:01,2026-09-25 05:45:55,NO
1790312041,2026-09-25 04:54:01,2026-09-25 01:54:01,Chaiten,VIIRS375,0.0,0.0,RUTINA,NULO,No descargada,2026-09-25 05:06:01,2026-09-25 05:45:55,NO
1790312041,2026-09-25 04:54:01,2026-09-25 01:54:01,Llaima,VIIRS,0.0,0.0,RUTINA,NULO,No descargada,2026-09-25 05:06:01,2026-09-25 05:45:55,NO
1790312041,2026-09-25 04:54:01,2026-09-25 01:54:01,Tupungatito,VIIRS375,0.0,0.0,RUTINA,NULO,No descargada,2026-09-25 05:06:01,2026-09-25 05:45:55,NO
1790312041,2026-09-25 04:54:01,2026-09-25 01:54:01,Copahue,VIIRS375,0.0,0.0,RUTINA,NULO,No descargada,2026-09-25 04:50:47,2026-09-25 05:45:55,NO
1790312041,2026-09-25 04:54:01,2026-09-25 01:54:01,Chaiten,VIIRS,0.0,0.0,RUTINA,NULO,No descargada,2026-09-25 05:06:01,2026-09-25 06:01:10,NO
1790312041,2026-09-25 04:54:01,2026-09-25 01:54:01,Puyehue-Cordon Caulle,VIIRS,0.0,0.0,RUTINA,NULO,No descargada,2026-09-25 05:06:01,2026-09-25 06:01:10,NO
1790312041,2026-09-25 04:54:01,2026-09-25 01:54:01,Llaima,VIIRS375,0.0,0.0,RUTINA,NULO,No descargada,2026-09-25 04:50:47,2026-09-25 05:45:55,NO
1790312041,2026-09-25 04:54:01,2026-09-25 01:54:01,Nevados de Chillan,VIIRS,0.0,0.0,RUTINA,NULO,No descargada,2026-09-25 04:50:47,2026-09-25 05:45:55,NO
1790312041,2026-09-25 04:54:01,2026-09-25 01:54:01,Tupungatito,VIIRS,0.0,0.0,RUTINA,NULO,No descargada,2026-09-25 05:06:01,2026-09-25 06:01:10,NO
1790311681,2026-09-25 04:48:01,2026-09-25 01:48:01,Lastarria,VIIRS375,0.0,0.0,RUTINA,NULO,No descargada,2026-09-25 04:50:47,2026-09-25 05:45:55,NO
1790311681,2026-09-25 04:48:01,2026-09-25 01:48:01,Lascar,VIIRS375,0.0,0.0,RUTINA,NULO,No descargada,2026-09-25 04:50:47,2026-09-25 05:45:55,NO
1790311681,2026-09-25 04:48:01,2026-09-25 01:48:01,Lastarria,VIIRS,0.0,0.0,RUTINA,NULO,No descargada,2026-09-25 04:50:47,2026-09-25 05:45:55,NO
1790311681,2026-09-25 04:48:01,2026-09-25 01:48:01,Lascar,VIIRS,0.0,0.0,RUTINA,NULO,No descargada,2026-09-25 04:50:47,2026-09-25 05:45:55,NO
1790304300,2026-09-25 02:45:00,2026-09-24 23:45:00,Chaiten,MODIS,0.0,0.0,RUTINA,NULO,No descargada,2026-09-25 02:06:07,2026-09-25 07:01:00,NO
1790304300,2026-09-25 02:45:00,2026-09-24 23:45:00,Puyehue-Cordon Caulle,MODIS,0.0,0.0,RUTINA,NULO,No descargada,2026-09-25 02:06:07,2026-09-25 07:01:00,NO
1790304300,2026-09-25 02:45:00,2026-09-24 23:45:00,Villarrica,MODIS,0.0,0.0,RUTINA,NULO,No descargada,2026-09-25 02:06:07,2026-09-25 07:01:00,NO
1790298900,2026-09-25 01:15:00,2026-09-24 22:15:00,Isluga,MODIS,0.0,0.0,RUTINA,NULO,No descargada,2026-09-25 01:06:05,2026-09-25 07:01:00,NO
1790298600,2026-09-25 01:10:00,2026-09-24 22:10:00,Copahue,MODIS,0.0,0.0,RUTINA,NULO,No descargada,2026-09-25 00:51:06,2026-09-25 07:01:00,NO
1790298600,2026-09-25 01:10:00,2026-09-24 22:10:00,Llaima,MODIS,0.0,0.0,RUTINA,NULO,No descargada,2026-09-25 00:51:06,2026-09-25 07:01:00,NO
1790298600,2026-09-25 01:10:00,2026-09-24 22:10:00,Lastarria,MODIS,0.0,0.0,RUTINA,NULO,No descargada,2026-09-25 00:51:06,2026-09-25 07:01:00,NO
1790298600,2026-09-25 01:10:00,2026-09-24 22:10:00,PlanchonPeteroa,MODIS,0.0,0.0,RUTINA,NULO,No descargada,2026-09-25 00:51:06,2026-09-25 07:01:00,NO
1790298600,2026-09-25 01:10:00,2026-09-24 22:10:00,Tupungatito,MODIS,0.0,0.0,RUTINA,NULO,No descargada,2026-09-25 01:06:05,2026-09-25 07:01:00,NO
1790298600,2026-09-25 01:10:00,2026-09-24 22:10:00,Nevados de Chillan,MODIS,0.0,0.0,RUTINA,NULO,No descargada,2026-09-25 00:51:06,2026-09-25 07:01:00,NO
1790298600,2026-09-25 01:10:00,2026-09-24 22:10:00,Lascar,MODIS,0.0,0.0,RUTINA,NULO,No descargada,2026-09-25 00:51:06,2026-09-25 07:01:00,NO
1790298600,2026-09-25 01:10:00,2026-09-24 22:10:00,Puyehue-Cordon Caulle,MODIS,0.0,0.0,RUTINA,NULO,No descargada,2026-09-25 00:51:06,2026-09-25 02:01:02,NO
1790298600,2026-09-25 01:10:00,2026-09-24 22:10:00,Villarrica,MODIS,0.0,0.0,RUTINA,NULO,No descargada,2026-09-25 00:51:06,2026-09-25 02:01:02,NO
1790298300,2026-09-25 01:05:00,2026-09-24 22:05:00,Chaiten,MODIS,0.0,0.0,RUTINA,NULO,No descargada,2026-09-24 23:05:51,2026-09-25 02:01:02,NO
1790283900,2026-09-24 21:05:00,2026-09-24 18:05:00,Lascar,MODIS,0.0,0.0,RUTINA,NULO,No descargada,2026-09-24 19:50:59,2026-09-25 00:46:15,NO
1790283900,2026-09-24 21:05:00,2026-09-24 18:05:00,Lastarria,MODIS,0.0,0.0,RUTINA,NULO,No descargada,2026-09-24 19:50:59,2026-09-25 00:46:15,NO
1790283600,2026-09-24 21:00:00,2026-09-24 18:00:00,Llaima,MODIS,0.0,0.0,RUTINA,NULO,No descargada,2026-09-24 19:50:59,2026-09-25 00:46:15,NO
1790283600,2026-09-24 21:00:00,2026-09-24 18:00:00,Nevados de Chillan,MODIS,0.0,0.0,RUTINA,NULO,No descargada,2026-09-24 19:50:59,2026-09-25 00:46:15,NO
1790283600,2026-09-24 21:00:00,2026-09-24 18:00:00,Chaiten,MODIS,0.0,0.0,RUTINA,NULO,No descargada,2026-09-24 19:50:59,2026-09-24 23:01:02,NO
1790283600,2026-09-24 21:00:00,2026-09-24 18:00:00,Villarrica,MODIS,0.0,0.0,RUTINA,NULO,No descargada,2026-09-24 19:50:59,2026-09-25 00:46:15,NO
1790283600,2026-09-24 21:00:00,2026-09-24 18:00:00,Copahue,MODIS,0.0,0.0,RUTINA,NULO,No descargada,2026-09-24 19:50:59,2026-09-25 00:46:15,NO
1790283600,2026-09-24 21:00:00,2026-09-24 18:00:00,Puyehue-Cordon Caulle,MODIS,0.0,0.0,RUTINA,NULO,No descargada,2026-09-24 19:50:59,2026-09-25 00:46:15,NO
1790283600,2026-09-24 21:00:00,2026-09-24 18:00:00,PlanchonPeteroa,MODIS,0.0,0.0,RUTINA,NULO,No descargada,2026-09-24 19:50:59,2026-09-25 00:46:15,NO
1790283600,2026-09-24 21:00:00,2026-09-24 18:00:00,Tupungatito,MODIS,0.0,0.0,RUTINA,NULO,No descargada,2026-09-24 19:50:59,2026-09-25 01:01:09,NO
1790279642,2026-09-24 19:54:02,2026-09-24 16:54:02,Chaiten,VIIRS375,0.0,0.0,RUTINA,NULO,No descargada,2026-09-24 20:05:54,2026-09-25 05:01:08,NO
1790279642,2026-09-24 19:54:02,2026-09-24 16:54:02,Villarrica,VIIRS375,0.0,0.0,RUTINA,NULO,No descargada,2026-09-24 20:05:54,2026-09-25 05:01:08,NO
1790279642,2026-09-24 19:54:02,2026-09-24 16:54:02,Chaiten,VIIRS,0.0,0.0,RUTINA,NULO,No descargada,2026-09-24 20:05:54,2026-09-25 05:01:08,NO
1790279642,2026-09-24 19:54:02,2026-09-24 16:54:02,Puyehue-Cordon Caulle,VIIRS,0.0,0.0,RUTINA,NULO,No descargada,2026-09-24 20:05:54,2026-09-25 05:01:08,NO
1790279642,2026-09-24 19:54:02,2026-09-24 16:54:02,Villarrica,VIIRS,0.0,0.0,RUTINA,NULO,No descargada,2026-09-24 20:05:54,2026-09-25 05:01:08,NO
1790279642,2026-09-24 19:54:02,2026-09-24 16:54:02,Puyehue-Cordon Caulle,VIIRS375,0.0,0.0,RUTINA,NULO,No descargada,2026-09-24 20:05:54,2026-09-25 05:01:08,NO
1790277481,2026-09-24 19:18:01,2026-09-24 16:18:01,Lascar,VIIRS375,0.0,0.0,RUTINA,NULO,No descargada,2026-09-24 20:05:54,2026-09-25 04:45:55,NO
1790277481,2026-09-24 19:18:01,2026-09-24 16:18:01,Lascar,VIIRS,0.0,0.0,RUTINA,NULO,No descargada,2026-09-24 19:50:59,2026-09-25 04:45:55,NO
1790277121,2026-09-24 19:12:01,2026-09-24 16:12:01,Lastarria,VIIRS,0.0,0.0,RUTINA,NULO,No descargada,2026-09-24 19:50:59,2026-09-25 04:45:55,NO
1790277121,2026-09-24 19:12:01,2026-09-24 16:12:01,PlanchonPeteroa,VIIRS,0.0,0.0,RUTINA,NULO,No descargada,2026-09-24 19:50:59,2026-09-25 04:45:55,NO
1790277121,2026-09-24 19:12:01,2026-09-24 16:12:01,Puyehue-Cordon Caulle,VIIRS,0.0,0.0,RUTINA,NULO,No descargada,2026-09-24 19:50:59,2026-09-24 20:01:22,NO
1790277121,2026-09-24 19:12:01,2026-09-24 16:12:01,Villarrica,VIIRS,0.0,0.0,RUTINA,NULO,No descargada,2026-09-24 19:50:59,2026-09-24 20:01:22,NO
1790277121,2026-09-24 19:12:01,2026-09-24 16:12:01,Tupungatito,VIIRS,0.0,0.0,RUTINA,NULO,No descargada,2026-09-24 19:50:59,2026-09-25 05:01:08,NO
1790277121,2026-09-24 19:12:01,2026-09-24 16:12:01,Llaima,VIIRS,0.0,0.0,RUTINA,NULO,No descargada,2026-09-24 19:50:59,2026-09-25 05:01:08,NO
1790277121,2026-09-24 19:12:01,2026-09-24 16:12:01,Lastarria,VIIRS375,0.0,0.0,RUTINA,NULO,No descargada,2026-09-24 20:05:54,2026-09-25 04:45:55,NO
1790277121,2026-09-24 19:12:01,2026-09-24 16:12:01,Llaima,VIIRS375,0.0,0.0,RUTINA,NULO,No descargada,2026-09-24 20:05:54,2026-09-25 04:45:55,NO
1790277121,2026-09-24 19:12:01,2026-09-24 16:12:01,Chaiten,VIIRS,0.0,0.0,RUTINA,NULO,No descargada,2026-09-24 19:50:59,2026-09-24 20:01:22,NO
1790277121,2026-09-24 19:12:01,2026-09-24 16:12:01,Tupungatito,VIIRS375,0.0,0.0,RUTINA,NULO,No descargada,2026-09-24 20:05:54,2026-09-25 05:01:08,NO
1790277121,2026-09-24 19:12:01,2026-09-24 16:12:01,Copahue,VIIRS,0.0,0.0,RUTINA,NULO,No descargada,2026-09-24 19:50:59,2026-09-25 05:01:08,NO
1790277121,2026-09-24 19:12:01,2026-09-24 16:12:01,Nevados de Chillan,VIIRS,0.0,0.0,RUTINA,NULO,No descargada,2026-09-24 19:50:59,2026-09-25 04:45:55,NO
1790277121,2026-09-24 19:12:01,2026-09-24 16:12:01,Nevados de Chillan,VIIRS375,0.0,0.0,RUTINA,NULO,No descargada,2026-09-24 20:05:54,2026-09-25 04:45:55,NO
1790277121,2026-09-24 19:12:01,2026-09-24 16:12:01,Copahue,VIIRS375,0.0,0.0,RUTINA,NULO,No descargada,2026-09-24 20:05:54,2026-09-25 04:45:55,NO
1790277121,2026-09-24 19:12:01,2026-09-24 16:12:01,PlanchonPeteroa,VIIRS375,0.0,0.0,RUTINA,NULO,No descargada,2026-09-24 20:05:54,2026-09-25 04:45:55,NO
1790276040,2026-09-24 18:54:00,2026-09-24 15:54:00,Lastarria,VIIRS,0.0,0.0,RUTINA,NULO,No descargada,2026-09-24 19:35:57,2026-09-24 19:46:04,NO
1790276040,2026-09-24 18:54:00,2026-09-24 15:54:00,Lastarria,VIIRS375,0.0,0.0,RUTINA,NULO,No descargada,2026-09-24 19:35:57,2026-09-24 20:01:22,NO
1790276040,2026-09-24 18:54:00,2026-09-24 15:54:00,Isluga,VIIRS375,0.0,0.0,RUTINA,NULO,No descargada,2026-09-24 19:35:57,2026-09-25 05:45:55,NO
1790276040,2026-09-24 18:54:00,2026-09-24 15:54:00,Villarrica,VIIRS,0.0,0.0,RUTINA,NULO,No descargada,2026-09-24 19:35:57,2026-09-24 19:46:04,NO
1790276040,2026-09-24 18:54:00,2026-09-24 15:54:00,Copahue,VIIRS375,0.0,0.0,RUTINA,NULO,No descargada,2026-09-24 19:35:57,2026-09-24 20:01:22,NO
1790276040,2026-09-24 18:54:00,2026-09-24 15:54:00,Nevados de Chillan,VIIRS,0.0,0.0,RUTINA,NULO,No descargada,2026-09-24 19:35:57,2026-09-24 19:46:04,NO
1790276040,2026-09-24 18:54:00,2026-09-24 15:54:00,Llaima,VIIRS,0.0,0.0,RUTINA,NULO,No descargada,2026-09-24 19:35:57,2026-09-24 19:46:04,NO
1790276040,2026-09-24 18:54:00,2026-09-24 15:54:00,Nevados de Chillan,VIIRS375,0.0,0.0,RUTINA,NULO,No descargada,2026-09-24 19:35:57,2026-09-24 20:01:22,NO
1790276040,2026-09-24 18:54:00,2026-09-24 15:54:00,Lascar,VIIRS,0.0,0.0,RUTINA,NULO,No descargada,2026-09-24 19:35:57,2026-09-24 19:46:04,NO
1790276040,2026-09-24 18:54:00,2026-09-24 15:54:00,Llaima,VIIRS375,0.0,0.0,RUTINA,NULO,No descargada,2026-09-24 19:35:57,2026-09-24 20:01:22,NO
1790276040,2026-09-24 18:54:00,2026-09-24 15:54:00,Villarrica,VIIRS375,0.0,0.0,RUTINA,NULO,No descargada,2026-09-24 19:35:57,2026-09-24 20:01:22,NO
1790276040,2026-09-24 18:54:00,2026-09-24 15:54:00,PlanchonPeteroa,VIIRS375,0.0,0.0,RUTINA,NULO,No descargada,2026-09-24 19:35:57,2026-09-24 20:01:22,NO
1790276040,2026-09-24 18:54:00,2026-09-24 15:54:00,Tupungatito,VIIRS375,0.0,0.0,RUTINA,NULO,No descargada,2026-09-24 19:35:57,2026-09-24 20:01:22,NO
1790276040,2026-09-24 18:54:00,2026-09-24 15:54:00,Tupungatito,VIIRS,0.0,0.0,RUTINA,NULO,No descargada,2026-09-24 19:35:57,2026-09-24 19:46:04,NO
1790276040,2026-09-24 18:54:00,2026-09-24 15:54:00,Copahue,VIIRS,0.0,0.0,RUTINA,NULO,No descargada,2026-09-24 19:35:57,2026-09-24 19:46:04,NO
1790276040,2026-09-24 18:54:00,2026-09-24 15:54:00,Lascar,VIIRS375,0.0,0.0,RUTINA,NULO,No descargada,2026-09-24 19:35:57,2026-09-24 20:01:22,NO
1790276040,2026-09-24 18:54:00,2026-09-24 15:54:00,PlanchonPeteroa,VIIRS,0.0,0.0,RUTINA,NULO,No descargada,2026-09-24 19:35:57,2026-09-24 19:46:04,NO
1790276040,2026-09-24 18:54:00,2026-09-24 15:54:00,Isluga,VIIRS,0.0,0.0,RUTINA,NULO,No descargada,2026-09-24 19:35:57,2026-09-25 05:45:55,NO
1790275680,2026-09-24 18:48:00,2026-09-24 15:48:00,Chaiten,VIIRS,0.0,0.0,RUTINA,NULO,No descargada,2026-09-24 19:35:57,2026-09-24 19:46:04,NO
1790275680,2026-09-24 18:48:00,2026-09-24 15:48:00,Chaiten,VIIRS375,0.0,0.0,RUTINA,NULO,No descargada,2026-09-24 19:35:57,2026-09-24 20:01:22,NO
1790273882,2026-09-24 18:18:02,2026-09-24 15:18:02,Nevados de Chillan,VIIRS375,0.0,0.0,RUTINA,NULO,No descargada,2026-09-24 18:50:55,2026-09-24 19:31:00,NO
1790273882,2026-09-24 18:18:02,2026-09-24 15:18:02,Lastarria,VIIRS375,0.0,0.0,RUTINA,NULO,No descargada,2026-09-24 18:50:55,2026-09-24 19:31:00,NO
1790273882,2026-09-24 18:18:02,2026-09-24 15:18:02,Copahue,VIIRS,0.0,0.0,RUTINA,NULO,No descargada,2026-09-24 18:50:55,2026-09-24 19:31:00,NO
1790273882,2026-09-24 18:18:02,2026-09-24 15:18:02,Lascar,VIIRS,0.0,0.0,RUTINA,NULO,No descargada,2026-09-24 18:50:55,2026-09-24 19:31:00,NO
1790273882,2026-09-24 18:18:02,2026-09-24 15:18:02,Lascar,VIIRS375,0.0,0.0,RUTINA,NULO,No descargada,2026-09-24 18:50:55,2026-09-24 19:31:00,NO
1790273882,2026-09-24 18:18:02,2026-09-24 15:18:02,Isluga,VIIRS,0.0,0.0,RUTINA,NULO,No descargada,2026-09-24 18:50:55,2026-09-24 19:31:00,NO
1790273882,2026-09-24 18:18:02,2026-09-24 15:18:02,PlanchonPeteroa,VIIRS375,0.0,0.0,RUTINA,NULO,No descargada,2026-09-24 18:50:55,2026-09-24 19:31:00,NO
1790273882,2026-09-24 18:18:02,2026-09-24 15:18:02,Nevados de Chillan,VIIRS,0.0,0.0,RUTINA,NULO,No descargada,2026-09-24 18:50:55,2026-09-24 19:31:00,NO
1790273882,2026-09-24 18:18:02,2026-09-24 15:18:02,Tupungatito,VIIRS375,0.0,0.0,RUTINA,NULO,No descargada,2026-09-24 18:50:55,2026-09-24 19:31:00,NO
1790273882,2026-09-24 18:18:02,2026-09-24 15:18:02,PlanchonPeteroa,VIIRS,0.0,0.0,RUTINA,NULO,No descargada,2026-09-24 18:50:55,2026-09-24 19:31:00,NO
1790273882,2026-09-24 18:18:02,2026-09-24 15:18:02,Tupungatito,VIIRS,0.0,0.0,RUTINA,NULO,No descargada,2026-09-24 18:50:55,2026-09-24 19:31:00,NO
1790273882,2026-09-24 18:18:02,2026-09-24 15:18:02,Isluga,VIIRS375,0.0,0.0,RUTINA,NULO,No descargada,2026-09-24 18:50:55,2026-09-24 19:31:00,NO
1790273882,2026-09-24 18:18:02,2026-09-24 15:18:02,Lastarria,VIIRS,0.0,0.0,RUTINA,NULO,No descargada,2026-09-24 18:50:55,2026-09-24 19:31:00,NO
1790273882,2026-09-24 18:18:02,2026-09-24 15:18:02,Copahue,VIIRS375,0.0,0.0,RUTINA,NULO,No descargada,2026-09-24 18:50:55,2026-09-24 19:31:00,NO
1790273522,2026-09-24 18:12:02,2026-09-24 15:12:02,Villarrica,VIIRS375,0.0,0.0,RUTINA,NULO,No descargada,2026-09-24 18:50:55,2026-09-24 19:31:00,NO
1790273522,2026-09-24 18:12:02,2026-09-24 15:12:02,Chaiten,VIIRS,0.0,0.0,RUTINA,NULO,No descargada,2026-09-24 18:50:55,2026-09-24 19:31:00,NO
1790273522,2026-09-24 18:12:02,2026-09-24 15:12:02,Villarrica,VIIRS,0.0,0.0,RUTINA,NULO,No descargada,2026-09-24 18:50:55,2026-09-24 19:31:00,NO
1790273522,2026-09-24 18:12:02,2026-09-24 15:12:02,Puyehue-Cordon Caulle,VIIRS375,0.0,0.0,RUTINA,NULO,No descargada,2026-09-24 18:50:55,2026-09-24 20:01:22,NO
1790273522,2026-09-24 18:12:02,2026-09-24 15:12:02,Chaiten,VIIRS375,0.0,0.0,RUTINA,NULO,No descargada,2026-09-24 18:50:55,2026-09-24 19:31:00,NO
1790273522,2026-09-24 18:12:02,2026-09-24 15:12:02,Puyehue-Cordon Caulle,VIIRS,0.0,0.0,RUTINA,NULO,No descargada,2026-09-24 18:50:55,2026-09-24 19:46:04,NO
1790271361,2026-09-24 17:36:01,2026-09-24 14:36:01,Isluga,VIIRS375,0.0,0.0,RUTINA,NULO,No descargada,2026-09-24 17:35:59,2026-09-24 18:45:55,NO
1790271361,2026-09-24 17:36:01,2026-09-24 14:36:01,Lascar,VIIRS,0.0,0.0,RUTINA,NULO,No descargada,2026-09-24 17:35:59,2026-09-24 18:45:55,NO
1790271361,2026-09-24 17:36:01,2026-09-24 14:36:01,Lastarria,VIIRS,0.0,0.0,RUTINA,NULO,No descargada,2026-09-24 17:35:59,2026-09-24 18:45:55,NO
1790271361,2026-09-24 17:36:01,2026-09-24 14:36:01,Lastarria,VIIRS375,0.0,0.0,RUTINA,NULO,No descargada,2026-09-24 17:35:59,2026-09-24 18:45:55,NO
1790271361,2026-09-24 17:36:01,2026-09-24 14:36:01,Lascar,VIIRS375,0.0,0.0,RUTINA,NULO,No descargada,2026-09-24 17:35:59,2026-09-24 18:45:55,NO
1790271361,2026-09-24 17:36:01,2026-09-24 14:36:01,Isluga,VIIRS,0.0,0.0,RUTINA,NULO,No descargada,2026-09-24 17:35:59,2026-09-24 18:45:55,NO
1790271001,2026-09-24 17:30:01,2026-09-24 14:30:01,PlanchonPeteroa,VIIRS,0.0,0.0,RUTINA,NULO,No descargada,2026-09-24 17:35:59,2026-09-24 18:45:55,NO
1790271001,2026-09-24 17:30:01,2026-09-24 14:30:01,Tupungatito,VIIRS,0.0,0.0,RUTINA,NULO,No descargada,2026-09-24 17:35:59,2026-09-24 18:45:55,NO
1790271001,2026-09-24 17:30:01,2026-09-24 14:30:01,Copahue,VIIRS,0.0,0.0,RUTINA,NULO,No descargada,2026-09-24 17:35:59,2026-09-24 18:45:55,NO
1790271001,2026-09-24 17:30:01,2026-09-24 14:30:01,Copahue,VIIRS375,0.0,0.0,RUTINA,NULO,No descargada,2026-09-24 17:35:59,2026-09-24 18:45:55,NO
1790271001,2026-09-24 17:30:01,2026-09-24 14:30:01,Nevados de Chillan,VIIRS375,0.0,0.0,RUTINA,NULO,No descargada,2026-09-24 17:35:59,2026-09-24 18:45:55,NO
1790271001,2026-09-24 17:30:01,2026-09-24 14:30:01,PlanchonPeteroa,VIIRS375,0.0,0.0,RUTINA,NULO,No descargada,2026-09-24 17:35:59,2026-09-24 18:45:55,NO
1790271001,2026-09-24 17:30:01,2026-09-24 14:30:01,Tupungatito,VIIRS375,0.0,0.0,RUTINA,NULO,No descargada,2026-09-24 17:35:59,2026-09-24 18:45:55,NO
1790271001,2026-09-24 17:30:01,2026-09-24 14:30:01,Nevados de Chillan,VIIRS,0.0,0.0,RUTINA,NULO,No descargada,2026-09-24 17:35:59,2026-09-24 18:45:55,NO
1790255400,2026-09-24 13:10:00,2026-09-24 10:10:00,Copahue,MODIS,0.0,0.0,RUTINA,NULO,No descargada,2026-09-24 12:06:05,2026-09-24 19:46:04,NO
1790255400,2026-09-24 13:10:00,2026-09-24 10:10:00,Chaiten,MODIS,0.0,0.0,RUTINA,NULO,No descargada,2026-09-24 12:06:05,2026-09-24 19:46:04,NO
1790255400,2026-09-24 13:10:00,2026-09-24 10:10:00,Nevados de Chillan,MODIS,0.0,0.0,RUTINA,NULO,No descargada,2026-09-24 12:06:05,2026-09-24 19:46:04,NO
1790255400,2026-09-24 13:10:00,2026-09-24 10:10:00,PlanchonPeteroa,MODIS,0.0,0.0,RUTINA,NULO,No descargada,2026-09-24 12:06:05,2026-09-24 19:46:04,NO
1790255400,2026-09-24 13:10:00,2026-09-24 10:10:00,Villarrica,MODIS,0.0,0.0,RUTINA,NULO,No descargada,2026-09-24 12:06:05,2026-09-24 19:46:04,NO
1790255400,2026-09-24 13:10:00,2026-09-24 10:10:00,Puyehue-Cordon Caulle,MODIS,0.0,0.0,RUTINA,NULO,No descargada,2026-09-24 12:06:05,2026-09-24 19:46:04,NO
1790255400,2026-09-24 13:10:00,2026-09-24 10:10:00,Llaima,MODIS,0.0,0.0,RUTINA,NULO,No descargada,2026-09-24 12:06:05,2026-09-24 19:46:04,NO
1790255400,2026-09-24 13:10:00,2026-09-24 10:10:00,Tupungatito,MODIS,0.0,0.0,RUTINA,NULO,No descargada,2026-09-24 12:06:05,2026-09-24 19:46:04,NO
1790255100,2026-09-24 13:05:00,2026-09-24 10:05:00,Lascar,MODIS,0.0,0.0,RUTINA,NULO,No descargada,2026-09-24 12:06:05,2026-09-24 19:46:04,NO
1790255100,2026-09-24 13:05:00,2026-09-24 10:05:00,Isluga,MODIS,0.0,0.0,RUTINA,NULO,No descargada,2026-09-24 12:06:05,2026-09-24 19:46:04,NO
1790255100,2026-09-24 13:05:00,2026-09-24 10:05:00,Lastarria,MODIS,0.0,0.0,RUTINA,NULO,No descargada,2026-09-24 12:06:05,2026-09-24 19:46:04,NO
1790234700,2026-09-24 07:25:00,2026-09-24 04:25:00,Tupungatito,MODIS,0.0,0.0,RUTINA,NULO,No descargada,2026-09-24 06:05:53,2026-09-24 12:01:06,NO
1790234700,2026-09-24 07:25:00,2026-09-24 04:25:00,Copahue,MODIS,0.0,0.0,RUTINA,NULO,No descargada,2026-09-24 06:05:53,2026-09-24 12:01:06,NO
1790234700,2026-09-24 07:25:00,2026-09-24 04:25:00,Puyehue-Cordon Caulle,MODIS,0.0,0.0,RUTINA,NULO,No descargada,2026-09-24 06:05:53,2026-09-24 12:01:06,NO
1790234700,2026-09-24 07:25:00,2026-09-24 04:25:00,PlanchonPeteroa,MODIS,0.0,0.0,RUTINA,NULO,No descargada,2026-09-24 06:05:53,2026-09-24 12:01:06,NO
1790234700,2026-09-24 07:25:00,2026-09-24 04:25:00,Nevados de Chillan,MODIS,0.0,0.0,RUTINA,NULO,No descargada,2026-09-24 06:05:53,2026-09-24 12:01:06,NO
1790234700,2026-09-24 07:25:00,2026-09-24 04:25:00,Villarrica,MODIS,0.0,0.0,RUTINA,NULO,No descargada,2026-09-24 06:05:53,2026-09-24 12:01:06,NO
1790234700,2026-09-24 07:25:00,2026-09-24 04:25:00,Llaima,MODIS,0.0,0.0,RUTINA,NULO,No descargada,2026-09-24 06:05:53,2026-09-24 12:01:06,NO
1790234700,2026-09-24 07:25:00,2026-09-24 04:25:00,Chaiten,MODIS,0.0,0.0,RUTINA,NULO,No descargada,2026-09-24 06:05:53,2026-09-24 12:01:06,NO
1790234400,2026-09-24 07:20:00,2026-09-24 04:20:00,Isluga,MODIS,0.0,0.0,RUTINA,NULO,No descargada,2026-09-24 06:05:53,2026-09-24 12:01:06,NO
1790234400,2026-09-24 07:20:00,2026-09-24 04:20:00,Lascar,MODIS,0.0,0.0,RUTINA,NULO,No descargada,2026-09-24 06:05:53,2026-09-24 12:01:06,NO
1790234400,2026-09-24 07:20:00,2026-09-24 04:20:00,Lastarria,MODIS,0.0,0.0,RUTINA,NULO,No descargada,2026-09-24 06:05:53,2026-09-24 12:01:06,NO
1790232841,2026-09-24 06:54:01,2026-09-24 03:54:01,Nevados de Chillan,VIIRS,0.0,0.0,RUTINA,NULO,No descargada,2026-09-24 06:21:01,2026-09-24 17:31:09,NO
1790232841,2026-09-24 06:54:01,2026-09-24 03:54:01,Villarrica,VIIRS375,0.0,0.0,RUTINA,NULO,No descargada,2026-09-24 06:35:58,2026-09-24 18:45:55,NO
1790232841,2026-09-24 06:54:01,2026-09-24 03:54:01,Copahue,VIIRS,0.0,0.0,RUTINA,NULO,No descargada,2026-09-24 06:21:01,2026-09-24 17:31:09,NO
1790232841,2026-09-24 06:54:01,2026-09-24 03:54:01,Copahue,VIIRS375,0.01,2.19,ALERTA_TERMICA,Muy Bajo,imagenes_satelitales/Copahue/2026-09-24/06-54-01_Copahue_VIIRS375_Latest.png,2026-09-24 06:35:58,2026-09-24 17:31:09,NO
1790232841,2026-09-24 06:54:01,2026-09-24 03:54:01,Llaima,VIIRS375,0.0,0.0,RUTINA,NULO,No descargada,2026-09-24 06:35:58,2026-09-24 19:01:07,NO
1790232841,2026-09-24 06:54:01,2026-09-24 03:54:01,Puyehue-Cordon Caulle,VIIRS,0.0,0.0,RUTINA,NULO,No descargada,2026-09-24 06:21:01,2026-09-24 18:45:55,NO
1790232841,2026-09-24 06:54:01,2026-09-24 03:54:01,Chaiten,VIIRS,0.0,0.0,RUTINA,NULO,No descargada,2026-09-24 06:35:58,2026-09-24 18:45:55,NO
1790232841,2026-09-24 06:54:01,2026-09-24 03:54:01,Puyehue-Cordon Caulle,VIIRS375,0.0,0.0,RUTINA,NULO,No descargada,2026-09-24 06:35:58,2026-09-24 18:45:55,NO
1790232841,2026-09-24 06:54:01,2026-09-24 03:54:01,Villarrica,VIIRS,0.0,0.0,RUTINA,NULO,No descargada,2026-09-24 06:21:01,2026-09-24 18:45:55,NO
1790232841,2026-09-24 06:54:01,2026-09-24 03:54:01,Nevados de Chillan,VIIRS375,0.0,0.0,RUTINA,NULO,No descargada,2026-09-24 06:35:58,2026-09-24 17:31:09,NO
1790232841,2026-09-24 06:54:01,2026-09-24 03:54:01,Llaima,VIIRS,0.0,0.0,RUTINA,NULO,No descargada,2026-09-24 06:21:01,2026-09-24 19:31:00,NO
1790232841,2026-09-24 06:54:01,2026-09-24 03:54:01,Chaiten,VIIRS375,0.0,0.0,RUTINA,NULO,No descargada,2026-09-24 06:35:58,2026-09-24 18:45:55,NO
1790232481,2026-09-24 06:48:01,2026-09-24 03:48:01,Isluga,VIIRS375,0.0,0.0,RUTINA,NULO,No descargada,2026-09-24 06:35:58,2026-09-24 17:31:09,NO
1790232481,2026-09-24 06:48:01,2026-09-24 03:48:01,PlanchonPeteroa,VIIRS,0.0,0.0,RUTINA,NULO,No descargada,2026-09-24 06:21:01,2026-09-24 17:31:09,NO
1790232481,2026-09-24 06:48:01,2026-09-24 03:48:01,Isluga,VIIRS,0.0,0.0,RUTINA,NULO,No descargada,2026-09-24 06:21:01,2026-09-24 17:31:09,NO
1790232481,2026-09-24 06:48:01,2026-09-24 03:48:01,PlanchonPeteroa,VIIRS375,0.0,0.0,RUTINA,NULO,No descargada,2026-09-24 06:35:58,2026-09-24 17:31:09,NO
1790231760,2026-09-24 06:36:00,2026-09-24 03:36:00,Chaiten,VIIRS375,0.0,0.0,RUTINA,NULO,No descargada,2026-09-24 06:05:53,2026-09-24 06:31:03,NO
1790231400,2026-09-24 06:30:00,2026-09-24 03:30:00,Tupungatito,VIIRS375,1.13,12.73,FALSO_POSITIVO,NULO,No descargada,2026-09-24 06:05:53,2026-09-24 16:46:09,NO
1790231400,2026-09-24 06:30:00,2026-09-24 03:30:00,Lastarria,VIIRS375,0.07,1.55,ALERTA_TERMICA,Muy Bajo,imagenes_satelitales/Lastarria/2026-09-24/06-30-00_Lastarria_VIIRS375_Latest.png,2026-09-24 06:05:53,2026-09-24 17:31:09,NO
1790231400,2026-09-24 06:30:00,2026-09-24 03:30:00,Lastarria,VIIRS,0.0,0.0,RUTINA,NULO,No descargada,2026-09-24 06:50:54,2026-09-24 17:31:09,NO
1790231400,2026-09-24 06:30:00,2026-09-24 03:30:00,Lascar,VIIRS375,0.0,0.0,RUTINA,NULO,No descargada,2026-09-24 06:05:53,2026-09-24 17:31:09,NO
1790231400,2026-09-24 06:30:00,2026-09-24 03:30:00,Villarrica,VIIRS375,0.0,0.0,RUTINA,NULO,No descargada,2026-09-24 06:05:53,2026-09-24 06:31:03,NO
1790231400,2026-09-24 06:30:00,2026-09-24 03:30:00,Nevados de Chillan,VIIRS375,0.0,0.0,RUTINA,NULO,No descargada,2026-09-24 06:05:53,2026-09-24 06:31:03,NO
1790231400,2026-09-24 06:30:00,2026-09-24 03:30:00,Lascar,VIIRS,0.0,0.0,RUTINA,NULO,No descargada,2026-09-24 06:50:54,2026-09-24 17:31:09,NO
1790231400,2026-09-24 06:30:00,2026-09-24 03:30:00,PlanchonPeteroa,VIIRS375,0.0,0.0,RUTINA,NULO,No descargada,2026-09-24 06:05:53,2026-09-24 06:31:03,NO
1790231400,2026-09-24 06:30:00,2026-09-24 03:30:00,Copahue,VIIRS375,0.0,0.0,RUTINA,NULO,No descargada,2026-09-24 06:05:53,2026-09-24 06:31:03,NO
1790231400,2026-09-24 06:30:00,2026-09-24 03:30:00,Llaima,VIIRS375,0.0,0.0,RUTINA,NULO,No descargada,2026-09-24 06:05:53,2026-09-24 06:31:03,NO
1790231400,2026-09-24 06:30:00,2026-09-24 03:30:00,Tupungatito,VIIRS,0.0,0.0,RUTINA,NULO,No descargada,2026-09-24 06:50:54,2026-09-24 17:31:09,NO
1790229242,2026-09-24 05:54:02,2026-09-24 02:54:02,Lascar,VIIRS,0.0,0.0,RUTINA,NULO,No descargada,2026-09-24 05:21:30,2026-09-24 06:45:56,NO
1790229242,2026-09-24 05:54:02,2026-09-24 02:54:02,PlanchonPeteroa,VIIRS375,0.91,23.63,FALSO_POSITIVO,NULO,No descargada,2026-09-24 05:21:30,2026-09-24 06:01:00,NO
1790229242,2026-09-24 05:54:02,2026-09-24 02:54:02,Puyehue-Cordon Caulle,VIIRS375,0.0,0.0,RUTINA,NULO,No descargada,2026-09-24 05:21:30,2026-09-24 06:31:03,NO
1790229242,2026-09-24 05:54:02,2026-09-24 02:54:02,Tupungatito,VIIRS375,0.31,21.16,FALSO_POSITIVO,NULO,No descargada,2026-09-24 05:36:03,2026-09-24 06:01:00,NO
1790229242,2026-09-24 05:54:02,2026-09-24 02:54:02,Lastarria,VIIRS375,0.12,2.4,ALERTA_TERMICA,Muy Bajo,imagenes_satelitales/Lastarria/2026-09-24/05-54-02_Lastarria_VIIRS375_Latest.png,2026-09-24 05:21:30,2026-09-24 06:01:00,NO
1790229242,2026-09-24 05:54:02,2026-09-24 02:54:02,Llaima,VIIRS375,0.0,0.0,RUTINA,NULO,No descargada,2026-09-24 05:21:30,2026-09-24 06:01:00,NO
1790229242,2026-09-24 05:54:02,2026-09-24 02:54:02,Lastarria,VIIRS,0.0,0.0,RUTINA,NULO,No descargada,2026-09-24 05:21:30,2026-09-24 06:45:56,NO
1790229242,2026-09-24 05:54:02,2026-09-24 02:54:02,Tupungatito,VIIRS,0.0,0.0,RUTINA,NULO,No descargada,2026-09-24 05:21:30,2026-09-24 06:45:56,NO
1790229242,2026-09-24 05:54:02,2026-09-24 02:54:02,Nevados de Chillan,VIIRS375,0.23,10.13,FALSO_POSITIVO,NULO,No descargada,2026-09-24 05:21:30,2026-09-24 06:01:00,NO
1790229242,2026-09-24 05:54:02,2026-09-24 02:54:02,PlanchonPeteroa,VIIRS,0.0,0.0,RUTINA,NULO,No descargada,2026-09-24 05:21:30,2026-09-24 06:16:08,NO
1790229242,2026-09-24 05:54:02,2026-09-24 02:54:02,Nevados de Chillan,VIIRS,0.0,0.0,RUTINA,NULO,No descargada,2026-09-24 05:21:30,2026-09-24 06:16:08,NO
1790229242,2026-09-24 05:54:02,2026-09-24 02:54:02,Villarrica,VIIRS375,0.0,0.0,RUTINA,NULO,No descargada,2026-09-24 05:21:30,2026-09-24 06:01:00,NO
1790229242,2026-09-24 05:54:02,2026-09-24 02:54:02,Puyehue-Cordon Caulle,VIIRS,0.0,0.0,RUTINA,NULO,No descargada,2026-09-24 05:21:30,2026-09-24 06:16:08,NO
1790229242,2026-09-24 05:54:02,2026-09-24 02:54:02,Lascar,VIIRS375,0.0,0.0,RUTINA,NULO,No descargada,2026-09-24 05:21:30,2026-09-24 06:01:00,NO
1790229242,2026-09-24 05:54:02,2026-09-24 02:54:02,Copahue,VIIRS375,0.0,0.0,RUTINA,NULO,No descargada,2026-09-24 05:21:30,2026-09-24 06:01:00,NO
1790229242,2026-09-24 05:54:02,2026-09-24 02:54:02,Llaima,VIIRS,0.0,0.0,RUTINA,NULO,No descargada,2026-09-24 05:21:30,2026-09-24 06:16:08,NO
1790229242,2026-09-24 05:54:02,2026-09-24 02:54:02,Villarrica,VIIRS,0.0,0.0,RUTINA,NULO,No descargada,2026-09-24 05:21:30,2026-09-24 06:16:08,NO
1790229242,2026-09-24 05:54:02,2026-09-24 02:54:02,Copahue,VIIRS,0.0,0.0,RUTINA,NULO,No descargada,2026-09-24 05:21:30,2026-09-24 06:16:08,NO
1790228882,2026-09-24 05:48:02,2026-09-24 02:48:02,Isluga,VIIRS,0.0,0.0,RUTINA,NULO,No descargada,2026-09-24 05:21:30,2026-09-24 06:16:08,NO
1790228882,2026-09-24 05:48:02,2026-09-24 02:48:02,Isluga,VIIRS375,0.26,0.53,ALERTA_TERMICA,Muy Bajo,imagenes_satelitales/Isluga/2026-09-24/05-48-02_Isluga_VIIRS375_Latest.png,2026-09-24 05:21:30,2026-09-24 06:31:03,NO
1790226721,2026-09-24 05:12:01,2026-09-24 02:12:01,PlanchonPeteroa,VIIRS375,0.0,0.0,RUTINA,NULO,No descargada,2026-09-24 04:50:55,2026-09-24 05:15:55,NO
1790226721,2026-09-24 05:12:01,2026-09-24 02:12:01,Llaima,VIIRS375,0.0,0.0,RUTINA,NULO,No descargada,2026-09-24 04:50:55,2026-09-24 05:15:55,NO
1790226721,2026-09-24 05:12:01,2026-09-24 02:12:01,Nevados de Chillan,VIIRS,0.0,0.0,RUTINA,NULO,No descargada,2026-09-24 04:35:46,2026-09-24 05:15:55,NO
1790226721,2026-09-24 05:12:01,2026-09-24 02:12:01,Puyehue-Cordon Caulle,VIIRS,0.0,0.0,RUTINA,NULO,No descargada,2026-09-24 04:35:46,2026-09-24 05:15:55,NO
1790226721,2026-09-24 05:12:01,2026-09-24 02:12:01,Chaiten,VIIRS375,0.0,0.0,RUTINA,NULO,No descargada,2026-09-24 04:50:55,2026-09-24 06:01:00,NO
1790226721,2026-09-24 05:12:01,2026-09-24 02:12:01,Nevados de Chillan,VIIRS375,0.0,0.0,RUTINA,NULO,No descargada,2026-09-24 04:50:55,2026-09-24 05:15:55,NO
1790226721,2026-09-24 05:12:01,2026-09-24 02:12:01,Llaima,VIIRS,0.0,0.0,RUTINA,NULO,No descargada,2026-09-24 04:35:46,2026-09-24 05:15:55,NO
1790226721,2026-09-24 05:12:01,2026-09-24 02:12:01,Copahue,VIIRS375,0.0,0.0,RUTINA,NULO,No descargada,2026-09-24 04:50:55,2026-09-24 05:15:55,NO
1790226721,2026-09-24 05:12:01,2026-09-24 02:12:01,Tupungatito,VIIRS375,0.0,0.0,RUTINA,NULO,No descargada,2026-09-24 04:50:55,2026-09-24 05:31:00,NO
1790226721,2026-09-24 05:12:01,2026-09-24 02:12:01,Villarrica,VIIRS375,0.0,0.0,RUTINA,NULO,No descargada,2026-09-24 04:50:55,2026-09-24 05:15:55,NO
1790226721,2026-09-24 05:12:01,2026-09-24 02:12:01,Tupungatito,VIIRS,0.0,0.0,RUTINA,NULO,No descargada,2026-09-24 04:35:46,2026-09-24 05:15:55,NO
1790226721,2026-09-24 05:12:01,2026-09-24 02:12:01,Copahue,VIIRS,0.0,0.0,RUTINA,NULO,No descargada,2026-09-24 04:35:46,2026-09-24 05:15:55,NO
1790226721,2026-09-24 05:12:01,2026-09-24 02:12:01,Puyehue-Cordon Caulle,VIIRS375,0.0,0.0,RUTINA,NULO,No descargada,2026-09-24 04:50:55,2026-09-24 05:15:55,NO
1790226721,2026-09-24 05:12:01,2026-09-24 02:12:01,Villarrica,VIIRS,0.0,0.0,RUTINA,NULO,No descargada,2026-09-24 04:35:46,2026-09-24 05:15:55,NO
1790226721,2026-09-24 05:12:01,2026-09-24 02:12:01,PlanchonPeteroa,VIIRS,0.0,0.0,RUTINA,NULO,No descargada,2026-09-24 04:35:46,2026-09-24 05:15:55,NO
1790226721,2026-09-24 05:12:01,2026-09-24 02:12:01,Chaiten,VIIRS,0.0,0.0,RUTINA,NULO,No descargada,2026-09-24 04:35:46,2026-09-24 06:31:03,NO
1790226361,2026-09-24 05:06:01,2026-09-24 02:06:01,Lastarria,VIIRS,0.0,0.0,RUTINA,NULO,No descargada,2026-09-24 04:35:46,2026-09-24 05:15:55,NO
1790226361,2026-09-24 05:06:01,2026-09-24 02:06:01,Isluga,VIIRS375,0.36,1.19,ALERTA_TERMICA,Muy Bajo,imagenes_satelitales/Isluga/2026-09-24/05-06-01_Isluga_VIIRS375_Latest.png,2026-09-24 04:50:55,2026-09-24 05:15:55,NO
1790226361,2026-09-24 05:06:01,2026-09-24 02:06:01,Lascar,VIIRS,0.0,0.0,RUTINA,NULO,No descargada,2026-09-24 04:35:46,2026-09-24 05:15:55,NO
1790226361,2026-09-24 05:06:01,2026-09-24 02:06:01,Lascar,VIIRS375,1.25,28.4,FALSO_POSITIVO,NULO,No descargada,2026-09-24 04:50:55,2026-09-24 05:15:55,NO
1790226361,2026-09-24 05:06:01,2026-09-24 02:06:01,Isluga,VIIRS,0.0,0.0,RUTINA,NULO,No descargada,2026-09-24 04:35:46,2026-09-24 05:15:55,NO
1790226361,2026-09-24 05:06:01,2026-09-24 02:06:01,Lastarria,VIIRS375,0.0,0.0,RUTINA,NULO,No descargada,2026-09-24 04:50:55,2026-09-24 05:15:55,NO
1790225640,2026-09-24 04:54:00,2026-09-24 01:54:00,Copahue,VIIRS375,0.0,0.0,RUTINA,NULO,No descargada,2026-09-24 04:20:53,2026-09-24 04:46:03,NO
1790225640,2026-09-24 04:54:00,2026-09-24 01:54:00,PlanchonPeteroa,VIIRS375,0.0,0.0,RUTINA,NULO,No descargada,2026-09-24 04:20:53,2026-09-24 04:46:03,NO
1790225640,2026-09-24 04:54:00,2026-09-24 01:54:00,Villarrica,VIIRS375,0.0,0.0,RUTINA,NULO,No descargada,2026-09-24 04:20:53,2026-09-24 04:46:03,NO
1790225640,2026-09-24 04:54:00,2026-09-24 01:54:00,Nevados de Chillan,VIIRS375,0.0,0.0,RUTINA,NULO,No descargada,2026-09-24 04:20:53,2026-09-24 04:46:03,NO
1790225640,2026-09-24 04:54:00,2026-09-24 01:54:00,Llaima,VIIRS375,0.0,0.0,RUTINA,NULO,No descargada,2026-09-24 04:20:53,2026-09-24 04:46:03,NO
1790225640,2026-09-24 04:54:00,2026-09-24 01:54:00,Chaiten,VIIRS375,0.0,0.0,RUTINA,NULO,No descargada,2026-09-24 04:20:53,2026-09-24 04:46:03,NO
1790225640,2026-09-24 04:54:00,2026-09-24 01:54:00,Puyehue-Cordon Caulle,VIIRS375,0.0,0.0,RUTINA,NULO,No descargada,2026-09-24 04:20:53,2026-09-24 04:46:03,NO
1790225280,2026-09-24 04:48:00,2026-09-24 01:48:00,Tupungatito,VIIRS375,0.0,0.0,RUTINA,NULO,No descargada,2026-09-24 04:20:53,2026-09-24 04:46:03,NO
1790225280,2026-09-24 04:48:00,2026-09-24 01:48:00,Lascar,VIIRS375,0.0,0.0,RUTINA,NULO,No descargada,2026-09-24 04:20:53,2026-09-24 04:46:03,NO
1790225280,2026-09-24 04:48:00,2026-09-24 01:48:00,Lastarria,VIIRS375,0.0,0.0,RUTINA,NULO,No descargada,2026-09-24 04:20:53,2026-09-24 04:46:03,NO
1790215800,2026-09-24 02:10:00,2026-09-23 23:10:00,Tupungatito,MODIS,0.0,0.0,RUTINA,NULO,No descargada,2026-09-24 00:05:51,2026-09-24 06:01:00,NO
1790215800,2026-09-24 02:10:00,2026-09-23 23:10:00,Lastarria,MODIS,0.0,0.0,RUTINA,NULO,No descargada,2026-09-24 00:05:51,2026-09-24 06:01:00,NO
1790215800,2026-09-24 02:10:00,2026-09-23 23:10:00,PlanchonPeteroa,MODIS,0.0,0.0,RUTINA,NULO,No descargada,2026-09-24 00:05:51,2026-09-24 06:01:00,NO
1790215800,2026-09-24 02:10:00,2026-09-23 23:10:00,Nevados de Chillan,MODIS,0.0,0.0,RUTINA,NULO,No descargada,2026-09-24 00:05:51,2026-09-24 06:01:00,NO
1790215500,2026-09-24 02:05:00,2026-09-23 23:05:00,Chaiten,MODIS,0.0,0.0,RUTINA,NULO,No descargada,2026-09-24 00:21:04,2026-09-24 06:01:00,NO
1790215500,2026-09-24 02:05:00,2026-09-23 23:05:00,Puyehue-Cordon Caulle,MODIS,0.0,0.0,RUTINA,NULO,No descargada,2026-09-24 00:21:04,2026-09-24 06:01:00,NO
1790215500,2026-09-24 02:05:00,2026-09-23 23:05:00,Villarrica,MODIS,0.0,0.0,RUTINA,NULO,No descargada,2026-09-24 00:21:04,2026-09-24 06:01:00,NO
1790215500,2026-09-24 02:05:00,2026-09-23 23:05:00,Llaima,MODIS,0.0,0.0,RUTINA,NULO,No descargada,2026-09-24 00:21:04,2026-09-24 06:01:00,NO
1790215500,2026-09-24 02:05:00,2026-09-23 23:05:00,Copahue,MODIS,0.0,0.0,RUTINA,NULO,No descargada,2026-09-24 00:21:04,2026-09-24 06:01:00,NO
1790200800,2026-09-23 22:00:00,2026-09-23 19:00:00,Chaiten,MODIS,0.0,0.0,RUTINA,NULO,No descargada,2026-09-23 20:36:01,2026-09-24 00:15:56,NO
1790195400,2026-09-23 20:30:00,2026-09-23 17:30:00,Isluga,MODIS,0.0,0.0,RUTINA,NULO,No descargada,2026-09-23 19:05:59,2026-09-24 06:01:00,NO
1790195100,2026-09-23 20:25:00,2026-09-23 17:25:00,PlanchonPeteroa,MODIS,0.0,0.0,RUTINA,NULO,No descargada,2026-09-23 19:05:59,2026-09-24 00:01:04,NO
1790195100,2026-09-23 20:25:00,2026-09-23 17:25:00,Nevados de Chillan,MODIS,0.0,0.0,RUTINA,NULO,No descargada,2026-09-23 19:05:59,2026-09-24 00:01:04,NO
1790195100,2026-09-23 20:25:00,2026-09-23 17:25:00,Lastarria,MODIS,0.0,0.0,RUTINA,NULO,No descargada,2026-09-23 19:05:59,2026-09-24 00:01:04,NO
1790195100,2026-09-23 20:25:00,2026-09-23 17:25:00,Tupungatito,MODIS,0.0,0.0,RUTINA,NULO,No descargada,2026-09-23 19:05:59,2026-09-24 00:01:04,NO
1790195100,2026-09-23 20:25:00,2026-09-23 17:25:00,Copahue,MODIS,0.0,0.0,RUTINA,NULO,No descargada,2026-09-23 19:05:59,2026-09-24 00:15:56,NO
1790195100,2026-09-23 20:25:00,2026-09-23 17:25:00,Lascar,MODIS,0.0,0.0,RUTINA,NULO,No descargada,2026-09-23 19:05:59,2026-09-24 06:01:00,NO
1790195100,2026-09-23 20:25:00,2026-09-23 17:25:00,Llaima,MODIS,0.0,0.0,RUTINA,NULO,No descargada,2026-09-23 19:05:59,2026-09-24 00:15:56,NO
1790194800,2026-09-23 20:20:00,2026-09-23 17:20:00,Villarrica,MODIS,0.0,0.0,RUTINA,NULO,No descargada,2026-09-23 19:05:59,2026-09-24 00:15:56,NO
1790194800,2026-09-23 20:20:00,2026-09-23 17:20:00,Puyehue-Cordon Caulle,MODIS,0.0,0.0,RUTINA,NULO,No descargada,2026-09-23 19:05:59,2026-09-24 00:15:56,NO
1790194800,2026-09-23 20:20:00,2026-09-23 17:20:00,Chaiten,MODIS,0.0,0.0,RUTINA,NULO,No descargada,2026-09-23 19:05:59,2026-09-23 20:30:58,NO
1790191801,2026-09-23 19:30:01,2026-09-23 16:30:01,Chaiten,VIIRS,0.0,0.0,RUTINA,NULO,No descargada,2026-09-23 20:21:03,2026-09-24 04:31:02,NO
1790191801,2026-09-23 19:30:01,2026-09-23 16:30:01,Llaima,VIIRS,0.0,0.0,RUTINA,NULO,No descargada,2026-09-23 20:21:03,2026-09-24 04:31:02,NO
1790191801,2026-09-23 19:30:01,2026-09-23 16:30:01,Copahue,VIIRS375,0.0,0.0,RUTINA,NULO,No descargada,2026-09-23 20:36:01,2026-09-24 04:15:55,NO
1790191801,2026-09-23 19:30:01,2026-09-23 16:30:01,Villarrica,VIIRS,0.0,0.0,RUTINA,NULO,No descargada,2026-09-23 20:21:03,2026-09-24 04:31:02,NO
1790191801,2026-09-23 19:30:01,2026-09-23 16:30:01,PlanchonPeteroa,VIIRS375,0.0,0.0,RUTINA,NULO,No descargada,2026-09-23 20:36:01,2026-09-24 04:15:55,NO
1790191801,2026-09-23 19:30:01,2026-09-23 16:30:01,Puyehue-Cordon Caulle,VIIRS,0.0,0.0,RUTINA,NULO,No descargada,2026-09-23 20:21:03,2026-09-24 04:31:02,NO
1790191801,2026-09-23 19:30:01,2026-09-23 16:30:01,Nevados de Chillan,VIIRS,0.0,0.0,RUTINA,NULO,No descargada,2026-09-23 20:21:03,2026-09-24 04:31:02,NO
1790191801,2026-09-23 19:30:01,2026-09-23 16:30:01,Nevados de Chillan,VIIRS375,0.0,0.0,RUTINA,NULO,No descargada,2026-09-23 20:36:01,2026-09-24 04:15:55,NO
1790191801,2026-09-23 19:30:01,2026-09-23 16:30:01,Tupungatito,VIIRS,0.0,0.0,RUTINA,NULO,No descargada,2026-09-23 20:21:03,2026-09-24 04:31:02,NO
1790191801,2026-09-23 19:30:01,2026-09-23 16:30:01,Copahue,VIIRS,0.0,0.0,RUTINA,NULO,No descargada,2026-09-23 20:21:03,2026-09-24 04:31:02,NO
1790191801,2026-09-23 19:30:01,2026-09-23 16:30:01,PlanchonPeteroa,VIIRS,0.0,0.0,RUTINA,NULO,No descargada,2026-09-23 20:21:03,2026-09-24 04:31:02,NO
1790191801,2026-09-23 19:30:01,2026-09-23 16:30:01,Puyehue-Cordon Caulle,VIIRS375,0.0,0.0,RUTINA,NULO,No descargada,2026-09-23 20:36:01,2026-09-24 04:15:55,NO
1790191801,2026-09-23 19:30:01,2026-09-23 16:30:01,Chaiten,VIIRS375,0.0,0.0,RUTINA,NULO,No descargada,2026-09-23 20:36:01,2026-09-24 04:15:55,NO
1790191801,2026-09-23 19:30:01,2026-09-23 16:30:01,Tupungatito,VIIRS375,0.0,0.0,RUTINA,NULO,No descargada,2026-09-23 20:36:01,2026-09-24 04:15:55,NO
1790191801,2026-09-23 19:30:01,2026-09-23 16:30:01,Villarrica,VIIRS375,0.0,0.0,RUTINA,NULO,No descargada,2026-09-23 20:36:01,2026-09-24 04:15:55,NO
1790191801,2026-09-23 19:30:01,2026-09-23 16:30:01,Llaima,VIIRS375,0.0,0.0,RUTINA,NULO,No descargada,2026-09-23 20:36:01,2026-09-24 04:15:55,NO
1790191080,2026-09-23 19:18:00,2026-09-23 16:18:00,Isluga,VIIRS375,0.0,0.0,RUTINA,NULO,No descargada,2026-09-23 20:05:47,2026-09-24 04:46:03,NO
1790191080,2026-09-23 19:18:00,2026-09-23 16:18:00,Isluga,VIIRS,0.0,0.0,RUTINA,NULO,No descargada,2026-09-23 20:05:47,2026-09-24 04:31:02,NO
1790190720,2026-09-23 19:12:00,2026-09-23 16:12:00,PlanchonPeteroa,VIIRS375,0.0,0.0,RUTINA,NULO,No descargada,2026-09-23 20:05:47,2026-09-23 20:30:58,NO
1790190720,2026-09-23 19:12:00,2026-09-23 16:12:00,Lascar,VIIRS375,0.0,0.0,RUTINA,NULO,No descargada,2026-09-23 20:05:47,2026-09-24 04:15:55,NO
1790190720,2026-09-23 19:12:00,2026-09-23 16:12:00,Lastarria,VIIRS375,0.0,0.0,RUTINA,NULO,No descargada,2026-09-23 20:05:47,2026-09-24 04:15:55,NO
1790190720,2026-09-23 19:12:00,2026-09-23 16:12:00,PlanchonPeteroa,VIIRS,0.0,0.0,RUTINA,NULO,No descargada,2026-09-23 20:05:47,2026-09-23 20:16:02,NO
1790190720,2026-09-23 19:12:00,2026-09-23 16:12:00,Llaima,VIIRS375,0.0,0.0,RUTINA,NULO,No descargada,2026-09-23 20:05:47,2026-09-23 20:30:58,NO
1790190720,2026-09-23 19:12:00,2026-09-23 16:12:00,Lascar,VIIRS,0.0,0.0,RUTINA,NULO,No descargada,2026-09-23 20:05:47,2026-09-24 04:31:02,NO
1790190720,2026-09-23 19:12:00,2026-09-23 16:12:00,Lastarria,VIIRS,0.0,0.0,RUTINA,NULO,No descargada,2026-09-23 20:05:47,2026-09-24 04:31:02,NO
1790190720,2026-09-23 19:12:00,2026-09-23 16:12:00,Tupungatito,VIIRS,0.0,0.0,RUTINA,NULO,No descargada,2026-09-23 20:05:47,2026-09-23 20:16:02,NO
1790190720,2026-09-23 19:12:00,2026-09-23 16:12:00,Puyehue-Cordon Caulle,VIIRS,0.0,0.0,RUTINA,NULO,No descargada,2026-09-23 20:05:47,2026-09-23 20:16:02,NO
1790190720,2026-09-23 19:12:00,2026-09-23 16:12:00,Chaiten,VIIRS375,0.0,0.0,RUTINA,NULO,No descargada,2026-09-23 20:05:47,2026-09-23 20:30:58,NO
1790190720,2026-09-23 19:12:00,2026-09-23 16:12:00,Chaiten,VIIRS,0.0,0.0,RUTINA,NULO,No descargada,2026-09-23 20:05:47,2026-09-23 20:16:02,NO
1790190720,2026-09-23 19:12:00,2026-09-23 16:12:00,Nevados de Chillan,VIIRS,0.0,0.0,RUTINA,NULO,No descargada,2026-09-23 20:05:47,2026-09-23 20:16:02,NO
1790190720,2026-09-23 19:12:00,2026-09-23 16:12:00,Puyehue-Cordon Caulle,VIIRS375,0.0,0.0,RUTINA,NULO,No descargada,2026-09-23 20:05:47,2026-09-23 20:30:58,NO
1790190720,2026-09-23 19:12:00,2026-09-23 16:12:00,Villarrica,VIIRS,0.0,0.0,RUTINA,NULO,No descargada,2026-09-23 20:05:47,2026-09-23 20:16:02,NO
1790190720,2026-09-23 19:12:00,2026-09-23 16:12:00,Nevados de Chillan,VIIRS375,0.0,0.0,RUTINA,NULO,No descargada,2026-09-23 20:05:47,2026-09-23 20:30:58,NO
1790190720,2026-09-23 19:12:00,2026-09-23 16:12:00,Villarrica,VIIRS375,0.0,0.0,RUTINA,NULO,No descargada,2026-09-23 20:05:47,2026-09-23 20:30:58,NO
1790190720,2026-09-23 19:12:00,2026-09-23 16:12:00,Llaima,VIIRS,0.0,0.0,RUTINA,NULO,No descargada,2026-09-23 20:05:47,2026-09-23 20:16:02,NO
1790190720,2026-09-23 19:12:00,2026-09-23 16:12:00,Tupungatito,VIIRS375,0.0,0.0,RUTINA,NULO,No descargada,2026-09-23 20:05:47,2026-09-23 20:30:58,NO
1790190720,2026-09-23 19:12:00,2026-09-23 16:12:00,Copahue,VIIRS375,0.0,0.0,RUTINA,NULO,No descargada,2026-09-23 20:05:47,2026-09-23 20:30:58,NO
1790190720,2026-09-23 19:12:00,2026-09-23 16:12:00,Copahue,VIIRS,0.0,0.0,RUTINA,NULO,No descargada,2026-09-23 20:05:47,2026-09-23 20:16:02,NO
1790188922,2026-09-23 18:42:02,2026-09-23 15:42:02,Isluga,VIIRS,0.0,0.0,RUTINA,NULO,No descargada,2026-09-23 19:35:51,2026-09-23 20:01:01,NO
1790188922,2026-09-23 18:42:02,2026-09-23 15:42:02,Isluga,VIIRS375,0.0,0.0,RUTINA,NULO,No descargada,2026-09-23 19:51:03,2026-09-23 20:01:01,NO
1790188562,2026-09-23 18:36:02,2026-09-23 15:36:02,Puyehue-Cordon Caulle,VIIRS375,0.0,0.0,RUTINA,NULO,No descargada,2026-09-23 19:51:03,2026-09-23 20:01:01,NO
1790188562,2026-09-23 18:36:02,2026-09-23 15:36:02,Puyehue-Cordon Caulle,VIIRS,0.0,0.0,RUTINA,NULO,No descargada,2026-09-23 19:35:51,2026-09-23 20:01:01,NO
1790188562,2026-09-23 18:36:02,2026-09-23 15:36:02,Llaima,VIIRS375,0.0,0.0,RUTINA,NULO,No descargada,2026-09-23 19:51:03,2026-09-23 20:01:01,NO
1790188562,2026-09-23 18:36:02,2026-09-23 15:36:02,Lascar,VIIRS375,0.0,0.0,RUTINA,NULO,No descargada,2026-09-23 19:51:03,2026-09-23 20:01:01,NO
1790188562,2026-09-23 18:36:02,2026-09-23 15:36:02,Copahue,VIIRS,0.0,0.0,RUTINA,NULO,No descargada,2026-09-23 19:35:51,2026-09-23 20:01:01,NO
1790188562,2026-09-23 18:36:02,2026-09-23 15:36:02,Tupungatito,VIIRS375,0.0,0.0,RUTINA,NULO,No descargada,2026-09-23 19:51:03,2026-09-23 20:01:01,NO
1790188562,2026-09-23 18:36:02,2026-09-23 15:36:02,Villarrica,VIIRS375,0.0,0.0,RUTINA,NULO,No descargada,2026-09-23 19:51:03,2026-09-23 20:01:01,NO
1790188562,2026-09-23 18:36:02,2026-09-23 15:36:02,Nevados de Chillan,VIIRS,0.0,0.0,RUTINA,NULO,No descargada,2026-09-23 19:35:51,2026-09-23 20:01:01,NO
1790188562,2026-09-23 18:36:02,2026-09-23 15:36:02,PlanchonPeteroa,VIIRS375,0.0,0.0,RUTINA,NULO,No descargada,2026-09-23 19:51:03,2026-09-23 20:01:01,NO
1790188562,2026-09-23 18:36:02,2026-09-23 15:36:02,PlanchonPeteroa,VIIRS,0.0,0.0,RUTINA,NULO,No descargada,2026-09-23 19:35:51,2026-09-23 20:01:01,NO
1790188562,2026-09-23 18:36:02,2026-09-23 15:36:02,Llaima,VIIRS,0.0,0.0,RUTINA,NULO,No descargada,2026-09-23 19:35:51,2026-09-23 20:01:01,NO
1790188562,2026-09-23 18:36:02,2026-09-23 15:36:02,Villarrica,VIIRS,0.0,0.0,RUTINA,NULO,No descargada,2026-09-23 19:35:51,2026-09-23 20:01:01,NO
1790188562,2026-09-23 18:36:02,2026-09-23 15:36:02,Nevados de Chillan,VIIRS375,0.0,0.0,RUTINA,NULO,No descargada,2026-09-23 19:51:03,2026-09-23 20:01:01,NO
1790188562,2026-09-23 18:36:02,2026-09-23 15:36:02,Tupungatito,VIIRS,0.0,0.0,RUTINA,NULO,No descargada,2026-09-23 19:35:51,2026-09-23 20:01:01,NO
1790188562,2026-09-23 18:36:02,2026-09-23 15:36:02,Lastarria,VIIRS,0.0,0.0,RUTINA,NULO,No descargada,2026-09-23 19:35:51,2026-09-23 20:01:01,NO
1790188562,2026-09-23 18:36:02,2026-09-23 15:36:02,Copahue,VIIRS375,0.0,0.0,RUTINA,NULO,No descargada,2026-09-23 19:51:03,2026-09-23 20:01:01,NO
1790188562,2026-09-23 18:36:02,2026-09-23 15:36:02,Lastarria,VIIRS375,0.0,0.0,RUTINA,NULO,No descargada,2026-09-23 19:51:03,2026-09-23 20:01:01,NO
1790188562,2026-09-23 18:36:02,2026-09-23 15:36:02,Lascar,VIIRS,0.0,0.0,RUTINA,NULO,No descargada,2026-09-23 19:35:51,2026-09-23 20:01:01,NO
1790188202,2026-09-23 18:30:02,2026-09-23 15:30:02,Chaiten,VIIRS375,0.0,0.0,RUTINA,NULO,No descargada,2026-09-23 19:51:03,2026-09-23 20:01:01,NO
1790188202,2026-09-23 18:30:02,2026-09-23 15:30:02,Chaiten,VIIRS,0.0,0.0,RUTINA,NULO,No descargada,2026-09-23 19:35:51,2026-09-23 20:01:01,NO
1790186041,2026-09-23 17:54:01,2026-09-23 14:54:01,Lastarria,VIIRS,0.0,0.0,RUTINA,NULO,No descargada,2026-09-23 19:05:59,2026-09-23 19:31:07,NO
1790186041,2026-09-23 17:54:01,2026-09-23 14:54:01,Lascar,VIIRS,0.0,0.0,RUTINA,NULO,No descargada,2026-09-23 19:05:59,2026-09-23 19:31:07,NO
1790186041,2026-09-23 17:54:01,2026-09-23 14:54:01,Isluga,VIIRS,0.0,0.0,RUTINA,NULO,No descargada,2026-09-23 19:05:59,2026-09-23 19:31:07,NO
1790186041,2026-09-23 17:54:01,2026-09-23 14:54:01,Lascar,VIIRS375,0.0,0.0,RUTINA,NULO,No descargada,2026-09-23 19:05:59,2026-09-23 19:45:59,NO
1790186041,2026-09-23 17:54:01,2026-09-23 14:54:01,Isluga,VIIRS375,0.0,0.0,RUTINA,NULO,No descargada,2026-09-23 19:05:59,2026-09-23 19:45:59,NO
1790186041,2026-09-23 17:54:01,2026-09-23 14:54:01,Lastarria,VIIRS375,0.0,0.0,RUTINA,NULO,No descargada,2026-09-23 19:05:59,2026-09-23 19:45:59,NO
1790185681,2026-09-23 17:48:01,2026-09-23 14:48:01,Villarrica,VIIRS375,0.0,0.0,RUTINA,NULO,No descargada,2026-09-23 19:05:59,2026-09-23 19:45:59,NO
1790185681,2026-09-23 17:48:01,2026-09-23 14:48:01,Copahue,VIIRS375,0.0,0.0,RUTINA,NULO,No descargada,2026-09-23 19:05:59,2026-09-23 19:45:59,NO
1790185681,2026-09-23 17:48:01,2026-09-23 14:48:01,Villarrica,VIIRS,0.0,0.0,RUTINA,NULO,No descargada,2026-09-23 19:05:59,2026-09-23 19:31:07,NO
1790185681,2026-09-23 17:48:01,2026-09-23 14:48:01,Chaiten,VIIRS,0.0,0.0,RUTINA,NULO,No descargada,2026-09-23 19:05:59,2026-09-23 19:31:07,NO
1790185681,2026-09-23 17:48:01,2026-09-23 14:48:01,PlanchonPeteroa,VIIRS,0.0,0.0,RUTINA,NULO,No descargada,2026-09-23 19:05:59,2026-09-23 19:31:07,NO
1790185681,2026-09-23 17:48:01,2026-09-23 14:48:01,Tupungatito,VIIRS375,0.0,0.0,RUTINA,NULO,No descargada,2026-09-23 19:05:59,2026-09-23 19:45:59,NO
1790185681,2026-09-23 17:48:01,2026-09-23 14:48:01,Tupungatito,VIIRS,0.0,0.0,RUTINA,NULO,No descargada,2026-09-23 19:05:59,2026-09-23 19:31:07,NO
1790185681,2026-09-23 17:48:01,2026-09-23 14:48:01,Nevados de Chillan,VIIRS375,0.0,0.0,RUTINA,NULO,No descargada,2026-09-23 19:05:59,2026-09-23 19:45:59,NO
1790185681,2026-09-23 17:48:01,2026-09-23 14:48:01,Puyehue-Cordon Caulle,VIIRS375,0.0,0.0,RUTINA,NULO,No descargada,2026-09-23 19:05:59,2026-09-23 19:45:59,NO
1790185681,2026-09-23 17:48:01,2026-09-23 14:48:01,Nevados de Chillan,VIIRS,0.0,0.0,RUTINA,NULO,No descargada,2026-09-23 19:05:59,2026-09-23 19:31:07,NO
1790185681,2026-09-23 17:48:01,2026-09-23 14:48:01,Llaima,VIIRS,0.0,0.0,RUTINA,NULO,No descargada,2026-09-23 19:05:59,2026-09-23 19:31:07,NO
1790185681,2026-09-23 17:48:01,2026-09-23 14:48:01,PlanchonPeteroa,VIIRS375,0.0,0.0,RUTINA,NULO,No descargada,2026-09-23 19:05:59,2026-09-23 19:45:59,NO
1790185681,2026-09-23 17:48:01,2026-09-23 14:48:01,Chaiten,VIIRS375,0.0,0.0,RUTINA,NULO,No descargada,2026-09-23 19:05:59,2026-09-23 19:45:59,NO
1790185681,2026-09-23 17:48:01,2026-09-23 14:48:01,Copahue,VIIRS,0.0,0.0,RUTINA,NULO,No descargada,2026-09-23 19:05:59,2026-09-23 19:31:07,NO
1790185681,2026-09-23 17:48:01,2026-09-23 14:48:01,Llaima,VIIRS375,0.0,0.0,RUTINA,NULO,No descargada,2026-09-23 19:05:59,2026-09-23 19:45:59,NO
1790185681,2026-09-23 17:48:01,2026-09-23 14:48:01,Puyehue-Cordon Caulle,VIIRS,0.0,0.0,RUTINA,NULO,No descargada,2026-09-23 19:05:59,2026-09-23 19:31:07,NO
1790184960,2026-09-23 17:36:00,2026-09-23 14:36:00,Isluga,VIIRS375,0.0,0.0,RUTINA,NULO,No descargada,2026-09-23 18:35:53,2026-09-23 19:01:08,NO
1790184960,2026-09-23 17:36:00,2026-09-23 14:36:00,Lastarria,VIIRS375,0.0,0.0,RUTINA,NULO,No descargada,2026-09-23 18:35:53,2026-09-23 19:01:08,NO
1790184960,2026-09-23 17:36:00,2026-09-23 14:36:00,Lascar,VIIRS375,0.0,0.0,RUTINA,NULO,No descargada,2026-09-23 18:35:53,2026-09-23 19:01:08,NO
1790184960,2026-09-23 17:36:00,2026-09-23 14:36:00,Isluga,VIIRS,0.0,0.0,RUTINA,NULO,No descargada,2026-09-23 18:21:01,2026-09-23 19:01:08,NO
1790184960,2026-09-23 17:36:00,2026-09-23 14:36:00,Lastarria,VIIRS,0.0,0.0,RUTINA,NULO,No descargada,2026-09-23 18:21:01,2026-09-23 19:01:08,NO
1790184960,2026-09-23 17:36:00,2026-09-23 14:36:00,Lascar,VIIRS,0.0,0.0,RUTINA,NULO,No descargada,2026-09-23 18:21:01,2026-09-23 19:01:08,NO
1790184600,2026-09-23 17:30:00,2026-09-23 14:30:00,Tupungatito,VIIRS,0.0,0.0,RUTINA,NULO,No descargada,2026-09-23 18:21:01,2026-09-23 19:01:08,NO
1790184600,2026-09-23 17:30:00,2026-09-23 14:30:00,Tupungatito,VIIRS375,1.39,26.05,FALSO_POSITIVO,NULO,No descargada,2026-09-23 18:21:01,2026-09-23 19:01:08,NO
1790166600,2026-09-23 12:30:00,2026-09-23 09:30:00,Chaiten,MODIS,0.0,0.0,RUTINA,NULO,No descargada,2026-09-23 11:06:06,2026-09-23 19:01:08,NO
1790166600,2026-09-23 12:30:00,2026-09-23 09:30:00,PlanchonPeteroa,MODIS,0.0,0.0,RUTINA,NULO,No descargada,2026-09-23 11:06:06,2026-09-23 19:01:08,NO
1790166600,2026-09-23 12:30:00,2026-09-23 09:30:00,Copahue,MODIS,0.0,0.0,RUTINA,NULO,No descargada,2026-09-23 11:06:06,2026-09-23 19:01:08,NO
1790166600,2026-09-23 12:30:00,2026-09-23 09:30:00,Nevados de Chillan,MODIS,0.0,0.0,RUTINA,NULO,No descargada,2026-09-23 11:06:06,2026-09-23 19:01:08,NO
1790166600,2026-09-23 12:30:00,2026-09-23 09:30:00,Villarrica,MODIS,0.0,0.0,RUTINA,NULO,No descargada,2026-09-23 11:06:06,2026-09-23 19:01:08,NO
1790166600,2026-09-23 12:30:00,2026-09-23 09:30:00,Llaima,MODIS,0.0,0.0,RUTINA,NULO,No descargada,2026-09-23 11:06:06,2026-09-23 19:01:08,NO
1790166600,2026-09-23 12:30:00,2026-09-23 09:30:00,Puyehue-Cordon Caulle,MODIS,0.0,0.0,RUTINA,NULO,No descargada,2026-09-23 11:06:06,2026-09-23 19:01:08,NO
1790166600,2026-09-23 12:30:00,2026-09-23 09:30:00,Tupungatito,MODIS,0.0,0.0,RUTINA,NULO,No descargada,2026-09-23 11:06:06,2026-09-23 19:01:08,NO
1790166300,2026-09-23 12:25:00,2026-09-23 09:25:00,Lascar,MODIS,0.0,0.0,RUTINA,NULO,No descargada,2026-09-23 11:06:06,2026-09-23 19:01:08,NO
1790166300,2026-09-23 12:25:00,2026-09-23 09:25:00,Lastarria,MODIS,0.0,0.0,RUTINA,NULO,No descargada,2026-09-23 11:06:06,2026-09-23 19:01:08,NO
1790166300,2026-09-23 12:25:00,2026-09-23 09:25:00,Isluga,MODIS,0.0,0.0,RUTINA,NULO,No descargada,2026-09-23 11:06:06,2026-09-23 19:01:08,NO
1790151900,2026-09-23 08:25:00,2026-09-23 05:25:00,Copahue,MODIS,0.0,0.0,RUTINA,NULO,No descargada,2026-09-23 07:20:59,2026-09-23 11:01:02,NO
1790151900,2026-09-23 08:25:00,2026-09-23 05:25:00,Chaiten,MODIS,0.0,0.0,RUTINA,NULO,No descargada,2026-09-23 07:20:59,2026-09-23 11:01:02,NO
1790151900,2026-09-23 08:25:00,2026-09-23 05:25:00,Puyehue-Cordon Caulle,MODIS,0.0,0.0,RUTINA,NULO,No descargada,2026-09-23 07:20:59,2026-09-23 11:01:02,NO
1790151900,2026-09-23 08:25:00,2026-09-23 05:25:00,PlanchonPeteroa,MODIS,0.0,0.0,RUTINA,NULO,No descargada,2026-09-23 07:20:59,2026-09-23 11:01:02,NO
1790151900,2026-09-23 08:25:00,2026-09-23 05:25:00,Tupungatito,MODIS,0.0,0.0,RUTINA,NULO,No descargada,2026-09-23 07:20:59,2026-09-23 11:01:02,NO
1790151900,2026-09-23 08:25:00,2026-09-23 05:25:00,Nevados de Chillan,MODIS,0.0,0.0,RUTINA,NULO,No descargada,2026-09-23 07:20:59,2026-09-23 11:01:02,NO
1790151900,2026-09-23 08:25:00,2026-09-23 05:25:00,Llaima,MODIS,0.0,0.0,RUTINA,NULO,No descargada,2026-09-23 07:20:59,2026-09-23 11:01:02,NO
1790151900,2026-09-23 08:25:00,2026-09-23 05:25:00,Villarrica,MODIS,0.0,0.0,RUTINA,NULO,No descargada,2026-09-23 07:20:59,2026-09-23 11:01:02,NO
1790151600,2026-09-23 08:20:00,2026-09-23 05:20:00,Isluga,MODIS,0.0,0.0,RUTINA,NULO,No descargada,2026-09-23 07:20:59,2026-09-23 11:01:02,NO
1790151600,2026-09-23 08:20:00,2026-09-23 05:20:00,Lascar,MODIS,0.0,0.0,RUTINA,NULO,No descargada,2026-09-23 07:20:59,2026-09-23 11:01:02,NO
1790151600,2026-09-23 08:20:00,2026-09-23 05:20:00,Lastarria,MODIS,0.0,0.0,RUTINA,NULO,No descargada,2026-09-23 07:20:59,2026-09-23 11:01:02,NO
1790146440,2026-09-23 06:54:00,2026-09-23 03:54:00,Copahue,VIIRS375,0.0,0.0,RUTINA,NULO,No descargada,2026-09-23 07:06:03,2026-09-23 19:01:08,NO
1790146440,2026-09-23 06:54:00,2026-09-23 03:54:00,Copahue,VIIRS,0.0,0.0,RUTINA,NULO,No descargada,2026-09-23 06:50:55,2026-09-23 19:01:08,NO
1790146440,2026-09-23 06:54:00,2026-09-23 03:54:00,Llaima,VIIRS375,0.0,0.0,RUTINA,NULO,No descargada,2026-09-23 07:06:03,2026-09-23 19:01:08,NO
1790146440,2026-09-23 06:54:00,2026-09-23 03:54:00,Puyehue-Cordon Caulle,VIIRS375,0.0,0.0,RUTINA,NULO,No descargada,2026-09-23 07:06:03,2026-09-23 19:01:08,NO
1790146440,2026-09-23 06:54:00,2026-09-23 03:54:00,Llaima,VIIRS,0.0,0.0,RUTINA,NULO,No descargada,2026-09-23 06:50:55,2026-09-23 19:01:08,NO
1790146440,2026-09-23 06:54:00,2026-09-23 03:54:00,Chaiten,VIIRS,0.0,0.0,RUTINA,NULO,No descargada,2026-09-23 06:50:55,2026-09-23 19:01:08,NO
1790146440,2026-09-23 06:54:00,2026-09-23 03:54:00,Puyehue-Cordon Caulle,VIIRS,0.0,0.0,RUTINA,NULO,No descargada,2026-09-23 06:50:55,2026-09-23 19:01:08,NO
1790146440,2026-09-23 06:54:00,2026-09-23 03:54:00,Chaiten,VIIRS375,0.0,0.0,RUTINA,NULO,No descargada,2026-09-23 07:06:03,2026-09-23 19:01:08,NO
1790146440,2026-09-23 06:54:00,2026-09-23 03:54:00,Villarrica,VIIRS,0.0,0.0,RUTINA,NULO,No descargada,2026-09-23 06:50:55,2026-09-23 19:01:08,NO
1790146440,2026-09-23 06:54:00,2026-09-23 03:54:00,Villarrica,VIIRS375,0.0,0.0,RUTINA,NULO,No descargada,2026-09-23 07:06:03,2026-09-23 19:01:08,NO
1790146080,2026-09-23 06:48:00,2026-09-23 03:48:00,Lastarria,VIIRS375,0.03,2.25,ALERTA_TERMICA,Muy Bajo,imagenes_satelitales/Lastarria/2026-09-23/06-48-00_Lastarria_VIIRS375_Latest.png,2026-09-23 07:06:03,2026-09-23 18:30:56,NO
1790146080,2026-09-23 06:48:00,2026-09-23 03:48:00,Lastarria,VIIRS,0.0,0.0,RUTINA,NULO,No descargada,2026-09-23 06:50:55,2026-09-23 18:16:02,NO
1790146080,2026-09-23 06:48:00,2026-09-23 03:48:00,Tupungatito,VIIRS,0.0,0.0,RUTINA,NULO,No descargada,2026-09-23 06:50:55,2026-09-23 18:16:02,NO
1790146080,2026-09-23 06:48:00,2026-09-23 03:48:00,Nevados de Chillan,VIIRS,0.0,0.0,RUTINA,NULO,No descargada,2026-09-23 06:50:55,2026-09-23 19:01:08,NO
1790146080,2026-09-23 06:48:00,2026-09-23 03:48:00,Isluga,VIIRS,0.0,0.0,RUTINA,NULO,No descargada,2026-09-23 06:50:55,2026-09-23 18:16:02,NO
1790146080,2026-09-23 06:48:00,2026-09-23 03:48:00,PlanchonPeteroa,VIIRS375,0.0,0.0,RUTINA,NULO,No descargada,2026-09-23 07:06:03,2026-09-23 18:30:56,NO
1790146080,2026-09-23 06:48:00,2026-09-23 03:48:00,Tupungatito,VIIRS375,0.0,0.0,RUTINA,NULO,No descargada,2026-09-23 07:06:03,2026-09-23 18:16:02,NO
1790146080,2026-09-23 06:48:00,2026-09-23 03:48:00,Nevados de Chillan,VIIRS375,0.0,0.0,RUTINA,NULO,No descargada,2026-09-23 07:06:03,2026-09-23 19:01:08,NO
1790146080,2026-09-23 06:48:00,2026-09-23 03:48:00,Lascar,VIIRS375,0.0,0.0,RUTINA,NULO,No descargada,2026-09-23 07:06:03,2026-09-23 18:30:56,NO
1790146080,2026-09-23 06:48:00,2026-09-23 03:48:00,Lascar,VIIRS,0.0,0.0,RUTINA,NULO,No descargada,2026-09-23 06:50:55,2026-09-23 18:16:02,NO
1790146080,2026-09-23 06:48:00,2026-09-23 03:48:00,PlanchonPeteroa,VIIRS,0.0,0.0,RUTINA,NULO,No descargada,2026-09-23 06:50:55,2026-09-23 19:01:08,NO
1790146080,2026-09-23 06:48:00,2026-09-23 03:48:00,Isluga,VIIRS375,0.0,0.0,RUTINA,NULO,No descargada,2026-09-23 07:06:03,2026-09-23 18:30:56,NO
1790144282,2026-09-23 06:18:02,2026-09-23 03:18:02,Chaiten,VIIRS,0.0,0.0,RUTINA,NULO,No descargada,2026-09-23 06:03:17,2026-09-23 06:46:04,NO
1790144282,2026-09-23 06:18:02,2026-09-23 03:18:02,Puyehue-Cordon Caulle,VIIRS375,0.0,0.0,RUTINA,NULO,No descargada,2026-09-23 06:03:17,2026-09-23 07:01:02,NO
1790144282,2026-09-23 06:18:02,2026-09-23 03:18:02,Puyehue-Cordon Caulle,VIIRS,0.0,0.0,RUTINA,NULO,No descargada,2026-09-23 06:03:17,2026-09-23 06:46:04,NO
1790144282,2026-09-23 06:18:02,2026-09-23 03:18:02,Chaiten,VIIRS375,0.0,0.0,RUTINA,NULO,No descargada,2026-09-23 06:03:17,2026-09-23 07:01:02,NO
1790143922,2026-09-23 06:12:02,2026-09-23 03:12:02,Lascar,VIIRS,0.0,0.0,RUTINA,NULO,No descargada,2026-09-23 06:03:17,2026-09-23 06:46:04,NO
1790143922,2026-09-23 06:12:02,2026-09-23 03:12:02,PlanchonPeteroa,VIIRS,0.0,0.0,RUTINA,NULO,No descargada,2026-09-23 06:03:17,2026-09-23 06:46:04,NO
1790143922,2026-09-23 06:12:02,2026-09-23 03:12:02,Nevados de Chillan,VIIRS,0.0,0.0,RUTINA,NULO,No descargada,2026-09-23 06:03:17,2026-09-23 06:46:04,NO
1790143922,2026-09-23 06:12:02,2026-09-23 03:12:02,Copahue,VIIRS,0.0,0.0,RUTINA,NULO,No descargada,2026-09-23 06:03:17,2026-09-23 06:46:04,NO
1790143922,2026-09-23 06:12:02,2026-09-23 03:12:02,Nevados de Chillan,VIIRS375,0.0,0.0,RUTINA,NULO,No descargada,2026-09-23 06:03:17,2026-09-23 07:01:02,NO
1790143922,2026-09-23 06:12:02,2026-09-23 03:12:02,Lastarria,VIIRS,0.0,0.0,RUTINA,NULO,No descargada,2026-09-23 06:03:17,2026-09-23 06:46:04,NO
1790143922,2026-09-23 06:12:02,2026-09-23 03:12:02,Tupungatito,VIIRS,0.0,0.0,RUTINA,NULO,No descargada,2026-09-23 06:03:17,2026-09-23 06:46:04,NO
1790143922,2026-09-23 06:12:02,2026-09-23 03:12:02,Isluga,VIIRS375,0.0,0.0,RUTINA,NULO,No descargada,2026-09-23 06:03:17,2026-09-23 07:01:02,NO
1790143922,2026-09-23 06:12:02,2026-09-23 03:12:02,Isluga,VIIRS,0.0,0.0,RUTINA,NULO,No descargada,2026-09-23 05:51:28,2026-09-23 06:46:04,NO
1790143922,2026-09-23 06:12:02,2026-09-23 03:12:02,Copahue,VIIRS375,0.0,0.0,RUTINA,NULO,No descargada,2026-09-23 06:03:17,2026-09-23 07:01:02,NO
1790143922,2026-09-23 06:12:02,2026-09-23 03:12:02,Lascar,VIIRS375,0.27,1.19,ALERTA_TERMICA,Muy Bajo,imagenes_satelitales/Lascar/2026-09-23/06-12-02_Lascar_VIIRS375_Latest.png,2026-09-23 06:03:17,2026-09-23 07:01:02,NO
1790143922,2026-09-23 06:12:02,2026-09-23 03:12:02,Llaima,VIIRS375,0.0,0.0,RUTINA,NULO,No descargada,2026-09-23 06:03:17,2026-09-23 07:01:02,NO
1790143922,2026-09-23 06:12:02,2026-09-23 03:12:02,Tupungatito,VIIRS375,0.0,0.0,RUTINA,NULO,No descargada,2026-09-23 06:03:17,2026-09-23 07:01:02,NO
1790143922,2026-09-23 06:12:02,2026-09-23 03:12:02,Lastarria,VIIRS375,0.0,0.0,RUTINA,NULO,No descargada,2026-09-23 06:03:17,2026-09-23 07:01:02,NO
1790143922,2026-09-23 06:12:02,2026-09-23 03:12:02,Llaima,VIIRS,0.0,0.0,RUTINA,NULO,No descargada,2026-09-23 06:03:17,2026-09-23 06:46:04,NO
1790143922,2026-09-23 06:12:02,2026-09-23 03:12:02,PlanchonPeteroa,VIIRS375,0.0,0.0,RUTINA,NULO,No descargada,2026-09-23 06:03:17,2026-09-23 07:01:02,NO
1790141401,2026-09-23 05:30:01,2026-09-23 02:30:01,Puyehue-Cordon Caulle,VIIRS,0.0,0.0,RUTINA,NULO,No descargada,2026-09-23 05:06:04,2026-09-23 05:55:51,NO
1790141401,2026-09-23 05:30:01,2026-09-23 02:30:01,Nevados de Chillan,VIIRS375,0.0,0.0,RUTINA,NULO,No descargada,2026-09-23 05:06:04,2026-09-23 05:55:51,NO
1790141401,2026-09-23 05:30:01,2026-09-23 02:30:01,Tupungatito,VIIRS,0.0,0.0,RUTINA,NULO,No descargada,2026-09-23 05:06:04,2026-09-23 05:55:51,NO
1790141401,2026-09-23 05:30:01,2026-09-23 02:30:01,Tupungatito,VIIRS375,0.0,0.0,RUTINA,NULO,No descargada,2026-09-23 05:06:04,2026-09-23 05:55:51,NO
1790141401,2026-09-23 05:30:01,2026-09-23 02:30:01,Copahue,VIIRS,0.0,0.0,RUTINA,NULO,No descargada,2026-09-23 05:06:04,2026-09-23 05:55:51,NO
1790141401,2026-09-23 05:30:01,2026-09-23 02:30:01,Chaiten,VIIRS,0.0,0.0,RUTINA,NULO,No descargada,2026-09-23 05:06:04,2026-09-23 05:55:51,NO
1790141401,2026-09-23 05:30:01,2026-09-23 02:30:01,Llaima,VIIRS,0.0,0.0,RUTINA,NULO,No descargada,2026-09-23 05:06:04,2026-09-23 05:55:51,NO
1790141401,2026-09-23 05:30:01,2026-09-23 02:30:01,Copahue,VIIRS375,0.0,0.0,RUTINA,NULO,No descargada,2026-09-23 05:06:04,2026-09-23 05:55:51,NO
1790141401,2026-09-23 05:30:01,2026-09-23 02:30:01,Villarrica,VIIRS,0.0,0.0,RUTINA,NULO,No descargada,2026-09-23 05:06:04,2026-09-23 06:46:04,NO
1790141401,2026-09-23 05:30:01,2026-09-23 02:30:01,PlanchonPeteroa,VIIRS,0.0,0.0,RUTINA,NULO,No descargada,2026-09-23 05:06:04,2026-09-23 05:55:51,NO
1790141401,2026-09-23 05:30:01,2026-09-23 02:30:01,Llaima,VIIRS375,0.0,0.0,RUTINA,NULO,No descargada,2026-09-23 05:06:04,2026-09-23 05:55:51,NO
1790141401,2026-09-23 05:30:01,2026-09-23 02:30:01,PlanchonPeteroa,VIIRS375,0.0,0.0,RUTINA,NULO,No descargada,2026-09-23 05:06:04,2026-09-23 05:55:51,NO
1790141401,2026-09-23 05:30:01,2026-09-23 02:30:01,Puyehue-Cordon Caulle,VIIRS375,0.0,0.0,RUTINA,NULO,No descargada,2026-09-23 05:06:04,2026-09-23 05:55:51,NO
1790141401,2026-09-23 05:30:01,2026-09-23 02:30:01,Villarrica,VIIRS375,0.0,0.0,RUTINA,NULO,No descargada,2026-09-23 05:06:04,2026-09-23 07:01:02,NO
1790141401,2026-09-23 05:30:01,2026-09-23 02:30:01,Nevados de Chillan,VIIRS,0.0,0.0,RUTINA,NULO,No descargada,2026-09-23 05:06:04,2026-09-23 05:55:51,NO
1790141401,2026-09-23 05:30:01,2026-09-23 02:30:01,Chaiten,VIIRS375,0.0,0.0,RUTINA,NULO,No descargada,2026-09-23 05:06:04,2026-09-23 05:55:51,NO
1790141041,2026-09-23 05:24:01,2026-09-23 02:24:01,Lascar,VIIRS,0.0,0.0,RUTINA,NULO,No descargada,2026-09-23 05:06:04,2026-09-23 05:55:51,NO
1790141041,2026-09-23 05:24:01,2026-09-23 02:24:01,Lascar,VIIRS375,0.2,1.19,ALERTA_TERMICA,Muy Bajo,imagenes_satelitales/Lascar/2026-09-23/05-24-01_Lascar_VIIRS375_Latest.png,2026-09-23 05:06:04,2026-09-23 05:55:51,NO
1790141041,2026-09-23 05:24:01,2026-09-23 02:24:01,Isluga,VIIRS375,1.07,21.24,FALSO_POSITIVO,NULO,No descargada,2026-09-23 05:06:04,2026-09-23 05:55:51,NO
1790141041,2026-09-23 05:24:01,2026-09-23 02:24:01,Lastarria,VIIRS,0.0,0.0,RUTINA,NULO,No descargada,2026-09-23 05:06:04,2026-09-23 05:55:51,NO
1790141041,2026-09-23 05:24:01,2026-09-23 02:24:01,Lastarria,VIIRS375,0.0,0.0,RUTINA,NULO,No descargada,2026-09-23 05:06:04,2026-09-23 05:55:51,NO
1790141041,2026-09-23 05:24:01,2026-09-23 02:24:01,Isluga,VIIRS,0.0,0.0,RUTINA,NULO,No descargada,2026-09-23 05:06:04,2026-09-23 05:45:54,NO
1790138162,2026-09-23 04:36:02,2026-09-23 01:36:02,Llaima,VIIRS,0.0,0.0,RUTINA,NULO,No descargada,2026-09-23 04:05:54,2026-09-23 05:00:59,NO
1790138162,2026-09-23 04:36:02,2026-09-23 01:36:02,Puyehue-Cordon Caulle,VIIRS375,0.0,0.0,RUTINA,NULO,No descargada,2026-09-23 04:05:54,2026-09-23 05:00:59,NO
1790138162,2026-09-23 04:36:02,2026-09-23 01:36:02,PlanchonPeteroa,VIIRS375,0.0,0.0,RUTINA,NULO,No descargada,2026-09-23 04:05:54,2026-09-23 05:00:59,NO
1790138162,2026-09-23 04:36:02,2026-09-23 01:36:02,Villarrica,VIIRS375,0.0,0.0,RUTINA,NULO,No descargada,2026-09-23 04:05:54,2026-09-23 05:00:59,NO
1790138162,2026-09-23 04:36:02,2026-09-23 01:36:02,Llaima,VIIRS375,0.0,0.0,RUTINA,NULO,No descargada,2026-09-23 04:05:54,2026-09-23 05:00:59,NO
1790138162,2026-09-23 04:36:02,2026-09-23 01:36:02,Nevados de Chillan,VIIRS,0.0,0.0,RUTINA,NULO,No descargada,2026-09-23 04:05:54,2026-09-23 05:00:59,NO
1790138162,2026-09-23 04:36:02,2026-09-23 01:36:02,Chaiten,VIIRS375,0.0,0.0,RUTINA,NULO,No descargada,2026-09-23 04:05:54,2026-09-23 05:00:59,NO
1790138162,2026-09-23 04:36:02,2026-09-23 01:36:02,Chaiten,VIIRS,0.0,0.0,RUTINA,NULO,No descargada,2026-09-23 04:05:54,2026-09-23 05:00:59,NO
1790138162,2026-09-23 04:36:02,2026-09-23 01:36:02,PlanchonPeteroa,VIIRS,0.0,0.0,RUTINA,NULO,No descargada,2026-09-23 04:05:54,2026-09-23 05:00:59,NO
1790138162,2026-09-23 04:36:02,2026-09-23 01:36:02,Villarrica,VIIRS,0.0,0.0,RUTINA,NULO,No descargada,2026-09-23 04:05:54,2026-09-23 05:00:59,NO
1790138162,2026-09-23 04:36:02,2026-09-23 01:36:02,Puyehue-Cordon Caulle,VIIRS,0.0,0.0,RUTINA,NULO,No descargada,2026-09-23 04:05:54,2026-09-23 05:00:59,NO
1790138162,2026-09-23 04:36:02,2026-09-23 01:36:02,Copahue,VIIRS375,0.0,0.0,RUTINA,NULO,No descargada,2026-09-23 04:05:54,2026-09-23 05:00:59,NO
1790138162,2026-09-23 04:36:02,2026-09-23 01:36:02,Nevados de Chillan,VIIRS375,0.0,0.0,RUTINA,NULO,No descargada,2026-09-23 04:05:54,2026-09-23 05:00:59,NO
1790138162,2026-09-23 04:36:02,2026-09-23 01:36:02,Copahue,VIIRS,0.0,0.0,RUTINA,NULO,No descargada,2026-09-23 04:05:54,2026-09-23 05:00:59,NO
1790137802,2026-09-23 04:30:02,2026-09-23 01:30:02,Tupungatito,VIIRS375,0.0,0.0,RUTINA,NULO,No descargada,2026-09-23 04:05:54,2026-09-23 05:00:59,NO
1790137802,2026-09-23 04:30:02,2026-09-23 01:30:02,Tupungatito,VIIRS,0.0,0.0,RUTINA,NULO,No descargada,2026-09-23 04:05:54,2026-09-23 05:00:59,NO
1790127300,2026-09-23 01:35:00,2026-09-22 22:35:00,Isluga,MODIS,0.0,0.0,RUTINA,NULO,No descargada,2026-09-23 01:05:56,2026-09-23 07:16:02,NO
1790127000,2026-09-23 01:30:00,2026-09-22 22:30:00,Nevados de Chillan,MODIS,0.0,0.0,RUTINA,NULO,No descargada,2026-09-22 23:31:32,2026-09-23 07:16:02,NO
1790127000,2026-09-23 01:30:00,2026-09-22 22:30:00,Lascar,MODIS,0.0,0.0,RUTINA,NULO,No descargada,2026-09-22 23:31:32,2026-09-23 07:16:02,NO
1790127000,2026-09-23 01:30:00,2026-09-22 22:30:00,PlanchonPeteroa,MODIS,0.0,0.0,RUTINA,NULO,No descargada,2026-09-22 23:31:32,2026-09-23 07:16:02,NO
1790127000,2026-09-23 01:30:00,2026-09-22 22:30:00,Tupungatito,MODIS,0.0,0.0,RUTINA,NULO,No descargada,2026-09-22 23:31:32,2026-09-23 07:16:02,NO
1790127000,2026-09-23 01:30:00,2026-09-22 22:30:00,Puyehue-Cordon Caulle,MODIS,0.0,0.0,RUTINA,NULO,No descargada,2026-09-22 23:31:32,2026-09-23 07:16:02,NO
1790127000,2026-09-23 01:30:00,2026-09-22 22:30:00,Llaima,MODIS,0.0,0.0,RUTINA,NULO,No descargada,2026-09-22 23:31:32,2026-09-23 07:16:02,NO
1790127000,2026-09-23 01:30:00,2026-09-22 22:30:00,Villarrica,MODIS,0.0,0.0,RUTINA,NULO,No descargada,2026-09-22 23:31:32,2026-09-23 07:16:02,NO
1790127000,2026-09-23 01:30:00,2026-09-22 22:30:00,Lastarria,MODIS,0.0,0.0,RUTINA,NULO,No descargada,2026-09-22 23:31:32,2026-09-23 07:16:02,NO
1790127000,2026-09-23 01:30:00,2026-09-22 22:30:00,Copahue,MODIS,0.0,0.0,RUTINA,NULO,No descargada,2026-09-22 23:31:32,2026-09-23 07:16:02,NO
1790126700,2026-09-23 01:25:00,2026-09-22 22:25:00,Chaiten,MODIS,0.0,0.0,RUTINA,NULO,No descargada,2026-09-22 23:50:54,2026-09-23 07:16:02,NO
1790112300,2026-09-22 21:25:00,2026-09-22 18:25:00,Tupungatito,MODIS,0.0,0.0,RUTINA,NULO,No descargada,2026-09-22 20:06:00,2026-09-22 23:26:02,NO
1790112300,2026-09-22 21:25:00,2026-09-22 18:25:00,PlanchonPeteroa,MODIS,0.0,0.0,RUTINA,NULO,No descargada,2026-09-22 20:06:00,2026-09-22 23:26:02,NO
1790112300,2026-09-22 21:25:00,2026-09-22 18:25:00,Nevados de Chillan,MODIS,0.0,0.0,RUTINA,NULO,No descargada,2026-09-22 20:06:00,2026-09-22 23:26:02,NO
1790112300,2026-09-22 21:25:00,2026-09-22 18:25:00,Copahue,MODIS,0.0,0.0,RUTINA,NULO,No descargada,2026-09-22 20:06:00,2026-09-22 23:26:02,NO
1790112000,2026-09-22 21:20:00,2026-09-22 18:20:00,Llaima,MODIS,0.0,0.0,RUTINA,NULO,No descargada,2026-09-22 20:06:00,2026-09-22 23:26:02,NO
1790112000,2026-09-22 21:20:00,2026-09-22 18:20:00,Puyehue-Cordon Caulle,MODIS,0.0,0.0,RUTINA,NULO,No descargada,2026-09-22 20:06:00,2026-09-22 23:26:02,NO
1790112000,2026-09-22 21:20:00,2026-09-22 18:20:00,Chaiten,MODIS,0.0,0.0,RUTINA,NULO,No descargada,2026-09-22 20:06:00,2026-09-22 23:45:53,NO
1790112000,2026-09-22 21:20:00,2026-09-22 18:20:00,Villarrica,MODIS,0.0,0.0,RUTINA,NULO,No descargada,2026-09-22 20:06:00,2026-09-22 23:26:02,NO
1790106600,2026-09-22 19:50:00,2026-09-22 16:50:00,Lascar,MODIS,0.0,0.0,RUTINA,NULO,No descargada,2026-09-22 18:36:01,2026-09-22 23:26:02,NO
1790106600,2026-09-22 19:50:00,2026-09-22 16:50:00,Isluga,MODIS,0.0,0.0,RUTINA,NULO,No descargada,2026-09-22 18:36:01,2026-09-23 01:00:56,NO
1790106600,2026-09-22 19:50:00,2026-09-22 16:50:00,Lastarria,MODIS,0.0,0.0,RUTINA,NULO,No descargada,2026-09-22 18:36:01,2026-09-22 23:26:02,NO
1790106481,2026-09-22 19:48:01,2026-09-22 16:48:01,Llaima,VIIRS375,0.0,0.0,RUTINA,NULO,No descargada,2026-09-22 21:50:51,2026-09-23 04:01:00,NO
1790106481,2026-09-22 19:48:01,2026-09-22 16:48:01,Llaima,VIIRS,0.0,0.0,RUTINA,NULO,No descargada,2026-09-22 20:35:51,2026-09-23 04:01:00,NO
1790106481,2026-09-22 19:48:01,2026-09-22 16:48:01,Chaiten,VIIRS375,0.0,0.0,RUTINA,NULO,No descargada,2026-09-22 21:50:51,2026-09-23 04:01:00,NO
1790106481,2026-09-22 19:48:01,2026-09-22 16:48:01,Nevados de Chillan,VIIRS375,0.0,0.0,RUTINA,NULO,No descargada,2026-09-22 21:50:51,2026-09-23 04:01:00,NO
1790106481,2026-09-22 19:48:01,2026-09-22 16:48:01,Villarrica,VIIRS375,0.0,0.0,RUTINA,NULO,No descargada,2026-09-22 21:50:51,2026-09-23 04:01:00,NO
1790106481,2026-09-22 19:48:01,2026-09-22 16:48:01,Puyehue-Cordon Caulle,VIIRS,0.0,0.0,RUTINA,NULO,No descargada,2026-09-22 20:35:51,2026-09-23 04:01:00,NO
1790106481,2026-09-22 19:48:01,2026-09-22 16:48:01,Chaiten,VIIRS,0.0,0.0,RUTINA,NULO,No descargada,2026-09-22 20:35:51,2026-09-23 04:01:00,NO
1790106481,2026-09-22 19:48:01,2026-09-22 16:48:01,Nevados de Chillan,VIIRS,0.0,0.0,RUTINA,NULO,No descargada,2026-09-22 20:35:51,2026-09-23 04:01:00,NO
1790106481,2026-09-22 19:48:01,2026-09-22 16:48:01,Villarrica,VIIRS,0.0,0.0,RUTINA,NULO,No descargada,2026-09-22 20:35:51,2026-09-23 04:01:00,NO
1790106481,2026-09-22 19:48:01,2026-09-22 16:48:01,Copahue,VIIRS,0.0,0.0,RUTINA,NULO,No descargada,2026-09-22 20:35:51,2026-09-23 04:01:00,NO
1790106481,2026-09-22 19:48:01,2026-09-22 16:48:01,Puyehue-Cordon Caulle,VIIRS375,0.0,0.0,RUTINA,NULO,No descargada,2026-09-22 21:50:51,2026-09-23 04:01:00,NO
1790106481,2026-09-22 19:48:01,2026-09-22 16:48:01,Copahue,VIIRS375,0.0,0.0,RUTINA,NULO,No descargada,2026-09-22 21:50:51,2026-09-23 04:01:00,NO
1790105400,2026-09-22 19:30:00,2026-09-22 16:30:00,PlanchonPeteroa,VIIRS,0.0,0.0,RUTINA,NULO,No descargada,2026-09-22 22:06:15,2026-09-23 04:01:00,NO
1790105400,2026-09-22 19:30:00,2026-09-22 16:30:00,Tupungatito,VIIRS375,0.0,0.0,RUTINA,NULO,No descargada,2026-09-22 22:51:04,2026-09-23 04:01:00,NO
1790105400,2026-09-22 19:30:00,2026-09-22 16:30:00,PlanchonPeteroa,VIIRS375,0.0,0.0,RUTINA,NULO,No descargada,2026-09-22 22:51:04,2026-09-23 04:01:00,NO
1790105400,2026-09-22 19:30:00,2026-09-22 16:30:00,Tupungatito,VIIRS,0.0,0.0,RUTINA,NULO,No descargada,2026-09-22 22:06:15,2026-09-23 04:01:00,NO
1790103602,2026-09-22 19:00:02,2026-09-22 16:00:02,Isluga,VIIRS375,0.0,0.0,RUTINA,NULO,No descargada,2026-09-22 21:50:51,2026-09-23 05:00:59,NO
1790103602,2026-09-22 19:00:02,2026-09-22 16:00:02,Isluga,VIIRS,0.0,0.0,RUTINA,NULO,No descargada,2026-09-22 18:50:56,2026-09-23 05:00:59,NO
1790103242,2026-09-22 18:54:02,2026-09-22 15:54:02,PlanchonPeteroa,VIIRS,0.0,0.0,RUTINA,NULO,No descargada,2026-09-22 18:50:56,2026-09-22 22:01:02,NO
1790103242,2026-09-22 18:54:02,2026-09-22 15:54:02,Chaiten,VIIRS,0.0,0.0,RUTINA,NULO,No descargada,2026-09-22 18:50:56,2026-09-22 20:30:58,NO
1790103242,2026-09-22 18:54:02,2026-09-22 15:54:02,Copahue,VIIRS,0.0,0.0,RUTINA,NULO,No descargada,2026-09-22 18:50:56,2026-09-22 20:30:58,NO
1790103242,2026-09-22 18:54:02,2026-09-22 15:54:02,Puyehue-Cordon Caulle,VIIRS,0.0,0.0,RUTINA,NULO,No descargada,2026-09-22 18:50:56,2026-09-22 20:30:58,NO
1790103242,2026-09-22 18:54:02,2026-09-22 15:54:02,Lastarria,VIIRS,0.0,0.0,RUTINA,NULO,No descargada,2026-09-22 18:50:56,2026-09-23 05:00:59,NO
1790103242,2026-09-22 18:54:02,2026-09-22 15:54:02,Lastarria,VIIRS375,0.0,0.0,RUTINA,NULO,No descargada,2026-09-22 19:20:55,2026-09-23 05:00:59,NO
1790103242,2026-09-22 18:54:02,2026-09-22 15:54:02,Tupungatito,VIIRS,0.0,0.0,RUTINA,NULO,No descargada,2026-09-22 18:50:56,2026-09-22 22:01:02,NO
1790103242,2026-09-22 18:54:02,2026-09-22 15:54:02,Llaima,VIIRS375,0.0,0.0,RUTINA,NULO,No descargada,2026-09-22 19:20:55,2026-09-22 21:46:00,NO
1790103242,2026-09-22 18:54:02,2026-09-22 15:54:02,Nevados de Chillan,VIIRS375,0.0,0.0,RUTINA,NULO,No descargada,2026-09-22 19:20:55,2026-09-22 21:46:00,NO
1790103242,2026-09-22 18:54:02,2026-09-22 15:54:02,Chaiten,VIIRS375,0.0,0.0,RUTINA,NULO,No descargada,2026-09-22 19:20:55,2026-09-22 21:46:00,NO
1790103242,2026-09-22 18:54:02,2026-09-22 15:54:02,Copahue,VIIRS375,0.0,0.0,RUTINA,NULO,No descargada,2026-09-22 19:20:55,2026-09-22 21:46:00,NO
1790103242,2026-09-22 18:54:02,2026-09-22 15:54:02,Llaima,VIIRS,0.0,0.0,RUTINA,NULO,No descargada,2026-09-22 18:50:56,2026-09-22 20:30:58,NO
1790103242,2026-09-22 18:54:02,2026-09-22 15:54:02,Villarrica,VIIRS,0.0,0.0,RUTINA,NULO,No descargada,2026-09-22 18:50:56,2026-09-22 20:30:58,NO
1790103242,2026-09-22 18:54:02,2026-09-22 15:54:02,Villarrica,VIIRS375,0.0,0.0,RUTINA,NULO,No descargada,2026-09-22 19:20:55,2026-09-22 21:46:00,NO
1790103242,2026-09-22 18:54:02,2026-09-22 15:54:02,Lascar,VIIRS375,0.0,0.0,RUTINA,NULO,No descargada,2026-09-22 19:20:55,2026-09-23 05:00:59,NO
1790103242,2026-09-22 18:54:02,2026-09-22 15:54:02,Puyehue-Cordon Caulle,VIIRS375,0.0,0.0,RUTINA,NULO,No descargada,2026-09-22 19:20:55,2026-09-22 21:46:00,NO
1790103242,2026-09-22 18:54:02,2026-09-22 15:54:02,Nevados de Chillan,VIIRS,0.0,0.0,RUTINA,NULO,No descargada,2026-09-22 18:50:56,2026-09-22 20:30:58,NO
1790103242,2026-09-22 18:54:02,2026-09-22 15:54:02,PlanchonPeteroa,VIIRS375,0.0,0.0,RUTINA,NULO,No descargada,2026-09-22 19:20:55,2026-09-22 22:46:15,NO
1790103242,2026-09-22 18:54:02,2026-09-22 15:54:02,Lascar,VIIRS,0.0,0.0,RUTINA,NULO,No descargada,2026-09-22 18:50:56,2026-09-23 05:00:59,NO
1790103242,2026-09-22 18:54:02,2026-09-22 15:54:02,Tupungatito,VIIRS375,0.0,0.0,RUTINA,NULO,No descargada,2026-09-22 19:20:55,2026-09-22 22:46:15,NO
1790100721,2026-09-22 18:12:01,2026-09-22 15:12:01,Lastarria,VIIRS,0.0,0.0,RUTINA,NULO,No descargada,2026-09-22 18:20:54,2026-09-22 18:45:55,NO
1790100721,2026-09-22 18:12:01,2026-09-22 15:12:01,PlanchonPeteroa,VIIRS375,0.0,0.0,RUTINA,NULO,No descargada,2026-09-22 19:05:53,2026-09-22 19:15:57,NO
1790100721,2026-09-22 18:12:01,2026-09-22 15:12:01,Isluga,VIIRS375,0.0,0.0,RUTINA,NULO,No descargada,2026-09-22 19:05:53,2026-09-22 21:46:00,NO
1790100721,2026-09-22 18:12:01,2026-09-22 15:12:01,PlanchonPeteroa,VIIRS,0.0,0.0,RUTINA,NULO,No descargada,2026-09-22 18:20:54,2026-09-22 18:45:55,NO
1790100721,2026-09-22 18:12:01,2026-09-22 15:12:01,Tupungatito,VIIRS375,0.0,0.0,RUTINA,NULO,No descargada,2026-09-22 19:05:53,2026-09-22 19:15:57,NO
1790100721,2026-09-22 18:12:01,2026-09-22 15:12:01,Isluga,VIIRS,0.0,0.0,RUTINA,NULO,No descargada,2026-09-22 18:20:54,2026-09-22 18:45:55,NO
1790100721,2026-09-22 18:12:01,2026-09-22 15:12:01,Lastarria,VIIRS375,0.0,0.0,RUTINA,NULO,No descargada,2026-09-22 19:05:53,2026-09-22 19:15:57,NO
1790100721,2026-09-22 18:12:01,2026-09-22 15:12:01,Lascar,VIIRS375,0.0,0.0,RUTINA,NULO,No descargada,2026-09-22 19:05:53,2026-09-22 19:15:57,NO
1790100721,2026-09-22 18:12:01,2026-09-22 15:12:01,Tupungatito,VIIRS,0.0,0.0,RUTINA,NULO,No descargada,2026-09-22 18:20:54,2026-09-22 18:45:55,NO
1790100721,2026-09-22 18:12:01,2026-09-22 15:12:01,Lascar,VIIRS,0.0,0.0,RUTINA,NULO,No descargada,2026-09-22 18:20:54,2026-09-22 18:45:55,NO
1790100361,2026-09-22 18:06:01,2026-09-22 15:06:01,Copahue,VIIRS,0.0,0.0,RUTINA,NULO,No descargada,2026-09-22 18:20:54,2026-09-22 18:45:55,NO
1790100361,2026-09-22 18:06:01,2026-09-22 15:06:01,Nevados de Chillan,VIIRS,0.0,0.0,RUTINA,NULO,No descargada,2026-09-22 18:20:54,2026-09-22 18:45:55,NO
1790100361,2026-09-22 18:06:01,2026-09-22 15:06:01,Villarrica,VIIRS375,0.0,0.0,RUTINA,NULO,No descargada,2026-09-22 19:05:53,2026-09-22 19:15:57,NO
1790100361,2026-09-22 18:06:01,2026-09-22 15:06:01,Puyehue-Cordon Caulle,VIIRS,0.0,0.0,RUTINA,NULO,No descargada,2026-09-22 18:20:54,2026-09-22 18:45:55,NO
1790100361,2026-09-22 18:06:01,2026-09-22 15:06:01,Copahue,VIIRS375,0.0,0.0,RUTINA,NULO,No descargada,2026-09-22 19:05:53,2026-09-22 19:15:57,NO
1790100361,2026-09-22 18:06:01,2026-09-22 15:06:01,Llaima,VIIRS375,0.0,0.0,RUTINA,NULO,No descargada,2026-09-22 19:05:53,2026-09-22 19:15:57,NO
1790100361,2026-09-22 18:06:01,2026-09-22 15:06:01,Nevados de Chillan,VIIRS375,0.0,0.0,RUTINA,NULO,No descargada,2026-09-22 19:05:53,2026-09-22 19:15:57,NO
1790100361,2026-09-22 18:06:01,2026-09-22 15:06:01,Puyehue-Cordon Caulle,VIIRS375,0.0,0.0,RUTINA,NULO,No descargada,2026-09-22 19:05:53,2026-09-22 19:15:57,NO
1790100361,2026-09-22 18:06:01,2026-09-22 15:06:01,Chaiten,VIIRS,0.0,0.0,RUTINA,NULO,No descargada,2026-09-22 18:20:54,2026-09-22 18:45:55,NO
1790100361,2026-09-22 18:06:01,2026-09-22 15:06:01,Villarrica,VIIRS,0.0,0.0,RUTINA,NULO,No descargada,2026-09-22 18:20:54,2026-09-22 18:45:55,NO
1790100361,2026-09-22 18:06:01,2026-09-22 15:06:01,Llaima,VIIRS,0.0,0.0,RUTINA,NULO,No descargada,2026-09-22 18:20:54,2026-09-22 18:45:55,NO
1790100361,2026-09-22 18:06:01,2026-09-22 15:06:01,Chaiten,VIIRS375,0.0,0.0,RUTINA,NULO,No descargada,2026-09-22 19:05:53,2026-09-22 19:15:57,NO
1790097482,2026-09-22 17:18:02,2026-09-22 14:18:02,Isluga,VIIRS375,0.0,0.0,RUTINA,NULO,No descargada,2026-09-22 17:21:05,2026-09-22 19:01:17,NO
1790097482,2026-09-22 17:18:02,2026-09-22 14:18:02,Lastarria,VIIRS375,0.0,0.0,RUTINA,NULO,No descargada,2026-09-22 17:21:05,2026-09-22 19:01:17,NO
1790097482,2026-09-22 17:18:02,2026-09-22 14:18:02,Isluga,VIIRS,0.0,0.0,RUTINA,NULO,No descargada,2026-09-22 17:51:41,2026-09-22 18:15:52,NO
1790097482,2026-09-22 17:18:02,2026-09-22 14:18:02,Lastarria,VIIRS,0.0,0.0,RUTINA,NULO,No descargada,2026-09-22 17:51:41,2026-09-22 18:15:52,NO
1790097482,2026-09-22 17:18:02,2026-09-22 14:18:02,Lascar,VIIRS,0.0,0.0,RUTINA,NULO,No descargada,2026-09-22 17:51:41,2026-09-22 18:15:52,NO
1790097482,2026-09-22 17:18:02,2026-09-22 14:18:02,Lascar,VIIRS375,0.0,0.0,RUTINA,NULO,No descargada,2026-09-22 17:21:05,2026-09-22 19:01:17,NO
1790083800,2026-09-22 13:30:00,2026-09-22 10:30:00,Nevados de Chillan,MODIS,0.0,0.0,RUTINA,NULO,No descargada,2026-09-22 14:20:55,2026-09-22 20:01:16,NO
1790083800,2026-09-22 13:30:00,2026-09-22 10:30:00,Tupungatito,MODIS,0.0,0.0,RUTINA,NULO,No descargada,2026-09-22 14:20:55,2026-09-22 20:01:16,NO
1790083800,2026-09-22 13:30:00,2026-09-22 10:30:00,Puyehue-Cordon Caulle,MODIS,0.0,0.0,RUTINA,NULO,No descargada,2026-09-22 14:20:55,2026-09-22 20:01:16,NO
1790083800,2026-09-22 13:30:00,2026-09-22 10:30:00,PlanchonPeteroa,MODIS,0.0,0.0,RUTINA,NULO,No descargada,2026-09-22 14:20:55,2026-09-22 20:01:16,NO
1790083800,2026-09-22 13:30:00,2026-09-22 10:30:00,Llaima,MODIS,0.0,0.0,RUTINA,NULO,No descargada,2026-09-22 14:20:55,2026-09-22 20:01:16,NO
1790083800,2026-09-22 13:30:00,2026-09-22 10:30:00,Copahue,MODIS,0.0,0.0,RUTINA,NULO,No descargada,2026-09-22 14:20:55,2026-09-22 20:01:16,NO
1790083800,2026-09-22 13:30:00,2026-09-22 10:30:00,Chaiten,MODIS,0.0,0.0,RUTINA,NULO,No descargada,2026-09-22 14:20:55,2026-09-22 20:01:16,NO
1790083800,2026-09-22 13:30:00,2026-09-22 10:30:00,Villarrica,MODIS,0.0,0.0,RUTINA,NULO,No descargada,2026-09-22 14:20:55,2026-09-22 20:01:16,NO
1790083500,2026-09-22 13:25:00,2026-09-22 10:25:00,Lascar,MODIS,0.0,0.0,RUTINA,NULO,No descargada,2026-09-22 14:20:55,2026-09-22 18:31:06,NO
1790083500,2026-09-22 13:25:00,2026-09-22 10:25:00,Lastarria,MODIS,0.0,0.0,RUTINA,NULO,No descargada,2026-09-22 14:20:55,2026-09-22 18:31:06,NO
1790083500,2026-09-22 13:25:00,2026-09-22 10:25:00,Isluga,MODIS,0.0,0.0,RUTINA,NULO,No descargada,2026-09-22 14:20:55,2026-09-22 18:31:06,NO
1790063400,2026-09-22 07:50:00,2026-09-22 04:50:00,Chaiten,MODIS,0.0,0.0,RUTINA,NULO,No descargada,2026-09-22 08:05:54,2026-09-22 14:16:05,NO
1790063100,2026-09-22 07:45:00,2026-09-22 04:45:00,Tupungatito,MODIS,0.0,0.0,RUTINA,NULO,No descargada,2026-09-22 08:05:54,2026-09-22 14:16:05,NO
1790063100,2026-09-22 07:45:00,2026-09-22 04:45:00,Lastarria,MODIS,0.0,0.0,RUTINA,NULO,No descargada,2026-09-22 08:05:54,2026-09-22 14:16:05,NO
1790063100,2026-09-22 07:45:00,2026-09-22 04:45:00,Nevados de Chillan,MODIS,0.0,0.0,RUTINA,NULO,No descargada,2026-09-22 08:05:54,2026-09-22 14:16:05,NO
1790063100,2026-09-22 07:45:00,2026-09-22 04:45:00,Lascar,MODIS,0.0,0.0,RUTINA,NULO,No descargada,2026-09-22 08:05:54,2026-09-22 14:16:05,NO
1790063100,2026-09-22 07:45:00,2026-09-22 04:45:00,Llaima,MODIS,0.0,0.0,RUTINA,NULO,No descargada,2026-09-22 08:05:54,2026-09-22 14:16:05,NO
1790063100,2026-09-22 07:45:00,2026-09-22 04:45:00,Puyehue-Cordon Caulle,MODIS,0.0,0.0,RUTINA,NULO,No descargada,2026-09-22 08:05:54,2026-09-22 14:16:05,NO
1790063100,2026-09-22 07:45:00,2026-09-22 04:45:00,PlanchonPeteroa,MODIS,0.0,0.0,RUTINA,NULO,No descargada,2026-09-22 08:05:54,2026-09-22 14:16:05,NO
1790063100,2026-09-22 07:45:00,2026-09-22 04:45:00,Villarrica,MODIS,0.0,0.0,RUTINA,NULO,No descargada,2026-09-22 08:05:54,2026-09-22 14:16:05,NO
1790063100,2026-09-22 07:45:00,2026-09-22 04:45:00,Copahue,MODIS,0.0,0.0,RUTINA,NULO,No descargada,2026-09-22 08:05:54,2026-09-22 14:16:05,NO
1790062800,2026-09-22 07:40:00,2026-09-22 04:40:00,Isluga,MODIS,0.0,0.0,RUTINA,NULO,No descargada,2026-09-22 07:35:59,2026-09-22 14:16:05,NO
1790058962,2026-09-22 06:36:02,2026-09-22 03:36:02,Villarrica,VIIRS,0.0,0.0,RUTINA,NULO,No descargada,2026-09-22 06:21:06,2026-09-22 18:15:52,NO
1790058962,2026-09-22 06:36:02,2026-09-22 03:36:02,Puyehue-Cordon Caulle,VIIRS,0.0,0.0,RUTINA,NULO,No descargada,2026-09-22 06:21:06,2026-09-22 18:15:52,NO
1790058962,2026-09-22 06:36:02,2026-09-22 03:36:02,Nevados de Chillan,VIIRS375,0.0,0.0,RUTINA,NULO,No descargada,2026-09-22 08:35:59,2026-09-22 19:01:17,NO
1790058962,2026-09-22 06:36:02,2026-09-22 03:36:02,Chaiten,VIIRS,0.0,0.0,RUTINA,NULO,No descargada,2026-09-22 06:21:06,2026-09-22 18:15:52,NO
1790058962,2026-09-22 06:36:02,2026-09-22 03:36:02,Copahue,VIIRS,0.0,0.0,RUTINA,NULO,No descargada,2026-09-22 06:21:06,2026-09-22 18:15:52,NO
1790058962,2026-09-22 06:36:02,2026-09-22 03:36:02,Llaima,VIIRS,0.0,0.0,RUTINA,NULO,No descargada,2026-09-22 06:21:06,2026-09-22 18:15:52,NO
1790058602,2026-09-22 06:30:02,2026-09-22 03:30:02,Lascar,VIIRS375,0.0,0.0,RUTINA,NULO,No descargada,2026-09-22 08:05:54,2026-09-22 17:01:08,NO
1790058602,2026-09-22 06:30:02,2026-09-22 03:30:02,PlanchonPeteroa,VIIRS375,0.0,0.0,RUTINA,NULO,No descargada,2026-09-22 08:05:54,2026-09-22 19:01:17,NO
1790058602,2026-09-22 06:30:02,2026-09-22 03:30:02,Lastarria,VIIRS375,0.0,0.0,RUTINA,NULO,No descargada,2026-09-22 08:05:54,2026-09-22 17:01:08,NO
1790058602,2026-09-22 06:30:02,2026-09-22 03:30:02,Tupungatito,VIIRS375,0.0,0.0,RUTINA,NULO,No descargada,2026-09-22 08:35:59,2026-09-22 19:01:17,NO
1790058602,2026-09-22 06:30:02,2026-09-22 03:30:02,Isluga,VIIRS375,0.0,0.0,RUTINA,NULO,No descargada,2026-09-22 08:05:54,2026-09-22 17:01:08,NO
1790056081,2026-09-22 05:48:01,2026-09-22 02:48:01,Lastarria,VIIRS375,0.0,0.0,RUTINA,NULO,No descargada,2026-09-22 06:50:58,2026-09-22 08:01:07,NO
1790056081,2026-09-22 05:48:01,2026-09-22 02:48:01,Copahue,VIIRS375,0.0,0.0,RUTINA,NULO,No descargada,2026-09-22 06:50:58,2026-09-22 19:01:17,NO
1790056081,2026-09-22 05:48:01,2026-09-22 02:48:01,Nevados de Chillan,VIIRS375,0.0,0.0,RUTINA,NULO,No descargada,2026-09-22 06:50:58,2026-09-22 08:31:04,NO
1790056081,2026-09-22 05:48:01,2026-09-22 02:48:01,Llaima,VIIRS375,0.0,0.0,RUTINA,NULO,No descargada,2026-09-22 06:50:58,2026-09-22 19:01:17,NO
1790056081,2026-09-22 05:48:01,2026-09-22 02:48:01,Puyehue-Cordon Caulle,VIIRS375,0.0,0.0,RUTINA,NULO,No descargada,2026-09-22 07:21:05,2026-09-22 19:01:17,NO
1790056081,2026-09-22 05:48:01,2026-09-22 02:48:01,Villarrica,VIIRS375,0.04,0.84,ALERTA_TERMICA,Muy Bajo,imagenes_satelitales/Villarrica/2026-09-22/05-48-01_Villarrica_VIIRS375_Latest.png,2026-09-22 07:21:05,2026-09-22 16:46:01,NO
1790056081,2026-09-22 05:48:01,2026-09-22 02:48:01,Tupungatito,VIIRS375,0.0,0.0,RUTINA,NULO,No descargada,2026-09-22 07:21:05,2026-09-22 08:31:04,NO
1790056081,2026-09-22 05:48:01,2026-09-22 02:48:01,Chaiten,VIIRS375,0.0,0.0,RUTINA,NULO,No descargada,2026-09-22 07:21:05,2026-09-22 19:01:17,NO
1790056081,2026-09-22 05:48:01,2026-09-22 02:48:01,PlanchonPeteroa,VIIRS375,0.0,0.0,RUTINA,NULO,No descargada,2026-09-22 06:50:58,2026-09-22 08:01:07,NO
1790056081,2026-09-22 05:48:01,2026-09-22 02:48:01,Lastarria,VIIRS,0.0,0.0,RUTINA,NULO,No descargada,2026-09-22 05:50:56,2026-09-22 17:46:11,NO
1790055721,2026-09-22 05:42:01,2026-09-22 02:42:01,Lascar,VIIRS375,0.33,1.5,ALERTA_TERMICA,Muy Bajo,imagenes_satelitales/Lascar/2026-09-22/05-42-01_Lascar_VIIRS375_Latest.png,2026-09-22 06:35:55,2026-09-22 08:01:07,NO
1790055721,2026-09-22 05:42:01,2026-09-22 02:42:01,Isluga,VIIRS375,0.41,2.4,ALERTA_TERMICA,Muy Bajo,imagenes_satelitales/Isluga/2026-09-22/05-42-01_Isluga_VIIRS375_Latest.png,2026-09-22 06:35:55,2026-09-22 08:01:07,NO
1790055000,2026-09-22 05:30:00,2026-09-22 02:30:00,Tupungatito,VIIRS,0.0,0.0,RUTINA,NULO,No descargada,2026-09-22 05:50:56,2026-09-22 18:15:52,NO
1790055000,2026-09-22 05:30:00,2026-09-22 02:30:00,Chaiten,VIIRS,0.0,0.0,RUTINA,NULO,No descargada,2026-09-22 05:50:56,2026-09-22 06:15:56,NO
1790055000,2026-09-22 05:30:00,2026-09-22 02:30:00,Nevados de Chillan,VIIRS,0.0,0.0,RUTINA,NULO,No descargada,2026-09-22 05:50:56,2026-09-22 18:15:52,NO
1790055000,2026-09-22 05:30:00,2026-09-22 02:30:00,PlanchonPeteroa,VIIRS,0.0,0.0,RUTINA,NULO,No descargada,2026-09-22 05:50:56,2026-09-22 18:15:52,NO
1790055000,2026-09-22 05:30:00,2026-09-22 02:30:00,Villarrica,VIIRS,0.0,0.0,RUTINA,NULO,No descargada,2026-09-22 05:50:56,2026-09-22 06:15:56,NO
1790055000,2026-09-22 05:30:00,2026-09-22 02:30:00,Copahue,VIIRS,0.0,0.0,RUTINA,NULO,No descargada,2026-09-22 05:50:56,2026-09-22 06:15:56,NO
1790055000,2026-09-22 05:30:00,2026-09-22 02:30:00,Puyehue-Cordon Caulle,VIIRS,0.0,0.0,RUTINA,NULO,No descargada,2026-09-22 05:50:56,2026-09-22 06:15:56,NO
1790055000,2026-09-22 05:30:00,2026-09-22 02:30:00,Llaima,VIIRS,0.0,0.0,RUTINA,NULO,No descargada,2026-09-22 05:50:56,2026-09-22 06:15:56,NO
1790054640,2026-09-22 05:24:00,2026-09-22 02:24:00,Lascar,VIIRS,0.24,0.75,ALERTA_TERMICA,Muy Bajo,imagenes_satelitales/Lascar/2026-09-22/05-24-00_Lascar_VIIRS750_Latest.png,2026-09-22 05:50:56,2026-09-22 17:46:11,NO
1790054640,2026-09-22 05:24:00,2026-09-22 02:24:00,Isluga,VIIRS,0.0,0.0,RUTINA,NULO,No descargada,2026-09-22 05:50:56,2026-09-22 17:46:11,NO
1790052842,2026-09-22 04:54:02,2026-09-22 01:54:02,Villarrica,VIIRS375,0.0,0.0,RUTINA,NULO,No descargada,2026-09-22 05:05:53,2026-09-22 07:16:06,NO
1790052842,2026-09-22 04:54:02,2026-09-22 01:54:02,PlanchonPeteroa,VIIRS,0.0,0.0,RUTINA,NULO,No descargada,2026-09-22 04:35:54,2026-09-22 05:45:54,NO
1790052842,2026-09-22 04:54:02,2026-09-22 01:54:02,Tupungatito,VIIRS375,0.0,0.0,RUTINA,NULO,No descargada,2026-09-22 05:50:56,2026-09-22 07:16:06,NO
1790052842,2026-09-22 04:54:02,2026-09-22 01:54:02,Puyehue-Cordon Caulle,VIIRS375,0.0,0.0,RUTINA,NULO,No descargada,2026-09-22 05:50:56,2026-09-22 07:16:06,NO
1790052842,2026-09-22 04:54:02,2026-09-22 01:54:02,Nevados de Chillan,VIIRS375,0.0,0.0,RUTINA,NULO,No descargada,2026-09-22 05:05:53,2026-09-22 06:46:07,NO
1790052842,2026-09-22 04:54:02,2026-09-22 01:54:02,PlanchonPeteroa,VIIRS375,0.0,0.0,RUTINA,NULO,No descargada,2026-09-22 04:51:04,2026-09-22 06:46:07,NO
1790052842,2026-09-22 04:54:02,2026-09-22 01:54:02,Chaiten,VIIRS375,0.0,0.0,RUTINA,NULO,No descargada,2026-09-22 05:50:56,2026-09-22 07:16:06,NO
1790052842,2026-09-22 04:54:02,2026-09-22 01:54:02,Copahue,VIIRS375,0.0,0.0,RUTINA,NULO,No descargada,2026-09-22 05:05:53,2026-09-22 06:46:07,NO
1790052842,2026-09-22 04:54:02,2026-09-22 01:54:02,Llaima,VIIRS375,0.0,0.0,RUTINA,NULO,No descargada,2026-09-22 05:05:53,2026-09-22 06:46:07,NO
1790052482,2026-09-22 04:48:02,2026-09-22 01:48:02,Lascar,VIIRS375,0.0,0.0,RUTINA,NULO,No descargada,2026-09-22 04:51:04,2026-09-22 06:31:06,NO
1790052482,2026-09-22 04:48:02,2026-09-22 01:48:02,Isluga,VIIRS,0.0,0.0,RUTINA,NULO,No descargada,2026-09-22 04:35:54,2026-09-22 05:45:54,NO
1790052482,2026-09-22 04:48:02,2026-09-22 01:48:02,Lastarria,VIIRS375,0.0,0.0,RUTINA,NULO,No descargada,2026-09-22 04:51:04,2026-09-22 06:46:07,NO
1790052482,2026-09-22 04:48:02,2026-09-22 01:48:02,Isluga,VIIRS375,0.06,0.53,ALERTA_TERMICA,Muy Bajo,imagenes_satelitales/Isluga/2026-09-22/04-48-02_Isluga_VIIRS375_Latest.png,2026-09-22 04:51:04,2026-09-22 06:31:06,NO
1790044200,2026-09-22 02:30:00,2026-09-21 23:30:00,PlanchonPeteroa,MODIS,0.0,0.0,RUTINA,NULO,No descargada,2026-09-22 01:05:58,2026-09-22 08:01:07,NO
1790044200,2026-09-22 02:30:00,2026-09-21 23:30:00,Tupungatito,MODIS,0.0,0.0,RUTINA,NULO,No descargada,2026-09-22 01:05:58,2026-09-22 08:01:07,NO
1790044200,2026-09-22 02:30:00,2026-09-21 23:30:00,Nevados de Chillan,MODIS,0.0,0.0,RUTINA,NULO,No descargada,2026-09-22 01:05:58,2026-09-22 08:01:07,NO
1790043900,2026-09-22 02:25:00,2026-09-21 23:25:00,Villarrica,MODIS,0.0,0.0,RUTINA,NULO,No descargada,2026-09-22 01:05:58,2026-09-22 08:01:07,NO
1790043900,2026-09-22 02:25:00,2026-09-21 23:25:00,Llaima,MODIS,0.0,0.0,RUTINA,NULO,No descargada,2026-09-22 01:05:58,2026-09-22 08:01:07,NO
1790043900,2026-09-22 02:25:00,2026-09-21 23:25:00,Chaiten,MODIS,0.0,0.0,RUTINA,NULO,No descargada,2026-09-22 01:05:58,2026-09-22 08:01:07,NO
1790043900,2026-09-22 02:25:00,2026-09-21 23:25:00,Puyehue-Cordon Caulle,MODIS,0.0,0.0,RUTINA,NULO,No descargada,2026-09-22 01:05:58,2026-09-22 08:01:07,NO
1790043900,2026-09-22 02:25:00,2026-09-21 23:25:00,Copahue,MODIS,0.0,0.0,RUTINA,NULO,No descargada,2026-09-22 01:05:58,2026-09-22 08:01:07,NO
1790038500,2026-09-22 00:55:00,2026-09-21 21:55:00,Isluga,MODIS,0.0,0.0,RUTINA,NULO,No descargada,2026-09-22 00:35:56,2026-09-22 07:31:07,NO
1790038500,2026-09-22 00:55:00,2026-09-21 21:55:00,Lastarria,MODIS,0.0,0.0,RUTINA,NULO,No descargada,2026-09-22 00:35:56,2026-09-22 08:01:07,NO
1790038500,2026-09-22 00:55:00,2026-09-21 21:55:00,Lascar,MODIS,0.0,0.0,RUTINA,NULO,No descargada,2026-09-22 00:35:56,2026-09-22 08:01:07,NO
1790038200,2026-09-22 00:50:00,2026-09-21 21:50:00,Tupungatito,MODIS,0.0,0.0,RUTINA,NULO,No descargada,2026-09-21 23:05:53,2026-09-22 01:01:11,NO
1790038200,2026-09-22 00:50:00,2026-09-21 21:50:00,PlanchonPeteroa,MODIS,0.0,0.0,RUTINA,NULO,No descargada,2026-09-21 23:05:53,2026-09-22 01:01:11,NO
1790023800,2026-09-21 20:50:00,2026-09-21 17:50:00,Isluga,MODIS,0.0,0.0,RUTINA,NULO,No descargada,2026-09-21 20:36:00,2026-09-22 00:30:58,NO
1790023800,2026-09-21 20:50:00,2026-09-21 17:50:00,Lascar,MODIS,0.0,0.0,RUTINA,NULO,No descargada,2026-09-21 20:36:00,2026-09-22 00:30:58,NO
1790023800,2026-09-21 20:50:00,2026-09-21 17:50:00,Lastarria,MODIS,0.0,0.0,RUTINA,NULO,No descargada,2026-09-21 20:36:00,2026-09-22 00:30:58,NO
1790023500,2026-09-21 20:45:00,2026-09-21 17:45:00,Puyehue-Cordon Caulle,MODIS,0.0,0.0,RUTINA,NULO,No descargada,2026-09-21 20:21:00,2026-09-22 01:01:11,NO
1790023500,2026-09-21 20:45:00,2026-09-21 17:45:00,Llaima,MODIS,0.0,0.0,RUTINA,NULO,No descargada,2026-09-21 20:21:00,2026-09-22 01:01:11,NO
1790023500,2026-09-21 20:45:00,2026-09-21 17:45:00,Villarrica,MODIS,0.0,0.0,RUTINA,NULO,No descargada,2026-09-21 20:21:00,2026-09-22 01:01:11,NO
1790023500,2026-09-21 20:45:00,2026-09-21 17:45:00,PlanchonPeteroa,MODIS,0.0,0.0,RUTINA,NULO,No descargada,2026-09-21 20:21:00,2026-09-21 23:01:08,NO
1790023500,2026-09-21 20:45:00,2026-09-21 17:45:00,Tupungatito,MODIS,0.0,0.0,RUTINA,NULO,No descargada,2026-09-21 20:36:00,2026-09-21 23:01:08,NO
1790023500,2026-09-21 20:45:00,2026-09-21 17:45:00,Chaiten,MODIS,0.0,0.0,RUTINA,NULO,No descargada,2026-09-21 20:36:00,2026-09-22 01:01:11,NO
1790023500,2026-09-21 20:45:00,2026-09-21 17:45:00,Copahue,MODIS,0.0,0.0,RUTINA,NULO,No descargada,2026-09-21 20:21:00,2026-09-22 01:01:11,NO
1790023500,2026-09-21 20:45:00,2026-09-21 17:45:00,Nevados de Chillan,MODIS,0.0,0.0,RUTINA,NULO,No descargada,2026-09-21 20:21:00,2026-09-22 01:01:11,NO
1790021161,2026-09-21 20:06:01,2026-09-21 17:06:01,Chaiten,VIIRS375,0.0,0.0,RUTINA,NULO,No descargada,2026-09-21 20:21:00,2026-09-22 05:45:54,NO
1790021161,2026-09-21 20:06:01,2026-09-21 17:06:01,Chaiten,VIIRS,0.0,0.0,RUTINA,NULO,No descargada,2026-09-21 20:21:00,2026-09-22 05:45:54,NO
1790020080,2026-09-21 19:48:00,2026-09-21 16:48:00,Nevados de Chillan,VIIRS,0.0,0.0,RUTINA,NULO,No descargada,2026-09-21 20:05:59,2026-09-22 05:45:54,NO
1790020080,2026-09-21 19:48:00,2026-09-21 16:48:00,Copahue,VIIRS,0.0,0.0,RUTINA,NULO,No descargada,2026-09-21 20:05:59,2026-09-22 05:45:54,NO
1790020080,2026-09-21 19:48:00,2026-09-21 16:48:00,Copahue,VIIRS375,0.0,0.0,RUTINA,NULO,No descargada,2026-09-21 20:36:00,2026-09-22 05:01:05,NO
1790020080,2026-09-21 19:48:00,2026-09-21 16:48:00,PlanchonPeteroa,VIIRS,0.0,0.0,RUTINA,NULO,No descargada,2026-09-21 20:05:59,2026-09-22 04:31:07,NO
1790020080,2026-09-21 19:48:00,2026-09-21 16:48:00,Chaiten,VIIRS,0.0,0.0,RUTINA,NULO,No descargada,2026-09-21 20:05:59,2026-09-21 20:15:54,NO
1790020080,2026-09-21 19:48:00,2026-09-21 16:48:00,PlanchonPeteroa,VIIRS375,0.0,0.0,RUTINA,NULO,No descargada,2026-09-21 20:36:00,2026-09-22 04:45:50,NO
1790020080,2026-09-21 19:48:00,2026-09-21 16:48:00,Puyehue-Cordon Caulle,VIIRS,0.0,0.0,RUTINA,NULO,No descargada,2026-09-21 20:05:59,2026-09-22 05:45:54,NO
1790020080,2026-09-21 19:48:00,2026-09-21 16:48:00,Villarrica,VIIRS375,0.0,0.0,RUTINA,NULO,No descargada,2026-09-21 20:36:00,2026-09-22 05:01:05,NO
1790020080,2026-09-21 19:48:00,2026-09-21 16:48:00,Llaima,VIIRS375,0.0,0.0,RUTINA,NULO,No descargada,2026-09-21 20:36:00,2026-09-22 05:01:05,NO
1790020080,2026-09-21 19:48:00,2026-09-21 16:48:00,Puyehue-Cordon Caulle,VIIRS375,0.0,0.0,RUTINA,NULO,No descargada,2026-09-21 20:36:00,2026-09-22 05:45:54,NO
1790020080,2026-09-21 19:48:00,2026-09-21 16:48:00,Villarrica,VIIRS,0.0,0.0,RUTINA,NULO,No descargada,2026-09-21 20:05:59,2026-09-22 05:45:54,NO
1790020080,2026-09-21 19:48:00,2026-09-21 16:48:00,Nevados de Chillan,VIIRS375,0.0,0.0,RUTINA,NULO,No descargada,2026-09-21 20:36:00,2026-09-22 05:01:05,NO
1790020080,2026-09-21 19:48:00,2026-09-21 16:48:00,Llaima,VIIRS,0.0,0.0,RUTINA,NULO,No descargada,2026-09-21 20:05:59,2026-09-22 05:45:54,NO
1790017922,2026-09-21 19:12:02,2026-09-21 16:12:02,Puyehue-Cordon Caulle,VIIRS375,0.0,0.0,RUTINA,NULO,No descargada,2026-09-21 20:21:00,2026-09-21 20:31:00,NO
1790017922,2026-09-21 19:12:02,2026-09-21 16:12:02,Tupungatito,VIIRS375,0.0,0.0,RUTINA,NULO,No descargada,2026-09-21 20:21:00,2026-09-22 05:45:54,NO
1790017922,2026-09-21 19:12:02,2026-09-21 16:12:02,Nevados de Chillan,VIIRS375,0.0,0.0,RUTINA,NULO,No descargada,2026-09-21 20:21:00,2026-09-21 20:31:00,NO
1790017922,2026-09-21 19:12:02,2026-09-21 16:12:02,PlanchonPeteroa,VIIRS375,0.0,0.0,RUTINA,NULO,No descargada,2026-09-21 20:21:00,2026-09-21 20:31:00,NO
1790017922,2026-09-21 19:12:02,2026-09-21 16:12:02,Llaima,VIIRS375,0.0,0.0,RUTINA,NULO,No descargada,2026-09-21 20:21:00,2026-09-21 20:31:00,NO
1790017922,2026-09-21 19:12:02,2026-09-21 16:12:02,Villarrica,VIIRS375,0.0,0.0,RUTINA,NULO,No descargada,2026-09-21 20:21:00,2026-09-21 20:31:00,NO
1790017922,2026-09-21 19:12:02,2026-09-21 16:12:02,Copahue,VIIRS375,0.0,0.0,RUTINA,NULO,No descargada,2026-09-21 20:21:00,2026-09-21 20:31:00,NO
1790017922,2026-09-21 19:12:02,2026-09-21 16:12:02,Tupungatito,VIIRS,0.0,0.0,RUTINA,NULO,No descargada,2026-09-21 20:05:59,2026-09-22 05:45:54,NO
1790015401,2026-09-21 18:30:01,2026-09-21 15:30:01,Tupungatito,VIIRS375,0.0,0.0,RUTINA,NULO,No descargada,2026-09-21 20:05:59,2026-09-21 20:15:54,NO
1790015401,2026-09-21 18:30:01,2026-09-21 15:30:01,Lastarria,VIIRS375,0.0,0.0,RUTINA,NULO,No descargada,2026-09-21 20:05:59,2026-09-22 04:45:50,NO
1790015401,2026-09-21 18:30:01,2026-09-21 15:30:01,Copahue,VIIRS,0.0,0.0,RUTINA,NULO,No descargada,2026-09-21 19:20:56,2026-09-21 20:01:08,NO
1790015401,2026-09-21 18:30:01,2026-09-21 15:30:01,Tupungatito,VIIRS,0.0,0.0,RUTINA,NULO,No descargada,2026-09-21 19:20:56,2026-09-21 20:01:08,NO
1790015401,2026-09-21 18:30:01,2026-09-21 15:30:01,Lastarria,VIIRS,0.0,0.0,RUTINA,NULO,No descargada,2026-09-21 19:20:56,2026-09-22 05:45:54,NO
1790015401,2026-09-21 18:30:01,2026-09-21 15:30:01,Copahue,VIIRS375,0.0,0.0,RUTINA,NULO,No descargada,2026-09-21 20:05:59,2026-09-21 20:15:54,NO
1790015401,2026-09-21 18:30:01,2026-09-21 15:30:01,Lascar,VIIRS,0.0,0.0,RUTINA,NULO,No descargada,2026-09-21 19:20:56,2026-09-22 05:45:54,NO
1790015401,2026-09-21 18:30:01,2026-09-21 15:30:01,Isluga,VIIRS,0.0,0.0,RUTINA,NULO,No descargada,2026-09-21 19:20:56,2026-09-22 04:31:07,NO
1790015401,2026-09-21 18:30:01,2026-09-21 15:30:01,Isluga,VIIRS375,0.0,0.0,RUTINA,NULO,No descargada,2026-09-21 20:05:59,2026-09-22 04:45:50,NO
1790015401,2026-09-21 18:30:01,2026-09-21 15:30:01,PlanchonPeteroa,VIIRS,0.0,0.0,RUTINA,NULO,No descargada,2026-09-21 19:20:56,2026-09-21 20:01:08,NO
1790015401,2026-09-21 18:30:01,2026-09-21 15:30:01,Nevados de Chillan,VIIRS,0.0,0.0,RUTINA,NULO,No descargada,2026-09-21 19:20:56,2026-09-21 20:01:08,NO
1790015401,2026-09-21 18:30:01,2026-09-21 15:30:01,Nevados de Chillan,VIIRS375,0.0,0.0,RUTINA,NULO,No descargada,2026-09-21 20:05:59,2026-09-21 20:15:54,NO
1790015401,2026-09-21 18:30:01,2026-09-21 15:30:01,PlanchonPeteroa,VIIRS375,0.0,0.0,RUTINA,NULO,No descargada,2026-09-21 20:05:59,2026-09-21 20:15:54,NO
1790015401,2026-09-21 18:30:01,2026-09-21 15:30:01,Lascar,VIIRS375,0.0,0.0,RUTINA,NULO,No descargada,2026-09-21 20:05:59,2026-09-22 04:45:50,NO
1790015041,2026-09-21 18:24:01,2026-09-21 15:24:01,Puyehue-Cordon Caulle,VIIRS375,0.0,0.0,RUTINA,NULO,No descargada,2026-09-21 20:05:59,2026-09-21 20:15:54,NO
1790015041,2026-09-21 18:24:01,2026-09-21 15:24:01,Chaiten,VIIRS375,0.0,0.0,RUTINA,NULO,No descargada,2026-09-21 20:05:59,2026-09-21 20:15:54,NO
1790015041,2026-09-21 18:24:01,2026-09-21 15:24:01,Puyehue-Cordon Caulle,VIIRS,0.0,0.0,RUTINA,NULO,No descargada,2026-09-21 19:20:56,2026-09-21 20:01:08,NO
1790015041,2026-09-21 18:24:01,2026-09-21 15:24:01,Chaiten,VIIRS,0.0,0.0,RUTINA,NULO,No descargada,2026-09-21 19:20:56,2026-09-21 20:01:08,NO
1790014320,2026-09-21 18:12:00,2026-09-21 15:12:00,Lascar,VIIRS375,0.0,0.0,RUTINA,NULO,No descargada,2026-09-21 19:20:56,2026-09-21 20:01:08,NO
1790014320,2026-09-21 18:12:00,2026-09-21 15:12:00,Lascar,VIIRS,0.0,0.0,RUTINA,NULO,No descargada,2026-09-21 18:51:09,2026-09-21 19:16:01,NO
1790014320,2026-09-21 18:12:00,2026-09-21 15:12:00,Lastarria,VIIRS375,2.45,23.84,FALSO_POSITIVO,NULO,No descargada,2026-09-21 19:20:56,2026-09-21 20:01:08,NO
1790014320,2026-09-21 18:12:00,2026-09-21 15:12:00,Lastarria,VIIRS,0.0,0.0,RUTINA,NULO,No descargada,2026-09-21 18:51:09,2026-09-21 19:16:01,NO
1790014320,2026-09-21 18:12:00,2026-09-21 15:12:00,Isluga,VIIRS,0.0,0.0,RUTINA,NULO,No descargada,2026-09-21 18:51:09,2026-09-21 19:16:01,NO
1790014320,2026-09-21 18:12:00,2026-09-21 15:12:00,Isluga,VIIRS375,0.0,0.0,RUTINA,NULO,No descargada,2026-09-21 19:20:56,2026-09-21 20:01:08,NO
1790013960,2026-09-21 18:06:00,2026-09-21 15:06:00,Puyehue-Cordon Caulle,VIIRS,0.0,0.0,RUTINA,NULO,No descargada,2026-09-21 18:51:09,2026-09-21 19:16:01,NO
1790013960,2026-09-21 18:06:00,2026-09-21 15:06:00,Chaiten,VIIRS,0.0,0.0,RUTINA,NULO,No descargada,2026-09-21 18:51:09,2026-09-21 19:16:01,NO
1790013960,2026-09-21 18:06:00,2026-09-21 15:06:00,Llaima,VIIRS375,0.0,0.0,RUTINA,NULO,No descargada,2026-09-21 19:20:56,2026-09-21 20:15:54,NO
1790013960,2026-09-21 18:06:00,2026-09-21 15:06:00,Villarrica,VIIRS,0.0,0.0,RUTINA,NULO,No descargada,2026-09-21 18:51:09,2026-09-21 20:01:08,NO
1790013960,2026-09-21 18:06:00,2026-09-21 15:06:00,Chaiten,VIIRS375,0.0,0.0,RUTINA,NULO,No descargada,2026-09-21 19:20:56,2026-09-21 20:01:08,NO
1790013960,2026-09-21 18:06:00,2026-09-21 15:06:00,Villarrica,VIIRS375,0.0,0.0,RUTINA,NULO,No descargada,2026-09-21 19:20:56,2026-09-21 20:15:54,NO
1790013960,2026-09-21 18:06:00,2026-09-21 15:06:00,Copahue,VIIRS375,0.0,0.0,RUTINA,NULO,No descargada,2026-09-21 19:20:56,2026-09-21 20:01:08,NO
1790013960,2026-09-21 18:06:00,2026-09-21 15:06:00,PlanchonPeteroa,VIIRS,0.0,0.0,RUTINA,NULO,No descargada,2026-09-21 18:51:09,2026-09-21 19:16:01,NO
1790013960,2026-09-21 18:06:00,2026-09-21 15:06:00,Llaima,VIIRS,0.0,0.0,RUTINA,NULO,No descargada,2026-09-21 18:51:09,2026-09-21 20:01:08,NO
1790013960,2026-09-21 18:06:00,2026-09-21 15:06:00,Puyehue-Cordon Caulle,VIIRS375,0.0,0.0,RUTINA,NULO,No descargada,2026-09-21 19:20:56,2026-09-21 20:01:08,NO
1790013960,2026-09-21 18:06:00,2026-09-21 15:06:00,Nevados de Chillan,VIIRS375,0.0,0.0,RUTINA,NULO,No descargada,2026-09-21 19:20:56,2026-09-21 20:01:08,NO
1790013960,2026-09-21 18:06:00,2026-09-21 15:06:00,Copahue,VIIRS,0.0,0.0,RUTINA,NULO,No descargada,2026-09-21 18:51:09,2026-09-21 19:16:01,NO
1790013960,2026-09-21 18:06:00,2026-09-21 15:06:00,Nevados de Chillan,VIIRS,0.0,0.0,RUTINA,NULO,No descargada,2026-09-21 18:51:09,2026-09-21 19:16:01,NO
1790013960,2026-09-21 18:06:00,2026-09-21 15:06:00,PlanchonPeteroa,VIIRS375,0.0,0.0,RUTINA,NULO,No descargada,2026-09-21 19:20:56,2026-09-21 20:01:08,NO
1790012162,2026-09-21 17:36:02,2026-09-21 14:36:02,Isluga,VIIRS375,0.0,0.0,RUTINA,NULO,No descargada,2026-09-21 17:35:57,2026-09-21 19:16:01,NO
1790012162,2026-09-21 17:36:02,2026-09-21 14:36:02,Isluga,VIIRS,0.0,0.0,RUTINA,NULO,No descargada,2026-09-21 17:20:56,2026-09-21 18:46:31,NO
1790012162,2026-09-21 17:36:02,2026-09-21 14:36:02,Lascar,VIIRS375,0.0,0.0,RUTINA,NULO,No descargada,2026-09-21 17:35:57,2026-09-21 19:16:01,NO
1790012162,2026-09-21 17:36:02,2026-09-21 14:36:02,Lastarria,VIIRS375,0.0,0.0,RUTINA,NULO,No descargada,2026-09-21 17:35:57,2026-09-21 19:16:01,NO
1790012162,2026-09-21 17:36:02,2026-09-21 14:36:02,Lastarria,VIIRS,0.0,0.0,RUTINA,NULO,No descargada,2026-09-21 17:20:56,2026-09-21 18:46:31,NO
1790012162,2026-09-21 17:36:02,2026-09-21 14:36:02,Lascar,VIIRS,0.0,0.0,RUTINA,NULO,No descargada,2026-09-21 17:20:56,2026-09-21 18:46:31,NO
1790011802,2026-09-21 17:30:02,2026-09-21 14:30:02,Chaiten,VIIRS375,0.0,0.0,RUTINA,NULO,No descargada,2026-09-21 17:35:57,2026-09-21 19:16:01,NO
1790011802,2026-09-21 17:30:02,2026-09-21 14:30:02,Villarrica,VIIRS,0.0,0.0,RUTINA,NULO,No descargada,2026-09-21 17:20:56,2026-09-21 18:46:31,NO
1790011802,2026-09-21 17:30:02,2026-09-21 14:30:02,Villarrica,VIIRS375,0.0,0.0,RUTINA,NULO,No descargada,2026-09-21 17:35:57,2026-09-21 19:16:01,NO
1790011802,2026-09-21 17:30:02,2026-09-21 14:30:02,Tupungatito,VIIRS,0.0,0.0,RUTINA,NULO,No descargada,2026-09-21 17:20:56,2026-09-21 19:16:01,NO
1790011802,2026-09-21 17:30:02,2026-09-21 14:30:02,Nevados de Chillan,VIIRS375,0.0,0.0,RUTINA,NULO,No descargada,2026-09-21 17:35:57,2026-09-21 19:16:01,NO
1790011802,2026-09-21 17:30:02,2026-09-21 14:30:02,Chaiten,VIIRS,0.0,0.0,RUTINA,NULO,No descargada,2026-09-21 17:20:56,2026-09-21 18:46:31,NO
1790011802,2026-09-21 17:30:02,2026-09-21 14:30:02,Puyehue-Cordon Caulle,VIIRS,0.0,0.0,RUTINA,NULO,No descargada,2026-09-21 17:20:56,2026-09-21 18:46:31,NO
1790011802,2026-09-21 17:30:02,2026-09-21 14:30:02,PlanchonPeteroa,VIIRS,0.0,0.0,RUTINA,NULO,No descargada,2026-09-21 17:20:56,2026-09-21 18:46:31,NO
1790011802,2026-09-21 17:30:02,2026-09-21 14:30:02,Copahue,VIIRS,0.0,0.0,RUTINA,NULO,No descargada,2026-09-21 17:20:56,2026-09-21 18:46:31,NO
1790011802,2026-09-21 17:30:02,2026-09-21 14:30:02,Llaima,VIIRS375,0.0,0.0,RUTINA,NULO,No descargada,2026-09-21 17:35:57,2026-09-21 19:16:01,NO
1790011802,2026-09-21 17:30:02,2026-09-21 14:30:02,Tupungatito,VIIRS375,0.0,0.0,RUTINA,NULO,No descargada,2026-09-21 17:35:57,2026-09-21 20:01:08,NO
1790011802,2026-09-21 17:30:02,2026-09-21 14:30:02,Llaima,VIIRS,0.0,0.0,RUTINA,NULO,No descargada,2026-09-21 17:20:56,2026-09-21 18:46:31,NO
1790011802,2026-09-21 17:30:02,2026-09-21 14:30:02,Puyehue-Cordon Caulle,VIIRS375,0.0,0.0,RUTINA,NULO,No descargada,2026-09-21 17:35:57,2026-09-21 19:16:01,NO
1790011802,2026-09-21 17:30:02,2026-09-21 14:30:02,Copahue,VIIRS375,0.0,0.0,RUTINA,NULO,No descargada,2026-09-21 17:35:57,2026-09-21 19:16:01,NO
1790011802,2026-09-21 17:30:02,2026-09-21 14:30:02,PlanchonPeteroa,VIIRS375,0.0,0.0,RUTINA,NULO,No descargada,2026-09-21 17:35:57,2026-09-21 19:16:01,NO
1790011802,2026-09-21 17:30:02,2026-09-21 14:30:02,Nevados de Chillan,VIIRS,0.0,0.0,RUTINA,NULO,No descargada,2026-09-21 17:20:56,2026-09-21 18:46:31,NO
1789995000,2026-09-21 12:50:00,2026-09-21 09:50:00,Tupungatito,MODIS,0.0,0.0,RUTINA,NULO,No descargada,2026-09-21 11:35:55,2026-09-21 20:31:00,NO
1789995000,2026-09-21 12:50:00,2026-09-21 09:50:00,Puyehue-Cordon Caulle,MODIS,0.0,0.0,RUTINA,NULO,No descargada,2026-09-21 11:35:55,2026-09-21 20:15:54,NO
1789995000,2026-09-21 12:50:00,2026-09-21 09:50:00,Copahue,MODIS,0.0,0.0,RUTINA,NULO,No descargada,2026-09-21 11:35:55,2026-09-21 20:15:54,NO
1789995000,2026-09-21 12:50:00,2026-09-21 09:50:00,Nevados de Chillan,MODIS,0.0,0.0,RUTINA,NULO,No descargada,2026-09-21 11:35:55,2026-09-21 20:15:54,NO
1789995000,2026-09-21 12:50:00,2026-09-21 09:50:00,PlanchonPeteroa,MODIS,0.0,0.0,RUTINA,NULO,No descargada,2026-09-21 11:35:55,2026-09-21 20:15:54,NO
1789995000,2026-09-21 12:50:00,2026-09-21 09:50:00,Llaima,MODIS,0.0,0.0,RUTINA,NULO,No descargada,2026-09-21 11:35:55,2026-09-21 20:15:54,NO
1789995000,2026-09-21 12:50:00,2026-09-21 09:50:00,Villarrica,MODIS,0.0,0.0,RUTINA,NULO,No descargada,2026-09-21 11:35:55,2026-09-21 20:15:54,NO
1789995000,2026-09-21 12:50:00,2026-09-21 09:50:00,Chaiten,MODIS,0.0,0.0,RUTINA,NULO,No descargada,2026-09-21 11:35:55,2026-09-21 20:31:00,NO
1789994700,2026-09-21 12:45:00,2026-09-21 09:45:00,Lascar,MODIS,0.0,0.0,RUTINA,NULO,No descargada,2026-09-21 11:35:55,2026-09-21 20:31:00,NO
1789994700,2026-09-21 12:45:00,2026-09-21 09:45:00,Isluga,MODIS,0.0,0.0,RUTINA,NULO,No descargada,2026-09-21 11:35:55,2026-09-21 20:31:00,NO
1789994700,2026-09-21 12:45:00,2026-09-21 09:45:00,Lastarria,MODIS,0.0,0.0,RUTINA,NULO,No descargada,2026-09-21 11:35:55,2026-09-21 20:31:00,NO
1789980600,2026-09-21 08:50:00,2026-09-21 05:50:00,Chaiten,MODIS,0.0,0.0,RUTINA,NULO,No descargada,2026-09-21 07:50:57,2026-09-21 11:31:07,NO
1789980300,2026-09-21 08:45:00,2026-09-21 05:45:00,Copahue,MODIS,0.0,0.0,RUTINA,NULO,No descargada,2026-09-21 07:50:57,2026-09-21 11:31:07,NO
1789980300,2026-09-21 08:45:00,2026-09-21 05:45:00,Nevados de Chillan,MODIS,0.0,0.0,RUTINA,NULO,No descargada,2026-09-21 07:50:57,2026-09-21 11:31:07,NO
1789980300,2026-09-21 08:45:00,2026-09-21 05:45:00,Puyehue-Cordon Caulle,MODIS,0.0,0.0,RUTINA,NULO,No descargada,2026-09-21 07:50:57,2026-09-21 11:31:07,NO
1789980300,2026-09-21 08:45:00,2026-09-21 05:45:00,Tupungatito,MODIS,0.0,0.0,RUTINA,NULO,No descargada,2026-09-21 07:50:57,2026-09-21 11:31:07,NO
1789980300,2026-09-21 08:45:00,2026-09-21 05:45:00,PlanchonPeteroa,MODIS,0.0,0.0,RUTINA,NULO,No descargada,2026-09-21 07:50:57,2026-09-21 11:31:07,NO
1789980300,2026-09-21 08:45:00,2026-09-21 05:45:00,Lastarria,MODIS,0.0,0.0,RUTINA,NULO,No descargada,2026-09-21 07:50:57,2026-09-21 11:31:07,NO
1789980300,2026-09-21 08:45:00,2026-09-21 05:45:00,Llaima,MODIS,0.0,0.0,RUTINA,NULO,No descargada,2026-09-21 07:50:57,2026-09-21 11:31:07,NO
1789980300,2026-09-21 08:45:00,2026-09-21 05:45:00,Villarrica,MODIS,0.0,0.0,RUTINA,NULO,No descargada,2026-09-21 07:50:57,2026-09-21 11:31:07,NO
1789980000,2026-09-21 08:40:00,2026-09-21 05:40:00,Isluga,MODIS,0.0,0.0,RUTINA,NULO,No descargada,2026-09-21 07:50:57,2026-09-21 11:31:07,NO
1789974600,2026-09-21 07:10:00,2026-09-21 04:10:00,Puyehue-Cordon Caulle,MODIS,0.0,0.0,RUTINA,NULO,No descargada,2026-09-21 06:36:05,2026-09-21 07:46:05,NO
1789974600,2026-09-21 07:10:00,2026-09-21 04:10:00,Nevados de Chillan,MODIS,0.0,0.0,RUTINA,NULO,No descargada,2026-09-21 06:36:05,2026-09-21 07:46:05,NO
1789974600,2026-09-21 07:10:00,2026-09-21 04:10:00,Copahue,MODIS,0.0,0.0,RUTINA,NULO,No descargada,2026-09-21 06:36:05,2026-09-21 07:46:05,NO
1789974600,2026-09-21 07:10:00,2026-09-21 04:10:00,Llaima,MODIS,0.0,0.0,RUTINA,NULO,No descargada,2026-09-21 06:36:05,2026-09-21 07:46:05,NO
1789974600,2026-09-21 07:10:00,2026-09-21 04:10:00,Chaiten,MODIS,0.0,0.0,RUTINA,NULO,No descargada,2026-09-21 06:36:05,2026-09-21 07:46:05,NO
1789974600,2026-09-21 07:10:00,2026-09-21 04:10:00,Villarrica,MODIS,0.0,0.0,RUTINA,NULO,No descargada,2026-09-21 06:36:05,2026-09-21 07:46:05,NO
1789974600,2026-09-21 07:10:00,2026-09-21 04:10:00,PlanchonPeteroa,MODIS,0.0,0.0,RUTINA,NULO,No descargada,2026-09-21 06:36:05,2026-09-21 07:46:05,NO
1789974600,2026-09-21 07:10:00,2026-09-21 04:10:00,Tupungatito,MODIS,0.0,0.0,RUTINA,NULO,No descargada,2026-09-21 06:36:05,2026-09-21 07:46:05,NO
1789973642,2026-09-21 06:54:02,2026-09-21 03:54:02,Puyehue-Cordon Caulle,VIIRS375,0.0,0.0,RUTINA,NULO,No descargada,2026-09-21 07:05:58,2026-09-21 17:31:11,NO
1789973642,2026-09-21 06:54:02,2026-09-21 03:54:02,Villarrica,VIIRS375,0.0,0.0,RUTINA,NULO,No descargada,2026-09-21 07:05:58,2026-09-21 17:31:11,NO
1789973642,2026-09-21 06:54:02,2026-09-21 03:54:02,Villarrica,VIIRS,0.0,0.0,RUTINA,NULO,No descargada,2026-09-21 06:36:05,2026-09-21 17:15:58,NO
1789973642,2026-09-21 06:54:02,2026-09-21 03:54:02,Chaiten,VIIRS,0.0,0.0,RUTINA,NULO,No descargada,2026-09-21 06:36:05,2026-09-21 17:15:58,NO
1789973642,2026-09-21 06:54:02,2026-09-21 03:54:02,Puyehue-Cordon Caulle,VIIRS,0.0,0.0,RUTINA,NULO,No descargada,2026-09-21 06:36:05,2026-09-21 17:15:58,NO
1789973642,2026-09-21 06:54:02,2026-09-21 03:54:02,Llaima,VIIRS,0.0,0.0,RUTINA,NULO,No descargada,2026-09-21 06:36:05,2026-09-21 17:15:58,NO
1789973642,2026-09-21 06:54:02,2026-09-21 03:54:02,Chaiten,VIIRS375,0.0,0.0,RUTINA,NULO,No descargada,2026-09-21 07:05:58,2026-09-21 17:31:11,NO
1789973642,2026-09-21 06:54:02,2026-09-21 03:54:02,Llaima,VIIRS375,0.0,0.0,RUTINA,NULO,No descargada,2026-09-21 07:05:58,2026-09-21 17:31:11,NO
1789970761,2026-09-21 06:06:01,2026-09-21 03:06:01,Villarrica,VIIRS,0.0,0.0,RUTINA,NULO,No descargada,2026-09-21 05:50:54,2026-09-21 06:31:16,NO
1789970761,2026-09-21 06:06:01,2026-09-21 03:06:01,Lascar,VIIRS,0.0,0.0,RUTINA,NULO,No descargada,2026-09-21 05:50:54,2026-09-21 17:15:58,NO
1789970761,2026-09-21 06:06:01,2026-09-21 03:06:01,PlanchonPeteroa,VIIRS,0.0,0.0,RUTINA,NULO,No descargada,2026-09-21 05:50:54,2026-09-21 17:15:58,NO
1789970761,2026-09-21 06:06:01,2026-09-21 03:06:01,Lascar,VIIRS375,0.27,1.19,ALERTA_TERMICA,Muy Bajo,imagenes_satelitales/Lascar/2026-09-21/06-06-01_Lascar_VIIRS375_Latest.png,2026-09-21 05:36:03,2026-09-21 17:31:11,NO
1789970761,2026-09-21 06:06:01,2026-09-21 03:06:01,Llaima,VIIRS375,0.0,0.0,RUTINA,NULO,No descargada,2026-09-21 05:36:03,2026-09-21 07:01:05,NO
1789970761,2026-09-21 06:06:01,2026-09-21 03:06:01,Puyehue-Cordon Caulle,VIIRS,0.0,0.0,RUTINA,NULO,No descargada,2026-09-21 05:50:54,2026-09-21 06:31:16,NO
1789970761,2026-09-21 06:06:01,2026-09-21 03:06:01,Copahue,VIIRS,0.0,0.0,RUTINA,NULO,No descargada,2026-09-21 05:50:54,2026-09-21 17:15:58,NO
1789970761,2026-09-21 06:06:01,2026-09-21 03:06:01,Tupungatito,VIIRS375,0.0,0.0,RUTINA,NULO,No descargada,2026-09-21 05:36:03,2026-09-21 17:31:11,NO
1789970761,2026-09-21 06:06:01,2026-09-21 03:06:01,Tupungatito,VIIRS,0.0,0.0,RUTINA,NULO,No descargada,2026-09-21 05:50:54,2026-09-21 17:15:58,NO
1789970761,2026-09-21 06:06:01,2026-09-21 03:06:01,Puyehue-Cordon Caulle,VIIRS375,0.0,0.0,RUTINA,NULO,No descargada,2026-09-21 05:36:03,2026-09-21 07:01:05,NO
1789970761,2026-09-21 06:06:01,2026-09-21 03:06:01,Villarrica,VIIRS375,0.0,0.0,RUTINA,NULO,No descargada,2026-09-21 05:36:03,2026-09-21 07:01:05,NO
1789970761,2026-09-21 06:06:01,2026-09-21 03:06:01,Nevados de Chillan,VIIRS,0.0,0.0,RUTINA,NULO,No descargada,2026-09-21 05:50:54,2026-09-21 17:15:58,NO
1789970761,2026-09-21 06:06:01,2026-09-21 03:06:01,PlanchonPeteroa,VIIRS375,0.0,0.0,RUTINA,NULO,No descargada,2026-09-21 05:36:03,2026-09-21 17:31:11,NO
1789970761,2026-09-21 06:06:01,2026-09-21 03:06:01,Llaima,VIIRS,0.0,0.0,RUTINA,NULO,No descargada,2026-09-21 05:50:54,2026-09-21 06:31:16,NO
1789970761,2026-09-21 06:06:01,2026-09-21 03:06:01,Copahue,VIIRS375,0.0,0.0,RUTINA,NULO,No descargada,2026-09-21 05:36:03,2026-09-21 17:31:11,NO
1789970761,2026-09-21 06:06:01,2026-09-21 03:06:01,Nevados de Chillan,VIIRS375,0.0,0.0,RUTINA,NULO,No descargada,2026-09-21 05:36:03,2026-09-21 17:31:11,NO
1789970761,2026-09-21 06:06:01,2026-09-21 03:06:01,Lastarria,VIIRS375,0.05,1.35,ALERTA_TERMICA,Muy Bajo,imagenes_satelitales/Lastarria/2026-09-21/06-06-01_Lastarria_VIIRS375_Latest.png,2026-09-21 05:36:03,2026-09-21 17:31:11,NO
1789970761,2026-09-21 06:06:01,2026-09-21 03:06:01,Lastarria,VIIRS,0.0,0.0,RUTINA,NULO,No descargada,2026-09-21 05:50:54,2026-09-21 17:15:58,NO
1789970401,2026-09-21 06:00:01,2026-09-21 03:00:01,Isluga,VIIRS,0.0,0.0,RUTINA,NULO,No descargada,2026-09-21 05:36:03,2026-09-21 17:15:58,NO
1789970401,2026-09-21 06:00:01,2026-09-21 03:00:01,Isluga,VIIRS375,0.12,0.53,ALERTA_TERMICA,Muy Bajo,imagenes_satelitales/Isluga/2026-09-21/06-00-01_Isluga_VIIRS375_Latest.png,2026-09-21 06:36:05,2026-09-21 17:31:11,NO
1789969680,2026-09-21 05:48:00,2026-09-21 02:48:00,Llaima,VIIRS,0.0,0.0,RUTINA,NULO,No descargada,2026-09-21 05:20:57,2026-09-21 05:46:02,NO
1789969680,2026-09-21 05:48:00,2026-09-21 02:48:00,PlanchonPeteroa,VIIRS,0.0,0.0,RUTINA,NULO,No descargada,2026-09-21 05:20:57,2026-09-21 05:46:02,NO
1789969680,2026-09-21 05:48:00,2026-09-21 02:48:00,Villarrica,VIIRS,0.0,0.0,RUTINA,NULO,No descargada,2026-09-21 05:20:57,2026-09-21 05:46:02,NO
1789969680,2026-09-21 05:48:00,2026-09-21 02:48:00,Tupungatito,VIIRS,0.0,0.0,RUTINA,NULO,No descargada,2026-09-21 05:20:57,2026-09-21 05:46:02,NO
1789969680,2026-09-21 05:48:00,2026-09-21 02:48:00,Copahue,VIIRS,0.0,0.0,RUTINA,NULO,No descargada,2026-09-21 05:20:57,2026-09-21 05:46:02,NO
1789969680,2026-09-21 05:48:00,2026-09-21 02:48:00,Chaiten,VIIRS375,0.0,0.0,RUTINA,NULO,No descargada,2026-09-21 06:36:05,2026-09-21 07:01:05,NO
1789969680,2026-09-21 05:48:00,2026-09-21 02:48:00,Chaiten,VIIRS,0.0,0.0,RUTINA,NULO,No descargada,2026-09-21 05:20:57,2026-09-21 06:31:16,NO
1789969680,2026-09-21 05:48:00,2026-09-21 02:48:00,Puyehue-Cordon Caulle,VIIRS,0.0,0.0,RUTINA,NULO,No descargada,2026-09-21 05:20:57,2026-09-21 05:46:02,NO
1789969680,2026-09-21 05:48:00,2026-09-21 02:48:00,Nevados de Chillan,VIIRS,0.0,0.0,RUTINA,NULO,No descargada,2026-09-21 05:20:57,2026-09-21 05:46:02,NO
1789969320,2026-09-21 05:42:00,2026-09-21 02:42:00,Isluga,VIIRS375,0.42,15.83,FALSO_POSITIVO,NULO,No descargada,2026-09-21 05:50:54,2026-09-21 06:31:16,NO
1789969320,2026-09-21 05:42:00,2026-09-21 02:42:00,Lastarria,VIIRS,0.0,0.0,RUTINA,NULO,No descargada,2026-09-21 05:20:57,2026-09-21 05:46:02,NO
1789969320,2026-09-21 05:42:00,2026-09-21 02:42:00,Isluga,VIIRS,0.0,0.0,RUTINA,NULO,No descargada,2026-09-21 05:20:57,2026-09-21 05:31:01,NO
1789969320,2026-09-21 05:42:00,2026-09-21 02:42:00,Lascar,VIIRS,0.22,0.75,ALERTA_TERMICA,Muy Bajo,imagenes_satelitales/Lascar/2026-09-21/05-42-00_Lascar_VIIRS750_Latest.png,2026-09-21 05:20:57,2026-09-21 05:46:02,NO
1789967522,2026-09-21 05:12:02,2026-09-21 02:12:02,Llaima,VIIRS,0.0,0.0,RUTINA,NULO,No descargada,2026-09-21 04:35:52,2026-09-21 05:16:00,NO
1789967522,2026-09-21 05:12:02,2026-09-21 02:12:02,Villarrica,VIIRS375,0.0,0.0,RUTINA,NULO,No descargada,2026-09-21 04:20:56,2026-09-21 05:31:01,NO
1789967522,2026-09-21 05:12:02,2026-09-21 02:12:02,PlanchonPeteroa,VIIRS,0.0,0.0,RUTINA,NULO,No descargada,2026-09-21 04:35:52,2026-09-21 05:16:00,NO
1789967522,2026-09-21 05:12:02,2026-09-21 02:12:02,Chaiten,VIIRS,0.0,0.0,RUTINA,NULO,No descargada,2026-09-21 04:35:52,2026-09-21 05:16:00,NO
1789967522,2026-09-21 05:12:02,2026-09-21 02:12:02,Tupungatito,VIIRS375,0.0,0.0,RUTINA,NULO,No descargada,2026-09-21 04:20:56,2026-09-21 05:31:01,NO
1789967522,2026-09-21 05:12:02,2026-09-21 02:12:02,Copahue,VIIRS375,0.0,0.0,RUTINA,NULO,No descargada,2026-09-21 04:20:56,2026-09-21 05:31:01,NO
1789967522,2026-09-21 05:12:02,2026-09-21 02:12:02,Villarrica,VIIRS,0.0,0.0,RUTINA,NULO,No descargada,2026-09-21 04:35:52,2026-09-21 05:16:00,NO
1789967522,2026-09-21 05:12:02,2026-09-21 02:12:02,Puyehue-Cordon Caulle,VIIRS375,0.0,0.0,RUTINA,NULO,No descargada,2026-09-21 04:20:56,2026-09-21 05:31:01,NO
1789967522,2026-09-21 05:12:02,2026-09-21 02:12:02,Puyehue-Cordon Caulle,VIIRS,0.0,0.0,RUTINA,NULO,No descargada,2026-09-21 04:35:52,2026-09-21 05:16:00,NO
1789967522,2026-09-21 05:12:02,2026-09-21 02:12:02,Nevados de Chillan,VIIRS375,0.0,0.0,RUTINA,NULO,No descargada,2026-09-21 04:20:56,2026-09-21 05:31:01,NO
1789967522,2026-09-21 05:12:02,2026-09-21 02:12:02,Tupungatito,VIIRS,0.0,0.0,RUTINA,NULO,No descargada,2026-09-21 04:35:52,2026-09-21 05:16:00,NO
1789967522,2026-09-21 05:12:02,2026-09-21 02:12:02,Nevados de Chillan,VIIRS,0.0,0.0,RUTINA,NULO,No descargada,2026-09-21 04:35:52,2026-09-21 05:16:00,NO
1789967522,2026-09-21 05:12:02,2026-09-21 02:12:02,Copahue,VIIRS,0.0,0.0,RUTINA,NULO,No descargada,2026-09-21 04:35:52,2026-09-21 05:16:00,NO
1789967522,2026-09-21 05:12:02,2026-09-21 02:12:02,Chaiten,VIIRS375,0.0,0.0,RUTINA,NULO,No descargada,2026-09-21 04:20:56,2026-09-21 06:31:16,NO
1789967522,2026-09-21 05:12:02,2026-09-21 02:12:02,PlanchonPeteroa,VIIRS375,0.0,0.0,RUTINA,NULO,No descargada,2026-09-21 04:20:56,2026-09-21 05:31:01,NO
1789967522,2026-09-21 05:12:02,2026-09-21 02:12:02,Llaima,VIIRS375,0.0,0.0,RUTINA,NULO,No descargada,2026-09-21 04:20:56,2026-09-21 05:31:01,NO
1789967162,2026-09-21 05:06:02,2026-09-21 02:06:02,Lascar,VIIRS,0.0,0.0,RUTINA,NULO,No descargada,2026-09-21 04:35:52,2026-09-21 05:16:00,NO
1789967162,2026-09-21 05:06:02,2026-09-21 02:06:02,Isluga,VIIRS375,0.23,1.06,ALERTA_TERMICA,Muy Bajo,imagenes_satelitales/Isluga/2026-09-21/05-06-02_Isluga_VIIRS375_Latest.png,2026-09-21 05:06:01,2026-09-21 05:46:02,NO
1789967162,2026-09-21 05:06:02,2026-09-21 02:06:02,Lastarria,VIIRS,0.0,0.0,RUTINA,NULO,No descargada,2026-09-21 04:35:52,2026-09-21 05:16:00,NO
1789967162,2026-09-21 05:06:02,2026-09-21 02:06:02,Isluga,VIIRS,0.0,0.0,RUTINA,NULO,No descargada,2026-09-21 04:35:52,2026-09-21 05:16:00,NO
1789967162,2026-09-21 05:06:02,2026-09-21 02:06:02,Lascar,VIIRS375,0.52,15.26,FALSO_POSITIVO,NULO,No descargada,2026-09-21 05:06:01,2026-09-21 05:31:01,NO
1789967162,2026-09-21 05:06:02,2026-09-21 02:06:02,Lastarria,VIIRS375,0.0,0.0,RUTINA,NULO,No descargada,2026-09-21 05:06:01,2026-09-21 05:31:01,NO
1789965001,2026-09-21 04:30:01,2026-09-21 01:30:01,Puyehue-Cordon Caulle,VIIRS,0.0,0.0,RUTINA,NULO,No descargada,2026-09-21 04:05:51,2026-09-21 04:31:04,NO
1789965001,2026-09-21 04:30:01,2026-09-21 01:30:01,Chaiten,VIIRS,0.0,0.0,RUTINA,NULO,No descargada,2026-09-21 04:05:51,2026-09-21 04:31:04,NO
1789965001,2026-09-21 04:30:01,2026-09-21 01:30:01,Puyehue-Cordon Caulle,VIIRS375,0.0,0.0,RUTINA,NULO,No descargada,2026-09-21 04:05:51,2026-09-21 04:15:57,NO
1789965001,2026-09-21 04:30:01,2026-09-21 01:30:01,Chaiten,VIIRS375,0.0,0.0,RUTINA,NULO,No descargada,2026-09-21 04:05:51,2026-09-21 04:15:57,NO
1789955700,2026-09-21 01:55:00,2026-09-20 22:55:00,Isluga,MODIS,0.0,0.0,RUTINA,NULO,No descargada,2026-09-21 01:50:57,2026-09-21 07:46:05,NO
1789955400,2026-09-21 01:50:00,2026-09-20 22:50:00,Lastarria,MODIS,0.0,0.0,RUTINA,NULO,No descargada,2026-09-20 23:50:55,2026-09-21 07:46:05,NO
1789955400,2026-09-21 01:50:00,2026-09-20 22:50:00,Tupungatito,MODIS,0.0,0.0,RUTINA,NULO,No descargada,2026-09-21 00:01:03,2026-09-21 06:31:16,NO
1789955400,2026-09-21 01:50:00,2026-09-20 22:50:00,Nevados de Chillan,MODIS,0.0,0.0,RUTINA,NULO,No descargada,2026-09-21 00:01:03,2026-09-21 06:31:16,NO
1789955400,2026-09-21 01:50:00,2026-09-20 22:50:00,Puyehue-Cordon Caulle,MODIS,0.0,0.0,RUTINA,NULO,No descargada,2026-09-21 00:01:03,2026-09-21 06:31:16,NO
1789955400,2026-09-21 01:50:00,2026-09-20 22:50:00,Villarrica,MODIS,0.0,0.0,RUTINA,NULO,No descargada,2026-09-21 00:01:03,2026-09-21 06:31:16,NO
1789955400,2026-09-21 01:50:00,2026-09-20 22:50:00,PlanchonPeteroa,MODIS,0.0,0.0,RUTINA,NULO,No descargada,2026-09-20 23:50:55,2026-09-21 06:31:16,NO
1789955400,2026-09-21 01:50:00,2026-09-20 22:50:00,Copahue,MODIS,0.0,0.0,RUTINA,NULO,No descargada,2026-09-21 00:01:03,2026-09-21 06:31:16,NO
1789955400,2026-09-21 01:50:00,2026-09-20 22:50:00,Llaima,MODIS,0.0,0.0,RUTINA,NULO,No descargada,2026-09-21 00:01:03,2026-09-21 06:31:16,NO
1789955400,2026-09-21 01:50:00,2026-09-20 22:50:00,Lascar,MODIS,0.0,0.0,RUTINA,NULO,No descargada,2026-09-20 23:50:55,2026-09-21 11:31:07,NO
1789955100,2026-09-21 01:45:00,2026-09-20 22:45:00,Chaiten,MODIS,0.0,0.0,RUTINA,NULO,No descargada,2026-09-21 00:01:03,2026-09-21 06:31:16,NO
1789940700,2026-09-20 21:45:00,2026-09-20 18:45:00,Copahue,MODIS,0.0,0.0,RUTINA,NULO,No descargada,2026-09-20 20:50:57,2026-09-20 23:55:58,NO
1789940700,2026-09-20 21:45:00,2026-09-20 18:45:00,Chaiten,MODIS,0.0,0.0,RUTINA,NULO,No descargada,2026-09-20 21:06:04,2026-09-20 23:55:58,NO
1789940700,2026-09-20 21:45:00,2026-09-20 18:45:00,Villarrica,MODIS,0.0,0.0,RUTINA,NULO,No descargada,2026-09-20 21:06:04,2026-09-20 23:55:58,NO
1789940700,2026-09-20 21:45:00,2026-09-20 18:45:00,Llaima,MODIS,0.0,0.0,RUTINA,NULO,No descargada,2026-09-20 21:06:04,2026-09-20 23:55:58,NO
1789940700,2026-09-20 21:45:00,2026-09-20 18:45:00,Puyehue-Cordon Caulle,MODIS,0.0,0.0,RUTINA,NULO,No descargada,2026-09-20 21:06:04,2026-09-20 23:55:58,NO
1789935000,2026-09-20 20:10:00,2026-09-20 17:10:00,Lastarria,MODIS,0.0,0.0,RUTINA,NULO,No descargada,2026-09-20 19:46:45,2026-09-20 23:45:54,NO
1789935000,2026-09-20 20:10:00,2026-09-20 17:10:00,PlanchonPeteroa,MODIS,0.0,0.0,RUTINA,NULO,No descargada,2026-09-20 19:46:45,2026-09-20 23:45:54,NO
1789935000,2026-09-20 20:10:00,2026-09-20 17:10:00,Tupungatito,MODIS,0.0,0.0,RUTINA,NULO,No descargada,2026-09-20 19:46:45,2026-09-20 23:55:58,NO
1789935000,2026-09-20 20:10:00,2026-09-20 17:10:00,Isluga,MODIS,0.0,0.0,RUTINA,NULO,No descargada,2026-09-20 19:46:45,2026-09-21 01:45:58,NO
1789935000,2026-09-20 20:10:00,2026-09-20 17:10:00,Lascar,MODIS,0.0,0.0,RUTINA,NULO,No descargada,2026-09-20 19:46:45,2026-09-20 23:45:54,NO
1789934760,2026-09-20 20:06:00,2026-09-20 17:06:00,Puyehue-Cordon Caulle,VIIRS375,0.0,0.0,RUTINA,NULO,No descargada,2026-09-20 21:06:04,2026-09-21 04:01:07,NO
1789934760,2026-09-20 20:06:00,2026-09-20 17:06:00,Puyehue-Cordon Caulle,VIIRS,0.0,0.0,RUTINA,NULO,No descargada,2026-09-20 20:50:57,2026-09-21 04:01:07,NO
1789934760,2026-09-20 20:06:00,2026-09-20 17:06:00,Chaiten,VIIRS375,0.0,0.0,RUTINA,NULO,No descargada,2026-09-20 21:06:04,2026-09-21 04:01:07,NO
1789934760,2026-09-20 20:06:00,2026-09-20 17:06:00,Villarrica,VIIRS375,0.0,0.0,RUTINA,NULO,No descargada,2026-09-20 21:06:04,2026-09-21 04:15:57,NO
1789934760,2026-09-20 20:06:00,2026-09-20 17:06:00,Chaiten,VIIRS,0.0,0.0,RUTINA,NULO,No descargada,2026-09-20 20:50:57,2026-09-21 04:01:07,NO
1789934760,2026-09-20 20:06:00,2026-09-20 17:06:00,Llaima,VIIRS375,0.0,0.0,RUTINA,NULO,No descargada,2026-09-20 21:06:04,2026-09-21 04:15:57,NO
1789934760,2026-09-20 20:06:00,2026-09-20 17:06:00,Llaima,VIIRS,0.0,0.0,RUTINA,NULO,No descargada,2026-09-20 20:50:57,2026-09-21 04:31:04,NO
1789934760,2026-09-20 20:06:00,2026-09-20 17:06:00,Villarrica,VIIRS,0.0,0.0,RUTINA,NULO,No descargada,2026-09-20 20:50:57,2026-09-21 04:31:04,NO
1789934700,2026-09-20 20:05:00,2026-09-20 17:05:00,Chaiten,MODIS,0.0,0.0,RUTINA,NULO,No descargada,2026-09-20 19:46:45,2026-09-20 21:01:05,NO
1789934700,2026-09-20 20:05:00,2026-09-20 17:05:00,Puyehue-Cordon Caulle,MODIS,0.0,0.0,RUTINA,NULO,No descargada,2026-09-20 19:46:45,2026-09-20 21:01:05,NO
1789934700,2026-09-20 20:05:00,2026-09-20 17:05:00,Villarrica,MODIS,0.0,0.0,RUTINA,NULO,No descargada,2026-09-20 19:46:45,2026-09-20 21:01:05,NO
1789934700,2026-09-20 20:05:00,2026-09-20 17:05:00,Nevados de Chillan,MODIS,0.0,0.0,RUTINA,NULO,No descargada,2026-09-20 19:46:45,2026-09-20 23:55:58,NO
1789934700,2026-09-20 20:05:00,2026-09-20 17:05:00,Llaima,MODIS,0.0,0.0,RUTINA,NULO,No descargada,2026-09-20 19:46:45,2026-09-20 21:01:05,NO
1789934700,2026-09-20 20:05:00,2026-09-20 17:05:00,Copahue,MODIS,0.0,0.0,RUTINA,NULO,No descargada,2026-09-20 19:46:45,2026-09-20 20:46:04,NO
1789932602,2026-09-20 19:30:02,2026-09-20 16:30:02,Nevados de Chillan,VIIRS,0.0,0.0,RUTINA,NULO,No descargada,2026-09-20 19:46:45,2026-09-21 04:31:04,NO
1789932602,2026-09-20 19:30:02,2026-09-20 16:30:02,Tupungatito,VIIRS375,0.0,0.0,RUTINA,NULO,No descargada,2026-09-20 20:05:52,2026-09-21 04:15:57,NO
1789932602,2026-09-20 19:30:02,2026-09-20 16:30:02,Villarrica,VIIRS375,0.0,0.0,RUTINA,NULO,No descargada,2026-09-20 20:05:52,2026-09-20 21:01:05,NO
1789932602,2026-09-20 19:30:02,2026-09-20 16:30:02,Copahue,VIIRS375,0.0,0.0,RUTINA,NULO,No descargada,2026-09-20 20:05:52,2026-09-21 04:15:57,NO
1789932602,2026-09-20 19:30:02,2026-09-20 16:30:02,Villarrica,VIIRS,0.0,0.0,RUTINA,NULO,No descargada,2026-09-20 20:05:52,2026-09-20 20:46:04,NO
1789932602,2026-09-20 19:30:02,2026-09-20 16:30:02,PlanchonPeteroa,VIIRS,0.0,0.0,RUTINA,NULO,No descargada,2026-09-20 19:46:45,2026-09-21 04:31:04,NO
1789932602,2026-09-20 19:30:02,2026-09-20 16:30:02,Chaiten,VIIRS375,0.0,0.0,RUTINA,NULO,No descargada,2026-09-20 20:05:52,2026-09-20 21:01:05,NO
1789932602,2026-09-20 19:30:02,2026-09-20 16:30:02,Llaima,VIIRS375,0.0,0.0,RUTINA,NULO,No descargada,2026-09-20 20:05:52,2026-09-20 21:01:05,NO
1789932602,2026-09-20 19:30:02,2026-09-20 16:30:02,Tupungatito,VIIRS,0.0,0.0,RUTINA,NULO,No descargada,2026-09-20 20:05:52,2026-09-21 04:31:04,NO
1789932602,2026-09-20 19:30:02,2026-09-20 16:30:02,Llaima,VIIRS,0.0,0.0,RUTINA,NULO,No descargada,2026-09-20 20:05:52,2026-09-20 20:46:04,NO
1789932602,2026-09-20 19:30:02,2026-09-20 16:30:02,Copahue,VIIRS,0.0,0.0,RUTINA,NULO,No descargada,2026-09-20 19:46:45,2026-09-21 04:31:04,NO
1789932602,2026-09-20 19:30:02,2026-09-20 16:30:02,Chaiten,VIIRS,0.0,0.0,RUTINA,NULO,No descargada,2026-09-20 20:05:52,2026-09-20 20:46:04,NO
1789932602,2026-09-20 19:30:02,2026-09-20 16:30:02,Nevados de Chillan,VIIRS375,0.0,0.0,RUTINA,NULO,No descargada,2026-09-20 20:05:52,2026-09-21 04:15:57,NO
1789932602,2026-09-20 19:30:02,2026-09-20 16:30:02,Puyehue-Cordon Caulle,VIIRS375,0.0,0.0,RUTINA,NULO,No descargada,2026-09-20 20:05:52,2026-09-20 21:01:05,NO
1789932602,2026-09-20 19:30:02,2026-09-20 16:30:02,PlanchonPeteroa,VIIRS375,0.0,0.0,RUTINA,NULO,No descargada,2026-09-20 20:05:52,2026-09-21 04:15:57,NO
1789932602,2026-09-20 19:30:02,2026-09-20 16:30:02,Puyehue-Cordon Caulle,VIIRS,0.0,0.0,RUTINA,NULO,No descargada,2026-09-20 20:05:52,2026-09-20 20:46:04,NO
1789930441,2026-09-20 18:54:01,2026-09-20 15:54:01,Isluga,VIIRS375,0.0,0.0,RUTINA,NULO,No descargada,2026-09-20 19:46:45,2026-09-21 05:01:01,NO
1789930441,2026-09-20 18:54:01,2026-09-20 15:54:01,Isluga,VIIRS,0.0,0.0,RUTINA,NULO,No descargada,2026-09-20 19:46:45,2026-09-21 04:31:04,NO
1789930081,2026-09-20 18:48:01,2026-09-20 15:48:01,Tupungatito,VIIRS375,0.0,0.0,RUTINA,NULO,No descargada,2026-09-20 19:46:45,2026-09-20 20:01:00,NO
1789930081,2026-09-20 18:48:01,2026-09-20 15:48:01,Villarrica,VIIRS,0.0,0.0,RUTINA,NULO,No descargada,2026-09-20 19:46:45,2026-09-20 20:01:00,NO
1789930081,2026-09-20 18:48:01,2026-09-20 15:48:01,Copahue,VIIRS375,0.0,0.0,RUTINA,NULO,No descargada,2026-09-20 19:46:45,2026-09-20 20:01:00,NO
1789930081,2026-09-20 18:48:01,2026-09-20 15:48:01,PlanchonPeteroa,VIIRS375,0.0,0.0,RUTINA,NULO,No descargada,2026-09-20 19:46:45,2026-09-20 20:01:00,NO
1789930081,2026-09-20 18:48:01,2026-09-20 15:48:01,Puyehue-Cordon Caulle,VIIRS375,0.0,0.0,RUTINA,NULO,No descargada,2026-09-20 19:46:45,2026-09-20 20:01:00,NO
1789930081,2026-09-20 18:48:01,2026-09-20 15:48:01,Nevados de Chillan,VIIRS375,0.0,0.0,RUTINA,NULO,No descargada,2026-09-20 19:46:45,2026-09-20 20:01:00,NO
1789930081,2026-09-20 18:48:01,2026-09-20 15:48:01,Tupungatito,VIIRS,0.0,0.0,RUTINA,NULO,No descargada,2026-09-20 19:46:45,2026-09-20 20:01:00,NO
1789930081,2026-09-20 18:48:01,2026-09-20 15:48:01,Puyehue-Cordon Caulle,VIIRS,0.0,0.0,RUTINA,NULO,No descargada,2026-09-20 19:46:45,2026-09-20 20:01:00,NO
1789930081,2026-09-20 18:48:01,2026-09-20 15:48:01,Lascar,VIIRS375,0.0,0.0,RUTINA,NULO,No descargada,2026-09-20 19:46:45,2026-09-21 05:01:01,NO
1789930081,2026-09-20 18:48:01,2026-09-20 15:48:01,Lastarria,VIIRS375,0.0,0.0,RUTINA,NULO,No descargada,2026-09-20 19:46:45,2026-09-21 05:01:01,NO
1789930081,2026-09-20 18:48:01,2026-09-20 15:48:01,Llaima,VIIRS375,0.0,0.0,RUTINA,NULO,No descargada,2026-09-20 19:46:45,2026-09-20 20:01:00,NO
1789930081,2026-09-20 18:48:01,2026-09-20 15:48:01,Llaima,VIIRS,0.0,0.0,RUTINA,NULO,No descargada,2026-09-20 19:46:45,2026-09-20 20:01:00,NO
1789930081,2026-09-20 18:48:01,2026-09-20 15:48:01,Lascar,VIIRS,0.0,0.0,RUTINA,NULO,No descargada,2026-09-20 19:46:45,2026-09-21 04:31:04,NO
1789930081,2026-09-20 18:48:01,2026-09-20 15:48:01,Lastarria,VIIRS,0.0,0.0,RUTINA,NULO,No descargada,2026-09-20 19:46:45,2026-09-21 04:31:04,NO
1789930081,2026-09-20 18:48:01,2026-09-20 15:48:01,Villarrica,VIIRS375,0.0,0.0,RUTINA,NULO,No descargada,2026-09-20 19:46:45,2026-09-20 20:01:00,NO
1789929721,2026-09-20 18:42:01,2026-09-20 15:42:01,Chaiten,VIIRS,0.0,0.0,RUTINA,NULO,No descargada,2026-09-20 19:46:45,2026-09-20 20:01:00,NO
1789929721,2026-09-20 18:42:01,2026-09-20 15:42:01,Chaiten,VIIRS375,0.0,0.0,RUTINA,NULO,No descargada,2026-09-20 19:46:45,2026-09-20 20:01:00,NO
1789926482,2026-09-20 17:48:02,2026-09-20 14:48:02,Nevados de Chillan,VIIRS375,0.0,0.0,RUTINA,NULO,No descargada,2026-09-20 18:05:54,2026-09-20 19:40:55,NO
1789926482,2026-09-20 17:48:02,2026-09-20 14:48:02,Chaiten,VIIRS375,0.0,0.0,RUTINA,NULO,No descargada,2026-09-20 18:05:54,2026-09-20 19:40:55,NO
1789926482,2026-09-20 17:48:02,2026-09-20 14:48:02,PlanchonPeteroa,VIIRS375,0.0,0.0,RUTINA,NULO,No descargada,2026-09-20 18:05:54,2026-09-20 19:40:55,NO
1789926482,2026-09-20 17:48:02,2026-09-20 14:48:02,Copahue,VIIRS375,0.0,0.0,RUTINA,NULO,No descargada,2026-09-20 18:05:54,2026-09-20 19:40:55,NO
1789926482,2026-09-20 17:48:02,2026-09-20 14:48:02,Villarrica,VIIRS375,0.0,0.0,RUTINA,NULO,No descargada,2026-09-20 18:05:54,2026-09-20 19:40:55,NO
1789926482,2026-09-20 17:48:02,2026-09-20 14:48:02,Puyehue-Cordon Caulle,VIIRS375,0.0,0.0,RUTINA,NULO,No descargada,2026-09-20 18:05:54,2026-09-20 19:40:55,NO
1789926482,2026-09-20 17:48:02,2026-09-20 14:48:02,Llaima,VIIRS375,0.0,0.0,RUTINA,NULO,No descargada,2026-09-20 18:05:54,2026-09-20 19:40:55,NO
1789912200,2026-09-20 13:50:00,2026-09-20 10:50:00,Puyehue-Cordon Caulle,MODIS,0.0,0.0,RUTINA,NULO,No descargada,2026-09-20 12:50:52,2026-09-20 19:40:55,NO
1789912200,2026-09-20 13:50:00,2026-09-20 10:50:00,Villarrica,MODIS,0.0,0.0,RUTINA,NULO,No descargada,2026-09-20 12:50:52,2026-09-20 19:40:55,NO
1789912200,2026-09-20 13:50:00,2026-09-20 10:50:00,Chaiten,MODIS,0.0,0.0,RUTINA,NULO,No descargada,2026-09-20 12:50:52,2026-09-20 19:40:55,NO
1789912200,2026-09-20 13:50:00,2026-09-20 10:50:00,Copahue,MODIS,0.0,0.0,RUTINA,NULO,No descargada,2026-09-20 12:50:52,2026-09-20 19:40:55,NO
1789912200,2026-09-20 13:50:00,2026-09-20 10:50:00,Nevados de Chillan,MODIS,0.0,0.0,RUTINA,NULO,No descargada,2026-09-20 12:50:52,2026-09-20 19:40:55,NO
1789912200,2026-09-20 13:50:00,2026-09-20 10:50:00,Llaima,MODIS,0.0,0.0,RUTINA,NULO,No descargada,2026-09-20 12:50:52,2026-09-20 19:40:55,NO
1789911900,2026-09-20 13:45:00,2026-09-20 10:45:00,Isluga,MODIS,0.0,0.0,RUTINA,NULO,No descargada,2026-09-20 12:05:51,2026-09-20 19:40:55,NO
1789906500,2026-09-20 12:15:00,2026-09-20 09:15:00,Puyehue-Cordon Caulle,MODIS,0.0,0.0,RUTINA,NULO,No descargada,2026-09-20 10:51:01,2026-09-20 12:45:59,NO
1789906500,2026-09-20 12:15:00,2026-09-20 09:15:00,Chaiten,MODIS,0.0,0.0,RUTINA,NULO,No descargada,2026-09-20 10:51:01,2026-09-20 12:45:59,NO
1789906500,2026-09-20 12:15:00,2026-09-20 09:15:00,Villarrica,MODIS,0.0,0.0,RUTINA,NULO,No descargada,2026-09-20 10:51:01,2026-09-20 12:45:59,NO
1789906200,2026-09-20 12:10:00,2026-09-20 09:10:00,Lastarria,MODIS,0.0,0.0,RUTINA,NULO,No descargada,2026-09-20 10:51:01,2026-09-20 19:40:55,NO
1789906200,2026-09-20 12:10:00,2026-09-20 09:10:00,Lascar,MODIS,0.0,0.0,RUTINA,NULO,No descargada,2026-09-20 10:51:01,2026-09-20 19:40:55,NO
1789906200,2026-09-20 12:10:00,2026-09-20 09:10:00,Copahue,MODIS,0.0,0.0,RUTINA,NULO,No descargada,2026-09-20 10:51:01,2026-09-20 12:45:59,NO
1789906200,2026-09-20 12:10:00,2026-09-20 09:10:00,Tupungatito,MODIS,0.0,0.0,RUTINA,NULO,No descargada,2026-09-20 10:51:01,2026-09-20 19:40:55,NO
1789906200,2026-09-20 12:10:00,2026-09-20 09:10:00,Llaima,MODIS,0.0,0.0,RUTINA,NULO,No descargada,2026-09-20 10:51:01,2026-09-20 12:45:59,NO
1789906200,2026-09-20 12:10:00,2026-09-20 09:10:00,Nevados de Chillan,MODIS,0.0,0.0,RUTINA,NULO,No descargada,2026-09-20 10:51:01,2026-09-20 12:45:59,NO
1789906200,2026-09-20 12:10:00,2026-09-20 09:10:00,PlanchonPeteroa,MODIS,0.0,0.0,RUTINA,NULO,No descargada,2026-09-20 10:51:01,2026-09-20 19:40:55,NO
1789891800,2026-09-20 08:10:00,2026-09-20 05:10:00,Copahue,MODIS,0.0,0.0,RUTINA,NULO,No descargada,2026-09-20 07:05:53,2026-09-20 10:46:04,NO
1789891800,2026-09-20 08:10:00,2026-09-20 05:10:00,Nevados de Chillan,MODIS,0.0,0.0,RUTINA,NULO,No descargada,2026-09-20 07:05:53,2026-09-20 10:46:04,NO
1789891800,2026-09-20 08:10:00,2026-09-20 05:10:00,PlanchonPeteroa,MODIS,0.0,0.0,RUTINA,NULO,No descargada,2026-09-20 07:05:53,2026-09-20 10:46:04,NO
1789891800,2026-09-20 08:10:00,2026-09-20 05:10:00,Puyehue-Cordon Caulle,MODIS,0.0,0.0,RUTINA,NULO,No descargada,2026-09-20 07:05:53,2026-09-20 10:46:04,NO
1789891800,2026-09-20 08:10:00,2026-09-20 05:10:00,Llaima,MODIS,0.0,0.0,RUTINA,NULO,No descargada,2026-09-20 07:05:53,2026-09-20 10:46:04,NO
1789891800,2026-09-20 08:10:00,2026-09-20 05:10:00,Villarrica,MODIS,0.0,0.0,RUTINA,NULO,No descargada,2026-09-20 07:05:53,2026-09-20 10:46:04,NO
1789891800,2026-09-20 08:10:00,2026-09-20 05:10:00,Chaiten,MODIS,0.0,0.0,RUTINA,NULO,No descargada,2026-09-20 07:05:53,2026-09-20 10:46:04,NO
1789891500,2026-09-20 08:05:00,2026-09-20 05:05:00,Lascar,MODIS,0.0,0.0,RUTINA,NULO,No descargada,2026-09-20 07:05:53,2026-09-20 10:46:04,NO
1789891500,2026-09-20 08:05:00,2026-09-20 05:05:00,Lastarria,MODIS,0.0,0.0,RUTINA,NULO,No descargada,2026-09-20 07:05:53,2026-09-20 10:46:04,NO
1789891500,2026-09-20 08:05:00,2026-09-20 05:05:00,Isluga,MODIS,0.0,0.0,RUTINA,NULO,No descargada,2026-09-20 07:05:53,2026-09-20 12:01:04,NO
1789885801,2026-09-20 06:30:01,2026-09-20 03:30:01,Puyehue-Cordon Caulle,VIIRS,0.0,0.0,RUTINA,NULO,No descargada,2026-09-20 06:05:54,2026-09-20 19:40:55,NO
1789885801,2026-09-20 06:30:01,2026-09-20 03:30:01,Puyehue-Cordon Caulle,VIIRS375,0.0,0.0,RUTINA,NULO,No descargada,2026-09-20 06:50:49,2026-09-20 18:01:01,NO
1789885801,2026-09-20 06:30:01,2026-09-20 03:30:01,Chaiten,VIIRS375,0.0,0.0,RUTINA,NULO,No descargada,2026-09-20 06:50:49,2026-09-20 18:01:01,NO
1789885801,2026-09-20 06:30:01,2026-09-20 03:30:01,Chaiten,VIIRS,0.0,0.0,RUTINA,NULO,No descargada,2026-09-20 06:05:54,2026-09-20 19:40:55,NO
1789885441,2026-09-20 06:24:01,2026-09-20 03:24:01,Copahue,VIIRS,0.0,0.0,RUTINA,NULO,No descargada,2026-09-20 06:05:54,2026-09-20 19:40:55,NO
1789885441,2026-09-20 06:24:01,2026-09-20 03:24:01,Llaima,VIIRS375,0.0,0.0,RUTINA,NULO,No descargada,2026-09-20 06:50:49,2026-09-20 18:01:01,NO
1789885441,2026-09-20 06:24:01,2026-09-20 03:24:01,Llaima,VIIRS,0.0,0.0,RUTINA,NULO,No descargada,2026-09-20 06:05:54,2026-09-20 19:40:55,NO
1789885441,2026-09-20 06:24:01,2026-09-20 03:24:01,Lascar,VIIRS,0.0,0.0,RUTINA,NULO,No descargada,2026-09-20 06:05:54,2026-09-20 19:40:55,NO
1789885441,2026-09-20 06:24:01,2026-09-20 03:24:01,PlanchonPeteroa,VIIRS375,0.0,0.0,RUTINA,NULO,No descargada,2026-09-20 06:50:49,2026-09-20 18:01:01,NO
1789885441,2026-09-20 06:24:01,2026-09-20 03:24:01,Lastarria,VIIRS375,0.0,0.0,RUTINA,NULO,No descargada,2026-09-20 06:35:55,2026-09-20 19:40:55,NO
1789885441,2026-09-20 06:24:01,2026-09-20 03:24:01,Copahue,VIIRS375,0.0,0.0,RUTINA,NULO,No descargada,2026-09-20 06:50:49,2026-09-20 18:01:01,NO
1789885441,2026-09-20 06:24:01,2026-09-20 03:24:01,Nevados de Chillan,VIIRS,0.0,0.0,RUTINA,NULO,No descargada,2026-09-20 06:05:54,2026-09-20 19:40:55,NO
1789885441,2026-09-20 06:24:01,2026-09-20 03:24:01,Nevados de Chillan,VIIRS375,0.0,0.0,RUTINA,NULO,No descargada,2026-09-20 06:50:49,2026-09-20 18:01:01,NO
1789885441,2026-09-20 06:24:01,2026-09-20 03:24:01,Tupungatito,VIIRS,0.0,0.0,RUTINA,NULO,No descargada,2026-09-20 06:05:54,2026-09-20 19:40:55,NO
1789885441,2026-09-20 06:24:01,2026-09-20 03:24:01,Tupungatito,VIIRS375,0.0,0.0,RUTINA,NULO,No descargada,2026-09-20 06:50:49,2026-09-20 19:40:55,NO
1789885441,2026-09-20 06:24:01,2026-09-20 03:24:01,Lastarria,VIIRS,0.0,0.0,RUTINA,NULO,No descargada,2026-09-20 06:05:54,2026-09-20 19:40:55,NO
1789885441,2026-09-20 06:24:01,2026-09-20 03:24:01,Lascar,VIIRS375,0.0,0.0,RUTINA,NULO,No descargada,2026-09-20 06:35:55,2026-09-20 19:40:55,NO
1789885441,2026-09-20 06:24:01,2026-09-20 03:24:01,PlanchonPeteroa,VIIRS,0.0,0.0,RUTINA,NULO,No descargada,2026-09-20 06:05:54,2026-09-20 19:40:55,NO
1789885441,2026-09-20 06:24:01,2026-09-20 03:24:01,Isluga,VIIRS375,0.0,0.0,RUTINA,NULO,No descargada,2026-09-20 06:35:55,2026-09-20 19:40:55,NO
1789884360,2026-09-20 06:06:00,2026-09-20 03:06:00,PlanchonPeteroa,VIIRS,0.0,0.0,RUTINA,NULO,No descargada,2026-09-20 05:35:50,2026-09-20 06:01:09,NO
1789884360,2026-09-20 06:06:00,2026-09-20 03:06:00,Villarrica,VIIRS,0.0,0.0,RUTINA,NULO,No descargada,2026-09-20 05:35:50,2026-09-20 19:40:55,NO
1789884360,2026-09-20 06:06:00,2026-09-20 03:06:00,Villarrica,VIIRS375,0.0,0.0,RUTINA,NULO,No descargada,2026-09-20 08:05:55,2026-09-20 17:45:56,NO
1789884360,2026-09-20 06:06:00,2026-09-20 03:06:00,Puyehue-Cordon Caulle,VIIRS,0.0,0.0,RUTINA,NULO,No descargada,2026-09-20 05:35:50,2026-09-20 06:01:09,NO
1789884360,2026-09-20 06:06:00,2026-09-20 03:06:00,Copahue,VIIRS,0.0,0.0,RUTINA,NULO,No descargada,2026-09-20 05:35:50,2026-09-20 06:01:09,NO
1789884360,2026-09-20 06:06:00,2026-09-20 03:06:00,Chaiten,VIIRS,0.0,0.0,RUTINA,NULO,No descargada,2026-09-20 05:35:50,2026-09-20 06:01:09,NO
1789884360,2026-09-20 06:06:00,2026-09-20 03:06:00,Nevados de Chillan,VIIRS,0.0,0.0,RUTINA,NULO,No descargada,2026-09-20 05:35:50,2026-09-20 06:01:09,NO
1789884360,2026-09-20 06:06:00,2026-09-20 03:06:00,Lastarria,VIIRS,0.0,0.0,RUTINA,NULO,No descargada,2026-09-20 05:35:50,2026-09-20 06:01:09,NO
1789884360,2026-09-20 06:06:00,2026-09-20 03:06:00,Llaima,VIIRS,0.0,0.0,RUTINA,NULO,No descargada,2026-09-20 05:35:50,2026-09-20 06:01:09,NO
1789884360,2026-09-20 06:06:00,2026-09-20 03:06:00,Tupungatito,VIIRS,0.0,0.0,RUTINA,NULO,No descargada,2026-09-20 05:35:50,2026-09-20 06:01:09,NO
1789884000,2026-09-20 06:00:00,2026-09-20 03:00:00,Lascar,VIIRS,0.19,0.75,ALERTA_TERMICA,Muy Bajo,imagenes_satelitales/Lascar/2026-09-20/06-00-00_Lascar_VIIRS750_Latest.png,2026-09-20 05:35:50,2026-09-20 06:01:09,NO
1789884000,2026-09-20 06:00:00,2026-09-20 03:00:00,Isluga,VIIRS,0.16,0.75,ALERTA_TERMICA,Muy Bajo,imagenes_satelitales/Isluga/2026-09-20/06-00-00_Isluga_VIIRS750_Latest.png,2026-09-20 05:35:50,2026-09-20 06:01:09,NO
1789882202,2026-09-20 05:30:02,2026-09-20 02:30:02,Tupungatito,VIIRS375,0.1,21.35,FALSO_POSITIVO,NULO,No descargada,2026-09-20 05:05:52,2026-09-20 06:46:14,NO
1789882202,2026-09-20 05:30:02,2026-09-20 02:30:02,Llaima,VIIRS375,0.0,0.0,RUTINA,NULO,No descargada,2026-09-20 05:05:52,2026-09-20 06:46:14,NO
1789882202,2026-09-20 05:30:02,2026-09-20 02:30:02,Copahue,VIIRS375,0.5,24.11,FALSO_POSITIVO,NULO,No descargada,2026-09-20 05:05:52,2026-09-20 06:46:14,NO
1789882202,2026-09-20 05:30:02,2026-09-20 02:30:02,Chaiten,VIIRS375,0.0,0.0,RUTINA,NULO,No descargada,2026-09-20 05:05:52,2026-09-20 06:46:14,NO
1789882202,2026-09-20 05:30:02,2026-09-20 02:30:02,PlanchonPeteroa,VIIRS375,0.0,0.0,RUTINA,NULO,No descargada,2026-09-20 05:05:52,2026-09-20 06:46:14,NO
1789882202,2026-09-20 05:30:02,2026-09-20 02:30:02,Tupungatito,VIIRS,0.0,0.0,RUTINA,NULO,No descargada,2026-09-20 04:35:51,2026-09-20 05:30:55,NO
1789882202,2026-09-20 05:30:02,2026-09-20 02:30:02,Puyehue-Cordon Caulle,VIIRS375,0.0,0.0,RUTINA,NULO,No descargada,2026-09-20 05:05:52,2026-09-20 06:46:14,NO
1789882202,2026-09-20 05:30:02,2026-09-20 02:30:02,Chaiten,VIIRS,0.0,0.0,RUTINA,NULO,No descargada,2026-09-20 04:35:51,2026-09-20 05:30:55,NO
1789882202,2026-09-20 05:30:02,2026-09-20 02:30:02,Villarrica,VIIRS,0.0,0.0,RUTINA,NULO,No descargada,2026-09-20 04:35:51,2026-09-20 05:30:55,NO
1789882202,2026-09-20 05:30:02,2026-09-20 02:30:02,Villarrica,VIIRS375,0.0,0.0,RUTINA,NULO,No descargada,2026-09-20 05:05:52,2026-09-20 08:01:00,NO
1789882202,2026-09-20 05:30:02,2026-09-20 02:30:02,Nevados de Chillan,VIIRS375,0.0,0.0,RUTINA,NULO,No descargada,2026-09-20 05:05:52,2026-09-20 06:46:14,NO
1789882202,2026-09-20 05:30:02,2026-09-20 02:30:02,Nevados de Chillan,VIIRS,0.0,0.0,RUTINA,NULO,No descargada,2026-09-20 04:35:51,2026-09-20 05:30:55,NO
1789882202,2026-09-20 05:30:02,2026-09-20 02:30:02,PlanchonPeteroa,VIIRS,0.0,0.0,RUTINA,NULO,No descargada,2026-09-20 04:35:51,2026-09-20 05:30:55,NO
1789882202,2026-09-20 05:30:02,2026-09-20 02:30:02,Llaima,VIIRS,0.0,0.0,RUTINA,NULO,No descargada,2026-09-20 04:35:51,2026-09-20 05:30:55,NO
1789882202,2026-09-20 05:30:02,2026-09-20 02:30:02,Puyehue-Cordon Caulle,VIIRS,0.0,0.0,RUTINA,NULO,No descargada,2026-09-20 04:35:51,2026-09-20 05:30:55,NO
1789882202,2026-09-20 05:30:02,2026-09-20 02:30:02,Copahue,VIIRS,0.0,0.0,RUTINA,NULO,No descargada,2026-09-20 04:35:51,2026-09-20 05:30:55,NO
1789881842,2026-09-20 05:24:02,2026-09-20 02:24:02,Lastarria,VIIRS,0.0,0.0,RUTINA,NULO,No descargada,2026-09-20 04:35:51,2026-09-20 05:30:55,NO
1789881842,2026-09-20 05:24:02,2026-09-20 02:24:02,Lastarria,VIIRS375,0.0,0.0,RUTINA,NULO,No descargada,2026-09-20 05:05:52,2026-09-20 06:30:59,NO
1789881842,2026-09-20 05:24:02,2026-09-20 02:24:02,Lascar,VIIRS,0.0,0.0,RUTINA,NULO,No descargada,2026-09-20 04:35:51,2026-09-20 05:30:55,NO
1789881842,2026-09-20 05:24:02,2026-09-20 02:24:02,Isluga,VIIRS,0.0,0.0,RUTINA,NULO,No descargada,2026-09-20 04:35:51,2026-09-20 05:30:55,NO
1789881842,2026-09-20 05:24:02,2026-09-20 02:24:02,Isluga,VIIRS375,0.34,0.75,ALERTA_TERMICA,Muy Bajo,imagenes_satelitales/Isluga/2026-09-20/05-24-02_Isluga_VIIRS375_Latest.png,2026-09-20 05:05:52,2026-09-20 06:30:59,NO
1789881842,2026-09-20 05:24:02,2026-09-20 02:24:02,Lascar,VIIRS375,0.19,1.19,ALERTA_TERMICA,Muy Bajo,imagenes_satelitales/Lascar/2026-09-20/05-24-02_Lascar_VIIRS375_Latest.png,2026-09-20 05:05:52,2026-09-20 06:30:59,NO
1789879681,2026-09-20 04:48:01,2026-09-20 01:48:01,Copahue,VIIRS,0.0,0.0,RUTINA,NULO,No descargada,2026-09-20 04:05:59,2026-09-20 04:30:47,NO
1789879681,2026-09-20 04:48:01,2026-09-20 01:48:01,PlanchonPeteroa,VIIRS375,0.0,0.0,RUTINA,NULO,No descargada,2026-09-20 04:50:52,2026-09-20 05:00:59,NO
1789879681,2026-09-20 04:48:01,2026-09-20 01:48:01,Nevados de Chillan,VIIRS,0.0,0.0,RUTINA,NULO,No descargada,2026-09-20 04:05:59,2026-09-20 04:30:47,NO
1789879681,2026-09-20 04:48:01,2026-09-20 01:48:01,Llaima,VIIRS375,0.0,0.0,RUTINA,NULO,No descargada,2026-09-20 04:50:52,2026-09-20 05:00:59,NO
1789879681,2026-09-20 04:48:01,2026-09-20 01:48:01,Chaiten,VIIRS375,0.0,0.0,RUTINA,NULO,No descargada,2026-09-20 04:50:52,2026-09-20 05:00:59,NO
1789879681,2026-09-20 04:48:01,2026-09-20 01:48:01,Villarrica,VIIRS375,0.0,0.0,RUTINA,NULO,No descargada,2026-09-20 04:50:52,2026-09-20 05:00:59,NO
1789879681,2026-09-20 04:48:01,2026-09-20 01:48:01,Copahue,VIIRS375,0.02,2.93,ALERTA_TERMICA,Muy Bajo,imagenes_satelitales/Copahue/2026-09-20/04-48-01_Copahue_VIIRS375_Latest.png,2026-09-20 04:50:52,2026-09-20 05:00:59,NO
1789879681,2026-09-20 04:48:01,2026-09-20 01:48:01,Puyehue-Cordon Caulle,VIIRS,0.0,0.0,RUTINA,NULO,No descargada,2026-09-20 04:05:59,2026-09-20 04:30:47,NO
1789879681,2026-09-20 04:48:01,2026-09-20 01:48:01,PlanchonPeteroa,VIIRS,0.0,0.0,RUTINA,NULO,No descargada,2026-09-20 04:05:59,2026-09-20 04:30:47,NO
1789879681,2026-09-20 04:48:01,2026-09-20 01:48:01,Llaima,VIIRS,0.0,0.0,RUTINA,NULO,No descargada,2026-09-20 04:05:59,2026-09-20 04:30:47,NO
1789879681,2026-09-20 04:48:01,2026-09-20 01:48:01,Nevados de Chillan,VIIRS375,0.0,0.0,RUTINA,NULO,No descargada,2026-09-20 04:50:52,2026-09-20 05:00:59,NO
1789879681,2026-09-20 04:48:01,2026-09-20 01:48:01,Villarrica,VIIRS,0.0,0.0,RUTINA,NULO,No descargada,2026-09-20 04:05:59,2026-09-20 04:30:47,NO
1789879681,2026-09-20 04:48:01,2026-09-20 01:48:01,Chaiten,VIIRS,0.0,0.0,RUTINA,NULO,No descargada,2026-09-20 04:05:59,2026-09-20 04:30:47,NO
1789879681,2026-09-20 04:48:01,2026-09-20 01:48:01,Puyehue-Cordon Caulle,VIIRS375,0.0,0.0,RUTINA,NULO,No descargada,2026-09-20 04:50:52,2026-09-20 05:00:59,NO
1789879321,2026-09-20 04:42:01,2026-09-20 01:42:01,Lascar,VIIRS,0.0,0.0,RUTINA,NULO,No descargada,2026-09-20 04:05:59,2026-09-20 04:30:47,NO
1789879321,2026-09-20 04:42:01,2026-09-20 01:42:01,Tupungatito,VIIRS375,0.0,0.0,RUTINA,NULO,No descargada,2026-09-20 04:50:52,2026-09-20 05:00:59,NO
1789879321,2026-09-20 04:42:01,2026-09-20 01:42:01,Lascar,VIIRS375,0.0,0.0,RUTINA,NULO,No descargada,2026-09-20 04:50:52,2026-09-20 05:00:59,NO
1789879321,2026-09-20 04:42:01,2026-09-20 01:42:01,Lastarria,VIIRS,0.0,0.0,RUTINA,NULO,No descargada,2026-09-20 04:05:59,2026-09-20 04:30:47,NO
1789879321,2026-09-20 04:42:01,2026-09-20 01:42:01,Tupungatito,VIIRS,0.0,0.0,RUTINA,NULO,No descargada,2026-09-20 04:05:59,2026-09-20 04:30:47,NO
1789879321,2026-09-20 04:42:01,2026-09-20 01:42:01,Lastarria,VIIRS375,0.0,0.0,RUTINA,NULO,No descargada,2026-09-20 04:50:52,2026-09-20 05:00:59,NO
1789872300,2026-09-20 02:45:00,2026-09-19 23:45:00,Chaiten,MODIS,0.0,0.0,RUTINA,NULO,No descargada,2026-09-20 01:16:28,2026-09-20 07:00:58,NO
1789872300,2026-09-20 02:45:00,2026-09-19 23:45:00,Villarrica,MODIS,0.0,0.0,RUTINA,NULO,No descargada,2026-09-20 01:16:28,2026-09-20 07:00:58,NO
1789872300,2026-09-20 02:45:00,2026-09-19 23:45:00,Puyehue-Cordon Caulle,MODIS,0.0,0.0,RUTINA,NULO,No descargada,2026-09-20 01:16:28,2026-09-20 07:00:58,NO
1789866900,2026-09-20 01:15:00,2026-09-19 22:15:00,Lastarria,MODIS,0.0,0.0,RUTINA,NULO,No descargada,2026-09-19 23:50:57,2026-09-20 07:00:58,NO
1789866900,2026-09-20 01:15:00,2026-09-19 22:15:00,Lascar,MODIS,0.0,0.0,RUTINA,NULO,No descargada,2026-09-19 23:50:57,2026-09-20 07:00:58,NO
1789866900,2026-09-20 01:15:00,2026-09-19 22:15:00,Isluga,MODIS,0.0,0.0,RUTINA,NULO,No descargada,2026-09-19 23:50:57,2026-09-20 07:00:58,NO
1789866600,2026-09-20 01:10:00,2026-09-19 22:10:00,PlanchonPeteroa,MODIS,0.0,0.0,RUTINA,NULO,No descargada,2026-09-19 23:35:58,2026-09-20 07:00:58,NO
1789866600,2026-09-20 01:10:00,2026-09-19 22:10:00,Copahue,MODIS,0.0,0.0,RUTINA,NULO,No descargada,2026-09-19 23:35:58,2026-09-20 07:00:58,NO
1789866600,2026-09-20 01:10:00,2026-09-19 22:10:00,Chaiten,MODIS,0.0,0.0,RUTINA,NULO,No descargada,2026-09-19 23:35:58,2026-09-20 01:10:55,NO
1789866600,2026-09-20 01:10:00,2026-09-19 22:10:00,Villarrica,MODIS,0.0,0.0,RUTINA,NULO,No descargada,2026-09-19 23:35:58,2026-09-20 01:10:55,NO
1789866600,2026-09-20 01:10:00,2026-09-19 22:10:00,Nevados de Chillan,MODIS,0.0,0.0,RUTINA,NULO,No descargada,2026-09-19 23:35:58,2026-09-20 07:00:58,NO
1789866600,2026-09-20 01:10:00,2026-09-19 22:10:00,Puyehue-Cordon Caulle,MODIS,0.0,0.0,RUTINA,NULO,No descargada,2026-09-19 23:35:58,2026-09-20 01:10:55,NO
1789866600,2026-09-20 01:10:00,2026-09-19 22:10:00,Llaima,MODIS,0.0,0.0,RUTINA,NULO,No descargada,2026-09-19 23:35:58,2026-09-20 07:00:58,NO
1789866600,2026-09-20 01:10:00,2026-09-19 22:10:00,Tupungatito,MODIS,0.0,0.0,RUTINA,NULO,No descargada,2026-09-19 23:35:58,2026-09-20 10:46:04,NO
1789852200,2026-09-19 21:10:00,2026-09-19 18:10:00,Tupungatito,MODIS,0.0,0.0,RUTINA,NULO,No descargada,2026-09-19 21:05:56,2026-09-19 23:30:59,NO
1789852200,2026-09-19 21:10:00,2026-09-19 18:10:00,Lastarria,MODIS,0.0,0.0,RUTINA,NULO,No descargada,2026-09-19 21:05:56,2026-09-19 23:45:57,NO
1789852200,2026-09-19 21:10:00,2026-09-19 18:10:00,PlanchonPeteroa,MODIS,0.0,0.0,RUTINA,NULO,No descargada,2026-09-19 21:05:56,2026-09-19 23:30:59,NO
1789852200,2026-09-19 21:10:00,2026-09-19 18:10:00,Lascar,MODIS,0.0,0.0,RUTINA,NULO,No descargada,2026-09-19 21:05:56,2026-09-19 23:45:57,NO
1789851900,2026-09-19 21:05:00,2026-09-19 18:05:00,Villarrica,MODIS,0.0,0.0,RUTINA,NULO,No descargada,2026-09-19 21:05:56,2026-09-19 23:30:59,NO
1789851900,2026-09-19 21:05:00,2026-09-19 18:05:00,Puyehue-Cordon Caulle,MODIS,0.0,0.0,RUTINA,NULO,No descargada,2026-09-19 21:05:56,2026-09-19 23:30:59,NO
1789851900,2026-09-19 21:05:00,2026-09-19 18:05:00,Nevados de Chillan,MODIS,0.0,0.0,RUTINA,NULO,No descargada,2026-09-19 21:05:56,2026-09-19 23:30:59,NO
1789851900,2026-09-19 21:05:00,2026-09-19 18:05:00,Copahue,MODIS,0.0,0.0,RUTINA,NULO,No descargada,2026-09-19 21:05:56,2026-09-19 23:30:59,NO
1789851900,2026-09-19 21:05:00,2026-09-19 18:05:00,Llaima,MODIS,0.0,0.0,RUTINA,NULO,No descargada,2026-09-19 21:05:56,2026-09-19 23:30:59,NO
1789847282,2026-09-19 19:48:02,2026-09-19 16:48:02,Chaiten,VIIRS375,0.0,0.0,RUTINA,NULO,No descargada,2026-09-19 21:05:56,2026-09-20 04:45:55,NO
1789847282,2026-09-19 19:48:02,2026-09-19 16:48:02,Llaima,VIIRS375,0.0,0.0,RUTINA,NULO,No descargada,2026-09-19 21:05:56,2026-09-20 04:45:55,NO
1789847282,2026-09-19 19:48:02,2026-09-19 16:48:02,Chaiten,VIIRS,0.0,0.0,RUTINA,NULO,No descargada,2026-09-19 21:05:56,2026-09-20 04:01:09,NO
1789847282,2026-09-19 19:48:02,2026-09-19 16:48:02,Villarrica,VIIRS,0.0,0.0,RUTINA,NULO,No descargada,2026-09-19 21:05:56,2026-09-20 04:01:09,NO
1789847282,2026-09-19 19:48:02,2026-09-19 16:48:02,Puyehue-Cordon Caulle,VIIRS,0.0,0.0,RUTINA,NULO,No descargada,2026-09-19 21:05:56,2026-09-20 04:01:09,NO
1789847282,2026-09-19 19:48:02,2026-09-19 16:48:02,Puyehue-Cordon Caulle,VIIRS375,0.0,0.0,RUTINA,NULO,No descargada,2026-09-19 21:05:56,2026-09-20 04:45:55,NO
1789847282,2026-09-19 19:48:02,2026-09-19 16:48:02,Villarrica,VIIRS375,0.0,0.0,RUTINA,NULO,No descargada,2026-09-19 21:05:56,2026-09-20 04:45:55,NO
1789847282,2026-09-19 19:48:02,2026-09-19 16:48:02,Llaima,VIIRS,0.0,0.0,RUTINA,NULO,No descargada,2026-09-19 21:05:56,2026-09-20 04:01:09,NO
1789845121,2026-09-19 19:12:01,2026-09-19 16:12:01,Isluga,VIIRS,0.0,0.0,RUTINA,NULO,No descargada,2026-09-19 21:05:56,2026-09-20 04:30:47,NO
1789845121,2026-09-19 19:12:01,2026-09-19 16:12:01,Isluga,VIIRS375,0.0,0.0,RUTINA,NULO,No descargada,2026-09-19 21:05:56,2026-09-20 05:00:59,NO
1789844761,2026-09-19 19:06:01,2026-09-19 16:06:01,Lascar,VIIRS,0.0,0.0,RUTINA,NULO,No descargada,2026-09-19 21:05:56,2026-09-20 04:01:09,NO
1789844761,2026-09-19 19:06:01,2026-09-19 16:06:01,Copahue,VIIRS375,0.0,0.0,RUTINA,NULO,No descargada,2026-09-19 21:05:56,2026-09-20 04:45:55,NO
1789844761,2026-09-19 19:06:01,2026-09-19 16:06:01,Nevados de Chillan,VIIRS375,0.0,0.0,RUTINA,NULO,No descargada,2026-09-19 21:05:56,2026-09-20 04:45:55,NO
1789844761,2026-09-19 19:06:01,2026-09-19 16:06:01,Lastarria,VIIRS,0.0,0.0,RUTINA,NULO,No descargada,2026-09-19 21:05:56,2026-09-20 04:01:09,NO
1789844761,2026-09-19 19:06:01,2026-09-19 16:06:01,PlanchonPeteroa,VIIRS,0.0,0.0,RUTINA,NULO,No descargada,2026-09-19 21:05:56,2026-09-20 04:01:09,NO
1789844761,2026-09-19 19:06:01,2026-09-19 16:06:01,Nevados de Chillan,VIIRS,0.0,0.0,RUTINA,NULO,No descargada,2026-09-19 21:05:56,2026-09-20 04:01:09,NO
1789844761,2026-09-19 19:06:01,2026-09-19 16:06:01,Lastarria,VIIRS375,0.0,0.0,RUTINA,NULO,No descargada,2026-09-19 21:05:56,2026-09-20 04:45:55,NO
1789844761,2026-09-19 19:06:01,2026-09-19 16:06:01,Copahue,VIIRS,0.0,0.0,RUTINA,NULO,No descargada,2026-09-19 21:05:56,2026-09-20 04:01:09,NO
1789844761,2026-09-19 19:06:01,2026-09-19 16:06:01,PlanchonPeteroa,VIIRS375,0.0,0.0,RUTINA,NULO,No descargada,2026-09-19 21:05:56,2026-09-20 04:45:55,NO
1789844761,2026-09-19 19:06:01,2026-09-19 16:06:01,Tupungatito,VIIRS375,0.0,0.0,RUTINA,NULO,No descargada,2026-09-19 21:05:56,2026-09-20 04:45:55,NO
1789844761,2026-09-19 19:06:01,2026-09-19 16:06:01,Tupungatito,VIIRS,0.0,0.0,RUTINA,NULO,No descargada,2026-09-19 21:05:56,2026-09-20 04:01:09,NO
1789823400,2026-09-19 13:10:00,2026-09-19 10:10:00,Chaiten,MODIS,0.0,0.0,RUTINA,NULO,No descargada,2026-09-19 12:21:00,2026-09-19 21:01:07,NO
1789823400,2026-09-19 13:10:00,2026-09-19 10:10:00,PlanchonPeteroa,MODIS,0.0,0.0,RUTINA,NULO,No descargada,2026-09-19 12:05:58,2026-09-19 21:01:07,NO
1789823400,2026-09-19 13:10:00,2026-09-19 10:10:00,Villarrica,MODIS,0.0,0.0,RUTINA,NULO,No descargada,2026-09-19 12:21:00,2026-09-19 21:01:07,NO
1789823400,2026-09-19 13:10:00,2026-09-19 10:10:00,Tupungatito,MODIS,0.0,0.0,RUTINA,NULO,No descargada,2026-09-19 12:21:00,2026-09-19 21:01:07,NO
1789823400,2026-09-19 13:10:00,2026-09-19 10:10:00,Nevados de Chillan,MODIS,0.0,0.0,RUTINA,NULO,No descargada,2026-09-19 12:21:00,2026-09-19 21:01:07,NO
1789823400,2026-09-19 13:10:00,2026-09-19 10:10:00,Puyehue-Cordon Caulle,MODIS,0.0,0.0,RUTINA,NULO,No descargada,2026-09-19 12:21:00,2026-09-19 21:01:07,NO
1789823400,2026-09-19 13:10:00,2026-09-19 10:10:00,Llaima,MODIS,0.0,0.0,RUTINA,NULO,No descargada,2026-09-19 12:21:00,2026-09-19 21:01:07,NO
1789823400,2026-09-19 13:10:00,2026-09-19 10:10:00,Copahue,MODIS,0.0,0.0,RUTINA,NULO,No descargada,2026-09-19 12:21:00,2026-09-19 21:01:07,NO
1789823100,2026-09-19 13:05:00,2026-09-19 10:05:00,Isluga,MODIS,0.0,0.0,RUTINA,NULO,No descargada,2026-09-19 12:05:58,2026-09-19 23:45:57,NO
1789823100,2026-09-19 13:05:00,2026-09-19 10:05:00,Lastarria,MODIS,0.0,0.0,RUTINA,NULO,No descargada,2026-09-19 12:05:58,2026-09-19 21:01:07,NO
1789823100,2026-09-19 13:05:00,2026-09-19 10:05:00,Lascar,MODIS,0.0,0.0,RUTINA,NULO,No descargada,2026-09-19 12:05:58,2026-09-19 21:01:07,NO
1789803000,2026-09-19 07:30:00,2026-09-19 04:30:00,PlanchonPeteroa,MODIS,0.0,0.0,RUTINA,NULO,No descargada,2026-09-19 07:35:55,2026-09-19 12:01:03,NO
1789803000,2026-09-19 07:30:00,2026-09-19 04:30:00,Tupungatito,MODIS,0.0,0.0,RUTINA,NULO,No descargada,2026-09-19 07:35:55,2026-09-19 12:16:06,NO
1789803000,2026-09-19 07:30:00,2026-09-19 04:30:00,Llaima,MODIS,0.0,0.0,RUTINA,NULO,No descargada,2026-09-19 07:35:55,2026-09-19 12:16:06,NO
1789803000,2026-09-19 07:30:00,2026-09-19 04:30:00,Puyehue-Cordon Caulle,MODIS,0.0,0.0,RUTINA,NULO,No descargada,2026-09-19 07:35:55,2026-09-19 12:16:06,NO
1789803000,2026-09-19 07:30:00,2026-09-19 04:30:00,Copahue,MODIS,0.0,0.0,RUTINA,NULO,No descargada,2026-09-19 07:35:55,2026-09-19 12:16:06,NO
1789803000,2026-09-19 07:30:00,2026-09-19 04:30:00,Chaiten,MODIS,0.0,0.0,RUTINA,NULO,No descargada,2026-09-19 07:35:55,2026-09-19 12:16:06,NO
1789803000,2026-09-19 07:30:00,2026-09-19 04:30:00,Nevados de Chillan,MODIS,0.0,0.0,RUTINA,NULO,No descargada,2026-09-19 07:35:55,2026-09-19 12:16:06,NO
1789803000,2026-09-19 07:30:00,2026-09-19 04:30:00,Lastarria,MODIS,0.0,0.0,RUTINA,NULO,No descargada,2026-09-19 07:35:55,2026-09-19 12:01:03,NO
1789803000,2026-09-19 07:30:00,2026-09-19 04:30:00,Villarrica,MODIS,0.0,0.0,RUTINA,NULO,No descargada,2026-09-19 07:35:55,2026-09-19 12:16:06,NO
1789802700,2026-09-19 07:25:00,2026-09-19 04:25:00,Isluga,MODIS,0.0,0.0,RUTINA,NULO,No descargada,2026-09-19 06:35:52,2026-09-19 12:01:03,NO
1789802700,2026-09-19 07:25:00,2026-09-19 04:25:00,Lascar,MODIS,0.0,0.0,RUTINA,NULO,No descargada,2026-09-19 06:35:52,2026-09-19 12:01:03,NO
1789800481,2026-09-19 06:48:01,2026-09-19 03:48:01,Llaima,VIIRS375,0.0,0.0,RUTINA,NULO,No descargada,2026-09-19 08:01:37,2026-09-19 21:01:07,NO
1789800481,2026-09-19 06:48:01,2026-09-19 03:48:01,Copahue,VIIRS375,0.0,0.0,RUTINA,NULO,No descargada,2026-09-19 08:01:37,2026-09-19 21:01:07,NO
1789800481,2026-09-19 06:48:01,2026-09-19 03:48:01,Puyehue-Cordon Caulle,VIIRS375,0.0,0.0,RUTINA,NULO,No descargada,2026-09-19 08:01:37,2026-09-19 21:01:07,NO
1789800481,2026-09-19 06:48:01,2026-09-19 03:48:01,Chaiten,VIIRS375,0.0,0.0,RUTINA,NULO,No descargada,2026-09-19 08:01:37,2026-09-19 21:01:07,NO
1789800481,2026-09-19 06:48:01,2026-09-19 03:48:01,Villarrica,VIIRS375,0.0,0.0,RUTINA,NULO,No descargada,2026-09-19 08:01:37,2026-09-19 21:01:07,NO
1789800481,2026-09-19 06:48:01,2026-09-19 03:48:01,Chaiten,VIIRS,0.0,0.0,RUTINA,NULO,No descargada,2026-09-19 06:20:48,2026-09-19 21:01:07,NO
1789800481,2026-09-19 06:48:01,2026-09-19 03:48:01,Nevados de Chillan,VIIRS375,0.0,0.0,RUTINA,NULO,No descargada,2026-09-19 08:01:37,2026-09-19 21:01:07,NO
1789800481,2026-09-19 06:48:01,2026-09-19 03:48:01,Llaima,VIIRS,0.0,0.0,RUTINA,NULO,No descargada,2026-09-19 06:20:48,2026-09-19 21:01:07,NO
1789800481,2026-09-19 06:48:01,2026-09-19 03:48:01,Copahue,VIIRS,0.0,0.0,RUTINA,NULO,No descargada,2026-09-19 06:20:48,2026-09-19 21:01:07,NO
1789800481,2026-09-19 06:48:01,2026-09-19 03:48:01,Nevados de Chillan,VIIRS,0.0,0.0,RUTINA,NULO,No descargada,2026-09-19 06:20:48,2026-09-19 21:01:07,NO
1789800481,2026-09-19 06:48:01,2026-09-19 03:48:01,Puyehue-Cordon Caulle,VIIRS,0.0,0.0,RUTINA,NULO,No descargada,2026-09-19 06:20:48,2026-09-19 21:01:07,NO
1789800481,2026-09-19 06:48:01,2026-09-19 03:48:01,Villarrica,VIIRS,0.0,0.0,RUTINA,NULO,No descargada,2026-09-19 06:20:48,2026-09-19 21:01:07,NO
1789800121,2026-09-19 06:42:01,2026-09-19 03:42:01,Tupungatito,VIIRS375,0.0,0.0,RUTINA,NULO,No descargada,2026-09-19 08:01:37,2026-09-19 21:01:07,NO
1789800121,2026-09-19 06:42:01,2026-09-19 03:42:01,Tupungatito,VIIRS,0.0,0.0,RUTINA,NULO,No descargada,2026-09-19 06:20:48,2026-09-19 21:01:07,NO
1789800121,2026-09-19 06:42:01,2026-09-19 03:42:01,Isluga,VIIRS,0.0,0.0,RUTINA,NULO,No descargada,2026-09-19 06:20:48,2026-09-19 21:01:07,NO
1789800121,2026-09-19 06:42:01,2026-09-19 03:42:01,Lascar,VIIRS375,0.0,0.0,RUTINA,NULO,No descargada,2026-09-19 08:01:37,2026-09-19 21:01:07,NO
1789800121,2026-09-19 06:42:01,2026-09-19 03:42:01,Lastarria,VIIRS375,0.0,0.0,RUTINA,NULO,No descargada,2026-09-19 08:01:37,2026-09-19 21:01:07,NO
1789800121,2026-09-19 06:42:01,2026-09-19 03:42:01,Isluga,VIIRS375,0.0,0.0,RUTINA,NULO,No descargada,2026-09-19 08:01:37,2026-09-19 21:01:07,NO
1789800121,2026-09-19 06:42:01,2026-09-19 03:42:01,Lastarria,VIIRS,0.0,0.0,RUTINA,NULO,No descargada,2026-09-19 06:20:48,2026-09-19 21:01:07,NO
1789800121,2026-09-19 06:42:01,2026-09-19 03:42:01,PlanchonPeteroa,VIIRS,0.0,0.0,RUTINA,NULO,No descargada,2026-09-19 06:20:48,2026-09-19 21:01:07,NO
1789800121,2026-09-19 06:42:01,2026-09-19 03:42:01,PlanchonPeteroa,VIIRS375,0.0,0.0,RUTINA,NULO,No descargada,2026-09-19 08:01:37,2026-09-19 21:01:07,NO
1789800121,2026-09-19 06:42:01,2026-09-19 03:42:01,Lascar,VIIRS,0.0,0.0,RUTINA,NULO,No descargada,2026-09-19 06:20:48,2026-09-19 21:01:07,NO
1789796882,2026-09-19 05:48:02,2026-09-19 02:48:02,Llaima,VIIRS375,0.0,0.0,RUTINA,NULO,No descargada,2026-09-19 06:50:56,2026-09-19 07:56:01,NO
1789796882,2026-09-19 05:48:02,2026-09-19 02:48:02,Copahue,VIIRS,0.0,0.0,RUTINA,NULO,No descargada,2026-09-19 05:35:56,2026-09-19 06:15:55,NO
1789796882,2026-09-19 05:48:02,2026-09-19 02:48:02,Copahue,VIIRS375,0.0,0.0,RUTINA,NULO,No descargada,2026-09-19 06:50:56,2026-09-19 07:56:01,NO
1789796882,2026-09-19 05:48:02,2026-09-19 02:48:02,Villarrica,VIIRS375,0.89,0.84,ALERTA_TERMICA,Muy Bajo,imagenes_satelitales/Villarrica/2026-09-19/05-48-02_Villarrica_VIIRS375_Latest.png,2026-09-19 06:50:56,2026-09-19 07:56:01,NO
1789796882,2026-09-19 05:48:02,2026-09-19 02:48:02,Lascar,VIIRS,0.0,0.0,RUTINA,NULO,No descargada,2026-09-19 05:35:56,2026-09-19 06:15:55,NO
1789796882,2026-09-19 05:48:02,2026-09-19 02:48:02,Lascar,VIIRS375,0.0,0.0,RUTINA,NULO,No descargada,2026-09-19 06:50:56,2026-09-19 07:56:01,NO
1789796882,2026-09-19 05:48:02,2026-09-19 02:48:02,Puyehue-Cordon Caulle,VIIRS375,0.0,0.0,RUTINA,NULO,No descargada,2026-09-19 06:50:56,2026-09-19 07:56:01,NO
1789796882,2026-09-19 05:48:02,2026-09-19 02:48:02,Lastarria,VIIRS375,0.0,0.0,RUTINA,NULO,No descargada,2026-09-19 06:50:56,2026-09-19 07:56:01,NO
1789796882,2026-09-19 05:48:02,2026-09-19 02:48:02,Tupungatito,VIIRS,0.0,0.0,RUTINA,NULO,No descargada,2026-09-19 05:35:56,2026-09-19 06:15:55,NO
1789796882,2026-09-19 05:48:02,2026-09-19 02:48:02,PlanchonPeteroa,VIIRS375,0.0,0.0,RUTINA,NULO,No descargada,2026-09-19 06:50:56,2026-09-19 07:56:01,NO
1789796882,2026-09-19 05:48:02,2026-09-19 02:48:02,Llaima,VIIRS,0.0,0.0,RUTINA,NULO,No descargada,2026-09-19 05:35:56,2026-09-19 06:15:55,NO
1789796882,2026-09-19 05:48:02,2026-09-19 02:48:02,Lastarria,VIIRS,0.0,0.0,RUTINA,NULO,No descargada,2026-09-19 05:35:56,2026-09-19 06:15:55,NO
1789796882,2026-09-19 05:48:02,2026-09-19 02:48:02,PlanchonPeteroa,VIIRS,0.0,0.0,RUTINA,NULO,No descargada,2026-09-19 05:35:56,2026-09-19 06:15:55,NO
1789796882,2026-09-19 05:48:02,2026-09-19 02:48:02,Nevados de Chillan,VIIRS375,0.0,0.0,RUTINA,NULO,No descargada,2026-09-19 06:50:56,2026-09-19 07:56:01,NO
1789796882,2026-09-19 05:48:02,2026-09-19 02:48:02,Tupungatito,VIIRS375,0.14,4.89,ALERTA_TERMICA,Muy Bajo,imagenes_satelitales/Tupungatito/2026-09-19/05-48-02_Tupungatito_VIIRS375_Latest.png,2026-09-19 06:50:56,2026-09-19 07:56:01,NO
1789796882,2026-09-19 05:48:02,2026-09-19 02:48:02,Chaiten,VIIRS,0.0,0.0,RUTINA,NULO,No descargada,2026-09-19 05:35:56,2026-09-19 06:15:55,NO
1789796882,2026-09-19 05:48:02,2026-09-19 02:48:02,Nevados de Chillan,VIIRS,0.0,0.0,RUTINA,NULO,No descargada,2026-09-19 05:35:56,2026-09-19 06:15:55,NO
1789796882,2026-09-19 05:48:02,2026-09-19 02:48:02,Puyehue-Cordon Caulle,VIIRS,0.0,0.0,RUTINA,NULO,No descargada,2026-09-19 05:35:56,2026-09-19 06:15:55,NO
1789796882,2026-09-19 05:48:02,2026-09-19 02:48:02,Villarrica,VIIRS,0.45,1.06,ALERTA_TERMICA,Muy Bajo,imagenes_satelitales/Villarrica/2026-09-19/05-48-02_Villarrica_VIIRS750_Latest.png,2026-09-19 05:35:56,2026-09-19 06:15:55,NO
1789796882,2026-09-19 05:48:02,2026-09-19 02:48:02,Chaiten,VIIRS375,0.0,0.0,RUTINA,NULO,No descargada,2026-09-19 06:50:56,2026-09-19 07:56:01,NO
1789796522,2026-09-19 05:42:02,2026-09-19 02:42:02,Isluga,VIIRS375,0.06,0.53,ALERTA_TERMICA,Muy Bajo,imagenes_satelitales/Isluga/2026-09-19/05-42-02_Isluga_VIIRS375_Latest.png,2026-09-19 06:50:56,2026-09-19 07:56:01,NO
1789796522,2026-09-19 05:42:02,2026-09-19 02:42:02,Isluga,VIIRS,1.36,24.57,FALSO_POSITIVO,NULO,No descargada,2026-09-19 05:35:56,2026-09-19 06:15:55,NO
1789794361,2026-09-19 05:06:01,2026-09-19 02:06:01,Copahue,VIIRS,0.0,0.0,RUTINA,NULO,No descargada,2026-09-19 05:21:02,2026-09-19 05:31:02,NO
1789794361,2026-09-19 05:06:01,2026-09-19 02:06:01,Puyehue-Cordon Caulle,VIIRS,0.0,0.0,RUTINA,NULO,No descargada,2026-09-19 05:21:02,2026-09-19 05:31:02,NO
1789794361,2026-09-19 05:06:01,2026-09-19 02:06:01,Copahue,VIIRS375,0.0,0.0,RUTINA,NULO,No descargada,2026-09-19 06:20:48,2026-09-19 06:46:11,NO
1789794361,2026-09-19 05:06:01,2026-09-19 02:06:01,PlanchonPeteroa,VIIRS,0.0,0.0,RUTINA,NULO,No descargada,2026-09-19 05:21:02,2026-09-19 05:31:02,NO
1789794361,2026-09-19 05:06:01,2026-09-19 02:06:01,PlanchonPeteroa,VIIRS375,0.0,0.0,RUTINA,NULO,No descargada,2026-09-19 06:20:48,2026-09-19 06:46:11,NO
1789794361,2026-09-19 05:06:01,2026-09-19 02:06:01,Nevados de Chillan,VIIRS375,0.0,0.0,RUTINA,NULO,No descargada,2026-09-19 06:20:48,2026-09-19 06:46:11,NO
1789794361,2026-09-19 05:06:01,2026-09-19 02:06:01,Tupungatito,VIIRS375,0.05,5.41,ALERTA_TERMICA,Muy Bajo,imagenes_satelitales/Tupungatito/2026-09-19/05-06-01_Tupungatito_VIIRS375_Latest.png,2026-09-19 06:20:48,2026-09-19 06:46:11,NO
1789794361,2026-09-19 05:06:01,2026-09-19 02:06:01,Tupungatito,VIIRS,0.0,0.0,RUTINA,NULO,No descargada,2026-09-19 05:21:02,2026-09-19 05:31:02,NO
1789794361,2026-09-19 05:06:01,2026-09-19 02:06:01,Chaiten,VIIRS,0.0,0.0,RUTINA,NULO,No descargada,2026-09-19 05:21:02,2026-09-19 05:31:02,NO
1789794361,2026-09-19 05:06:01,2026-09-19 02:06:01,Llaima,VIIRS375,0.0,0.0,RUTINA,NULO,No descargada,2026-09-19 06:20:48,2026-09-19 06:46:11,NO
1789794361,2026-09-19 05:06:01,2026-09-19 02:06:01,Puyehue-Cordon Caulle,VIIRS375,0.13,8.19,ALERTA_TERMICA,Muy Bajo,imagenes_satelitales/Puyehue_Cordon_Caulle/2026-09-19/05-06-01_Puyehue_Cordon_Caulle_VIIRS375_Latest.png,2026-09-19 06:20:48,2026-09-19 06:46:11,NO
1789794361,2026-09-19 05:06:01,2026-09-19 02:06:01,Villarrica,VIIRS,0.0,0.0,RUTINA,NULO,No descargada,2026-09-19 05:21:02,2026-09-19 05:31:02,NO
1789794361,2026-09-19 05:06:01,2026-09-19 02:06:01,Villarrica,VIIRS375,0.0,0.0,RUTINA,NULO,No descargada,2026-09-19 06:20:48,2026-09-19 06:46:11,NO
1789794361,2026-09-19 05:06:01,2026-09-19 02:06:01,Chaiten,VIIRS375,0.0,0.0,RUTINA,NULO,No descargada,2026-09-19 06:20:48,2026-09-19 06:46:11,NO
1789794361,2026-09-19 05:06:01,2026-09-19 02:06:01,Llaima,VIIRS,0.0,0.0,RUTINA,NULO,No descargada,2026-09-19 05:21:02,2026-09-19 05:31:02,NO
1789794361,2026-09-19 05:06:01,2026-09-19 02:06:01,Nevados de Chillan,VIIRS,0.0,0.0,RUTINA,NULO,No descargada,2026-09-19 05:21:02,2026-09-19 05:31:02,NO
1789794001,2026-09-19 05:00:01,2026-09-19 02:00:01,Isluga,VIIRS,0.0,0.0,RUTINA,NULO,No descargada,2026-09-19 05:21:02,2026-09-19 05:31:02,NO
1789794001,2026-09-19 05:00:01,2026-09-19 02:00:01,Lastarria,VIIRS,0.0,0.0,RUTINA,NULO,No descargada,2026-09-19 05:21:02,2026-09-19 05:31:02,NO
1789794001,2026-09-19 05:00:01,2026-09-19 02:00:01,Lastarria,VIIRS375,0.0,0.0,RUTINA,NULO,No descargada,2026-09-19 06:20:48,2026-09-19 06:46:11,NO
1789794001,2026-09-19 05:00:01,2026-09-19 02:00:01,Lascar,VIIRS375,0.0,0.0,RUTINA,NULO,No descargada,2026-09-19 06:20:48,2026-09-19 06:46:11,NO
1789794001,2026-09-19 05:00:01,2026-09-19 02:00:01,Lascar,VIIRS,0.0,0.0,RUTINA,NULO,No descargada,2026-09-19 05:21:02,2026-09-19 05:31:02,NO
1789794001,2026-09-19 05:00:01,2026-09-19 02:00:01,Isluga,VIIRS375,0.34,17.08,FALSO_POSITIVO,NULO,No descargada,2026-09-19 06:05:56,2026-09-19 06:46:11,NO
1789783800,2026-09-19 02:10:00,2026-09-18 23:10:00,Copahue,MODIS,0.0,0.0,RUTINA,NULO,No descargada,2026-09-19 01:35:56,2026-09-19 07:31:01,NO
1789783800,2026-09-19 02:10:00,2026-09-18 23:10:00,Villarrica,MODIS,0.0,0.0,RUTINA,NULO,No descargada,2026-09-19 01:35:56,2026-09-19 07:31:01,NO
1789783800,2026-09-19 02:10:00,2026-09-18 23:10:00,Llaima,MODIS,0.0,0.0,RUTINA,NULO,No descargada,2026-09-19 01:35:56,2026-09-19 07:31:01,NO
1789783800,2026-09-19 02:10:00,2026-09-18 23:10:00,Puyehue-Cordon Caulle,MODIS,0.0,0.0,RUTINA,NULO,No descargada,2026-09-19 01:35:56,2026-09-19 07:31:01,NO
1789783800,2026-09-19 02:10:00,2026-09-18 23:10:00,Nevados de Chillan,MODIS,0.0,0.0,RUTINA,NULO,No descargada,2026-09-19 01:35:56,2026-09-19 07:31:01,NO
1789783800,2026-09-19 02:10:00,2026-09-18 23:10:00,Lastarria,MODIS,0.0,0.0,RUTINA,NULO,No descargada,2026-09-19 01:35:56,2026-09-19 07:31:01,NO
1789783800,2026-09-19 02:10:00,2026-09-18 23:10:00,PlanchonPeteroa,MODIS,0.0,0.0,RUTINA,NULO,No descargada,2026-09-19 01:35:56,2026-09-19 07:31:01,NO
1789783800,2026-09-19 02:10:00,2026-09-18 23:10:00,Tupungatito,MODIS,0.0,0.0,RUTINA,NULO,No descargada,2026-09-19 01:35:56,2026-09-19 07:31:01,NO
1789763700,2026-09-18 20:35:00,2026-09-18 17:35:00,Lastarria,MODIS,0.0,0.0,RUTINA,NULO,No descargada,2026-09-18 22:50:55,2026-09-19 01:10:55,NO
1789763700,2026-09-18 20:35:00,2026-09-18 17:35:00,Lascar,MODIS,0.0,0.0,RUTINA,NULO,No descargada,2026-09-18 22:50:55,2026-09-19 06:30:59,NO
1789763700,2026-09-18 20:35:00,2026-09-18 17:35:00,Isluga,MODIS,0.0,0.0,RUTINA,NULO,No descargada,2026-09-18 22:50:55,2026-09-19 06:30:59,NO
1789763400,2026-09-18 20:30:00,2026-09-18 17:30:00,Tupungatito,MODIS,1.54,25.3,FALSO_POSITIVO,NULO,No descargada,2026-09-18 22:50:55,2026-09-19 01:10:55,NO
1789763400,2026-09-18 20:30:00,2026-09-18 17:30:00,Villarrica,MODIS,0.0,0.0,RUTINA,NULO,No descargada,2026-09-18 22:50:55,2026-09-19 01:10:55,NO
1789763400,2026-09-18 20:30:00,2026-09-18 17:30:00,Llaima,MODIS,0.0,0.0,RUTINA,NULO,No descargada,2026-09-18 22:50:55,2026-09-19 01:10:55,NO
1789763400,2026-09-18 20:30:00,2026-09-18 17:30:00,Chaiten,MODIS,0.0,0.0,RUTINA,NULO,No descargada,2026-09-18 22:50:55,2026-09-19 07:31:01,NO
1789763400,2026-09-18 20:30:00,2026-09-18 17:30:00,PlanchonPeteroa,MODIS,0.0,0.0,RUTINA,NULO,No descargada,2026-09-18 22:50:55,2026-09-19 01:10:55,NO
1789763400,2026-09-18 20:30:00,2026-09-18 17:30:00,Copahue,MODIS,0.0,0.0,RUTINA,NULO,No descargada,2026-09-18 22:50:55,2026-09-19 01:10:55,NO
1789763400,2026-09-18 20:30:00,2026-09-18 17:30:00,Nevados de Chillan,MODIS,0.0,0.0,RUTINA,NULO,No descargada,2026-09-18 22:50:55,2026-09-19 01:10:55,NO
1789763400,2026-09-18 20:30:00,2026-09-18 17:30:00,Puyehue-Cordon Caulle,MODIS,0.0,0.0,RUTINA,NULO,No descargada,2026-09-18 22:50:55,2026-09-19 01:10:55,NO
1789761962,2026-09-18 20:06:02,2026-09-18 17:06:02,Chaiten,VIIRS,0.0,0.0,RUTINA,NULO,No descargada,2026-09-18 21:51:01,2026-09-19 05:15:53,NO
1789761962,2026-09-18 20:06:02,2026-09-18 17:06:02,Chaiten,VIIRS375,0.0,0.0,RUTINA,NULO,No descargada,2026-09-18 23:01:41,2026-09-19 06:15:55,NO
1789759441,2026-09-18 19:24:01,2026-09-18 16:24:01,Puyehue-Cordon Caulle,VIIRS375,0.0,0.0,RUTINA,NULO,No descargada,2026-09-18 22:50:55,2026-09-19 06:15:55,NO
1789759441,2026-09-18 19:24:01,2026-09-18 16:24:01,PlanchonPeteroa,VIIRS,0.0,0.0,RUTINA,NULO,No descargada,2026-09-18 20:35:57,2026-09-19 05:15:53,NO
1789759441,2026-09-18 19:24:01,2026-09-18 16:24:01,Copahue,VIIRS,0.0,0.0,RUTINA,NULO,No descargada,2026-09-18 20:35:57,2026-09-19 05:15:53,NO
1789759441,2026-09-18 19:24:01,2026-09-18 16:24:01,PlanchonPeteroa,VIIRS375,0.0,0.0,RUTINA,NULO,No descargada,2026-09-18 22:50:55,2026-09-19 06:15:55,NO
1789759441,2026-09-18 19:24:01,2026-09-18 16:24:01,Villarrica,VIIRS375,0.0,0.0,RUTINA,NULO,No descargada,2026-09-18 22:50:55,2026-09-19 06:15:55,NO
1789759441,2026-09-18 19:24:01,2026-09-18 16:24:01,Chaiten,VIIRS,0.0,0.0,RUTINA,NULO,No descargada,2026-09-18 20:35:57,2026-09-18 21:45:54,NO
1789759441,2026-09-18 19:24:01,2026-09-18 16:24:01,Chaiten,VIIRS375,0.0,0.0,RUTINA,NULO,No descargada,2026-09-18 22:50:55,2026-09-18 22:55:51,NO
1789759441,2026-09-18 19:24:01,2026-09-18 16:24:01,Puyehue-Cordon Caulle,VIIRS,0.0,0.0,RUTINA,NULO,No descargada,2026-09-18 20:35:57,2026-09-19 05:15:53,NO
1789759441,2026-09-18 19:24:01,2026-09-18 16:24:01,Nevados de Chillan,VIIRS375,0.0,0.0,RUTINA,NULO,No descargada,2026-09-18 22:50:55,2026-09-19 06:15:55,NO
1789759441,2026-09-18 19:24:01,2026-09-18 16:24:01,Tupungatito,VIIRS,0.0,0.0,RUTINA,NULO,No descargada,2026-09-18 20:35:57,2026-09-19 05:15:53,NO
1789759441,2026-09-18 19:24:01,2026-09-18 16:24:01,Copahue,VIIRS375,0.0,0.0,RUTINA,NULO,No descargada,2026-09-18 22:50:55,2026-09-19 06:15:55,NO
1789759441,2026-09-18 19:24:01,2026-09-18 16:24:01,Villarrica,VIIRS,0.0,0.0,RUTINA,NULO,No descargada,2026-09-18 20:35:57,2026-09-19 05:15:53,NO
1789759441,2026-09-18 19:24:01,2026-09-18 16:24:01,Nevados de Chillan,VIIRS,0.0,0.0,RUTINA,NULO,No descargada,2026-09-18 20:35:57,2026-09-19 05:15:53,NO
1789759441,2026-09-18 19:24:01,2026-09-18 16:24:01,Llaima,VIIRS,0.0,0.0,RUTINA,NULO,No descargada,2026-09-18 20:35:57,2026-09-19 05:15:53,NO
1789759441,2026-09-18 19:24:01,2026-09-18 16:24:01,Tupungatito,VIIRS375,0.0,0.0,RUTINA,NULO,No descargada,2026-09-18 22:50:55,2026-09-19 06:15:55,NO
1789759441,2026-09-18 19:24:01,2026-09-18 16:24:01,Llaima,VIIRS375,0.0,0.0,RUTINA,NULO,No descargada,2026-09-18 22:50:55,2026-09-19 06:15:55,NO
1789758720,2026-09-18 19:12:00,2026-09-18 16:12:00,Isluga,VIIRS,0.0,0.0,RUTINA,NULO,No descargada,2026-09-18 21:51:01,2026-09-19 05:15:53,NO
1789758720,2026-09-18 19:12:00,2026-09-18 16:12:00,Isluga,VIIRS375,0.0,0.0,RUTINA,NULO,No descargada,2026-09-18 23:50:54,2026-09-19 06:01:03,NO
1789758360,2026-09-18 19:06:00,2026-09-18 16:06:00,Lascar,VIIRS375,0.0,0.0,RUTINA,NULO,No descargada,2026-09-18 23:50:54,2026-09-19 06:15:55,NO
1789758360,2026-09-18 19:06:00,2026-09-18 16:06:00,Lastarria,VIIRS375,0.0,0.0,RUTINA,NULO,No descargada,2026-09-18 23:50:54,2026-09-19 06:15:55,NO
1789758360,2026-09-18 19:06:00,2026-09-18 16:06:00,Lascar,VIIRS,0.0,0.0,RUTINA,NULO,No descargada,2026-09-18 21:51:01,2026-09-19 05:15:53,NO
1789758360,2026-09-18 19:06:00,2026-09-18 16:06:00,Lastarria,VIIRS,0.0,0.0,RUTINA,NULO,No descargada,2026-09-18 21:51:01,2026-09-19 05:15:53,NO
1789756202,2026-09-18 18:30:02,2026-09-18 15:30:02,Nevados de Chillan,VIIRS,3.6,15.46,FALSO_POSITIVO,NULO,No descargada,2026-09-18 19:35:53,2026-09-18 20:31:03,NO
1789756202,2026-09-18 18:30:02,2026-09-18 15:30:02,Villarrica,VIIRS,0.0,0.0,RUTINA,NULO,No descargada,2026-09-18 19:35:53,2026-09-18 20:31:03,NO
1789756202,2026-09-18 18:30:02,2026-09-18 15:30:02,Lascar,VIIRS,0.0,0.0,RUTINA,NULO,No descargada,2026-09-18 19:35:53,2026-09-18 21:45:54,NO
1789756202,2026-09-18 18:30:02,2026-09-18 15:30:02,Villarrica,VIIRS375,0.0,0.0,RUTINA,NULO,No descargada,2026-09-18 20:35:57,2026-09-18 22:45:55,NO
1789756202,2026-09-18 18:30:02,2026-09-18 15:30:02,Tupungatito,VIIRS,0.0,0.0,RUTINA,NULO,No descargada,2026-09-18 19:35:53,2026-09-18 20:31:03,NO
1789756202,2026-09-18 18:30:02,2026-09-18 15:30:02,Copahue,VIIRS375,0.0,0.0,RUTINA,NULO,No descargada,2026-09-18 20:35:57,2026-09-18 22:45:55,NO
1789756202,2026-09-18 18:30:02,2026-09-18 15:30:02,Nevados de Chillan,VIIRS375,5.31,15.81,FALSO_POSITIVO,NULO,No descargada,2026-09-18 20:35:57,2026-09-18 22:45:55,NO
1789756202,2026-09-18 18:30:02,2026-09-18 15:30:02,Llaima,VIIRS,0.0,0.0,RUTINA,NULO,No descargada,2026-09-18 19:35:53,2026-09-18 20:31:03,NO
1789756202,2026-09-18 18:30:02,2026-09-18 15:30:02,Lastarria,VIIRS375,0.0,0.0,RUTINA,NULO,No descargada,2026-09-18 20:35:57,2026-09-18 23:45:54,NO
1789756202,2026-09-18 18:30:02,2026-09-18 15:30:02,Isluga,VIIRS375,0.0,0.0,RUTINA,NULO,No descargada,2026-09-18 20:35:57,2026-09-18 23:45:54,NO
1789756202,2026-09-18 18:30:02,2026-09-18 15:30:02,PlanchonPeteroa,VIIRS375,0.0,0.0,RUTINA,NULO,No descargada,2026-09-18 20:35:57,2026-09-18 22:45:55,NO
1789756202,2026-09-18 18:30:02,2026-09-18 15:30:02,Lascar,VIIRS375,0.0,0.0,RUTINA,NULO,No descargada,2026-09-18 20:35:57,2026-09-18 23:45:54,NO
1789756202,2026-09-18 18:30:02,2026-09-18 15:30:02,Tupungatito,VIIRS375,0.0,0.0,RUTINA,NULO,No descargada,2026-09-18 20:35:57,2026-09-18 22:45:55,NO
1789756202,2026-09-18 18:30:02,2026-09-18 15:30:02,Llaima,VIIRS375,0.0,0.0,RUTINA,NULO,No descargada,2026-09-18 20:35:57,2026-09-18 22:45:55,NO
1789756202,2026-09-18 18:30:02,2026-09-18 15:30:02,Copahue,VIIRS,0.0,0.0,RUTINA,NULO,No descargada,2026-09-18 19:35:53,2026-09-18 20:31:03,NO
1789756202,2026-09-18 18:30:02,2026-09-18 15:30:02,PlanchonPeteroa,VIIRS,0.0,0.0,RUTINA,NULO,No descargada,2026-09-18 19:35:53,2026-09-18 20:31:03,NO
1789756202,2026-09-18 18:30:02,2026-09-18 15:30:02,Lastarria,VIIRS,0.0,0.0,RUTINA,NULO,No descargada,2026-09-18 19:35:53,2026-09-18 21:45:54,NO
1789756202,2026-09-18 18:30:02,2026-09-18 15:30:02,Isluga,VIIRS,0.0,0.0,RUTINA,NULO,No descargada,2026-09-18 19:35:53,2026-09-18 21:45:54,NO
1789755842,2026-09-18 18:24:02,2026-09-18 15:24:02,Chaiten,VIIRS375,0.0,0.0,RUTINA,NULO,No descargada,2026-09-18 20:35:57,2026-09-18 22:45:55,NO
1789755842,2026-09-18 18:24:02,2026-09-18 15:24:02,Chaiten,VIIRS,0.0,0.0,RUTINA,NULO,No descargada,2026-09-18 19:35:53,2026-09-18 20:31:03,NO
1789753681,2026-09-18 17:48:01,2026-09-18 14:48:01,Lastarria,VIIRS375,0.0,0.0,RUTINA,NULO,No descargada,2026-09-18 19:35:53,2026-09-18 20:31:03,NO
1789753681,2026-09-18 17:48:01,2026-09-18 14:48:01,Isluga,VIIRS375,0.0,0.0,RUTINA,NULO,No descargada,2026-09-18 19:35:53,2026-09-18 20:31:03,NO
1789753681,2026-09-18 17:48:01,2026-09-18 14:48:01,Isluga,VIIRS,0.0,0.0,RUTINA,NULO,No descargada,2026-09-18 18:05:56,2026-09-18 19:30:53,NO
1789753681,2026-09-18 17:48:01,2026-09-18 14:48:01,Lascar,VIIRS375,2.13,26.25,FALSO_POSITIVO,NULO,No descargada,2026-09-18 19:35:53,2026-09-18 20:31:03,NO
1789753681,2026-09-18 17:48:01,2026-09-18 14:48:01,Lastarria,VIIRS,0.0,0.0,RUTINA,NULO,No descargada,2026-09-18 18:05:56,2026-09-18 19:30:53,NO
1789753681,2026-09-18 17:48:01,2026-09-18 14:48:01,Lascar,VIIRS,0.0,0.0,RUTINA,NULO,No descargada,2026-09-18 18:05:56,2026-09-18 19:30:53,NO
1789753321,2026-09-18 17:42:01,2026-09-18 14:42:01,Chaiten,VIIRS375,0.0,0.0,RUTINA,NULO,No descargada,2026-09-18 19:35:53,2026-09-18 20:31:03,NO
1789753321,2026-09-18 17:42:01,2026-09-18 14:42:01,PlanchonPeteroa,VIIRS,0.0,0.0,RUTINA,NULO,No descargada,2026-09-18 18:05:56,2026-09-18 19:30:53,NO
1789753321,2026-09-18 17:42:01,2026-09-18 14:42:01,Nevados de Chillan,VIIRS375,0.0,0.0,RUTINA,NULO,No descargada,2026-09-18 19:35:53,2026-09-18 20:31:03,NO
1789753321,2026-09-18 17:42:01,2026-09-18 14:42:01,Puyehue-Cordon Caulle,VIIRS375,0.0,0.0,RUTINA,NULO,No descargada,2026-09-18 19:35:53,2026-09-18 22:45:55,NO
1789753321,2026-09-18 17:42:01,2026-09-18 14:42:01,Villarrica,VIIRS375,0.0,0.0,RUTINA,NULO,No descargada,2026-09-18 19:35:53,2026-09-18 20:31:03,NO
1789753321,2026-09-18 17:42:01,2026-09-18 14:42:01,Villarrica,VIIRS,0.0,0.0,RUTINA,NULO,No descargada,2026-09-18 18:05:56,2026-09-18 19:30:53,NO
1789753321,2026-09-18 17:42:01,2026-09-18 14:42:01,Chaiten,VIIRS,0.0,0.0,RUTINA,NULO,No descargada,2026-09-18 18:05:56,2026-09-18 19:30:53,NO
1789753321,2026-09-18 17:42:01,2026-09-18 14:42:01,Llaima,VIIRS375,0.0,0.0,RUTINA,NULO,No descargada,2026-09-18 19:35:53,2026-09-18 20:31:03,NO
1789753321,2026-09-18 17:42:01,2026-09-18 14:42:01,Nevados de Chillan,VIIRS,0.0,0.0,RUTINA,NULO,No descargada,2026-09-18 18:05:56,2026-09-18 19:30:53,NO
1789753321,2026-09-18 17:42:01,2026-09-18 14:42:01,Tupungatito,VIIRS,0.0,0.0,RUTINA,NULO,No descargada,2026-09-18 18:05:56,2026-09-18 19:30:53,NO
1789753321,2026-09-18 17:42:01,2026-09-18 14:42:01,Copahue,VIIRS375,0.0,0.0,RUTINA,NULO,No descargada,2026-09-18 19:35:53,2026-09-18 20:31:03,NO
1789753321,2026-09-18 17:42:01,2026-09-18 14:42:01,Llaima,VIIRS,0.0,0.0,RUTINA,NULO,No descargada,2026-09-18 18:05:56,2026-09-18 19:30:53,NO
1789753321,2026-09-18 17:42:01,2026-09-18 14:42:01,Tupungatito,VIIRS375,0.0,0.0,RUTINA,NULO,No descargada,2026-09-18 19:35:53,2026-09-18 20:31:03,NO
1789753321,2026-09-18 17:42:01,2026-09-18 14:42:01,Copahue,VIIRS,0.0,0.0,RUTINA,NULO,No descargada,2026-09-18 18:05:56,2026-09-18 19:30:53,NO
1789753321,2026-09-18 17:42:01,2026-09-18 14:42:01,PlanchonPeteroa,VIIRS375,0.0,0.0,RUTINA,NULO,No descargada,2026-09-18 19:35:53,2026-09-18 20:31:03,NO
1789753321,2026-09-18 17:42:01,2026-09-18 14:42:01,Puyehue-Cordon Caulle,VIIRS,0.0,0.0,RUTINA,NULO,No descargada,2026-09-18 18:05:56,2026-09-18 20:31:03,NO
1789734900,2026-09-18 12:35:00,2026-09-18 09:35:00,Villarrica,MODIS,0.0,0.0,RUTINA,NULO,No descargada,2026-09-18 12:05:55,2026-09-18 22:45:55,NO
1789734900,2026-09-18 12:35:00,2026-09-18 09:35:00,Puyehue-Cordon Caulle,MODIS,0.0,0.0,RUTINA,NULO,No descargada,2026-09-18 12:05:55,2026-09-18 22:45:55,NO
1789734900,2026-09-18 12:35:00,2026-09-18 09:35:00,Chaiten,MODIS,0.0,0.0,RUTINA,NULO,No descargada,2026-09-18 12:20:54,2026-09-18 22:45:55,NO
1789734600,2026-09-18 12:30:00,2026-09-18 09:30:00,PlanchonPeteroa,MODIS,0.0,0.0,RUTINA,NULO,No descargada,2026-09-18 12:05:55,2026-09-18 22:45:55,NO
1789734600,2026-09-18 12:30:00,2026-09-18 09:30:00,Llaima,MODIS,0.0,0.0,RUTINA,NULO,No descargada,2026-09-18 12:05:55,2026-09-18 22:45:55,NO
1789734600,2026-09-18 12:30:00,2026-09-18 09:30:00,Copahue,MODIS,0.0,0.0,RUTINA,NULO,No descargada,2026-09-18 12:05:55,2026-09-18 22:45:55,NO
1789734600,2026-09-18 12:30:00,2026-09-18 09:30:00,Lascar,MODIS,0.0,0.0,RUTINA,NULO,No descargada,2026-09-18 12:05:55,2026-09-18 22:45:55,NO
1789734600,2026-09-18 12:30:00,2026-09-18 09:30:00,Tupungatito,MODIS,0.0,0.0,RUTINA,NULO,No descargada,2026-09-18 12:05:55,2026-09-18 22:45:55,NO
1789734600,2026-09-18 12:30:00,2026-09-18 09:30:00,Nevados de Chillan,MODIS,0.0,0.0,RUTINA,NULO,No descargada,2026-09-18 12:05:55,2026-09-18 22:45:55,NO
1789734600,2026-09-18 12:30:00,2026-09-18 09:30:00,Lastarria,MODIS,0.0,0.0,RUTINA,NULO,No descargada,2026-09-18 12:05:55,2026-09-18 22:45:55,NO
1789734300,2026-09-18 12:25:00,2026-09-18 09:25:00,Isluga,MODIS,0.0,0.0,RUTINA,NULO,No descargada,2026-09-18 11:46:03,2026-09-18 22:45:55,NO
1789720200,2026-09-18 08:30:00,2026-09-18 05:30:00,Puyehue-Cordon Caulle,MODIS,0.0,0.0,RUTINA,NULO,No descargada,2026-09-18 07:46:03,2026-09-18 12:01:03,NO
1789720200,2026-09-18 08:30:00,2026-09-18 05:30:00,PlanchonPeteroa,MODIS,0.0,0.0,RUTINA,NULO,No descargada,2026-09-18 07:46:03,2026-09-18 12:01:03,NO
1789720200,2026-09-18 08:30:00,2026-09-18 05:30:00,Llaima,MODIS,0.0,0.0,RUTINA,NULO,No descargada,2026-09-18 07:46:03,2026-09-18 12:01:03,NO
1789720200,2026-09-18 08:30:00,2026-09-18 05:30:00,Copahue,MODIS,0.0,0.0,RUTINA,NULO,No descargada,2026-09-18 07:46:03,2026-09-18 12:01:03,NO
1789720200,2026-09-18 08:30:00,2026-09-18 05:30:00,Tupungatito,MODIS,0.0,0.0,RUTINA,NULO,No descargada,2026-09-18 07:46:03,2026-09-18 12:01:03,NO
1789720200,2026-09-18 08:30:00,2026-09-18 05:30:00,Chaiten,MODIS,0.0,0.0,RUTINA,NULO,No descargada,2026-09-18 07:46:03,2026-09-18 12:15:59,NO
1789720200,2026-09-18 08:30:00,2026-09-18 05:30:00,Villarrica,MODIS,0.0,0.0,RUTINA,NULO,No descargada,2026-09-18 07:46:03,2026-09-18 12:01:03,NO
1789720200,2026-09-18 08:30:00,2026-09-18 05:30:00,Nevados de Chillan,MODIS,0.0,0.0,RUTINA,NULO,No descargada,2026-09-18 07:46:03,2026-09-18 12:01:03,NO
1789719900,2026-09-18 08:25:00,2026-09-18 05:25:00,Isluga,MODIS,0.0,0.0,RUTINA,NULO,No descargada,2026-09-18 07:46:03,2026-09-18 11:41:13,NO
1789719900,2026-09-18 08:25:00,2026-09-18 05:25:00,Lascar,MODIS,0.0,0.0,RUTINA,NULO,No descargada,2026-09-18 07:46:03,2026-09-18 12:01:03,NO
1789719900,2026-09-18 08:25:00,2026-09-18 05:25:00,Lastarria,MODIS,0.0,0.0,RUTINA,NULO,No descargada,2026-09-18 07:46:03,2026-09-18 12:01:03,NO
1789714080,2026-09-18 06:48:00,2026-09-18 03:48:00,Villarrica,VIIRS375,0.0,0.0,RUTINA,NULO,No descargada,2026-09-18 07:46:03,2026-09-18 19:30:53,NO
1789714080,2026-09-18 06:48:00,2026-09-18 03:48:00,Chaiten,VIIRS,0.0,0.0,RUTINA,NULO,No descargada,2026-09-18 07:05:56,2026-09-18 18:01:09,NO
1789714080,2026-09-18 06:48:00,2026-09-18 03:48:00,Villarrica,VIIRS,0.0,0.0,RUTINA,NULO,No descargada,2026-09-18 07:05:56,2026-09-18 18:01:09,NO
1789714080,2026-09-18 06:48:00,2026-09-18 03:48:00,Chaiten,VIIRS375,0.0,0.0,RUTINA,NULO,No descargada,2026-09-18 07:46:03,2026-09-18 19:30:53,NO
1789714080,2026-09-18 06:48:00,2026-09-18 03:48:00,Puyehue-Cordon Caulle,VIIRS,0.0,0.0,RUTINA,NULO,No descargada,2026-09-18 07:05:56,2026-09-18 18:01:09,NO
1789714080,2026-09-18 06:48:00,2026-09-18 03:48:00,Puyehue-Cordon Caulle,VIIRS375,0.3,7.73,ALERTA_TERMICA,Muy Bajo,imagenes_satelitales/Puyehue_Cordon_Caulle/2026-09-18/06-48-00_Puyehue_Cordon_Caulle_VIIRS375_Latest.png,2026-09-18 07:46:03,2026-09-18 19:30:53,NO
1789713720,2026-09-18 06:42:00,2026-09-18 03:42:00,PlanchonPeteroa,VIIRS375,0.0,0.0,RUTINA,NULO,No descargada,2026-09-18 07:46:03,2026-09-18 19:30:53,NO
1789713720,2026-09-18 06:42:00,2026-09-18 03:42:00,Lastarria,VIIRS375,0.0,0.0,RUTINA,NULO,No descargada,2026-09-18 07:46:03,2026-09-18 19:30:53,NO
1789713720,2026-09-18 06:42:00,2026-09-18 03:42:00,Tupungatito,VIIRS375,0.06,4.89,ALERTA_TERMICA,Muy Bajo,imagenes_satelitales/Tupungatito/2026-09-18/06-42-00_Tupungatito_VIIRS375_Latest.png,2026-09-18 07:46:03,2026-09-18 19:30:53,NO
1789713720,2026-09-18 06:42:00,2026-09-18 03:42:00,Lastarria,VIIRS,0.0,0.0,RUTINA,NULO,No descargada,2026-09-18 06:50:54,2026-09-18 18:01:09,NO
1789713720,2026-09-18 06:42:00,2026-09-18 03:42:00,Tupungatito,VIIRS,0.0,0.0,RUTINA,NULO,No descargada,2026-09-18 07:05:56,2026-09-18 18:01:09,NO
1789713720,2026-09-18 06:42:00,2026-09-18 03:42:00,Isluga,VIIRS375,0.0,0.0,RUTINA,NULO,No descargada,2026-09-18 07:46:03,2026-09-18 19:30:53,NO
1789713720,2026-09-18 06:42:00,2026-09-18 03:42:00,Lascar,VIIRS375,0.0,0.0,RUTINA,NULO,No descargada,2026-09-18 07:46:03,2026-09-18 19:30:53,NO
1789713720,2026-09-18 06:42:00,2026-09-18 03:42:00,Isluga,VIIRS,0.0,0.0,RUTINA,NULO,No descargada,2026-09-18 06:50:54,2026-09-18 18:01:09,NO
1789713720,2026-09-18 06:42:00,2026-09-18 03:42:00,Nevados de Chillan,VIIRS,0.0,0.0,RUTINA,NULO,No descargada,2026-09-18 07:05:56,2026-09-18 18:01:09,NO
1789713720,2026-09-18 06:42:00,2026-09-18 03:42:00,Nevados de Chillan,VIIRS375,0.0,0.0,RUTINA,NULO,No descargada,2026-09-18 07:46:03,2026-09-18 19:30:53,NO
1789713720,2026-09-18 06:42:00,2026-09-18 03:42:00,Copahue,VIIRS,0.0,0.0,RUTINA,NULO,No descargada,2026-09-18 07:05:56,2026-09-18 18:01:09,NO
1789713720,2026-09-18 06:42:00,2026-09-18 03:42:00,Copahue,VIIRS375,0.0,0.0,RUTINA,NULO,No descargada,2026-09-18 07:46:03,2026-09-18 19:30:53,NO
1789713720,2026-09-18 06:42:00,2026-09-18 03:42:00,PlanchonPeteroa,VIIRS,0.0,0.0,RUTINA,NULO,No descargada,2026-09-18 07:05:56,2026-09-18 18:01:09,NO
1789713720,2026-09-18 06:42:00,2026-09-18 03:42:00,Lascar,VIIRS,0.0,0.0,RUTINA,NULO,No descargada,2026-09-18 06:50:54,2026-09-18 18:01:09,NO
1789711922,2026-09-18 06:12:02,2026-09-18 03:12:02,Chaiten,VIIRS375,0.0,0.0,RUTINA,NULO,No descargada,2026-09-18 05:45:57,2026-09-18 07:40:53,NO
1789711922,2026-09-18 06:12:02,2026-09-18 03:12:02,Chaiten,VIIRS,0.0,0.0,RUTINA,NULO,No descargada,2026-09-18 05:06:01,2026-09-18 07:01:04,NO
1789711562,2026-09-18 06:06:02,2026-09-18 03:06:02,Llaima,VIIRS375,0.0,0.0,RUTINA,NULO,No descargada,2026-09-18 05:36:00,2026-09-18 19:30:53,NO
1789711562,2026-09-18 06:06:02,2026-09-18 03:06:02,Villarrica,VIIRS,0.0,0.0,RUTINA,NULO,No descargada,2026-09-18 05:06:01,2026-09-18 07:01:04,NO
1789711562,2026-09-18 06:06:02,2026-09-18 03:06:02,Lascar,VIIRS,0.0,0.0,RUTINA,NULO,No descargada,2026-09-18 05:06:01,2026-09-18 06:45:50,NO
1789711562,2026-09-18 06:06:02,2026-09-18 03:06:02,Nevados de Chillan,VIIRS375,0.36,18.93,FALSO_POSITIVO,NULO,No descargada,2026-09-18 05:36:00,2026-09-18 07:40:53,NO
1789711562,2026-09-18 06:06:02,2026-09-18 03:06:02,Lastarria,VIIRS,0.0,0.0,RUTINA,NULO,No descargada,2026-09-18 05:06:01,2026-09-18 06:45:50,NO
1789711562,2026-09-18 06:06:02,2026-09-18 03:06:02,PlanchonPeteroa,VIIRS,0.0,0.0,RUTINA,NULO,No descargada,2026-09-18 05:06:01,2026-09-18 07:01:04,NO
1789711562,2026-09-18 06:06:02,2026-09-18 03:06:02,Tupungatito,VIIRS375,0.14,4.89,ALERTA_TERMICA,Muy Bajo,imagenes_satelitales/Tupungatito/2026-09-18/06-06-02_Tupungatito_VIIRS375_Latest.png,2026-09-18 05:45:57,2026-09-18 07:40:53,NO
1789711562,2026-09-18 06:06:02,2026-09-18 03:06:02,Llaima,VIIRS,0.0,0.0,RUTINA,NULO,No descargada,2026-09-18 05:06:01,2026-09-18 18:01:09,NO
1789711562,2026-09-18 06:06:02,2026-09-18 03:06:02,Lastarria,VIIRS375,0.0,0.0,RUTINA,NULO,No descargada,2026-09-18 05:36:00,2026-09-18 07:40:53,NO
1789711562,2026-09-18 06:06:02,2026-09-18 03:06:02,Copahue,VIIRS,0.0,0.0,RUTINA,NULO,No descargada,2026-09-18 05:06:01,2026-09-18 07:01:04,NO
1789711562,2026-09-18 06:06:02,2026-09-18 03:06:02,PlanchonPeteroa,VIIRS375,0.0,0.0,RUTINA,NULO,No descargada,2026-09-18 05:36:00,2026-09-18 07:40:53,NO
1789711562,2026-09-18 06:06:02,2026-09-18 03:06:02,Lascar,VIIRS375,0.0,0.0,RUTINA,NULO,No descargada,2026-09-18 05:36:00,2026-09-18 07:40:53,NO
1789711562,2026-09-18 06:06:02,2026-09-18 03:06:02,Copahue,VIIRS375,0.0,0.0,RUTINA,NULO,No descargada,2026-09-18 05:36:00,2026-09-18 07:40:53,NO
1789711562,2026-09-18 06:06:02,2026-09-18 03:06:02,Tupungatito,VIIRS,0.0,0.0,RUTINA,NULO,No descargada,2026-09-18 05:06:01,2026-09-18 07:01:04,NO
1789711562,2026-09-18 06:06:02,2026-09-18 03:06:02,Nevados de Chillan,VIIRS,0.0,0.0,RUTINA,NULO,No descargada,2026-09-18 05:06:01,2026-09-18 07:01:04,NO
1789711562,2026-09-18 06:06:02,2026-09-18 03:06:02,Villarrica,VIIRS375,0.0,0.0,RUTINA,NULO,No descargada,2026-09-18 05:36:00,2026-09-18 07:40:53,NO
1789711202,2026-09-18 06:00:02,2026-09-18 03:00:02,Isluga,VIIRS,0.0,0.0,RUTINA,NULO,No descargada,2026-09-18 05:06:01,2026-09-18 06:45:50,NO
1789711202,2026-09-18 06:00:02,2026-09-18 03:00:02,Isluga,VIIRS375,0.0,0.0,RUTINA,NULO,No descargada,2026-09-18 05:36:00,2026-09-18 07:40:53,NO
1789709041,2026-09-18 05:24:01,2026-09-18 02:24:01,Copahue,VIIRS375,0.0,0.0,RUTINA,NULO,No descargada,2026-09-18 04:51:07,2026-09-18 05:31:02,NO
1789709041,2026-09-18 05:24:01,2026-09-18 02:24:01,Copahue,VIIRS,0.0,0.0,RUTINA,NULO,No descargada,2026-09-18 04:51:07,2026-09-18 05:01:07,NO
1789709041,2026-09-18 05:24:01,2026-09-18 02:24:01,Villarrica,VIIRS,0.0,0.0,RUTINA,NULO,No descargada,2026-09-18 04:51:07,2026-09-18 05:01:07,NO
1789709041,2026-09-18 05:24:01,2026-09-18 02:24:01,Nevados de Chillan,VIIRS375,0.05,0.38,ALERTA_TERMICA,Muy Bajo,imagenes_satelitales/Nevados_de_Chillan/2026-09-18/05-24-01_Nevados_de_Chillan_VIIRS375_Latest.png,2026-09-18 04:51:07,2026-09-18 05:31:02,NO
1789709041,2026-09-18 05:24:01,2026-09-18 02:24:01,Chaiten,VIIRS,0.0,0.0,RUTINA,NULO,No descargada,2026-09-18 04:51:07,2026-09-18 05:01:07,NO
1789709041,2026-09-18 05:24:01,2026-09-18 02:24:01,Llaima,VIIRS375,0.0,0.0,RUTINA,NULO,No descargada,2026-09-18 04:51:07,2026-09-18 05:31:02,NO
1789709041,2026-09-18 05:24:01,2026-09-18 02:24:01,Chaiten,VIIRS375,0.0,0.0,RUTINA,NULO,No descargada,2026-09-18 04:51:07,2026-09-18 05:40:58,NO
1789709041,2026-09-18 05:24:01,2026-09-18 02:24:01,Tupungatito,VIIRS375,0.27,5.21,ALERTA_TERMICA,Muy Bajo,imagenes_satelitales/Tupungatito/2026-09-18/05-24-01_Tupungatito_VIIRS375_Latest.png,2026-09-18 04:51:07,2026-09-18 05:40:58,NO
1789709041,2026-09-18 05:24:01,2026-09-18 02:24:01,PlanchonPeteroa,VIIRS375,0.0,0.0,RUTINA,NULO,No descargada,2026-09-18 04:51:07,2026-09-18 05:31:02,NO
1789709041,2026-09-18 05:24:01,2026-09-18 02:24:01,PlanchonPeteroa,VIIRS,0.0,0.0,RUTINA,NULO,No descargada,2026-09-18 04:51:07,2026-09-18 05:01:07,NO
1789709041,2026-09-18 05:24:01,2026-09-18 02:24:01,Villarrica,VIIRS375,0.0,0.0,RUTINA,NULO,No descargada,2026-09-18 04:51:07,2026-09-18 05:31:02,NO
1789709041,2026-09-18 05:24:01,2026-09-18 02:24:01,Llaima,VIIRS,0.0,0.0,RUTINA,NULO,No descargada,2026-09-18 04:51:07,2026-09-18 05:01:07,NO
1789709041,2026-09-18 05:24:01,2026-09-18 02:24:01,Puyehue-Cordon Caulle,VIIRS,1.43,8.55,ALERTA_TERMICA,Bajo,imagenes_satelitales/Puyehue_Cordon_Caulle/2026-09-18/05-24-01_Puyehue_Cordon_Caulle_VIIRS750_Latest.png,2026-09-18 04:51:07,2026-09-18 07:01:04,NO
1789709041,2026-09-18 05:24:01,2026-09-18 02:24:01,Tupungatito,VIIRS,0.0,0.0,RUTINA,NULO,No descargada,2026-09-18 04:51:07,2026-09-18 05:01:07,NO
1789709041,2026-09-18 05:24:01,2026-09-18 02:24:01,Puyehue-Cordon Caulle,VIIRS375,0.78,8.19,ALERTA_TERMICA,Muy Bajo,imagenes_satelitales/Puyehue_Cordon_Caulle/2026-09-18/05-24-01_Puyehue_Cordon_Caulle_VIIRS375_Latest.png,2026-09-18 04:51:07,2026-09-18 07:40:53,NO
1789709041,2026-09-18 05:24:01,2026-09-18 02:24:01,Nevados de Chillan,VIIRS,0.0,0.0,RUTINA,NULO,No descargada,2026-09-18 04:51:07,2026-09-18 05:01:07,NO
1789708681,2026-09-18 05:18:01,2026-09-18 02:18:01,Isluga,VIIRS375,0.0,0.0,RUTINA,NULO,No descargada,2026-09-18 04:51:07,2026-09-18 05:31:02,NO
1789708681,2026-09-18 05:18:01,2026-09-18 02:18:01,Lascar,VIIRS375,0.0,0.0,RUTINA,NULO,No descargada,2026-09-18 04:51:07,2026-09-18 05:31:02,NO
1789708681,2026-09-18 05:18:01,2026-09-18 02:18:01,Lastarria,VIIRS375,0.0,0.0,RUTINA,NULO,No descargada,2026-09-18 04:51:07,2026-09-18 05:31:02,NO
1789708681,2026-09-18 05:18:01,2026-09-18 02:18:01,Isluga,VIIRS,0.0,0.0,RUTINA,NULO,No descargada,2026-09-18 04:51:07,2026-09-18 05:01:07,NO
1789708681,2026-09-18 05:18:01,2026-09-18 02:18:01,Lastarria,VIIRS,0.0,0.0,RUTINA,NULO,No descargada,2026-09-18 04:51:07,2026-09-18 05:01:07,NO
1789708681,2026-09-18 05:18:01,2026-09-18 02:18:01,Lascar,VIIRS,0.0,0.0,RUTINA,NULO,No descargada,2026-09-18 04:51:07,2026-09-18 05:01:07,NO
1789705802,2026-09-18 04:30:02,2026-09-18 01:30:02,Villarrica,VIIRS,0.0,0.0,RUTINA,NULO,No descargada,2026-09-18 03:35:50,2026-09-18 04:46:03,NO
1789705802,2026-09-18 04:30:02,2026-09-18 01:30:02,Puyehue-Cordon Caulle,VIIRS,0.0,0.0,RUTINA,NULO,No descargada,2026-09-18 03:35:50,2026-09-18 04:46:03,NO
1789705802,2026-09-18 04:30:02,2026-09-18 01:30:02,Llaima,VIIRS,0.0,0.0,RUTINA,NULO,No descargada,2026-09-18 03:35:50,2026-09-18 04:46:03,NO
1789705802,2026-09-18 04:30:02,2026-09-18 01:30:02,Llaima,VIIRS375,0.0,0.0,RUTINA,NULO,No descargada,2026-09-18 03:46:02,2026-09-18 04:46:03,NO
1789705802,2026-09-18 04:30:02,2026-09-18 01:30:02,Copahue,VIIRS375,0.0,0.0,RUTINA,NULO,No descargada,2026-09-18 03:46:02,2026-09-18 04:46:03,NO
1789705802,2026-09-18 04:30:02,2026-09-18 01:30:02,Chaiten,VIIRS375,0.0,0.0,RUTINA,NULO,No descargada,2026-09-18 03:46:02,2026-09-18 04:46:03,NO
1789705802,2026-09-18 04:30:02,2026-09-18 01:30:02,Villarrica,VIIRS375,0.0,0.0,RUTINA,NULO,No descargada,2026-09-18 03:46:02,2026-09-18 04:46:03,NO
1789705802,2026-09-18 04:30:02,2026-09-18 01:30:02,Puyehue-Cordon Caulle,VIIRS375,0.0,0.0,RUTINA,NULO,No descargada,2026-09-18 03:46:02,2026-09-18 04:46:03,NO
1789705802,2026-09-18 04:30:02,2026-09-18 01:30:02,Copahue,VIIRS,0.0,0.0,RUTINA,NULO,No descargada,2026-09-18 03:35:50,2026-09-18 04:46:03,NO
1789705802,2026-09-18 04:30:02,2026-09-18 01:30:02,Chaiten,VIIRS,0.0,0.0,RUTINA,NULO,No descargada,2026-09-18 03:35:50,2026-09-18 04:46:03,NO
1789695300,2026-09-18 01:35:00,2026-09-17 22:35:00,Lascar,MODIS,0.0,0.0,RUTINA,NULO,No descargada,2026-09-18 02:01:14,2026-09-18 07:40:53,NO
1789695300,2026-09-18 01:35:00,2026-09-17 22:35:00,Isluga,MODIS,0.0,0.0,RUTINA,NULO,No descargada,2026-09-18 02:01:14,2026-09-18 07:40:53,NO
1789695300,2026-09-18 01:35:00,2026-09-17 22:35:00,Lastarria,MODIS,0.0,0.0,RUTINA,NULO,No descargada,2026-09-18 02:01:14,2026-09-18 07:40:53,NO
1789695000,2026-09-18 01:30:00,2026-09-17 22:30:00,Copahue,MODIS,0.0,0.0,RUTINA,NULO,No descargada,2026-09-17 23:50:56,2026-09-18 07:40:53,NO
1789695000,2026-09-18 01:30:00,2026-09-17 22:30:00,Puyehue-Cordon Caulle,MODIS,0.0,0.0,RUTINA,NULO,No descargada,2026-09-17 23:50:56,2026-09-18 07:40:53,NO
1789695000,2026-09-18 01:30:00,2026-09-17 22:30:00,Tupungatito,MODIS,0.0,0.0,RUTINA,NULO,No descargada,2026-09-18 00:06:09,2026-09-18 07:40:53,NO
1789695000,2026-09-18 01:30:00,2026-09-17 22:30:00,Villarrica,MODIS,0.0,0.0,RUTINA,NULO,No descargada,2026-09-17 23:50:56,2026-09-18 07:40:53,NO
1789695000,2026-09-18 01:30:00,2026-09-17 22:30:00,PlanchonPeteroa,MODIS,0.0,0.0,RUTINA,NULO,No descargada,2026-09-17 23:50:56,2026-09-18 07:40:53,NO
1789695000,2026-09-18 01:30:00,2026-09-17 22:30:00,Llaima,MODIS,0.0,0.0,RUTINA,NULO,No descargada,2026-09-17 23:50:56,2026-09-18 07:40:53,NO
1789695000,2026-09-18 01:30:00,2026-09-17 22:30:00,Nevados de Chillan,MODIS,0.0,0.0,RUTINA,NULO,No descargada,2026-09-17 23:50:56,2026-09-18 07:40:53,NO
1789695000,2026-09-18 01:30:00,2026-09-17 22:30:00,Chaiten,MODIS,0.0,0.0,RUTINA,NULO,No descargada,2026-09-18 00:06:09,2026-09-18 07:40:53,NO
1789680600,2026-09-17 21:30:00,2026-09-17 18:30:00,Copahue,MODIS,0.0,0.0,RUTINA,NULO,No descargada,2026-09-17 20:01:05,2026-09-17 23:45:57,NO
1789680600,2026-09-17 21:30:00,2026-09-17 18:30:00,Llaima,MODIS,0.0,0.0,RUTINA,NULO,No descargada,2026-09-17 20:01:05,2026-09-17 23:45:57,NO
1789680600,2026-09-17 21:30:00,2026-09-17 18:30:00,Puyehue-Cordon Caulle,MODIS,0.0,0.0,RUTINA,NULO,No descargada,2026-09-17 20:01:05,2026-09-17 23:45:57,NO
1789680600,2026-09-17 21:30:00,2026-09-17 18:30:00,Chaiten,MODIS,0.0,0.0,RUTINA,NULO,No descargada,2026-09-17 20:15:56,2026-09-18 00:01:01,NO
1789680600,2026-09-17 21:30:00,2026-09-17 18:30:00,Villarrica,MODIS,0.0,0.0,RUTINA,NULO,No descargada,2026-09-17 20:01:05,2026-09-17 23:45:57,NO
1789680600,2026-09-17 21:30:00,2026-09-17 18:30:00,PlanchonPeteroa,MODIS,0.0,0.0,RUTINA,NULO,No descargada,2026-09-17 20:01:05,2026-09-17 23:45:57,NO
1789680600,2026-09-17 21:30:00,2026-09-17 18:30:00,Tupungatito,MODIS,0.0,0.0,RUTINA,NULO,No descargada,2026-09-17 20:15:56,2026-09-18 00:01:01,NO
1789680600,2026-09-17 21:30:00,2026-09-17 18:30:00,Nevados de Chillan,MODIS,0.0,0.0,RUTINA,NULO,No descargada,2026-09-17 20:01:05,2026-09-17 23:45:57,NO
1789674900,2026-09-17 19:55:00,2026-09-17 16:55:00,Lascar,MODIS,0.0,0.0,RUTINA,NULO,No descargada,2026-09-17 19:01:06,2026-09-18 01:55:53,NO
1789674900,2026-09-17 19:55:00,2026-09-17 16:55:00,Tupungatito,MODIS,0.0,0.0,RUTINA,NULO,No descargada,2026-09-17 19:01:06,2026-09-17 20:10:50,NO
1789674900,2026-09-17 19:55:00,2026-09-17 16:55:00,Lastarria,MODIS,0.0,0.0,RUTINA,NULO,No descargada,2026-09-17 19:01:06,2026-09-18 01:55:53,NO
1789674121,2026-09-17 19:42:01,2026-09-17 16:42:01,Villarrica,VIIRS,0.0,0.0,RUTINA,NULO,No descargada,2026-09-17 19:20:54,2026-09-18 03:30:57,NO
1789674121,2026-09-17 19:42:01,2026-09-17 16:42:01,Chaiten,VIIRS,0.0,0.0,RUTINA,NULO,No descargada,2026-09-17 19:20:54,2026-09-18 03:30:57,NO
1789674121,2026-09-17 19:42:01,2026-09-17 16:42:01,Copahue,VIIRS,0.0,0.0,RUTINA,NULO,No descargada,2026-09-17 19:20:54,2026-09-18 03:30:57,NO
1789674121,2026-09-17 19:42:01,2026-09-17 16:42:01,Puyehue-Cordon Caulle,VIIRS,0.0,0.0,RUTINA,NULO,No descargada,2026-09-17 19:20:54,2026-09-18 03:30:57,NO
1789674121,2026-09-17 19:42:01,2026-09-17 16:42:01,Villarrica,VIIRS375,0.0,0.0,RUTINA,NULO,No descargada,2026-09-17 20:01:05,2026-09-18 03:41:07,NO
1789674121,2026-09-17 19:42:01,2026-09-17 16:42:01,Copahue,VIIRS375,0.0,0.0,RUTINA,NULO,No descargada,2026-09-17 20:01:05,2026-09-18 03:41:07,NO
1789674121,2026-09-17 19:42:01,2026-09-17 16:42:01,Llaima,VIIRS375,0.0,0.0,RUTINA,NULO,No descargada,2026-09-17 20:01:05,2026-09-18 03:41:07,NO
1789674121,2026-09-17 19:42:01,2026-09-17 16:42:01,PlanchonPeteroa,VIIRS,0.0,0.0,RUTINA,NULO,No descargada,2026-09-17 19:20:54,2026-09-18 04:46:03,NO
1789674121,2026-09-17 19:42:01,2026-09-17 16:42:01,Llaima,VIIRS,0.0,0.0,RUTINA,NULO,No descargada,2026-09-17 19:20:54,2026-09-18 03:30:57,NO
1789674121,2026-09-17 19:42:01,2026-09-17 16:42:01,Nevados de Chillan,VIIRS375,0.0,0.0,RUTINA,NULO,No descargada,2026-09-17 20:01:05,2026-09-18 04:46:03,NO
1789674121,2026-09-17 19:42:01,2026-09-17 16:42:01,Nevados de Chillan,VIIRS,0.0,0.0,RUTINA,NULO,No descargada,2026-09-17 19:20:54,2026-09-18 04:46:03,NO
1789674121,2026-09-17 19:42:01,2026-09-17 16:42:01,Puyehue-Cordon Caulle,VIIRS375,0.0,0.0,RUTINA,NULO,No descargada,2026-09-17 20:01:05,2026-09-18 03:41:07,NO
1789674121,2026-09-17 19:42:01,2026-09-17 16:42:01,PlanchonPeteroa,VIIRS375,0.0,0.0,RUTINA,NULO,No descargada,2026-09-17 20:01:05,2026-09-18 04:46:03,NO
1789674121,2026-09-17 19:42:01,2026-09-17 16:42:01,Chaiten,VIIRS375,0.0,0.0,RUTINA,NULO,No descargada,2026-09-17 20:01:05,2026-09-18 03:41:07,NO
1789673040,2026-09-17 19:24:00,2026-09-17 16:24:00,Puyehue-Cordon Caulle,VIIRS,0.0,0.0,RUTINA,NULO,No descargada,2026-09-17 18:46:17,2026-09-17 19:15:54,NO
1789673040,2026-09-17 19:24:00,2026-09-17 16:24:00,Llaima,VIIRS375,0.0,0.0,RUTINA,NULO,No descargada,2026-09-17 19:51:06,2026-09-17 19:55:49,NO
1789673040,2026-09-17 19:24:00,2026-09-17 16:24:00,PlanchonPeteroa,VIIRS375,0.0,0.0,RUTINA,NULO,No descargada,2026-09-17 19:51:06,2026-09-17 19:55:49,NO
1789673040,2026-09-17 19:24:00,2026-09-17 16:24:00,Copahue,VIIRS375,8.71,11.58,FALSO_POSITIVO,NULO,No descargada,2026-09-17 19:51:06,2026-09-17 19:55:49,NO
1789673040,2026-09-17 19:24:00,2026-09-17 16:24:00,Llaima,VIIRS,0.0,0.0,RUTINA,NULO,No descargada,2026-09-17 18:46:17,2026-09-17 19:15:54,NO
1789673040,2026-09-17 19:24:00,2026-09-17 16:24:00,Villarrica,VIIRS,0.0,0.0,RUTINA,NULO,No descargada,2026-09-17 18:46:17,2026-09-17 19:15:54,NO
1789673040,2026-09-17 19:24:00,2026-09-17 16:24:00,Chaiten,VIIRS375,0.0,0.0,RUTINA,NULO,No descargada,2026-09-17 19:51:06,2026-09-17 19:55:49,NO
1789673040,2026-09-17 19:24:00,2026-09-17 16:24:00,PlanchonPeteroa,VIIRS,0.0,0.0,RUTINA,NULO,No descargada,2026-09-17 18:46:17,2026-09-17 19:15:54,NO
1789673040,2026-09-17 19:24:00,2026-09-17 16:24:00,Copahue,VIIRS,0.0,0.0,RUTINA,NULO,No descargada,2026-09-17 18:46:17,2026-09-17 19:15:54,NO
1789673040,2026-09-17 19:24:00,2026-09-17 16:24:00,Lastarria,VIIRS375,0.0,0.0,RUTINA,NULO,No descargada,2026-09-17 19:51:06,2026-09-18 04:46:03,NO
1789673040,2026-09-17 19:24:00,2026-09-17 16:24:00,Chaiten,VIIRS,0.0,0.0,RUTINA,NULO,No descargada,2026-09-17 18:46:17,2026-09-17 19:15:54,NO
1789673040,2026-09-17 19:24:00,2026-09-17 16:24:00,Nevados de Chillan,VIIRS,0.0,0.0,RUTINA,NULO,No descargada,2026-09-17 18:46:17,2026-09-17 19:15:54,NO
1789673040,2026-09-17 19:24:00,2026-09-17 16:24:00,Villarrica,VIIRS375,0.0,0.0,RUTINA,NULO,No descargada,2026-09-17 19:51:06,2026-09-17 19:55:49,NO
1789673040,2026-09-17 19:24:00,2026-09-17 16:24:00,Nevados de Chillan,VIIRS375,0.0,0.0,RUTINA,NULO,No descargada,2026-09-17 19:51:06,2026-09-17 19:55:49,NO
1789673040,2026-09-17 19:24:00,2026-09-17 16:24:00,Tupungatito,VIIRS375,0.0,0.0,RUTINA,NULO,No descargada,2026-09-17 19:51:06,2026-09-18 04:46:03,NO
1789673040,2026-09-17 19:24:00,2026-09-17 16:24:00,Lastarria,VIIRS,0.0,0.0,RUTINA,NULO,No descargada,2026-09-17 18:46:17,2026-09-18 04:46:03,NO
1789673040,2026-09-17 19:24:00,2026-09-17 16:24:00,Puyehue-Cordon Caulle,VIIRS375,0.0,0.0,RUTINA,NULO,No descargada,2026-09-17 19:51:06,2026-09-17 19:55:49,NO
1789673040,2026-09-17 19:24:00,2026-09-17 16:24:00,Tupungatito,VIIRS,0.0,0.0,RUTINA,NULO,No descargada,2026-09-17 18:46:17,2026-09-18 04:46:03,NO
1789671242,2026-09-17 18:54:02,2026-09-17 15:54:02,Isluga,VIIRS,0.0,0.0,RUTINA,NULO,No descargada,2026-09-17 18:36:01,2026-09-18 04:46:03,NO
1789671242,2026-09-17 18:54:02,2026-09-17 15:54:02,Isluga,VIIRS375,0.0,0.0,RUTINA,NULO,No descargada,2026-09-17 19:20:54,2026-09-18 04:46:03,NO
1789670882,2026-09-17 18:48:02,2026-09-17 15:48:02,Lascar,VIIRS375,0.0,0.0,RUTINA,NULO,No descargada,2026-09-17 19:20:54,2026-09-18 04:46:03,NO
1789670882,2026-09-17 18:48:02,2026-09-17 15:48:02,Llaima,VIIRS375,0.0,0.0,RUTINA,NULO,No descargada,2026-09-17 19:20:54,2026-09-17 19:45:55,NO
1789670882,2026-09-17 18:48:02,2026-09-17 15:48:02,Puyehue-Cordon Caulle,VIIRS375,0.0,0.0,RUTINA,NULO,No descargada,2026-09-17 19:20:54,2026-09-17 19:45:55,NO
1789670882,2026-09-17 18:48:02,2026-09-17 15:48:02,Tupungatito,VIIRS,0.0,0.0,RUTINA,NULO,No descargada,2026-09-17 18:36:01,2026-09-17 18:40:56,NO
1789670882,2026-09-17 18:48:02,2026-09-17 15:48:02,Villarrica,VIIRS,0.0,0.0,RUTINA,NULO,No descargada,2026-09-17 18:36:01,2026-09-17 18:40:56,NO
1789670882,2026-09-17 18:48:02,2026-09-17 15:48:02,Nevados de Chillan,VIIRS,0.0,0.0,RUTINA,NULO,No descargada,2026-09-17 18:36:01,2026-09-17 18:40:56,NO
1789670882,2026-09-17 18:48:02,2026-09-17 15:48:02,Lastarria,VIIRS,0.0,0.0,RUTINA,NULO,No descargada,2026-09-17 18:36:01,2026-09-17 18:40:56,NO
1789670882,2026-09-17 18:48:02,2026-09-17 15:48:02,Copahue,VIIRS,0.0,0.0,RUTINA,NULO,No descargada,2026-09-17 18:36:01,2026-09-17 18:40:56,NO
1789670882,2026-09-17 18:48:02,2026-09-17 15:48:02,Tupungatito,VIIRS375,0.0,0.0,RUTINA,NULO,No descargada,2026-09-17 19:20:54,2026-09-17 19:45:55,NO
1789670882,2026-09-17 18:48:02,2026-09-17 15:48:02,Nevados de Chillan,VIIRS375,0.0,0.0,RUTINA,NULO,No descargada,2026-09-17 19:20:54,2026-09-17 19:45:55,NO
1789670882,2026-09-17 18:48:02,2026-09-17 15:48:02,PlanchonPeteroa,VIIRS,0.0,0.0,RUTINA,NULO,No descargada,2026-09-17 18:36:01,2026-09-17 18:40:56,NO
1789670882,2026-09-17 18:48:02,2026-09-17 15:48:02,Puyehue-Cordon Caulle,VIIRS,0.0,0.0,RUTINA,NULO,No descargada,2026-09-17 18:36:01,2026-09-17 18:40:56,NO
1789670882,2026-09-17 18:48:02,2026-09-17 15:48:02,Villarrica,VIIRS375,0.0,0.0,RUTINA,NULO,No descargada,2026-09-17 19:20:54,2026-09-17 19:45:55,NO
1789670882,2026-09-17 18:48:02,2026-09-17 15:48:02,Chaiten,VIIRS,0.0,0.0,RUTINA,NULO,No descargada,2026-09-17 18:36:01,2026-09-17 18:40:56,NO
1789670882,2026-09-17 18:48:02,2026-09-17 15:48:02,Lastarria,VIIRS375,4.97,16.88,FALSO_POSITIVO,NULO,No descargada,2026-09-17 19:20:54,2026-09-17 19:45:55,NO
1789670882,2026-09-17 18:48:02,2026-09-17 15:48:02,Chaiten,VIIRS375,0.0,0.0,RUTINA,NULO,No descargada,2026-09-17 19:20:54,2026-09-17 19:45:55,NO
1789670882,2026-09-17 18:48:02,2026-09-17 15:48:02,Lascar,VIIRS,0.0,0.0,RUTINA,NULO,No descargada,2026-09-17 18:36:01,2026-09-18 04:46:03,NO
1789670882,2026-09-17 18:48:02,2026-09-17 15:48:02,Copahue,VIIRS375,1.79,28.35,FALSO_POSITIVO,NULO,No descargada,2026-09-17 19:20:54,2026-09-17 19:45:55,NO
1789670882,2026-09-17 18:48:02,2026-09-17 15:48:02,PlanchonPeteroa,VIIRS375,0.0,0.0,RUTINA,NULO,No descargada,2026-09-17 19:20:54,2026-09-17 19:45:55,NO
1789670882,2026-09-17 18:48:02,2026-09-17 15:48:02,Llaima,VIIRS,0.0,0.0,RUTINA,NULO,No descargada,2026-09-17 18:36:01,2026-09-17 18:40:56,NO
1789668361,2026-09-17 18:06:01,2026-09-17 15:06:01,Lastarria,VIIRS,0.0,0.0,RUTINA,NULO,No descargada,2026-09-17 18:21:13,2026-09-17 18:31:05,NO
1789668361,2026-09-17 18:06:01,2026-09-17 15:06:01,Tupungatito,VIIRS,0.0,0.0,RUTINA,NULO,No descargada,2026-09-17 18:21:13,2026-09-17 18:31:05,NO
1789668361,2026-09-17 18:06:01,2026-09-17 15:06:01,Lascar,VIIRS,0.0,0.0,RUTINA,NULO,No descargada,2026-09-17 18:21:13,2026-09-17 18:31:05,NO
1789668361,2026-09-17 18:06:01,2026-09-17 15:06:01,Isluga,VIIRS,3.54,21.8,FALSO_POSITIVO,NULO,No descargada,2026-09-17 18:21:13,2026-09-17 18:31:05,NO
1789668001,2026-09-17 18:00:01,2026-09-17 15:00:01,Copahue,VIIRS,0.0,0.0,RUTINA,NULO,No descargada,2026-09-17 18:21:13,2026-09-17 18:31:05,NO
1789668001,2026-09-17 18:00:01,2026-09-17 15:00:01,Puyehue-Cordon Caulle,VIIRS,0.0,0.0,RUTINA,NULO,No descargada,2026-09-17 18:21:13,2026-09-17 18:31:05,NO
1789668001,2026-09-17 18:00:01,2026-09-17 15:00:01,Chaiten,VIIRS,0.0,0.0,RUTINA,NULO,No descargada,2026-09-17 18:21:13,2026-09-17 18:31:05,NO
1789668001,2026-09-17 18:00:01,2026-09-17 15:00:01,Nevados de Chillan,VIIRS,0.0,0.0,RUTINA,NULO,No descargada,2026-09-17 18:21:13,2026-09-17 18:31:05,NO
1789668001,2026-09-17 18:00:01,2026-09-17 15:00:01,Llaima,VIIRS,0.0,0.0,RUTINA,NULO,No descargada,2026-09-17 18:21:13,2026-09-17 18:31:05,NO
1789668001,2026-09-17 18:00:01,2026-09-17 15:00:01,PlanchonPeteroa,VIIRS,0.0,0.0,RUTINA,NULO,No descargada,2026-09-17 18:21:13,2026-09-17 18:31:05,NO
1789668001,2026-09-17 18:00:01,2026-09-17 15:00:01,Villarrica,VIIRS,0.0,0.0,RUTINA,NULO,No descargada,2026-09-17 18:21:13,2026-09-17 18:31:05,NO
1789667280,2026-09-17 17:48:00,2026-09-17 14:48:00,Lastarria,VIIRS,0.0,0.0,RUTINA,NULO,No descargada,2026-09-17 18:05:55,2026-09-17 18:16:04,NO
1789667280,2026-09-17 17:48:00,2026-09-17 14:48:00,Isluga,VIIRS,0.0,0.0,RUTINA,NULO,No descargada,2026-09-17 18:05:55,2026-09-17 18:16:04,NO
1789667280,2026-09-17 17:48:00,2026-09-17 14:48:00,Isluga,VIIRS375,0.0,0.0,RUTINA,NULO,No descargada,2026-09-17 18:46:17,2026-09-17 19:15:54,NO
1789667280,2026-09-17 17:48:00,2026-09-17 14:48:00,Lastarria,VIIRS375,0.0,0.0,RUTINA,NULO,No descargada,2026-09-17 18:46:17,2026-09-17 19:15:54,NO
1789667280,2026-09-17 17:48:00,2026-09-17 14:48:00,Lascar,VIIRS,0.0,0.0,RUTINA,NULO,No descargada,2026-09-17 18:05:55,2026-09-17 18:16:04,NO
1789667280,2026-09-17 17:48:00,2026-09-17 14:48:00,Lascar,VIIRS375,0.0,0.0,RUTINA,NULO,No descargada,2026-09-17 18:46:17,2026-09-17 19:15:54,NO
1789666920,2026-09-17 17:42:00,2026-09-17 14:42:00,Llaima,VIIRS,0.0,0.0,RUTINA,NULO,No descargada,2026-09-17 18:05:55,2026-09-17 18:16:04,NO
1789666920,2026-09-17 17:42:00,2026-09-17 14:42:00,Puyehue-Cordon Caulle,VIIRS375,0.0,0.0,RUTINA,NULO,No descargada,2026-09-17 18:46:17,2026-09-17 19:15:54,NO
1789666920,2026-09-17 17:42:00,2026-09-17 14:42:00,PlanchonPeteroa,VIIRS,0.0,0.0,RUTINA,NULO,No descargada,2026-09-17 18:05:55,2026-09-17 18:16:04,NO
1789666920,2026-09-17 17:42:00,2026-09-17 14:42:00,Copahue,VIIRS,34.44,15.46,FALSO_POSITIVO,NULO,No descargada,2026-09-17 18:05:55,2026-09-17 18:16:04,NO
1789666920,2026-09-17 17:42:00,2026-09-17 14:42:00,Chaiten,VIIRS375,0.0,0.0,RUTINA,NULO,No descargada,2026-09-17 18:46:17,2026-09-17 19:15:54,NO
1789666920,2026-09-17 17:42:00,2026-09-17 14:42:00,Puyehue-Cordon Caulle,VIIRS,0.0,0.0,RUTINA,NULO,No descargada,2026-09-17 18:05:55,2026-09-17 18:16:04,NO
1789666920,2026-09-17 17:42:00,2026-09-17 14:42:00,Villarrica,VIIRS,0.0,0.0,RUTINA,NULO,No descargada,2026-09-17 18:05:55,2026-09-17 18:16:04,NO
1789666920,2026-09-17 17:42:00,2026-09-17 14:42:00,Copahue,VIIRS375,38.93,15.32,FALSO_POSITIVO,NULO,No descargada,2026-09-17 18:46:17,2026-09-17 19:15:54,NO
1789666920,2026-09-17 17:42:00,2026-09-17 14:42:00,Tupungatito,VIIRS,0.0,0.0,RUTINA,NULO,No descargada,2026-09-17 18:05:55,2026-09-17 18:16:04,NO
1789666920,2026-09-17 17:42:00,2026-09-17 14:42:00,Villarrica,VIIRS375,0.0,0.0,RUTINA,NULO,No descargada,2026-09-17 18:46:17,2026-09-17 19:15:54,NO
1789666920,2026-09-17 17:42:00,2026-09-17 14:42:00,Tupungatito,VIIRS375,0.0,0.0,RUTINA,NULO,No descargada,2026-09-17 18:46:17,2026-09-17 19:15:54,NO
1789666920,2026-09-17 17:42:00,2026-09-17 14:42:00,Nevados de Chillan,VIIRS375,0.0,0.0,RUTINA,NULO,No descargada,2026-09-17 18:46:17,2026-09-17 19:15:54,NO
1789666920,2026-09-17 17:42:00,2026-09-17 14:42:00,Nevados de Chillan,VIIRS,0.0,0.0,RUTINA,NULO,No descargada,2026-09-17 18:05:55,2026-09-17 18:16:04,NO
1789666920,2026-09-17 17:42:00,2026-09-17 14:42:00,Llaima,VIIRS375,0.0,0.0,RUTINA,NULO,No descargada,2026-09-17 18:46:17,2026-09-17 19:15:54,NO
1789666920,2026-09-17 17:42:00,2026-09-17 14:42:00,Chaiten,VIIRS,0.0,0.0,RUTINA,NULO,No descargada,2026-09-17 18:05:55,2026-09-17 18:16:04,NO
1789666920,2026-09-17 17:42:00,2026-09-17 14:42:00,PlanchonPeteroa,VIIRS375,0.0,0.0,RUTINA,NULO,No descargada,2026-09-17 18:46:17,2026-09-17 19:15:54,NO
1789665122,2026-09-17 17:12:02,2026-09-17 14:12:02,Lascar,VIIRS,0.0,0.0,RUTINA,NULO,No descargada,2026-09-17 17:31:13,2026-09-17 18:01:03,NO
1789665122,2026-09-17 17:12:02,2026-09-17 14:12:02,Lascar,VIIRS375,0.0,0.0,RUTINA,NULO,No descargada,2026-09-17 18:05:55,2026-09-17 18:40:56,NO
1789651800,2026-09-17 13:30:00,2026-09-17 10:30:00,Nevados de Chillan,MODIS,0.0,0.0,RUTINA,NULO,No descargada,2026-09-17 12:31:20,2026-09-17 19:55:49,NO
1789651800,2026-09-17 13:30:00,2026-09-17 10:30:00,PlanchonPeteroa,MODIS,0.0,0.0,RUTINA,NULO,No descargada,2026-09-17 12:31:20,2026-09-17 19:55:49,NO
1789651800,2026-09-17 13:30:00,2026-09-17 10:30:00,Llaima,MODIS,0.0,0.0,RUTINA,NULO,No descargada,2026-09-17 12:31:20,2026-09-17 19:55:49,NO
1789651800,2026-09-17 13:30:00,2026-09-17 10:30:00,Copahue,MODIS,0.0,0.0,RUTINA,NULO,No descargada,2026-09-17 12:31:20,2026-09-17 19:55:49,NO
1789651800,2026-09-17 13:30:00,2026-09-17 10:30:00,Villarrica,MODIS,0.0,0.0,RUTINA,NULO,No descargada,2026-09-17 12:31:20,2026-09-17 19:55:49,NO
1789651800,2026-09-17 13:30:00,2026-09-17 10:30:00,Puyehue-Cordon Caulle,MODIS,0.0,0.0,RUTINA,NULO,No descargada,2026-09-17 12:31:20,2026-09-17 19:55:49,NO
1789651800,2026-09-17 13:30:00,2026-09-17 10:30:00,Tupungatito,MODIS,0.0,0.0,RUTINA,NULO,No descargada,2026-09-17 12:31:20,2026-09-17 18:55:58,NO
1789651800,2026-09-17 13:30:00,2026-09-17 10:30:00,Lastarria,MODIS,0.0,0.0,RUTINA,NULO,No descargada,2026-09-17 12:31:20,2026-09-17 18:55:58,NO
1789651800,2026-09-17 13:30:00,2026-09-17 10:30:00,Chaiten,MODIS,0.0,0.0,RUTINA,NULO,No descargada,2026-09-17 12:31:20,2026-09-17 20:10:50,NO
1789651500,2026-09-17 13:25:00,2026-09-17 10:25:00,Isluga,MODIS,0.0,0.0,RUTINA,NULO,No descargada,2026-09-17 12:31:20,2026-09-17 18:55:58,NO
1789651500,2026-09-17 13:25:00,2026-09-17 10:25:00,Lascar,MODIS,0.0,0.0,RUTINA,NULO,No descargada,2026-09-17 12:31:20,2026-09-17 18:55:58,NO
1789631700,2026-09-17 07:55:00,2026-09-17 04:55:00,Llaima,MODIS,0.0,0.0,RUTINA,NULO,No descargada,2026-09-17 07:50:53,2026-09-17 12:25:52,NO
1789631700,2026-09-17 07:55:00,2026-09-17 04:55:00,Nevados de Chillan,MODIS,0.0,0.0,RUTINA,NULO,No descargada,2026-09-17 07:50:53,2026-09-17 12:25:52,NO
1789631700,2026-09-17 07:55:00,2026-09-17 04:55:00,Puyehue-Cordon Caulle,MODIS,0.0,0.0,RUTINA,NULO,No descargada,2026-09-17 07:50:53,2026-09-17 12:25:52,NO
1789631700,2026-09-17 07:55:00,2026-09-17 04:55:00,Villarrica,MODIS,0.0,0.0,RUTINA,NULO,No descargada,2026-09-17 07:50:53,2026-09-17 12:25:52,NO
1789631700,2026-09-17 07:55:00,2026-09-17 04:55:00,Chaiten,MODIS,0.0,0.0,RUTINA,NULO,No descargada,2026-09-17 07:50:53,2026-09-17 12:25:52,NO
1789631700,2026-09-17 07:55:00,2026-09-17 04:55:00,Copahue,MODIS,0.0,0.0,RUTINA,NULO,No descargada,2026-09-17 07:50:53,2026-09-17 12:25:52,NO
1789631400,2026-09-17 07:50:00,2026-09-17 04:50:00,PlanchonPeteroa,MODIS,0.0,0.0,RUTINA,NULO,No descargada,2026-09-17 07:50:53,2026-09-17 12:25:52,NO
1789631400,2026-09-17 07:50:00,2026-09-17 04:50:00,Lascar,MODIS,0.0,0.0,RUTINA,NULO,No descargada,2026-09-17 07:50:53,2026-09-17 12:25:52,NO
1789631400,2026-09-17 07:50:00,2026-09-17 04:50:00,Tupungatito,MODIS,0.0,0.0,RUTINA,NULO,No descargada,2026-09-17 07:50:53,2026-09-17 12:25:52,NO
1789631400,2026-09-17 07:50:00,2026-09-17 04:50:00,Isluga,MODIS,0.0,0.0,RUTINA,NULO,No descargada,2026-09-17 07:50:53,2026-09-17 12:25:52,NO
1789631400,2026-09-17 07:50:00,2026-09-17 04:50:00,Lastarria,MODIS,0.0,0.0,RUTINA,NULO,No descargada,2026-09-17 07:50:53,2026-09-17 12:25:52,NO
1789628760,2026-09-17 07:06:00,2026-09-17 04:06:00,Puyehue-Cordon Caulle,VIIRS375,0.0,0.0,RUTINA,NULO,No descargada,2026-09-17 10:06:04,2026-09-17 18:40:56,NO
1789628760,2026-09-17 07:06:00,2026-09-17 04:06:00,Llaima,VIIRS,0.0,0.0,RUTINA,NULO,No descargada,2026-09-17 10:20:56,2026-09-17 18:01:03,NO
1789628760,2026-09-17 07:06:00,2026-09-17 04:06:00,Villarrica,VIIRS375,0.0,0.0,RUTINA,NULO,No descargada,2026-09-17 10:06:04,2026-09-17 18:40:56,NO
1789628760,2026-09-17 07:06:00,2026-09-17 04:06:00,Chaiten,VIIRS375,0.0,0.0,RUTINA,NULO,No descargada,2026-09-17 10:06:04,2026-09-17 18:40:56,NO
1789628760,2026-09-17 07:06:00,2026-09-17 04:06:00,Chaiten,VIIRS,0.0,0.0,RUTINA,NULO,No descargada,2026-09-17 10:20:56,2026-09-17 18:01:03,NO
1789628760,2026-09-17 07:06:00,2026-09-17 04:06:00,Nevados de Chillan,VIIRS,0.0,0.0,RUTINA,NULO,No descargada,2026-09-17 10:06:04,2026-09-17 18:01:03,NO
1789628760,2026-09-17 07:06:00,2026-09-17 04:06:00,Nevados de Chillan,VIIRS375,0.0,0.0,RUTINA,NULO,No descargada,2026-09-17 10:06:04,2026-09-17 18:40:56,NO
1789628760,2026-09-17 07:06:00,2026-09-17 04:06:00,Llaima,VIIRS375,0.0,0.0,RUTINA,NULO,No descargada,2026-09-17 10:06:04,2026-09-17 18:40:56,NO
1789628760,2026-09-17 07:06:00,2026-09-17 04:06:00,Villarrica,VIIRS,0.0,0.0,RUTINA,NULO,No descargada,2026-09-17 10:20:56,2026-09-17 18:01:03,NO
1789628760,2026-09-17 07:06:00,2026-09-17 04:06:00,Puyehue-Cordon Caulle,VIIRS,0.0,0.0,RUTINA,NULO,No descargada,2026-09-17 10:20:56,2026-09-17 18:01:03,NO
1789626602,2026-09-17 06:30:02,2026-09-17 03:30:02,Chaiten,VIIRS,0.0,0.0,RUTINA,NULO,No descargada,2026-09-17 08:31:08,2026-09-17 10:15:57,NO
1789626602,2026-09-17 06:30:02,2026-09-17 03:30:02,Llaima,VIIRS375,0.0,0.0,RUTINA,NULO,No descargada,2026-09-17 07:50:53,2026-09-17 10:01:05,NO
1789626602,2026-09-17 06:30:02,2026-09-17 03:30:02,Chaiten,VIIRS375,0.0,0.0,RUTINA,NULO,No descargada,2026-09-17 07:50:53,2026-09-17 10:01:05,NO
1789626602,2026-09-17 06:30:02,2026-09-17 03:30:02,Llaima,VIIRS,0.0,0.0,RUTINA,NULO,No descargada,2026-09-17 08:31:08,2026-09-17 10:15:57,NO
1789626602,2026-09-17 06:30:02,2026-09-17 03:30:02,Puyehue-Cordon Caulle,VIIRS375,0.27,7.65,ALERTA_TERMICA,Muy Bajo,imagenes_satelitales/Puyehue_Cordon_Caulle/2026-09-17/06-30-02_Puyehue_Cordon_Caulle_VIIRS375_Latest.png,2026-09-17 07:50:53,2026-09-17 10:01:05,NO
1789626602,2026-09-17 06:30:02,2026-09-17 03:30:02,Villarrica,VIIRS375,0.5,23.85,FALSO_POSITIVO,NULO,No descargada,2026-09-17 07:50:53,2026-09-17 10:01:05,NO
1789626602,2026-09-17 06:30:02,2026-09-17 03:30:02,Puyehue-Cordon Caulle,VIIRS,0.38,7.65,ALERTA_TERMICA,Muy Bajo,imagenes_satelitales/Puyehue_Cordon_Caulle/2026-09-17/06-30-02_Puyehue_Cordon_Caulle_VIIRS750_Latest.png,2026-09-17 08:31:08,2026-09-17 10:15:57,NO
1789626602,2026-09-17 06:30:02,2026-09-17 03:30:02,Villarrica,VIIRS,0.0,0.0,RUTINA,NULO,No descargada,2026-09-17 08:31:08,2026-09-17 10:15:57,NO
1789626242,2026-09-17 06:24:02,2026-09-17 03:24:02,Tupungatito,VIIRS,0.0,0.0,RUTINA,NULO,No descargada,2026-09-17 08:31:08,2026-09-17 18:01:03,NO
1789626242,2026-09-17 06:24:02,2026-09-17 03:24:02,Lascar,VIIRS375,0.0,0.0,RUTINA,NULO,No descargada,2026-09-17 07:50:53,2026-09-17 18:01:03,NO
1789626242,2026-09-17 06:24:02,2026-09-17 03:24:02,Nevados de Chillan,VIIRS,0.0,0.0,RUTINA,NULO,No descargada,2026-09-17 08:31:08,2026-09-17 10:01:05,NO
1789626242,2026-09-17 06:24:02,2026-09-17 03:24:02,Lascar,VIIRS,0.0,0.0,RUTINA,NULO,No descargada,2026-09-17 08:31:08,2026-09-17 17:26:01,NO
1789626242,2026-09-17 06:24:02,2026-09-17 03:24:02,PlanchonPeteroa,VIIRS375,0.0,0.0,RUTINA,NULO,No descargada,2026-09-17 07:50:53,2026-09-17 18:40:56,NO
1789626242,2026-09-17 06:24:02,2026-09-17 03:24:02,Lastarria,VIIRS,0.0,0.0,RUTINA,NULO,No descargada,2026-09-17 08:31:08,2026-09-17 18:01:03,NO
1789626242,2026-09-17 06:24:02,2026-09-17 03:24:02,Isluga,VIIRS,0.0,0.0,RUTINA,NULO,No descargada,2026-09-17 08:31:08,2026-09-17 18:01:03,NO
1789626242,2026-09-17 06:24:02,2026-09-17 03:24:02,PlanchonPeteroa,VIIRS,0.0,0.0,RUTINA,NULO,No descargada,2026-09-17 08:31:08,2026-09-17 18:01:03,NO
1789626242,2026-09-17 06:24:02,2026-09-17 03:24:02,Tupungatito,VIIRS375,0.0,0.0,RUTINA,NULO,No descargada,2026-09-17 07:50:53,2026-09-17 18:40:56,NO
1789626242,2026-09-17 06:24:02,2026-09-17 03:24:02,Nevados de Chillan,VIIRS375,0.0,0.0,RUTINA,NULO,No descargada,2026-09-17 07:50:53,2026-09-17 10:01:05,NO
1789626242,2026-09-17 06:24:02,2026-09-17 03:24:02,Lastarria,VIIRS375,0.8,8.79,FALSO_POSITIVO,NULO,No descargada,2026-09-17 07:50:53,2026-09-17 18:40:56,NO
1789626242,2026-09-17 06:24:02,2026-09-17 03:24:02,Isluga,VIIRS375,0.0,0.0,RUTINA,NULO,No descargada,2026-09-17 07:50:53,2026-09-17 18:40:56,NO
1789623721,2026-09-17 05:42:01,2026-09-17 02:42:01,Tupungatito,VIIRS,0.0,0.0,RUTINA,NULO,No descargada,2026-09-17 07:50:53,2026-09-17 08:25:59,NO
1789623721,2026-09-17 05:42:01,2026-09-17 02:42:01,Villarrica,VIIRS,0.16,1.06,ALERTA_TERMICA,Muy Bajo,imagenes_satelitales/Villarrica/2026-09-17/05-42-01_Villarrica_VIIRS750_Latest.png,2026-09-17 07:50:53,2026-09-17 08:25:59,NO
1789623721,2026-09-17 05:42:01,2026-09-17 02:42:01,Nevados de Chillan,VIIRS,0.0,0.0,RUTINA,NULO,No descargada,2026-09-17 07:50:53,2026-09-17 08:25:59,NO
1789623721,2026-09-17 05:42:01,2026-09-17 02:42:01,PlanchonPeteroa,VIIRS375,0.18,1.91,ALERTA_TERMICA,Muy Bajo,imagenes_satelitales/PlanchonPeteroa/2026-09-17/05-42-01_PlanchonPeteroa_VIIRS375_Latest.png,2026-09-17 06:46:10,2026-09-17 07:45:58,NO
1789623721,2026-09-17 05:42:01,2026-09-17 02:42:01,Nevados de Chillan,VIIRS375,0.0,0.0,RUTINA,NULO,No descargada,2026-09-17 06:46:10,2026-09-17 07:45:58,NO
1789623721,2026-09-17 05:42:01,2026-09-17 02:42:01,Chaiten,VIIRS,0.0,0.0,RUTINA,NULO,No descargada,2026-09-17 07:50:53,2026-09-17 08:25:59,NO
1789623721,2026-09-17 05:42:01,2026-09-17 02:42:01,Puyehue-Cordon Caulle,VIIRS,0.42,7.65,ALERTA_TERMICA,Muy Bajo,imagenes_satelitales/Puyehue_Cordon_Caulle/2026-09-17/05-42-01_Puyehue_Cordon_Caulle_VIIRS750_Latest.png,2026-09-17 07:50:53,2026-09-17 08:25:59,NO
1789623721,2026-09-17 05:42:01,2026-09-17 02:42:01,Copahue,VIIRS375,0.0,0.0,RUTINA,NULO,No descargada,2026-09-17 07:50:53,2026-09-17 16:10:55,NO
1789623721,2026-09-17 05:42:01,2026-09-17 02:42:01,PlanchonPeteroa,VIIRS,0.0,0.0,RUTINA,NULO,No descargada,2026-09-17 07:50:53,2026-09-17 08:25:59,NO
1789623721,2026-09-17 05:42:01,2026-09-17 02:42:01,Llaima,VIIRS,0.0,0.0,RUTINA,NULO,No descargada,2026-09-17 07:50:53,2026-09-17 08:25:59,NO
1789623721,2026-09-17 05:42:01,2026-09-17 02:42:01,Copahue,VIIRS,0.0,0.0,RUTINA,NULO,No descargada,2026-09-17 07:50:53,2026-09-17 18:01:03,NO
1789623361,2026-09-17 05:36:01,2026-09-17 02:36:01,Lascar,VIIRS,0.0,0.0,RUTINA,NULO,No descargada,2026-09-17 07:50:53,2026-09-17 08:25:59,NO
1789623361,2026-09-17 05:36:01,2026-09-17 02:36:01,Lastarria,VIIRS375,0.0,0.0,RUTINA,NULO,No descargada,2026-09-17 06:46:10,2026-09-17 07:45:58,NO
1789623361,2026-09-17 05:36:01,2026-09-17 02:36:01,Lascar,VIIRS375,0.0,0.0,RUTINA,NULO,No descargada,2026-09-17 06:46:10,2026-09-17 07:45:58,NO
1789623361,2026-09-17 05:36:01,2026-09-17 02:36:01,Isluga,VIIRS,0.0,0.0,RUTINA,NULO,No descargada,2026-09-17 07:50:53,2026-09-17 08:25:59,NO
1789623361,2026-09-17 05:36:01,2026-09-17 02:36:01,Lastarria,VIIRS,0.0,0.0,RUTINA,NULO,No descargada,2026-09-17 07:50:53,2026-09-17 08:25:59,NO
1789623361,2026-09-17 05:36:01,2026-09-17 02:36:01,Isluga,VIIRS375,1.17,20.12,FALSO_POSITIVO,NULO,No descargada,2026-09-17 06:46:10,2026-09-17 07:45:58,NO
1789620482,2026-09-17 04:48:02,2026-09-17 01:48:02,Nevados de Chillan,VIIRS375,0.0,0.0,RUTINA,NULO,No descargada,2026-09-17 05:21:28,2026-09-17 06:40:55,NO
1789620482,2026-09-17 04:48:02,2026-09-17 01:48:02,Puyehue-Cordon Caulle,VIIRS,0.0,0.0,RUTINA,NULO,No descargada,2026-09-17 05:21:28,2026-09-17 07:45:58,NO
1789620482,2026-09-17 04:48:02,2026-09-17 01:48:02,Chaiten,VIIRS375,0.0,0.0,RUTINA,NULO,No descargada,2026-09-17 05:50:51,2026-09-17 07:45:58,NO
1789620482,2026-09-17 04:48:02,2026-09-17 01:48:02,Nevados de Chillan,VIIRS,0.0,0.0,RUTINA,NULO,No descargada,2026-09-17 05:05:59,2026-09-17 07:45:58,NO
1789620482,2026-09-17 04:48:02,2026-09-17 01:48:02,Chaiten,VIIRS,0.0,0.0,RUTINA,NULO,No descargada,2026-09-17 05:21:28,2026-09-17 07:45:58,NO
1789620482,2026-09-17 04:48:02,2026-09-17 01:48:02,Villarrica,VIIRS375,0.0,0.0,RUTINA,NULO,No descargada,2026-09-17 05:21:28,2026-09-17 07:45:58,NO
1789620482,2026-09-17 04:48:02,2026-09-17 01:48:02,PlanchonPeteroa,VIIRS,0.0,0.0,RUTINA,NULO,No descargada,2026-09-17 05:05:59,2026-09-17 07:45:58,NO
1789620482,2026-09-17 04:48:02,2026-09-17 01:48:02,PlanchonPeteroa,VIIRS375,0.0,0.0,RUTINA,NULO,No descargada,2026-09-17 05:21:28,2026-09-17 06:40:55,NO
1789620482,2026-09-17 04:48:02,2026-09-17 01:48:02,Villarrica,VIIRS,0.0,0.0,RUTINA,NULO,No descargada,2026-09-17 05:21:28,2026-09-17 07:45:58,NO
1789620482,2026-09-17 04:48:02,2026-09-17 01:48:02,Tupungatito,VIIRS375,0.05,5.21,ALERTA_TERMICA,Muy Bajo,imagenes_satelitales/Tupungatito/2026-09-17/04-48-02_Tupungatito_VIIRS375_Latest.png,2026-09-17 05:50:51,2026-09-17 07:45:58,NO
1789620482,2026-09-17 04:48:02,2026-09-17 01:48:02,Llaima,VIIRS375,0.0,0.0,RUTINA,NULO,No descargada,2026-09-17 05:21:28,2026-09-17 07:45:58,NO
1789620482,2026-09-17 04:48:02,2026-09-17 01:48:02,Tupungatito,VIIRS,0.0,0.0,RUTINA,NULO,No descargada,2026-09-17 05:21:28,2026-09-17 07:45:58,NO
1789620482,2026-09-17 04:48:02,2026-09-17 01:48:02,Puyehue-Cordon Caulle,VIIRS375,0.24,23.05,FALSO_POSITIVO,NULO,No descargada,2026-09-17 05:50:51,2026-09-17 07:45:58,NO
1789620482,2026-09-17 04:48:02,2026-09-17 01:48:02,Copahue,VIIRS375,0.0,0.0,RUTINA,NULO,No descargada,2026-09-17 05:21:28,2026-09-17 07:45:58,NO
1789620482,2026-09-17 04:48:02,2026-09-17 01:48:02,Copahue,VIIRS,0.0,0.0,RUTINA,NULO,No descargada,2026-09-17 05:05:59,2026-09-17 07:45:58,NO
1789620482,2026-09-17 04:48:02,2026-09-17 01:48:02,Llaima,VIIRS,0.0,0.0,RUTINA,NULO,No descargada,2026-09-17 05:21:28,2026-09-17 07:45:58,NO
1789620122,2026-09-17 04:42:02,2026-09-17 01:42:02,Lascar,VIIRS375,0.0,0.0,RUTINA,NULO,No descargada,2026-09-17 05:05:59,2026-09-17 06:40:55,NO
1789620122,2026-09-17 04:42:02,2026-09-17 01:42:02,Lastarria,VIIRS375,0.0,0.0,RUTINA,NULO,No descargada,2026-09-17 05:21:28,2026-09-17 06:40:55,NO
1789620122,2026-09-17 04:42:02,2026-09-17 01:42:02,Lastarria,VIIRS,0.0,0.0,RUTINA,NULO,No descargada,2026-09-17 05:05:59,2026-09-17 07:45:58,NO
1789620122,2026-09-17 04:42:02,2026-09-17 01:42:02,Lascar,VIIRS,0.0,0.0,RUTINA,NULO,No descargada,2026-09-17 05:05:59,2026-09-17 07:45:58,NO
1789612200,2026-09-17 02:30:00,2026-09-16 23:30:00,PlanchonPeteroa,MODIS,0.0,0.0,RUTINA,NULO,No descargada,2026-09-17 01:50:52,2026-09-17 07:45:58,NO
1789612200,2026-09-17 02:30:00,2026-09-16 23:30:00,Puyehue-Cordon Caulle,MODIS,0.0,0.0,RUTINA,NULO,No descargada,2026-09-17 01:50:52,2026-09-17 07:45:58,NO
1789612200,2026-09-17 02:30:00,2026-09-16 23:30:00,Chaiten,MODIS,0.0,0.0,RUTINA,NULO,No descargada,2026-09-17 01:50:52,2026-09-17 07:45:58,NO
1789612200,2026-09-17 02:30:00,2026-09-16 23:30:00,Villarrica,MODIS,0.0,0.0,RUTINA,NULO,No descargada,2026-09-17 01:50:52,2026-09-17 07:45:58,NO
1789612200,2026-09-17 02:30:00,2026-09-16 23:30:00,Nevados de Chillan,MODIS,0.0,0.0,RUTINA,NULO,No descargada,2026-09-17 01:50:52,2026-09-17 07:45:58,NO
1789612200,2026-09-17 02:30:00,2026-09-16 23:30:00,Copahue,MODIS,0.0,0.0,RUTINA,NULO,No descargada,2026-09-17 01:50:52,2026-09-17 07:45:58,NO
1789612200,2026-09-17 02:30:00,2026-09-16 23:30:00,Llaima,MODIS,0.0,0.0,RUTINA,NULO,No descargada,2026-09-17 01:50:52,2026-09-17 07:45:58,NO
1789606500,2026-09-17 00:55:00,2026-09-16 21:55:00,Lastarria,MODIS,0.0,0.0,RUTINA,NULO,No descargada,2026-09-17 00:35:50,2026-09-17 07:45:58,NO
1789606500,2026-09-17 00:55:00,2026-09-16 21:55:00,Lascar,MODIS,0.0,0.0,RUTINA,NULO,No descargada,2026-09-17 00:35:50,2026-09-17 07:45:58,NO
1789606500,2026-09-17 00:55:00,2026-09-16 21:55:00,Isluga,MODIS,0.0,0.0,RUTINA,NULO,No descargada,2026-09-17 00:35:50,2026-09-17 07:45:58,NO
1789606200,2026-09-17 00:50:00,2026-09-16 21:50:00,PlanchonPeteroa,MODIS,0.0,0.0,RUTINA,NULO,No descargada,2026-09-17 00:35:50,2026-09-17 01:46:03,NO
1789606200,2026-09-17 00:50:00,2026-09-16 21:50:00,Tupungatito,MODIS,0.0,0.0,RUTINA,NULO,No descargada,2026-09-17 00:35:50,2026-09-17 07:45:58,NO
1789592100,2026-09-16 20:55:00,2026-09-16 17:55:00,Isluga,MODIS,0.0,0.0,RUTINA,NULO,No descargada,2026-09-16 19:20:53,2026-09-17 00:30:54,NO
1789592100,2026-09-16 20:55:00,2026-09-16 17:55:00,Lascar,MODIS,0.0,0.0,RUTINA,NULO,No descargada,2026-09-16 19:20:53,2026-09-17 00:30:54,NO
1789592100,2026-09-16 20:55:00,2026-09-16 17:55:00,Lastarria,MODIS,0.0,0.0,RUTINA,NULO,No descargada,2026-09-16 19:20:53,2026-09-17 00:30:54,NO
1789592100,2026-09-16 20:55:00,2026-09-16 17:55:00,Tupungatito,MODIS,0.0,0.0,RUTINA,NULO,No descargada,2026-09-16 19:20:53,2026-09-17 00:30:54,NO
1789591800,2026-09-16 20:50:00,2026-09-16 17:50:00,Puyehue-Cordon Caulle,MODIS,0.0,0.0,RUTINA,NULO,No descargada,2026-09-16 20:01:04,2026-09-17 01:46:03,NO
1789591800,2026-09-16 20:50:00,2026-09-16 17:50:00,Chaiten,MODIS,0.0,0.0,RUTINA,NULO,No descargada,2026-09-16 20:01:04,2026-09-17 01:46:03,NO
1789591800,2026-09-16 20:50:00,2026-09-16 17:50:00,PlanchonPeteroa,MODIS,0.0,0.0,RUTINA,NULO,No descargada,2026-09-16 20:01:04,2026-09-17 00:30:54,NO
1789591800,2026-09-16 20:50:00,2026-09-16 17:50:00,Nevados de Chillan,MODIS,0.0,0.0,RUTINA,NULO,No descargada,2026-09-16 20:01:04,2026-09-17 01:46:03,NO
1789591800,2026-09-16 20:50:00,2026-09-16 17:50:00,Llaima,MODIS,0.0,0.0,RUTINA,NULO,No descargada,2026-09-16 20:01:04,2026-09-17 01:46:03,NO
1789591800,2026-09-16 20:50:00,2026-09-16 17:50:00,Villarrica,MODIS,0.0,0.0,RUTINA,NULO,No descargada,2026-09-16 20:01:04,2026-09-17 01:46:03,NO
1789591800,2026-09-16 20:50:00,2026-09-16 17:50:00,Copahue,MODIS,0.0,0.0,RUTINA,NULO,No descargada,2026-09-16 20:01:04,2026-09-17 01:46:03,NO
1789588801,2026-09-16 20:00:01,2026-09-16 17:00:01,Puyehue-Cordon Caulle,VIIRS,0.0,0.0,RUTINA,NULO,No descargada,2026-09-16 21:35:54,2026-09-17 05:15:53,NO
1789588801,2026-09-16 20:00:01,2026-09-16 17:00:01,Villarrica,VIIRS,0.0,0.0,RUTINA,NULO,No descargada,2026-09-16 21:35:54,2026-09-17 05:15:53,NO
1789588801,2026-09-16 20:00:01,2026-09-16 17:00:01,Puyehue-Cordon Caulle,VIIRS375,0.0,0.0,RUTINA,NULO,No descargada,2026-09-16 21:35:54,2026-09-17 05:45:56,NO
1789588801,2026-09-16 20:00:01,2026-09-16 17:00:01,Villarrica,VIIRS375,0.0,0.0,RUTINA,NULO,No descargada,2026-09-16 21:35:54,2026-09-17 05:15:53,NO
1789588801,2026-09-16 20:00:01,2026-09-16 17:00:01,Chaiten,VIIRS375,0.0,0.0,RUTINA,NULO,No descargada,2026-09-16 21:35:54,2026-09-17 05:45:56,NO
1789588801,2026-09-16 20:00:01,2026-09-16 17:00:01,Chaiten,VIIRS,0.0,0.0,RUTINA,NULO,No descargada,2026-09-16 21:35:54,2026-09-17 05:15:53,NO
1789587720,2026-09-16 19:42:00,2026-09-16 16:42:00,Copahue,VIIRS375,0.0,0.0,RUTINA,NULO,No descargada,2026-09-16 20:35:57,2026-09-17 05:15:53,NO
1789587720,2026-09-16 19:42:00,2026-09-16 16:42:00,PlanchonPeteroa,VIIRS375,0.0,0.0,RUTINA,NULO,No descargada,2026-09-16 20:35:57,2026-09-17 05:15:53,NO
1789587720,2026-09-16 19:42:00,2026-09-16 16:42:00,Puyehue-Cordon Caulle,VIIRS375,0.0,0.0,RUTINA,NULO,No descargada,2026-09-16 20:35:57,2026-09-16 21:30:59,NO
1789587720,2026-09-16 19:42:00,2026-09-16 16:42:00,Puyehue-Cordon Caulle,VIIRS,0.0,0.0,RUTINA,NULO,No descargada,2026-09-16 20:35:57,2026-09-16 21:30:59,NO
1789587720,2026-09-16 19:42:00,2026-09-16 16:42:00,Llaima,VIIRS375,0.0,0.0,RUTINA,NULO,No descargada,2026-09-16 20:35:57,2026-09-17 05:15:53,NO
1789587720,2026-09-16 19:42:00,2026-09-16 16:42:00,Chaiten,VIIRS,0.0,0.0,RUTINA,NULO,No descargada,2026-09-16 20:35:57,2026-09-16 21:30:59,NO
1789587720,2026-09-16 19:42:00,2026-09-16 16:42:00,Villarrica,VIIRS375,0.0,0.0,RUTINA,NULO,No descargada,2026-09-16 20:35:57,2026-09-16 21:30:59,NO
1789587720,2026-09-16 19:42:00,2026-09-16 16:42:00,PlanchonPeteroa,VIIRS,0.0,0.0,RUTINA,NULO,No descargada,2026-09-16 20:35:57,2026-09-17 05:01:00,NO
1789587720,2026-09-16 19:42:00,2026-09-16 16:42:00,Villarrica,VIIRS,0.0,0.0,RUTINA,NULO,No descargada,2026-09-16 20:35:57,2026-09-16 21:30:59,NO
1789587720,2026-09-16 19:42:00,2026-09-16 16:42:00,Nevados de Chillan,VIIRS,0.0,0.0,RUTINA,NULO,No descargada,2026-09-16 20:35:57,2026-09-17 05:01:00,NO
1789587720,2026-09-16 19:42:00,2026-09-16 16:42:00,Llaima,VIIRS,0.0,0.0,RUTINA,NULO,No descargada,2026-09-16 20:35:57,2026-09-17 05:15:53,NO
1789587720,2026-09-16 19:42:00,2026-09-16 16:42:00,Chaiten,VIIRS375,0.0,0.0,RUTINA,NULO,No descargada,2026-09-16 20:35:57,2026-09-16 21:30:59,NO
1789587720,2026-09-16 19:42:00,2026-09-16 16:42:00,Tupungatito,VIIRS375,0.0,0.0,RUTINA,NULO,No descargada,2026-09-16 20:35:57,2026-09-17 05:45:56,NO
1789587720,2026-09-16 19:42:00,2026-09-16 16:42:00,Tupungatito,VIIRS,0.0,0.0,RUTINA,NULO,No descargada,2026-09-16 20:35:57,2026-09-17 05:15:53,NO
1789587720,2026-09-16 19:42:00,2026-09-16 16:42:00,Copahue,VIIRS,0.0,0.0,RUTINA,NULO,No descargada,2026-09-16 20:35:57,2026-09-17 05:01:00,NO
1789587720,2026-09-16 19:42:00,2026-09-16 16:42:00,Nevados de Chillan,VIIRS375,0.0,0.0,RUTINA,NULO,No descargada,2026-09-16 20:35:57,2026-09-17 05:15:53,NO
1789585562,2026-09-16 19:06:02,2026-09-16 16:06:02,Llaima,VIIRS,0.0,0.0,RUTINA,NULO,No descargada,2026-09-16 20:01:04,2026-09-16 20:30:56,NO
1789585562,2026-09-16 19:06:02,2026-09-16 16:06:02,Villarrica,VIIRS,0.0,0.0,RUTINA,NULO,No descargada,2026-09-16 20:01:04,2026-09-16 20:30:56,NO
1789585562,2026-09-16 19:06:02,2026-09-16 16:06:02,Nevados de Chillan,VIIRS375,0.0,0.0,RUTINA,NULO,No descargada,2026-09-16 20:01:04,2026-09-16 20:30:56,NO
1789585562,2026-09-16 19:06:02,2026-09-16 16:06:02,Chaiten,VIIRS,0.0,0.0,RUTINA,NULO,No descargada,2026-09-16 20:01:04,2026-09-16 20:30:56,NO
1789585562,2026-09-16 19:06:02,2026-09-16 16:06:02,PlanchonPeteroa,VIIRS,0.0,0.0,RUTINA,NULO,No descargada,2026-09-16 20:01:04,2026-09-16 20:30:56,NO
1789585562,2026-09-16 19:06:02,2026-09-16 16:06:02,Copahue,VIIRS,8.99,15.46,FALSO_POSITIVO,NULO,No descargada,2026-09-16 20:01:04,2026-09-16 20:30:56,NO
1789585562,2026-09-16 19:06:02,2026-09-16 16:06:02,Puyehue-Cordon Caulle,VIIRS,0.0,0.0,RUTINA,NULO,No descargada,2026-09-16 20:01:04,2026-09-16 20:30:56,NO
1789585562,2026-09-16 19:06:02,2026-09-16 16:06:02,Tupungatito,VIIRS,0.0,0.0,RUTINA,NULO,No descargada,2026-09-16 20:01:04,2026-09-16 20:30:56,NO
1789585562,2026-09-16 19:06:02,2026-09-16 16:06:02,Lastarria,VIIRS,0.0,0.0,RUTINA,NULO,No descargada,2026-09-16 20:01:04,2026-09-17 05:01:00,NO
1789585562,2026-09-16 19:06:02,2026-09-16 16:06:02,PlanchonPeteroa,VIIRS375,0.0,0.0,RUTINA,NULO,No descargada,2026-09-16 20:01:04,2026-09-16 20:30:56,NO
1789585562,2026-09-16 19:06:02,2026-09-16 16:06:02,Nevados de Chillan,VIIRS,0.0,0.0,RUTINA,NULO,No descargada,2026-09-16 20:01:04,2026-09-16 20:30:56,NO
1789585562,2026-09-16 19:06:02,2026-09-16 16:06:02,Lastarria,VIIRS375,0.0,0.0,RUTINA,NULO,No descargada,2026-09-16 20:01:04,2026-09-17 05:15:53,NO
1789585562,2026-09-16 19:06:02,2026-09-16 16:06:02,Copahue,VIIRS375,4.81,15.46,FALSO_POSITIVO,NULO,No descargada,2026-09-16 20:01:04,2026-09-16 20:30:56,NO
1789583041,2026-09-16 18:24:01,2026-09-16 15:24:01,Isluga,VIIRS,0.0,0.0,RUTINA,NULO,No descargada,2026-09-16 20:01:04,2026-09-17 07:45:58,NO
1789583041,2026-09-16 18:24:01,2026-09-16 15:24:01,Isluga,VIIRS375,0.0,0.0,RUTINA,NULO,No descargada,2026-09-16 20:01:04,2026-09-17 06:40:55,NO
1789583041,2026-09-16 18:24:01,2026-09-16 15:24:01,Tupungatito,VIIRS375,0.0,0.0,RUTINA,NULO,No descargada,2026-09-16 20:01:04,2026-09-16 20:30:56,NO
1789583041,2026-09-16 18:24:01,2026-09-16 15:24:01,Lascar,VIIRS375,0.0,0.0,RUTINA,NULO,No descargada,2026-09-16 20:01:04,2026-09-17 05:01:00,NO
1789583041,2026-09-16 18:24:01,2026-09-16 15:24:01,Lascar,VIIRS,0.0,0.0,RUTINA,NULO,No descargada,2026-09-16 20:01:04,2026-09-17 05:01:00,NO
1789582681,2026-09-16 18:18:01,2026-09-16 15:18:01,Llaima,VIIRS375,0.0,0.0,RUTINA,NULO,No descargada,2026-09-16 20:01:04,2026-09-16 20:30:56,NO
1789582681,2026-09-16 18:18:01,2026-09-16 15:18:01,Chaiten,VIIRS375,0.0,0.0,RUTINA,NULO,No descargada,2026-09-16 20:01:04,2026-09-16 20:30:56,NO
1789582681,2026-09-16 18:18:01,2026-09-16 15:18:01,Puyehue-Cordon Caulle,VIIRS375,0.0,0.0,RUTINA,NULO,No descargada,2026-09-16 20:01:04,2026-09-16 20:30:56,NO
1789582681,2026-09-16 18:18:01,2026-09-16 15:18:01,Villarrica,VIIRS375,0.0,0.0,RUTINA,NULO,No descargada,2026-09-16 20:01:04,2026-09-16 20:30:56,NO
1789581960,2026-09-16 18:06:00,2026-09-16 15:06:00,Isluga,VIIRS375,0.0,0.0,RUTINA,NULO,No descargada,2026-09-16 19:20:53,2026-09-16 19:55:53,NO
1789581960,2026-09-16 18:06:00,2026-09-16 15:06:00,Isluga,VIIRS,0.0,0.0,RUTINA,NULO,No descargada,2026-09-16 19:20:53,2026-09-16 19:55:53,NO
1789581960,2026-09-16 18:06:00,2026-09-16 15:06:00,Lastarria,VIIRS,0.0,0.0,RUTINA,NULO,No descargada,2026-09-16 19:20:53,2026-09-16 19:55:53,NO
1789581960,2026-09-16 18:06:00,2026-09-16 15:06:00,Lastarria,VIIRS375,0.0,0.0,RUTINA,NULO,No descargada,2026-09-16 19:20:53,2026-09-16 19:55:53,NO
1789581960,2026-09-16 18:06:00,2026-09-16 15:06:00,Lascar,VIIRS,0.0,0.0,RUTINA,NULO,No descargada,2026-09-16 19:20:53,2026-09-16 19:55:53,NO
1789581960,2026-09-16 18:06:00,2026-09-16 15:06:00,Lascar,VIIRS375,0.0,0.0,RUTINA,NULO,No descargada,2026-09-16 19:20:53,2026-09-16 19:55:53,NO
1789581600,2026-09-16 18:00:00,2026-09-16 15:00:00,Nevados de Chillan,VIIRS375,0.0,0.0,RUTINA,NULO,No descargada,2026-09-16 19:20:53,2026-09-16 19:55:53,NO
1789581600,2026-09-16 18:00:00,2026-09-16 15:00:00,Copahue,VIIRS375,0.0,0.0,RUTINA,NULO,No descargada,2026-09-16 19:20:53,2026-09-16 19:55:53,NO
1789581600,2026-09-16 18:00:00,2026-09-16 15:00:00,Copahue,VIIRS,0.0,0.0,RUTINA,NULO,No descargada,2026-09-16 19:20:53,2026-09-16 19:55:53,NO
1789581600,2026-09-16 18:00:00,2026-09-16 15:00:00,Llaima,VIIRS,0.0,0.0,RUTINA,NULO,No descargada,2026-09-16 19:20:53,2026-09-16 19:55:53,NO
1789581600,2026-09-16 18:00:00,2026-09-16 15:00:00,PlanchonPeteroa,VIIRS,0.0,0.0,RUTINA,NULO,No descargada,2026-09-16 19:20:53,2026-09-16 19:55:53,NO
1789581600,2026-09-16 18:00:00,2026-09-16 15:00:00,Llaima,VIIRS375,0.0,0.0,RUTINA,NULO,No descargada,2026-09-16 19:20:53,2026-09-16 19:55:53,NO
1789581600,2026-09-16 18:00:00,2026-09-16 15:00:00,Puyehue-Cordon Caulle,VIIRS375,0.0,0.0,RUTINA,NULO,No descargada,2026-09-16 19:20:53,2026-09-16 19:55:53,NO
1789581600,2026-09-16 18:00:00,2026-09-16 15:00:00,Tupungatito,VIIRS375,0.0,0.0,RUTINA,NULO,No descargada,2026-09-16 19:20:53,2026-09-16 19:55:53,NO
1789581600,2026-09-16 18:00:00,2026-09-16 15:00:00,Nevados de Chillan,VIIRS,0.0,0.0,RUTINA,NULO,No descargada,2026-09-16 19:20:53,2026-09-16 19:55:53,NO
1789581600,2026-09-16 18:00:00,2026-09-16 15:00:00,PlanchonPeteroa,VIIRS375,0.0,0.0,RUTINA,NULO,No descargada,2026-09-16 19:20:53,2026-09-16 19:55:53,NO
1789581600,2026-09-16 18:00:00,2026-09-16 15:00:00,Tupungatito,VIIRS,0.0,0.0,RUTINA,NULO,No descargada,2026-09-16 19:20:53,2026-09-16 19:55:53,NO
1789581600,2026-09-16 18:00:00,2026-09-16 15:00:00,Chaiten,VIIRS,0.0,0.0,RUTINA,NULO,No descargada,2026-09-16 19:20:53,2026-09-16 19:55:53,NO
1789581600,2026-09-16 18:00:00,2026-09-16 15:00:00,Puyehue-Cordon Caulle,VIIRS,0.0,0.0,RUTINA,NULO,No descargada,2026-09-16 19:20:53,2026-09-16 19:55:53,NO
1789581600,2026-09-16 18:00:00,2026-09-16 15:00:00,Villarrica,VIIRS,0.0,0.0,RUTINA,NULO,No descargada,2026-09-16 19:20:53,2026-09-16 19:55:53,NO
1789581600,2026-09-16 18:00:00,2026-09-16 15:00:00,Villarrica,VIIRS375,0.0,0.0,RUTINA,NULO,No descargada,2026-09-16 19:20:53,2026-09-16 19:55:53,NO
1789581600,2026-09-16 18:00:00,2026-09-16 15:00:00,Chaiten,VIIRS375,0.0,0.0,RUTINA,NULO,No descargada,2026-09-16 19:20:53,2026-09-16 19:55:53,NO
1789579802,2026-09-16 17:30:02,2026-09-16 14:30:02,Isluga,VIIRS375,0.0,0.0,RUTINA,NULO,No descargada,2026-09-16 18:20:54,2026-09-16 19:15:56,NO
1789579802,2026-09-16 17:30:02,2026-09-16 14:30:02,Lastarria,VIIRS,0.0,0.0,RUTINA,NULO,No descargada,2026-09-16 18:20:54,2026-09-16 19:15:56,NO
1789579802,2026-09-16 17:30:02,2026-09-16 14:30:02,Isluga,VIIRS,0.0,0.0,RUTINA,NULO,No descargada,2026-09-16 18:20:54,2026-09-16 19:15:56,NO
1789579802,2026-09-16 17:30:02,2026-09-16 14:30:02,Lastarria,VIIRS375,0.0,0.0,RUTINA,NULO,No descargada,2026-09-16 18:20:54,2026-09-16 19:15:56,NO
1789579802,2026-09-16 17:30:02,2026-09-16 14:30:02,Lascar,VIIRS375,0.0,0.0,RUTINA,NULO,No descargada,2026-09-16 18:20:54,2026-09-16 19:15:56,NO
1789579802,2026-09-16 17:30:02,2026-09-16 14:30:02,Lascar,VIIRS,0.0,0.0,RUTINA,NULO,No descargada,2026-09-16 18:20:54,2026-09-16 19:15:56,NO
1789579442,2026-09-16 17:24:02,2026-09-16 14:24:02,Tupungatito,VIIRS375,0.0,0.0,RUTINA,NULO,No descargada,2026-09-16 18:20:54,2026-09-16 19:15:56,NO
1789579442,2026-09-16 17:24:02,2026-09-16 14:24:02,Nevados de Chillan,VIIRS,0.0,0.0,RUTINA,NULO,No descargada,2026-09-16 18:20:54,2026-09-16 19:15:56,NO
1789579442,2026-09-16 17:24:02,2026-09-16 14:24:02,Nevados de Chillan,VIIRS375,0.0,0.0,RUTINA,NULO,No descargada,2026-09-16 18:20:54,2026-09-16 19:15:56,NO
1789579442,2026-09-16 17:24:02,2026-09-16 14:24:02,PlanchonPeteroa,VIIRS,0.0,0.0,RUTINA,NULO,No descargada,2026-09-16 18:20:54,2026-09-16 19:15:56,NO
1789579442,2026-09-16 17:24:02,2026-09-16 14:24:02,PlanchonPeteroa,VIIRS375,0.0,0.0,RUTINA,NULO,No descargada,2026-09-16 18:20:54,2026-09-16 19:15:56,NO
1789579442,2026-09-16 17:24:02,2026-09-16 14:24:02,Copahue,VIIRS375,0.0,0.0,RUTINA,NULO,No descargada,2026-09-16 18:20:54,2026-09-16 19:15:56,NO
1789579442,2026-09-16 17:24:02,2026-09-16 14:24:02,Copahue,VIIRS,0.0,0.0,RUTINA,NULO,No descargada,2026-09-16 18:20:54,2026-09-16 19:15:56,NO
1789579442,2026-09-16 17:24:02,2026-09-16 14:24:02,Tupungatito,VIIRS,0.0,0.0,RUTINA,NULO,No descargada,2026-09-16 18:20:54,2026-09-16 19:15:56,NO
1789563300,2026-09-16 12:55:00,2026-09-16 09:55:00,Puyehue-Cordon Caulle,MODIS,0.0,0.0,RUTINA,NULO,No descargada,2026-09-16 11:46:19,2026-09-16 19:55:53,NO
1789563300,2026-09-16 12:55:00,2026-09-16 09:55:00,Villarrica,MODIS,0.0,0.0,RUTINA,NULO,No descargada,2026-09-16 11:46:19,2026-09-16 19:55:53,NO
1789563300,2026-09-16 12:55:00,2026-09-16 09:55:00,Chaiten,MODIS,0.0,0.0,RUTINA,NULO,No descargada,2026-09-16 11:46:19,2026-09-16 19:55:53,NO
1789563000,2026-09-16 12:50:00,2026-09-16 09:50:00,Lascar,MODIS,0.0,0.0,RUTINA,NULO,No descargada,2026-09-16 11:20:55,2026-09-16 19:15:56,NO
1789563000,2026-09-16 12:50:00,2026-09-16 09:50:00,Nevados de Chillan,MODIS,0.0,0.0,RUTINA,NULO,No descargada,2026-09-16 11:20:55,2026-09-16 19:55:53,NO
1789563000,2026-09-16 12:50:00,2026-09-16 09:50:00,Lastarria,MODIS,0.0,0.0,RUTINA,NULO,No descargada,2026-09-16 11:20:55,2026-09-16 19:15:56,NO
1789563000,2026-09-16 12:50:00,2026-09-16 09:50:00,Copahue,MODIS,0.0,0.0,RUTINA,NULO,No descargada,2026-09-16 11:20:55,2026-09-16 19:55:53,NO
1789563000,2026-09-16 12:50:00,2026-09-16 09:50:00,Tupungatito,MODIS,0.0,0.0,RUTINA,NULO,No descargada,2026-09-16 11:20:55,2026-09-16 19:15:56,NO
1789563000,2026-09-16 12:50:00,2026-09-16 09:50:00,PlanchonPeteroa,MODIS,0.0,0.0,RUTINA,NULO,No descargada,2026-09-16 11:20:55,2026-09-16 19:55:53,NO
1789562700,2026-09-16 12:45:00,2026-09-16 09:45:00,Isluga,MODIS,0.0,0.0,RUTINA,NULO,No descargada,2026-09-16 11:20:55,2026-09-16 19:15:56,NO
1789548900,2026-09-16 08:55:00,2026-09-16 05:55:00,Puyehue-Cordon Caulle,MODIS,0.0,0.0,RUTINA,NULO,No descargada,2026-09-16 07:51:01,2026-09-16 11:40:56,NO
1789548900,2026-09-16 08:55:00,2026-09-16 05:55:00,Chaiten,MODIS,0.0,0.0,RUTINA,NULO,No descargada,2026-09-16 07:51:01,2026-09-16 11:40:56,NO
1789548900,2026-09-16 08:55:00,2026-09-16 05:55:00,Villarrica,MODIS,0.0,0.0,RUTINA,NULO,No descargada,2026-09-16 07:51:01,2026-09-16 11:40:56,NO
1789542900,2026-09-16 07:15:00,2026-09-16 04:15:00,Chaiten,MODIS,0.0,0.0,RUTINA,NULO,No descargada,2026-09-16 07:01:18,2026-09-16 07:46:01,NO
1789542900,2026-09-16 07:15:00,2026-09-16 04:15:00,Llaima,MODIS,0.0,0.0,RUTINA,NULO,No descargada,2026-09-16 07:01:18,2026-09-16 19:55:53,NO
1789542900,2026-09-16 07:15:00,2026-09-16 04:15:00,Nevados de Chillan,MODIS,0.0,0.0,RUTINA,NULO,No descargada,2026-09-16 07:01:18,2026-09-16 11:15:55,NO
1789542900,2026-09-16 07:15:00,2026-09-16 04:15:00,Villarrica,MODIS,0.0,0.0,RUTINA,NULO,No descargada,2026-09-16 07:01:18,2026-09-16 07:46:01,NO
1789542900,2026-09-16 07:15:00,2026-09-16 04:15:00,PlanchonPeteroa,MODIS,0.0,0.0,RUTINA,NULO,No descargada,2026-09-16 07:01:18,2026-09-16 11:15:55,NO
1789542900,2026-09-16 07:15:00,2026-09-16 04:15:00,Copahue,MODIS,0.0,0.0,RUTINA,NULO,No descargada,2026-09-16 07:01:18,2026-09-16 11:15:55,NO
1789542900,2026-09-16 07:15:00,2026-09-16 04:15:00,Tupungatito,MODIS,0.0,0.0,RUTINA,NULO,No descargada,2026-09-16 07:01:18,2026-09-16 11:15:55,NO
1789542900,2026-09-16 07:15:00,2026-09-16 04:15:00,Puyehue-Cordon Caulle,MODIS,0.0,0.0,RUTINA,NULO,No descargada,2026-09-16 07:01:18,2026-09-16 07:46:01,NO
1789542600,2026-09-16 07:10:00,2026-09-16 04:10:00,Lascar,MODIS,0.0,0.0,RUTINA,NULO,No descargada,2026-09-16 07:01:18,2026-09-16 11:15:55,NO
1789542600,2026-09-16 07:10:00,2026-09-16 04:10:00,Lastarria,MODIS,0.0,0.0,RUTINA,NULO,No descargada,2026-09-16 07:01:18,2026-09-16 11:15:55,NO
1789541282,2026-09-16 06:48:02,2026-09-16 03:48:02,Copahue,VIIRS375,0.0,0.0,RUTINA,NULO,No descargada,2026-09-16 07:01:18,2026-09-16 18:15:58,NO
1789541282,2026-09-16 06:48:02,2026-09-16 03:48:02,Villarrica,VIIRS375,0.0,0.0,RUTINA,NULO,No descargada,2026-09-16 07:01:18,2026-09-16 18:15:58,NO
1789541282,2026-09-16 06:48:02,2026-09-16 03:48:02,Puyehue-Cordon Caulle,VIIRS375,0.0,0.0,RUTINA,NULO,No descargada,2026-09-16 07:01:18,2026-09-16 19:15:56,NO
1789541282,2026-09-16 06:48:02,2026-09-16 03:48:02,Puyehue-Cordon Caulle,VIIRS,0.0,0.0,RUTINA,NULO,No descargada,2026-09-16 07:01:18,2026-09-16 19:15:56,NO
1789541282,2026-09-16 06:48:02,2026-09-16 03:48:02,Villarrica,VIIRS,0.0,0.0,RUTINA,NULO,No descargada,2026-09-16 07:01:18,2026-09-16 19:15:56,NO
1789541282,2026-09-16 06:48:02,2026-09-16 03:48:02,Nevados de Chillan,VIIRS,0.0,0.0,RUTINA,NULO,No descargada,2026-09-16 07:01:18,2026-09-16 18:15:58,NO
1789541282,2026-09-16 06:48:02,2026-09-16 03:48:02,Chaiten,VIIRS,0.0,0.0,RUTINA,NULO,No descargada,2026-09-16 07:01:18,2026-09-16 19:15:56,NO
1789541282,2026-09-16 06:48:02,2026-09-16 03:48:02,Llaima,VIIRS375,0.0,0.0,RUTINA,NULO,No descargada,2026-09-16 07:01:18,2026-09-16 19:15:56,NO
1789541282,2026-09-16 06:48:02,2026-09-16 03:48:02,PlanchonPeteroa,VIIRS375,0.0,0.0,RUTINA,NULO,No descargada,2026-09-16 07:01:18,2026-09-16 18:15:58,NO
1789541282,2026-09-16 06:48:02,2026-09-16 03:48:02,Nevados de Chillan,VIIRS375,0.0,0.0,RUTINA,NULO,No descargada,2026-09-16 07:01:18,2026-09-16 18:15:58,NO
1789541282,2026-09-16 06:48:02,2026-09-16 03:48:02,PlanchonPeteroa,VIIRS,0.0,0.0,RUTINA,NULO,No descargada,2026-09-16 07:01:18,2026-09-16 18:15:58,NO
1789541282,2026-09-16 06:48:02,2026-09-16 03:48:02,Chaiten,VIIRS375,0.0,0.0,RUTINA,NULO,No descargada,2026-09-16 07:01:18,2026-09-16 19:15:56,NO
1789541282,2026-09-16 06:48:02,2026-09-16 03:48:02,Llaima,VIIRS,0.0,0.0,RUTINA,NULO,No descargada,2026-09-16 07:01:18,2026-09-16 19:15:56,NO
1789541282,2026-09-16 06:48:02,2026-09-16 03:48:02,Copahue,VIIRS,0.0,0.0,RUTINA,NULO,No descargada,2026-09-16 07:01:18,2026-09-16 18:15:58,NO
1789540922,2026-09-16 06:42:02,2026-09-16 03:42:02,Isluga,VIIRS,0.0,0.0,RUTINA,NULO,No descargada,2026-09-16 07:01:18,2026-09-16 18:15:58,NO
1789540922,2026-09-16 06:42:02,2026-09-16 03:42:02,Isluga,VIIRS375,0.0,0.0,RUTINA,NULO,No descargada,2026-09-16 07:01:18,2026-09-16 18:15:58,NO
1789538401,2026-09-16 06:00:01,2026-09-16 03:00:01,PlanchonPeteroa,VIIRS,0.0,0.0,RUTINA,NULO,No descargada,2026-09-16 05:51:17,2026-09-16 06:55:57,NO
1789538401,2026-09-16 06:00:01,2026-09-16 03:00:01,Llaima,VIIRS,0.0,0.0,RUTINA,NULO,No descargada,2026-09-16 05:51:17,2026-09-16 06:55:57,NO
1789538401,2026-09-16 06:00:01,2026-09-16 03:00:01,Puyehue-Cordon Caulle,VIIRS,0.77,7.65,ALERTA_TERMICA,Muy Bajo,imagenes_satelitales/Puyehue_Cordon_Caulle/2026-09-16/06-00-01_Puyehue_Cordon_Caulle_VIIRS750_Latest.png,2026-09-16 05:51:17,2026-09-16 06:55:57,NO
1789538401,2026-09-16 06:00:01,2026-09-16 03:00:01,Lastarria,VIIRS,0.0,0.0,RUTINA,NULO,No descargada,2026-09-16 05:35:58,2026-09-16 18:15:58,NO
1789538401,2026-09-16 06:00:01,2026-09-16 03:00:01,Villarrica,VIIRS,0.0,0.0,RUTINA,NULO,No descargada,2026-09-16 05:51:17,2026-09-16 06:55:57,NO
1789538401,2026-09-16 06:00:01,2026-09-16 03:00:01,Chaiten,VIIRS375,0.0,0.0,RUTINA,NULO,No descargada,2026-09-16 05:51:17,2026-09-16 06:55:57,NO
1789538401,2026-09-16 06:00:01,2026-09-16 03:00:01,Tupungatito,VIIRS,0.0,0.0,RUTINA,NULO,No descargada,2026-09-16 05:51:17,2026-09-16 18:15:58,NO
1789538401,2026-09-16 06:00:01,2026-09-16 03:00:01,Llaima,VIIRS375,0.0,0.0,RUTINA,NULO,No descargada,2026-09-16 05:51:17,2026-09-16 06:55:57,NO
1789538401,2026-09-16 06:00:01,2026-09-16 03:00:01,Tupungatito,VIIRS375,0.0,0.0,RUTINA,NULO,No descargada,2026-09-16 05:51:17,2026-09-16 18:15:58,NO
1789538401,2026-09-16 06:00:01,2026-09-16 03:00:01,Villarrica,VIIRS375,0.19,1.06,ALERTA_TERMICA,Muy Bajo,imagenes_satelitales/Villarrica/2026-09-16/06-00-01_Villarrica_VIIRS375_Latest.png,2026-09-16 05:51:17,2026-09-16 06:55:57,NO
1789538401,2026-09-16 06:00:01,2026-09-16 03:00:01,PlanchonPeteroa,VIIRS375,2.4,3.46,FALSO_POSITIVO,NULO,No descargada,2026-09-16 05:51:17,2026-09-16 06:55:57,NO
1789538401,2026-09-16 06:00:01,2026-09-16 03:00:01,Copahue,VIIRS375,0.0,0.0,RUTINA,NULO,No descargada,2026-09-16 05:51:17,2026-09-16 06:55:57,NO
1789538401,2026-09-16 06:00:01,2026-09-16 03:00:01,Copahue,VIIRS,0.0,0.0,RUTINA,NULO,No descargada,2026-09-16 05:51:17,2026-09-16 06:55:57,NO
1789538401,2026-09-16 06:00:01,2026-09-16 03:00:01,Lastarria,VIIRS375,0.0,0.0,RUTINA,NULO,No descargada,2026-09-16 05:51:17,2026-09-16 18:15:58,NO
1789538401,2026-09-16 06:00:01,2026-09-16 03:00:01,Nevados de Chillan,VIIRS375,0.0,0.0,RUTINA,NULO,No descargada,2026-09-16 05:51:17,2026-09-16 06:55:57,NO
1789538401,2026-09-16 06:00:01,2026-09-16 03:00:01,Nevados de Chillan,VIIRS,0.0,0.0,RUTINA,NULO,No descargada,2026-09-16 05:51:17,2026-09-16 06:55:57,NO
1789538401,2026-09-16 06:00:01,2026-09-16 03:00:01,Puyehue-Cordon Caulle,VIIRS375,0.8,8.19,ALERTA_TERMICA,Muy Bajo,imagenes_satelitales/Puyehue_Cordon_Caulle/2026-09-16/06-00-01_Puyehue_Cordon_Caulle_VIIRS375_Latest.png,2026-09-16 05:51:17,2026-09-16 06:55:57,NO
1789538401,2026-09-16 06:00:01,2026-09-16 03:00:01,Chaiten,VIIRS,0.0,0.0,RUTINA,NULO,No descargada,2026-09-16 05:51:17,2026-09-16 06:55:57,NO
1789538041,2026-09-16 05:54:01,2026-09-16 02:54:01,Isluga,VIIRS375,0.16,0.53,ALERTA_TERMICA,Muy Bajo,imagenes_satelitales/Isluga/2026-09-16/05-54-01_Isluga_VIIRS375_Latest.png,2026-09-16 05:51:17,2026-09-16 06:55:57,NO
1789538041,2026-09-16 05:54:01,2026-09-16 02:54:01,Isluga,VIIRS,0.0,0.0,RUTINA,NULO,No descargada,2026-09-16 05:35:58,2026-09-16 06:55:57,NO
1789536960,2026-09-16 05:36:00,2026-09-16 02:36:00,Lascar,VIIRS,0.0,0.0,RUTINA,NULO,No descargada,2026-09-16 06:06:02,2026-09-16 18:15:58,NO
1789535162,2026-09-16 05:06:02,2026-09-16 02:06:02,Llaima,VIIRS,0.0,0.0,RUTINA,NULO,No descargada,2026-09-16 04:46:05,2026-09-16 05:46:00,NO
1789535162,2026-09-16 05:06:02,2026-09-16 02:06:02,Puyehue-Cordon Caulle,VIIRS,0.0,0.0,RUTINA,NULO,No descargada,2026-09-16 04:46:05,2026-09-16 05:46:00,NO
1789535162,2026-09-16 05:06:02,2026-09-16 02:06:02,Villarrica,VIIRS375,0.0,0.0,RUTINA,NULO,No descargada,2026-09-16 04:46:05,2026-09-16 05:46:00,NO
1789535162,2026-09-16 05:06:02,2026-09-16 02:06:02,Llaima,VIIRS375,0.0,0.0,RUTINA,NULO,No descargada,2026-09-16 04:46:05,2026-09-16 05:46:00,NO
1789535162,2026-09-16 05:06:02,2026-09-16 02:06:02,Nevados de Chillan,VIIRS,0.0,0.0,RUTINA,NULO,No descargada,2026-09-16 04:46:05,2026-09-16 05:46:00,NO
1789535162,2026-09-16 05:06:02,2026-09-16 02:06:02,Puyehue-Cordon Caulle,VIIRS375,0.0,0.0,RUTINA,NULO,No descargada,2026-09-16 04:46:05,2026-09-16 05:46:00,NO
1789535162,2026-09-16 05:06:02,2026-09-16 02:06:02,PlanchonPeteroa,VIIRS,0.0,0.0,RUTINA,NULO,No descargada,2026-09-16 04:46:05,2026-09-16 05:46:00,NO
1789535162,2026-09-16 05:06:02,2026-09-16 02:06:02,Chaiten,VIIRS375,0.0,0.0,RUTINA,NULO,No descargada,2026-09-16 04:46:05,2026-09-16 05:46:00,NO
1789535162,2026-09-16 05:06:02,2026-09-16 02:06:02,Copahue,VIIRS375,0.0,0.0,RUTINA,NULO,No descargada,2026-09-16 04:46:05,2026-09-16 05:46:00,NO
1789535162,2026-09-16 05:06:02,2026-09-16 02:06:02,Villarrica,VIIRS,0.0,0.0,RUTINA,NULO,No descargada,2026-09-16 04:46:05,2026-09-16 05:46:00,NO
1789535162,2026-09-16 05:06:02,2026-09-16 02:06:02,Copahue,VIIRS,0.0,0.0,RUTINA,NULO,No descargada,2026-09-16 04:46:05,2026-09-16 05:46:00,NO
1789535162,2026-09-16 05:06:02,2026-09-16 02:06:02,Tupungatito,VIIRS,0.0,0.0,RUTINA,NULO,No descargada,2026-09-16 04:46:05,2026-09-16 05:46:00,NO
1789535162,2026-09-16 05:06:02,2026-09-16 02:06:02,Chaiten,VIIRS,0.0,0.0,RUTINA,NULO,No descargada,2026-09-16 04:46:05,2026-09-16 05:46:00,NO
1789535162,2026-09-16 05:06:02,2026-09-16 02:06:02,Nevados de Chillan,VIIRS375,0.0,0.0,RUTINA,NULO,No descargada,2026-09-16 04:46:05,2026-09-16 05:46:00,NO
1789535162,2026-09-16 05:06:02,2026-09-16 02:06:02,Tupungatito,VIIRS375,0.11,5.21,ALERTA_TERMICA,Muy Bajo,imagenes_satelitales/Tupungatito/2026-09-16/05-06-02_Tupungatito_VIIRS375_Latest.png,2026-09-16 04:46:05,2026-09-16 05:46:00,NO
1789535162,2026-09-16 05:06:02,2026-09-16 02:06:02,PlanchonPeteroa,VIIRS375,0.0,0.0,RUTINA,NULO,No descargada,2026-09-16 04:46:05,2026-09-16 05:46:00,NO
1789534802,2026-09-16 05:00:02,2026-09-16 02:00:02,Lastarria,VIIRS,1.48,26.42,FALSO_POSITIVO,NULO,No descargada,2026-09-16 04:46:05,2026-09-16 05:31:08,NO
1789534802,2026-09-16 05:00:02,2026-09-16 02:00:02,Lascar,VIIRS375,0.07,1.19,ALERTA_TERMICA,Muy Bajo,imagenes_satelitales/Lascar/2026-09-16/05-00-02_Lascar_VIIRS375_Latest.png,2026-09-16 04:46:05,2026-09-16 06:16:05,NO
1789534802,2026-09-16 05:00:02,2026-09-16 02:00:02,Lascar,VIIRS,0.0,0.0,RUTINA,NULO,No descargada,2026-09-16 04:46:05,2026-09-16 06:01:06,NO
1789534802,2026-09-16 05:00:02,2026-09-16 02:00:02,Isluga,VIIRS375,0.12,1.13,ALERTA_TERMICA,Muy Bajo,imagenes_satelitales/Isluga/2026-09-16/05-00-02_Isluga_VIIRS375_Latest.png,2026-09-16 04:46:05,2026-09-16 05:46:00,NO
1789534802,2026-09-16 05:00:02,2026-09-16 02:00:02,Lastarria,VIIRS375,0.0,0.0,RUTINA,NULO,No descargada,2026-09-16 04:46:05,2026-09-16 05:46:00,NO
1789534802,2026-09-16 05:00:02,2026-09-16 02:00:02,Isluga,VIIRS,0.0,0.0,RUTINA,NULO,No descargada,2026-09-16 04:46:05,2026-09-16 05:31:08,NO
1789523700,2026-09-16 01:55:00,2026-09-15 22:55:00,Lascar,MODIS,0.0,0.0,RUTINA,NULO,No descargada,2026-09-16 01:21:03,2026-09-16 06:55:57,NO
1789523700,2026-09-16 01:55:00,2026-09-15 22:55:00,Isluga,MODIS,0.0,0.0,RUTINA,NULO,No descargada,2026-09-16 01:21:03,2026-09-16 11:15:55,NO
1789523700,2026-09-16 01:55:00,2026-09-15 22:55:00,Lastarria,MODIS,0.0,0.0,RUTINA,NULO,No descargada,2026-09-16 01:21:03,2026-09-16 06:55:57,NO
1789523400,2026-09-16 01:50:00,2026-09-15 22:50:00,PlanchonPeteroa,MODIS,0.0,0.0,RUTINA,NULO,No descargada,2026-09-16 00:16:00,2026-09-16 06:55:57,NO
1789523400,2026-09-16 01:50:00,2026-09-15 22:50:00,Chaiten,MODIS,0.0,0.0,RUTINA,NULO,No descargada,2026-09-16 00:16:00,2026-09-16 06:55:57,NO
1789523400,2026-09-16 01:50:00,2026-09-15 22:50:00,Copahue,MODIS,0.0,0.0,RUTINA,NULO,No descargada,2026-09-16 00:16:00,2026-09-16 06:55:57,NO
1789523400,2026-09-16 01:50:00,2026-09-15 22:50:00,Llaima,MODIS,0.0,0.0,RUTINA,NULO,No descargada,2026-09-16 00:16:00,2026-09-16 06:55:57,NO
1789523400,2026-09-16 01:50:00,2026-09-15 22:50:00,Tupungatito,MODIS,0.0,0.0,RUTINA,NULO,No descargada,2026-09-16 00:16:00,2026-09-16 06:55:57,NO
1789523400,2026-09-16 01:50:00,2026-09-15 22:50:00,Villarrica,MODIS,0.0,0.0,RUTINA,NULO,No descargada,2026-09-16 00:16:00,2026-09-16 06:55:57,NO
1789523400,2026-09-16 01:50:00,2026-09-15 22:50:00,Nevados de Chillan,MODIS,0.0,0.0,RUTINA,NULO,No descargada,2026-09-16 00:16:00,2026-09-16 06:55:57,NO
1789523400,2026-09-16 01:50:00,2026-09-15 22:50:00,Puyehue-Cordon Caulle,MODIS,0.0,0.0,RUTINA,NULO,No descargada,2026-09-16 00:16:00,2026-09-16 06:55:57,NO
1789509000,2026-09-15 21:50:00,2026-09-15 18:50:00,Villarrica,MODIS,0.0,0.0,RUTINA,NULO,No descargada,2026-09-15 21:21:05,2026-09-16 00:11:02,NO
1789509000,2026-09-15 21:50:00,2026-09-15 18:50:00,Puyehue-Cordon Caulle,MODIS,0.0,0.0,RUTINA,NULO,No descargada,2026-09-15 21:21:05,2026-09-16 00:11:02,NO
1789509000,2026-09-15 21:50:00,2026-09-15 18:50:00,Chaiten,MODIS,0.0,0.0,RUTINA,NULO,No descargada,2026-09-15 21:21:05,2026-09-16 00:11:02,NO
1789503600,2026-09-15 20:20:00,2026-09-15 17:20:00,Isluga,MODIS,0.0,0.0,RUTINA,NULO,No descargada,2026-09-15 20:21:01,2026-09-16 01:16:05,NO
1789503600,2026-09-15 20:20:00,2026-09-15 17:20:00,Lascar,MODIS,0.0,0.0,RUTINA,NULO,No descargada,2026-09-15 20:21:01,2026-09-16 01:16:05,NO
1789503300,2026-09-15 20:15:00,2026-09-15 17:15:00,Copahue,MODIS,0.0,0.0,RUTINA,NULO,No descargada,2026-09-15 20:21:01,2026-09-16 00:11:02,NO
1789503300,2026-09-15 20:15:00,2026-09-15 17:15:00,Llaima,MODIS,0.0,0.0,RUTINA,NULO,No descargada,2026-09-15 20:21:01,2026-09-16 00:11:02,NO
1789503300,2026-09-15 20:15:00,2026-09-15 17:15:00,Nevados de Chillan,MODIS,0.0,0.0,RUTINA,NULO,No descargada,2026-09-15 20:21:01,2026-09-16 00:11:02,NO
1789503300,2026-09-15 20:15:00,2026-09-15 17:15:00,Tupungatito,MODIS,0.0,0.0,RUTINA,NULO,No descargada,2026-09-15 20:21:01,2026-09-16 00:11:02,NO
1789503300,2026-09-15 20:15:00,2026-09-15 17:15:00,Lastarria,MODIS,0.0,0.0,RUTINA,NULO,No descargada,2026-09-15 20:21:01,2026-09-16 01:16:05,NO
1789503300,2026-09-15 20:15:00,2026-09-15 17:15:00,Villarrica,MODIS,0.0,0.0,RUTINA,NULO,No descargada,2026-09-15 20:21:01,2026-09-15 21:16:05,NO
1789503300,2026-09-15 20:15:00,2026-09-15 17:15:00,PlanchonPeteroa,MODIS,0.0,0.0,RUTINA,NULO,No descargada,2026-09-15 20:21:01,2026-09-16 00:11:02,NO
1789503300,2026-09-15 20:15:00,2026-09-15 17:15:00,Puyehue-Cordon Caulle,MODIS,0.0,0.0,RUTINA,NULO,No descargada,2026-09-15 20:21:01,2026-09-15 21:16:05,NO
1789503000,2026-09-15 20:10:00,2026-09-15 17:10:00,Chaiten,MODIS,0.0,0.0,RUTINA,NULO,No descargada,2026-09-15 20:21:01,2026-09-15 21:16:05,NO
1789502400,2026-09-15 20:00:00,2026-09-15 17:00:00,Nevados de Chillan,VIIRS,0.0,0.0,RUTINA,NULO,No descargada,2026-09-15 21:35:57,2026-09-16 04:40:59,NO
1789502400,2026-09-15 20:00:00,2026-09-15 17:00:00,Chaiten,VIIRS375,0.0,0.0,RUTINA,NULO,No descargada,2026-09-15 21:35:57,2026-09-16 04:40:59,NO
1789502400,2026-09-15 20:00:00,2026-09-15 17:00:00,Llaima,VIIRS,0.0,0.0,RUTINA,NULO,No descargada,2026-09-15 21:35:57,2026-09-16 04:40:59,NO
1789502400,2026-09-15 20:00:00,2026-09-15 17:00:00,Puyehue-Cordon Caulle,VIIRS375,0.0,0.0,RUTINA,NULO,No descargada,2026-09-15 21:35:57,2026-09-16 04:40:59,NO
1789502400,2026-09-15 20:00:00,2026-09-15 17:00:00,Villarrica,VIIRS,0.0,0.0,RUTINA,NULO,No descargada,2026-09-15 21:35:57,2026-09-16 04:40:59,NO
1789502400,2026-09-15 20:00:00,2026-09-15 17:00:00,Puyehue-Cordon Caulle,VIIRS,0.0,0.0,RUTINA,NULO,No descargada,2026-09-15 21:35:57,2026-09-16 04:40:59,NO
1789502400,2026-09-15 20:00:00,2026-09-15 17:00:00,Nevados de Chillan,VIIRS375,0.0,0.0,RUTINA,NULO,No descargada,2026-09-15 21:35:57,2026-09-16 04:40:59,NO
1789502400,2026-09-15 20:00:00,2026-09-15 17:00:00,Llaima,VIIRS375,0.0,0.0,RUTINA,NULO,No descargada,2026-09-15 21:35:57,2026-09-16 04:40:59,NO
1789502400,2026-09-15 20:00:00,2026-09-15 17:00:00,Villarrica,VIIRS375,0.0,0.0,RUTINA,NULO,No descargada,2026-09-15 21:35:57,2026-09-16 04:40:59,NO
1789502400,2026-09-15 20:00:00,2026-09-15 17:00:00,Copahue,VIIRS,0.0,0.0,RUTINA,NULO,No descargada,2026-09-15 21:35:57,2026-09-16 04:40:59,NO
1789502400,2026-09-15 20:00:00,2026-09-15 17:00:00,Chaiten,VIIRS,0.0,0.0,RUTINA,NULO,No descargada,2026-09-15 21:35:57,2026-09-16 04:40:59,NO
1789502400,2026-09-15 20:00:00,2026-09-15 17:00:00,Copahue,VIIRS375,0.0,0.0,RUTINA,NULO,No descargada,2026-09-15 21:35:57,2026-09-16 04:40:59,NO
1789500242,2026-09-15 19:24:02,2026-09-15 16:24:02,Puyehue-Cordon Caulle,VIIRS375,0.0,0.0,RUTINA,NULO,No descargada,2026-09-15 20:21:01,2026-09-15 21:31:03,NO
1789500242,2026-09-15 19:24:02,2026-09-15 16:24:02,Llaima,VIIRS375,0.0,0.0,RUTINA,NULO,No descargada,2026-09-15 20:21:01,2026-09-15 21:31:03,NO
1789500242,2026-09-15 19:24:02,2026-09-15 16:24:02,Copahue,VIIRS375,0.0,0.0,RUTINA,NULO,No descargada,2026-09-15 20:21:01,2026-09-15 21:31:03,NO
1789500242,2026-09-15 19:24:02,2026-09-15 16:24:02,Copahue,VIIRS,0.0,0.0,RUTINA,NULO,No descargada,2026-09-15 20:01:08,2026-09-15 21:31:03,NO
1789500242,2026-09-15 19:24:02,2026-09-15 16:24:02,Tupungatito,VIIRS375,0.0,0.0,RUTINA,NULO,No descargada,2026-09-15 20:21:01,2026-09-16 04:40:59,NO
1789500242,2026-09-15 19:24:02,2026-09-15 16:24:02,Nevados de Chillan,VIIRS375,0.0,0.0,RUTINA,NULO,No descargada,2026-09-15 20:21:01,2026-09-15 21:31:03,NO
1789500242,2026-09-15 19:24:02,2026-09-15 16:24:02,Llaima,VIIRS,0.0,0.0,RUTINA,NULO,No descargada,2026-09-15 20:01:08,2026-09-15 21:31:03,NO
1789500242,2026-09-15 19:24:02,2026-09-15 16:24:02,Chaiten,VIIRS375,0.0,0.0,RUTINA,NULO,No descargada,2026-09-15 20:21:01,2026-09-15 21:31:03,NO
1789500242,2026-09-15 19:24:02,2026-09-15 16:24:02,Chaiten,VIIRS,0.0,0.0,RUTINA,NULO,No descargada,2026-09-15 20:01:08,2026-09-15 21:31:03,NO
1789500242,2026-09-15 19:24:02,2026-09-15 16:24:02,Villarrica,VIIRS,0.0,0.0,RUTINA,NULO,No descargada,2026-09-15 20:01:08,2026-09-15 21:31:03,NO
1789500242,2026-09-15 19:24:02,2026-09-15 16:24:02,PlanchonPeteroa,VIIRS375,0.0,0.0,RUTINA,NULO,No descargada,2026-09-15 20:21:01,2026-09-16 04:40:59,NO
1789500242,2026-09-15 19:24:02,2026-09-15 16:24:02,Puyehue-Cordon Caulle,VIIRS,0.0,0.0,RUTINA,NULO,No descargada,2026-09-15 20:01:08,2026-09-15 21:31:03,NO
1789500242,2026-09-15 19:24:02,2026-09-15 16:24:02,Villarrica,VIIRS375,0.0,0.0,RUTINA,NULO,No descargada,2026-09-15 20:21:01,2026-09-15 21:31:03,NO
1789500242,2026-09-15 19:24:02,2026-09-15 16:24:02,Nevados de Chillan,VIIRS,0.0,0.0,RUTINA,NULO,No descargada,2026-09-15 20:01:08,2026-09-15 21:31:03,NO
1789500242,2026-09-15 19:24:02,2026-09-15 16:24:02,PlanchonPeteroa,VIIRS,0.0,0.0,RUTINA,NULO,No descargada,2026-09-15 20:01:08,2026-09-16 04:40:59,NO
1789500242,2026-09-15 19:24:02,2026-09-15 16:24:02,Tupungatito,VIIRS,0.0,0.0,RUTINA,NULO,No descargada,2026-09-15 20:01:08,2026-09-16 04:40:59,NO
1789497721,2026-09-15 18:42:01,2026-09-15 15:42:01,Llaima,VIIRS,0.0,0.0,RUTINA,NULO,No descargada,2026-09-15 19:31:10,2026-09-15 19:56:02,NO
1789497721,2026-09-15 18:42:01,2026-09-15 15:42:01,Lastarria,VIIRS,0.0,0.0,RUTINA,NULO,No descargada,2026-09-15 19:31:10,2026-09-16 04:40:59,NO
1789497721,2026-09-15 18:42:01,2026-09-15 15:42:01,Llaima,VIIRS375,0.0,0.0,RUTINA,NULO,No descargada,2026-09-15 20:01:08,2026-09-15 20:16:12,NO
1789497721,2026-09-15 18:42:01,2026-09-15 15:42:01,Villarrica,VIIRS,0.0,0.0,RUTINA,NULO,No descargada,2026-09-15 19:31:10,2026-09-15 19:56:02,NO
1789497721,2026-09-15 18:42:01,2026-09-15 15:42:01,Lastarria,VIIRS375,0.0,0.0,RUTINA,NULO,No descargada,2026-09-15 20:01:08,2026-09-16 04:40:59,NO
1789497721,2026-09-15 18:42:01,2026-09-15 15:42:01,Lascar,VIIRS,0.0,0.0,RUTINA,NULO,No descargada,2026-09-15 19:31:10,2026-09-16 04:40:59,NO
1789497721,2026-09-15 18:42:01,2026-09-15 15:42:01,Tupungatito,VIIRS,0.0,0.0,RUTINA,NULO,No descargada,2026-09-15 19:31:10,2026-09-15 19:56:02,NO
1789497721,2026-09-15 18:42:01,2026-09-15 15:42:01,Isluga,VIIRS,0.0,0.0,RUTINA,NULO,No descargada,2026-09-15 19:31:10,2026-09-16 04:40:59,NO
1789497721,2026-09-15 18:42:01,2026-09-15 15:42:01,PlanchonPeteroa,VIIRS,0.0,0.0,RUTINA,NULO,No descargada,2026-09-15 19:31:10,2026-09-15 19:56:02,NO
1789497721,2026-09-15 18:42:01,2026-09-15 15:42:01,Copahue,VIIRS,0.0,0.0,RUTINA,NULO,No descargada,2026-09-15 19:31:10,2026-09-15 19:56:02,NO
1789497721,2026-09-15 18:42:01,2026-09-15 15:42:01,Nevados de Chillan,VIIRS,0.0,0.0,RUTINA,NULO,No descargada,2026-09-15 19:31:10,2026-09-15 19:56:02,NO
1789497721,2026-09-15 18:42:01,2026-09-15 15:42:01,Villarrica,VIIRS375,0.41,0.53,ALERTA_TERMICA,Muy Bajo,imagenes_satelitales/Villarrica/2026-09-15/18-42-01_Villarrica_VIIRS375_Latest.png,2026-09-15 20:01:08,2026-09-15 20:16:12,NO
1789497721,2026-09-15 18:42:01,2026-09-15 15:42:01,Tupungatito,VIIRS375,0.0,0.0,RUTINA,NULO,No descargada,2026-09-15 20:01:08,2026-09-15 20:16:12,NO
1789497721,2026-09-15 18:42:01,2026-09-15 15:42:01,Copahue,VIIRS375,0.0,0.0,RUTINA,NULO,No descargada,2026-09-15 20:01:08,2026-09-15 20:16:12,NO
1789497721,2026-09-15 18:42:01,2026-09-15 15:42:01,Lascar,VIIRS375,0.0,0.0,RUTINA,NULO,No descargada,2026-09-15 20:01:08,2026-09-16 04:40:59,NO
1789497721,2026-09-15 18:42:01,2026-09-15 15:42:01,Nevados de Chillan,VIIRS375,0.0,0.0,RUTINA,NULO,No descargada,2026-09-15 20:01:08,2026-09-15 20:16:12,NO
1789497721,2026-09-15 18:42:01,2026-09-15 15:42:01,PlanchonPeteroa,VIIRS375,0.0,0.0,RUTINA,NULO,No descargada,2026-09-15 20:01:08,2026-09-15 20:16:12,NO
1789497721,2026-09-15 18:42:01,2026-09-15 15:42:01,Isluga,VIIRS375,0.0,0.0,RUTINA,NULO,No descargada,2026-09-15 20:01:08,2026-09-16 04:40:59,NO
1789497361,2026-09-15 18:36:01,2026-09-15 15:36:01,Chaiten,VIIRS,0.0,0.0,RUTINA,NULO,No descargada,2026-09-15 19:31:10,2026-09-15 19:56:02,NO
1789497361,2026-09-15 18:36:01,2026-09-15 15:36:01,Chaiten,VIIRS375,0.0,0.0,RUTINA,NULO,No descargada,2026-09-15 20:01:08,2026-09-15 20:16:12,NO
1789494122,2026-09-15 17:42:02,2026-09-15 14:42:02,Puyehue-Cordon Caulle,VIIRS375,0.0,0.0,RUTINA,NULO,No descargada,2026-09-15 20:01:08,2026-09-15 20:16:12,NO
1789494122,2026-09-15 17:42:02,2026-09-15 14:42:02,Puyehue-Cordon Caulle,VIIRS,0.0,0.0,RUTINA,NULO,No descargada,2026-09-15 19:31:10,2026-09-15 19:56:02,NO
1789480500,2026-09-15 13:55:00,2026-09-15 10:55:00,Chaiten,MODIS,0.0,0.0,RUTINA,NULO,No descargada,2026-09-15 12:46:13,2026-09-15 20:16:12,NO
1789480200,2026-09-15 13:50:00,2026-09-15 10:50:00,Puyehue-Cordon Caulle,MODIS,0.0,0.0,RUTINA,NULO,No descargada,2026-09-15 12:31:09,2026-09-15 20:16:12,NO
1789480200,2026-09-15 13:50:00,2026-09-15 10:50:00,Nevados de Chillan,MODIS,0.0,0.0,RUTINA,NULO,No descargada,2026-09-15 12:21:04,2026-09-15 20:16:12,NO
1789480200,2026-09-15 13:50:00,2026-09-15 10:50:00,Llaima,MODIS,0.0,0.0,RUTINA,NULO,No descargada,2026-09-15 12:31:09,2026-09-15 20:16:12,NO
1789480200,2026-09-15 13:50:00,2026-09-15 10:50:00,Villarrica,MODIS,0.0,0.0,RUTINA,NULO,No descargada,2026-09-15 12:31:09,2026-09-15 20:16:12,NO
1789474500,2026-09-15 12:15:00,2026-09-15 09:15:00,Villarrica,MODIS,0.0,0.0,RUTINA,NULO,No descargada,2026-09-15 11:20:59,2026-09-15 12:26:37,NO
1789474500,2026-09-15 12:15:00,2026-09-15 09:15:00,PlanchonPeteroa,MODIS,0.0,0.0,RUTINA,NULO,No descargada,2026-09-15 11:20:59,2026-09-15 20:16:12,NO
1789474500,2026-09-15 12:15:00,2026-09-15 09:15:00,Chaiten,MODIS,0.0,0.0,RUTINA,NULO,No descargada,2026-09-15 11:20:59,2026-09-15 12:41:37,NO
1789474500,2026-09-15 12:15:00,2026-09-15 09:15:00,Puyehue-Cordon Caulle,MODIS,0.0,0.0,RUTINA,NULO,No descargada,2026-09-15 11:20:59,2026-09-15 12:26:37,NO
1789474500,2026-09-15 12:15:00,2026-09-15 09:15:00,Nevados de Chillan,MODIS,0.0,0.0,RUTINA,NULO,No descargada,2026-09-15 11:20:59,2026-09-15 12:16:02,NO
1789474500,2026-09-15 12:15:00,2026-09-15 09:15:00,Llaima,MODIS,0.0,0.0,RUTINA,NULO,No descargada,2026-09-15 11:20:59,2026-09-15 12:26:37,NO
1789474500,2026-09-15 12:15:00,2026-09-15 09:15:00,Copahue,MODIS,0.0,0.0,RUTINA,NULO,No descargada,2026-09-15 11:20:59,2026-09-15 20:16:12,NO
1789474200,2026-09-15 12:10:00,2026-09-15 09:10:00,Tupungatito,MODIS,0.0,0.0,RUTINA,NULO,No descargada,2026-09-15 11:20:59,2026-09-15 20:16:12,NO
1789474200,2026-09-15 12:10:00,2026-09-15 09:10:00,Lastarria,MODIS,0.0,0.0,RUTINA,NULO,No descargada,2026-09-15 11:20:59,2026-09-15 20:16:12,NO
1789474200,2026-09-15 12:10:00,2026-09-15 09:10:00,Lascar,MODIS,0.0,0.0,RUTINA,NULO,No descargada,2026-09-15 11:20:59,2026-09-15 20:16:12,NO
1789460100,2026-09-15 08:15:00,2026-09-15 05:15:00,Chaiten,MODIS,0.0,0.0,RUTINA,NULO,No descargada,2026-09-15 08:21:01,2026-09-15 11:16:04,NO
1789460100,2026-09-15 08:15:00,2026-09-15 05:15:00,Llaima,MODIS,0.0,0.0,RUTINA,NULO,No descargada,2026-09-15 08:21:01,2026-09-15 11:16:04,NO
1789460100,2026-09-15 08:15:00,2026-09-15 05:15:00,Villarrica,MODIS,0.0,0.0,RUTINA,NULO,No descargada,2026-09-15 08:21:01,2026-09-15 11:16:04,NO
1789460100,2026-09-15 08:15:00,2026-09-15 05:15:00,Puyehue-Cordon Caulle,MODIS,0.0,0.0,RUTINA,NULO,No descargada,2026-09-15 08:21:01,2026-09-15 11:16:04,NO
1789460100,2026-09-15 08:15:00,2026-09-15 05:15:00,Copahue,MODIS,0.0,0.0,RUTINA,NULO,No descargada,2026-09-15 08:21:01,2026-09-15 11:16:04,NO
1789460100,2026-09-15 08:15:00,2026-09-15 05:15:00,Nevados de Chillan,MODIS,0.0,0.0,RUTINA,NULO,No descargada,2026-09-15 08:21:01,2026-09-15 11:16:04,NO
1789460100,2026-09-15 08:15:00,2026-09-15 05:15:00,PlanchonPeteroa,MODIS,0.0,0.0,RUTINA,NULO,No descargada,2026-09-15 08:21:01,2026-09-15 11:16:04,NO
1789460100,2026-09-15 08:15:00,2026-09-15 05:15:00,Tupungatito,MODIS,0.0,0.0,RUTINA,NULO,No descargada,2026-09-15 08:21:01,2026-09-15 11:16:04,NO
1789459800,2026-09-15 08:10:00,2026-09-15 05:10:00,Lastarria,MODIS,0.0,0.0,RUTINA,NULO,No descargada,2026-09-15 08:21:01,2026-09-15 11:16:04,NO
1789459800,2026-09-15 08:10:00,2026-09-15 05:10:00,Isluga,MODIS,0.0,0.0,RUTINA,NULO,No descargada,2026-09-15 08:21:01,2026-09-15 20:16:12,NO
1789459800,2026-09-15 08:10:00,2026-09-15 05:10:00,Lascar,MODIS,0.0,0.0,RUTINA,NULO,No descargada,2026-09-15 08:21:01,2026-09-15 11:16:04,NO
1789453441,2026-09-15 06:24:01,2026-09-15 03:24:01,Chaiten,VIIRS,0.0,0.0,RUTINA,NULO,No descargada,2026-09-15 08:21:01,2026-09-15 19:26:02,NO
1789453441,2026-09-15 06:24:01,2026-09-15 03:24:01,Chaiten,VIIRS375,0.0,0.0,RUTINA,NULO,No descargada,2026-09-15 06:35:58,2026-09-15 19:56:02,NO
1789453081,2026-09-15 06:18:01,2026-09-15 03:18:01,Lascar,VIIRS,0.0,0.0,RUTINA,NULO,No descargada,2026-09-15 08:21:01,2026-09-15 19:26:02,NO
1789453081,2026-09-15 06:18:01,2026-09-15 03:18:01,Copahue,VIIRS375,0.0,0.0,RUTINA,NULO,No descargada,2026-09-15 06:35:58,2026-09-15 19:56:02,NO
1789453081,2026-09-15 06:18:01,2026-09-15 03:18:01,Tupungatito,VIIRS375,0.0,0.0,RUTINA,NULO,No descargada,2026-09-15 06:35:58,2026-09-15 19:56:02,NO
1789453081,2026-09-15 06:18:01,2026-09-15 03:18:01,Villarrica,VIIRS,0.0,0.0,RUTINA,NULO,No descargada,2026-09-15 08:21:01,2026-09-15 19:26:02,NO
1789453081,2026-09-15 06:18:01,2026-09-15 03:18:01,Lastarria,VIIRS,0.0,0.0,RUTINA,NULO,No descargada,2026-09-15 08:21:01,2026-09-15 19:26:02,NO
1789453081,2026-09-15 06:18:01,2026-09-15 03:18:01,Nevados de Chillan,VIIRS,0.0,0.0,RUTINA,NULO,No descargada,2026-09-15 08:21:01,2026-09-15 19:26:02,NO
1789453081,2026-09-15 06:18:01,2026-09-15 03:18:01,Lastarria,VIIRS375,0.03,1.19,ALERTA_TERMICA,Muy Bajo,imagenes_satelitales/Lastarria/2026-09-15/06-18-01_Lastarria_VIIRS375_Latest.png,2026-09-15 06:35:58,2026-09-15 19:56:02,NO
1789453081,2026-09-15 06:18:01,2026-09-15 03:18:01,PlanchonPeteroa,VIIRS375,0.04,2.02,ALERTA_TERMICA,Muy Bajo,imagenes_satelitales/PlanchonPeteroa/2026-09-15/06-18-01_PlanchonPeteroa_VIIRS375_Latest.png,2026-09-15 06:35:58,2026-09-15 19:56:02,NO
1789453081,2026-09-15 06:18:01,2026-09-15 03:18:01,Villarrica,VIIRS375,0.0,0.0,RUTINA,NULO,No descargada,2026-09-15 06:35:58,2026-09-15 19:56:02,NO
1789453081,2026-09-15 06:18:01,2026-09-15 03:18:01,Llaima,VIIRS375,0.0,0.0,RUTINA,NULO,No descargada,2026-09-15 06:35:58,2026-09-15 19:56:02,NO
1789453081,2026-09-15 06:18:01,2026-09-15 03:18:01,Llaima,VIIRS,0.0,0.0,RUTINA,NULO,No descargada,2026-09-15 08:21:01,2026-09-15 19:26:02,NO
1789453081,2026-09-15 06:18:01,2026-09-15 03:18:01,Nevados de Chillan,VIIRS375,0.05,0.38,ALERTA_TERMICA,Muy Bajo,imagenes_satelitales/Nevados_de_Chillan/2026-09-15/06-18-01_Nevados_de_Chillan_VIIRS375_Latest.png,2026-09-15 06:35:58,2026-09-15 19:56:02,NO
1789453081,2026-09-15 06:18:01,2026-09-15 03:18:01,Copahue,VIIRS,0.0,0.0,RUTINA,NULO,No descargada,2026-09-15 08:21:01,2026-09-15 19:26:02,NO
1789453081,2026-09-15 06:18:01,2026-09-15 03:18:01,PlanchonPeteroa,VIIRS,0.0,0.0,RUTINA,NULO,No descargada,2026-09-15 08:21:01,2026-09-15 19:26:02,NO
1789453081,2026-09-15 06:18:01,2026-09-15 03:18:01,Lascar,VIIRS375,0.24,1.19,ALERTA_TERMICA,Muy Bajo,imagenes_satelitales/Lascar/2026-09-15/06-18-01_Lascar_VIIRS375_Latest.png,2026-09-15 06:35:58,2026-09-15 19:56:02,NO
1789453081,2026-09-15 06:18:01,2026-09-15 03:18:01,Tupungatito,VIIRS,0.0,0.0,RUTINA,NULO,No descargada,2026-09-15 08:21:01,2026-09-15 19:26:02,NO
1789452721,2026-09-15 06:12:01,2026-09-15 03:12:01,Isluga,VIIRS,0.0,0.0,RUTINA,NULO,No descargada,2026-09-15 08:21:01,2026-09-15 19:26:02,NO
1789452721,2026-09-15 06:12:01,2026-09-15 03:12:01,Isluga,VIIRS375,0.0,0.0,RUTINA,NULO,No descargada,2026-09-15 06:35:58,2026-09-15 19:56:02,NO
1789452000,2026-09-15 06:00:00,2026-09-15 03:00:00,Puyehue-Cordon Caulle,VIIRS,0.0,0.0,RUTINA,NULO,No descargada,2026-09-15 09:36:02,2026-09-15 19:26:02,NO
1789452000,2026-09-15 06:00:00,2026-09-15 03:00:00,Puyehue-Cordon Caulle,VIIRS375,0.0,0.0,RUTINA,NULO,No descargada,2026-09-15 08:21:01,2026-09-15 18:01:10,NO
1789449842,2026-09-15 05:24:02,2026-09-15 02:24:02,Copahue,VIIRS375,0.0,0.0,RUTINA,NULO,No descargada,2026-09-15 05:21:01,2026-09-15 06:31:16,NO
1789449842,2026-09-15 05:24:02,2026-09-15 02:24:02,Copahue,VIIRS,0.0,0.0,RUTINA,NULO,No descargada,2026-09-15 04:51:37,2026-09-15 08:16:36,NO
1789449842,2026-09-15 05:24:02,2026-09-15 02:24:02,Nevados de Chillan,VIIRS375,0.0,0.0,RUTINA,NULO,No descargada,2026-09-15 05:21:01,2026-09-15 06:31:16,NO
1789449842,2026-09-15 05:24:02,2026-09-15 02:24:02,Llaima,VIIRS,0.0,0.0,RUTINA,NULO,No descargada,2026-09-15 04:51:37,2026-09-15 08:16:36,NO
1789449842,2026-09-15 05:24:02,2026-09-15 02:24:02,PlanchonPeteroa,VIIRS375,0.0,0.0,RUTINA,NULO,No descargada,2026-09-15 05:21:01,2026-09-15 06:31:16,NO
1789449842,2026-09-15 05:24:02,2026-09-15 02:24:02,Tupungatito,VIIRS,0.0,0.0,RUTINA,NULO,No descargada,2026-09-15 04:51:37,2026-09-15 08:16:36,NO
1789449842,2026-09-15 05:24:02,2026-09-15 02:24:02,Villarrica,VIIRS375,0.0,0.0,RUTINA,NULO,No descargada,2026-09-15 05:21:01,2026-09-15 06:31:16,NO
1789449842,2026-09-15 05:24:02,2026-09-15 02:24:02,Tupungatito,VIIRS375,0.15,4.89,ALERTA_TERMICA,Muy Bajo,imagenes_satelitales/Tupungatito/2026-09-15/05-24-02_Tupungatito_VIIRS375_Latest.png,2026-09-15 05:21:01,2026-09-15 06:31:16,NO
1789449842,2026-09-15 05:24:02,2026-09-15 02:24:02,Puyehue-Cordon Caulle,VIIRS,0.0,0.0,RUTINA,NULO,No descargada,2026-09-15 04:51:37,2026-09-15 09:31:21,NO
1789449842,2026-09-15 05:24:02,2026-09-15 02:24:02,Chaiten,VIIRS375,0.0,0.0,RUTINA,NULO,No descargada,2026-09-15 05:21:01,2026-09-15 06:31:16,NO
1789449842,2026-09-15 05:24:02,2026-09-15 02:24:02,Villarrica,VIIRS,0.0,0.0,RUTINA,NULO,No descargada,2026-09-15 04:51:37,2026-09-15 08:16:36,NO
1789449842,2026-09-15 05:24:02,2026-09-15 02:24:02,Puyehue-Cordon Caulle,VIIRS375,0.0,0.0,RUTINA,NULO,No descargada,2026-09-15 05:21:01,2026-09-15 08:16:36,NO
1789449842,2026-09-15 05:24:02,2026-09-15 02:24:02,PlanchonPeteroa,VIIRS,0.0,0.0,RUTINA,NULO,No descargada,2026-09-15 04:51:37,2026-09-15 08:16:36,NO
1789449842,2026-09-15 05:24:02,2026-09-15 02:24:02,Chaiten,VIIRS,0.0,0.0,RUTINA,NULO,No descargada,2026-09-15 04:51:37,2026-09-15 08:16:36,NO
1789449842,2026-09-15 05:24:02,2026-09-15 02:24:02,Nevados de Chillan,VIIRS,0.0,0.0,RUTINA,NULO,No descargada,2026-09-15 04:51:37,2026-09-15 08:16:36,NO
1789449842,2026-09-15 05:24:02,2026-09-15 02:24:02,Llaima,VIIRS375,0.0,0.0,RUTINA,NULO,No descargada,2026-09-15 05:21:01,2026-09-15 06:31:16,NO
1789449482,2026-09-15 05:18:02,2026-09-15 02:18:02,Lastarria,VIIRS,0.0,0.0,RUTINA,NULO,No descargada,2026-09-15 04:51:37,2026-09-15 08:16:36,NO
1789449482,2026-09-15 05:18:02,2026-09-15 02:18:02,Isluga,VIIRS375,0.4,1.06,ALERTA_TERMICA,Muy Bajo,imagenes_satelitales/Isluga/2026-09-15/05-18-02_Isluga_VIIRS375_Latest.png,2026-09-15 05:05:57,2026-09-15 06:31:16,NO
1789449482,2026-09-15 05:18:02,2026-09-15 02:18:02,Lascar,VIIRS,0.0,0.0,RUTINA,NULO,No descargada,2026-09-15 04:51:37,2026-09-15 08:16:36,NO
1789449482,2026-09-15 05:18:02,2026-09-15 02:18:02,Lascar,VIIRS375,0.23,1.35,ALERTA_TERMICA,Muy Bajo,imagenes_satelitales/Lascar/2026-09-15/05-18-02_Lascar_VIIRS375_Latest.png,2026-09-15 05:21:01,2026-09-15 06:31:16,NO
1789449482,2026-09-15 05:18:02,2026-09-15 02:18:02,Isluga,VIIRS,0.0,0.0,RUTINA,NULO,No descargada,2026-09-15 04:51:37,2026-09-15 08:16:36,NO
1789449482,2026-09-15 05:18:02,2026-09-15 02:18:02,Lastarria,VIIRS375,0.0,0.0,RUTINA,NULO,No descargada,2026-09-15 05:21:01,2026-09-15 06:31:16,NO
1789447321,2026-09-15 04:42:01,2026-09-15 01:42:01,Chaiten,VIIRS375,0.0,0.0,RUTINA,NULO,No descargada,2026-09-15 04:51:37,2026-09-15 05:16:37,NO
1789447321,2026-09-15 04:42:01,2026-09-15 01:42:01,Llaima,VIIRS375,0.0,0.0,RUTINA,NULO,No descargada,2026-09-15 04:51:37,2026-09-15 05:16:37,NO
1789447321,2026-09-15 04:42:01,2026-09-15 01:42:01,Copahue,VIIRS375,0.0,0.0,RUTINA,NULO,No descargada,2026-09-15 04:51:37,2026-09-15 05:16:37,NO
1789447321,2026-09-15 04:42:01,2026-09-15 01:42:01,Villarrica,VIIRS375,0.0,0.0,RUTINA,NULO,No descargada,2026-09-15 04:51:37,2026-09-15 05:16:37,NO
1789447321,2026-09-15 04:42:01,2026-09-15 01:42:01,Puyehue-Cordon Caulle,VIIRS375,0.0,0.0,RUTINA,NULO,No descargada,2026-09-15 04:51:37,2026-09-15 05:16:37,NO
1789447321,2026-09-15 04:42:01,2026-09-15 01:42:01,PlanchonPeteroa,VIIRS375,0.0,0.0,RUTINA,NULO,No descargada,2026-09-15 04:05:58,2026-09-15 05:16:37,NO
1789447321,2026-09-15 04:42:01,2026-09-15 01:42:01,Nevados de Chillan,VIIRS375,0.0,0.0,RUTINA,NULO,No descargada,2026-09-15 04:51:37,2026-09-15 05:16:37,NO
1789446961,2026-09-15 04:36:01,2026-09-15 01:36:01,Tupungatito,VIIRS375,0.0,0.0,RUTINA,NULO,No descargada,2026-09-15 04:05:58,2026-09-15 05:16:37,NO
1789440600,2026-09-15 02:50:00,2026-09-14 23:50:00,Villarrica,MODIS,0.0,0.0,RUTINA,NULO,No descargada,2026-09-15 01:06:06,2026-09-15 08:16:36,NO
1789440600,2026-09-15 02:50:00,2026-09-14 23:50:00,Puyehue-Cordon Caulle,MODIS,0.0,0.0,RUTINA,NULO,No descargada,2026-09-15 01:06:06,2026-09-15 08:16:36,NO
1789440600,2026-09-15 02:50:00,2026-09-14 23:50:00,Chaiten,MODIS,0.0,0.0,RUTINA,NULO,No descargada,2026-09-15 01:06:06,2026-09-15 08:16:36,NO
1789434900,2026-09-15 01:15:00,2026-09-14 22:15:00,Lastarria,MODIS,0.0,0.0,RUTINA,NULO,No descargada,2026-09-14 23:50:59,2026-09-15 08:16:36,NO
1789434900,2026-09-15 01:15:00,2026-09-14 22:15:00,Isluga,MODIS,0.0,0.0,RUTINA,NULO,No descargada,2026-09-14 23:50:59,2026-09-15 08:16:36,NO
1789434900,2026-09-15 01:15:00,2026-09-14 22:15:00,Lascar,MODIS,0.0,0.0,RUTINA,NULO,No descargada,2026-09-14 23:50:59,2026-09-15 08:16:36,NO
1789434600,2026-09-15 01:10:00,2026-09-14 22:10:00,Copahue,MODIS,0.0,0.0,RUTINA,NULO,No descargada,2026-09-14 23:50:59,2026-09-15 08:16:36,NO
1789434600,2026-09-15 01:10:00,2026-09-14 22:10:00,Puyehue-Cordon Caulle,MODIS,0.0,0.0,RUTINA,NULO,No descargada,2026-09-14 23:50:59,2026-09-15 01:01:02,NO
1789434600,2026-09-15 01:10:00,2026-09-14 22:10:00,Llaima,MODIS,0.0,0.0,RUTINA,NULO,No descargada,2026-09-14 23:50:59,2026-09-15 08:16:36,NO
1789434600,2026-09-15 01:10:00,2026-09-14 22:10:00,Chaiten,MODIS,0.0,0.0,RUTINA,NULO,No descargada,2026-09-14 23:50:59,2026-09-15 01:01:02,NO
1789434600,2026-09-15 01:10:00,2026-09-14 22:10:00,PlanchonPeteroa,MODIS,0.0,0.0,RUTINA,NULO,No descargada,2026-09-14 23:50:59,2026-09-15 08:16:36,NO
1789434600,2026-09-15 01:10:00,2026-09-14 22:10:00,Villarrica,MODIS,0.0,0.0,RUTINA,NULO,No descargada,2026-09-14 23:50:59,2026-09-15 01:01:02,NO
1789434600,2026-09-15 01:10:00,2026-09-14 22:10:00,Tupungatito,MODIS,0.0,0.0,RUTINA,NULO,No descargada,2026-09-14 23:50:59,2026-09-15 08:16:36,NO
1789434600,2026-09-15 01:10:00,2026-09-14 22:10:00,Nevados de Chillan,MODIS,0.0,0.0,RUTINA,NULO,No descargada,2026-09-14 23:50:59,2026-09-15 08:16:36,NO
1789420500,2026-09-14 21:15:00,2026-09-14 18:15:00,PlanchonPeteroa,MODIS,0.0,0.0,RUTINA,NULO,No descargada,2026-09-14 21:21:01,2026-09-14 23:45:52,NO
1789420500,2026-09-14 21:15:00,2026-09-14 18:15:00,Copahue,MODIS,16.45,23.19,FALSO_POSITIVO,NULO,No descargada,2026-09-14 21:21:01,2026-09-14 23:45:52,NO
1789420500,2026-09-14 21:15:00,2026-09-14 18:15:00,Llaima,MODIS,0.0,0.0,RUTINA,NULO,No descargada,2026-09-14 21:21:01,2026-09-14 23:45:52,NO
1789420500,2026-09-14 21:15:00,2026-09-14 18:15:00,Villarrica,MODIS,0.0,0.0,RUTINA,NULO,No descargada,2026-09-14 21:21:01,2026-09-14 23:45:52,NO
1789420500,2026-09-14 21:15:00,2026-09-14 18:15:00,Nevados de Chillan,MODIS,0.0,0.0,RUTINA,NULO,No descargada,2026-09-14 21:21:01,2026-09-14 23:45:52,NO
1789420500,2026-09-14 21:15:00,2026-09-14 18:15:00,Tupungatito,MODIS,0.0,0.0,RUTINA,NULO,No descargada,2026-09-14 21:21:01,2026-09-14 23:45:52,NO
1789420500,2026-09-14 21:15:00,2026-09-14 18:15:00,Puyehue-Cordon Caulle,MODIS,0.0,0.0,RUTINA,NULO,No descargada,2026-09-14 21:21:01,2026-09-14 23:45:52,NO
1789420200,2026-09-14 21:10:00,2026-09-14 18:10:00,Chaiten,MODIS,0.0,0.0,RUTINA,NULO,No descargada,2026-09-14 21:21:01,2026-09-14 23:45:52,NO
1789417080,2026-09-14 20:18:00,2026-09-14 17:18:00,Chaiten,VIIRS375,0.0,0.0,RUTINA,NULO,No descargada,2026-09-15 00:20:57,2026-09-15 04:46:02,NO
1789414922,2026-09-14 19:42:02,2026-09-14 16:42:02,Chaiten,VIIRS375,0.0,0.0,RUTINA,NULO,No descargada,2026-09-14 22:05:54,2026-09-15 00:15:59,NO
1789414922,2026-09-14 19:42:02,2026-09-14 16:42:02,Villarrica,VIIRS,0.0,0.0,RUTINA,NULO,No descargada,2026-09-14 22:05:54,2026-09-15 04:46:02,NO
1789414922,2026-09-14 19:42:02,2026-09-14 16:42:02,Villarrica,VIIRS375,0.0,0.0,RUTINA,NULO,No descargada,2026-09-14 22:05:54,2026-09-15 04:46:02,NO
1789414922,2026-09-14 19:42:02,2026-09-14 16:42:02,Copahue,VIIRS375,55.94,22.95,FALSO_POSITIVO,NULO,No descargada,2026-09-14 22:05:54,2026-09-15 04:46:02,NO
1789414922,2026-09-14 19:42:02,2026-09-14 16:42:02,Nevados de Chillan,VIIRS375,0.0,0.0,RUTINA,NULO,No descargada,2026-09-14 22:05:54,2026-09-15 04:46:02,NO
1789414922,2026-09-14 19:42:02,2026-09-14 16:42:02,Puyehue-Cordon Caulle,VIIRS,0.0,0.0,RUTINA,NULO,No descargada,2026-09-14 22:05:54,2026-09-15 04:46:02,NO
1789414922,2026-09-14 19:42:02,2026-09-14 16:42:02,Llaima,VIIRS,0.0,0.0,RUTINA,NULO,No descargada,2026-09-14 22:05:54,2026-09-15 04:46:02,NO
1789414922,2026-09-14 19:42:02,2026-09-14 16:42:02,Nevados de Chillan,VIIRS,0.0,0.0,RUTINA,NULO,No descargada,2026-09-14 22:05:54,2026-09-15 04:46:02,NO
1789414922,2026-09-14 19:42:02,2026-09-14 16:42:02,Puyehue-Cordon Caulle,VIIRS375,0.0,0.0,RUTINA,NULO,No descargada,2026-09-14 22:05:54,2026-09-15 04:46:02,NO
1789414922,2026-09-14 19:42:02,2026-09-14 16:42:02,Llaima,VIIRS375,0.0,0.0,RUTINA,NULO,No descargada,2026-09-14 22:05:54,2026-09-15 04:46:02,NO
1789414922,2026-09-14 19:42:02,2026-09-14 16:42:02,Chaiten,VIIRS,0.0,0.0,RUTINA,NULO,No descargada,2026-09-14 22:05:54,2026-09-14 22:30:58,NO
1789414922,2026-09-14 19:42:02,2026-09-14 16:42:02,Copahue,VIIRS,19.22,23.3,FALSO_POSITIVO,NULO,No descargada,2026-09-14 22:05:54,2026-09-15 04:46:02,NO
1789414800,2026-09-14 19:40:00,2026-09-14 16:40:00,Lascar,MODIS,0.0,0.0,RUTINA,NULO,No descargada,2026-09-14 20:21:02,2026-09-14 23:45:52,NO
1789412761,2026-09-14 19:06:01,2026-09-14 16:06:01,Isluga,VIIRS375,0.0,0.0,RUTINA,NULO,No descargada,2026-09-14 21:21:01,2026-09-15 05:01:08,NO
1789412761,2026-09-14 19:06:01,2026-09-14 16:06:01,Isluga,VIIRS,0.0,0.0,RUTINA,NULO,No descargada,2026-09-14 21:21:01,2026-09-15 04:46:02,NO
1789412401,2026-09-14 19:00:01,2026-09-14 16:00:01,Villarrica,VIIRS375,0.0,0.0,RUTINA,NULO,No descargada,2026-09-14 21:21:01,2026-09-14 22:01:05,NO
1789412401,2026-09-14 19:00:01,2026-09-14 16:00:01,Tupungatito,VIIRS,0.0,0.0,RUTINA,NULO,No descargada,2026-09-14 21:21:01,2026-09-15 04:46:02,NO
1789412401,2026-09-14 19:00:01,2026-09-14 16:00:01,Nevados de Chillan,VIIRS375,0.0,0.0,RUTINA,NULO,No descargada,2026-09-14 21:21:01,2026-09-14 22:01:05,NO
1789412401,2026-09-14 19:00:01,2026-09-14 16:00:01,Lascar,VIIRS,0.0,0.0,RUTINA,NULO,No descargada,2026-09-14 21:21:01,2026-09-15 04:46:02,NO
1789412401,2026-09-14 19:00:01,2026-09-14 16:00:01,Villarrica,VIIRS,0.0,0.0,RUTINA,NULO,No descargada,2026-09-14 21:21:01,2026-09-14 22:01:05,NO
1789412401,2026-09-14 19:00:01,2026-09-14 16:00:01,Nevados de Chillan,VIIRS,0.0,0.0,RUTINA,NULO,No descargada,2026-09-14 21:21:01,2026-09-14 22:01:05,NO
1789412401,2026-09-14 19:00:01,2026-09-14 16:00:01,PlanchonPeteroa,VIIRS375,0.0,0.0,RUTINA,NULO,No descargada,2026-09-14 21:21:01,2026-09-15 04:01:08,NO
1789412401,2026-09-14 19:00:01,2026-09-14 16:00:01,Lastarria,VIIRS375,0.0,0.0,RUTINA,NULO,No descargada,2026-09-14 21:21:01,2026-09-15 05:16:37,NO
1789412401,2026-09-14 19:00:01,2026-09-14 16:00:01,Llaima,VIIRS,0.0,0.0,RUTINA,NULO,No descargada,2026-09-14 21:21:01,2026-09-14 22:01:05,NO
1789412401,2026-09-14 19:00:01,2026-09-14 16:00:01,PlanchonPeteroa,VIIRS,0.0,0.0,RUTINA,NULO,No descargada,2026-09-14 21:21:01,2026-09-15 04:46:02,NO
1789412401,2026-09-14 19:00:01,2026-09-14 16:00:01,Tupungatito,VIIRS375,0.0,0.0,RUTINA,NULO,No descargada,2026-09-14 21:21:01,2026-09-15 04:01:08,NO
1789412401,2026-09-14 19:00:01,2026-09-14 16:00:01,Copahue,VIIRS375,29.07,22.24,FALSO_POSITIVO,NULO,No descargada,2026-09-14 21:21:01,2026-09-14 22:01:05,NO
1789412401,2026-09-14 19:00:01,2026-09-14 16:00:01,Puyehue-Cordon Caulle,VIIRS375,0.0,0.0,RUTINA,NULO,No descargada,2026-09-14 21:21:01,2026-09-14 22:01:05,NO
1789412401,2026-09-14 19:00:01,2026-09-14 16:00:01,Copahue,VIIRS,106.86,22.55,FALSO_POSITIVO,NULO,No descargada,2026-09-14 21:21:01,2026-09-14 22:01:05,NO
1789412401,2026-09-14 19:00:01,2026-09-14 16:00:01,Lastarria,VIIRS,0.0,0.0,RUTINA,NULO,No descargada,2026-09-14 21:21:01,2026-09-15 04:46:02,NO
1789412401,2026-09-14 19:00:01,2026-09-14 16:00:01,Chaiten,VIIRS,0.0,0.0,RUTINA,NULO,No descargada,2026-09-14 21:21:01,2026-09-14 22:01:05,NO
1789412401,2026-09-14 19:00:01,2026-09-14 16:00:01,Chaiten,VIIRS375,0.0,0.0,RUTINA,NULO,No descargada,2026-09-14 21:21:01,2026-09-14 22:01:05,NO
1789412401,2026-09-14 19:00:01,2026-09-14 16:00:01,Llaima,VIIRS375,0.0,0.0,RUTINA,NULO,No descargada,2026-09-14 21:21:01,2026-09-14 22:01:05,NO
1789412401,2026-09-14 19:00:01,2026-09-14 16:00:01,Lascar,VIIRS375,0.0,0.0,RUTINA,NULO,No descargada,2026-09-14 21:21:01,2026-09-15 05:16:37,NO
1789412401,2026-09-14 19:00:01,2026-09-14 16:00:01,Puyehue-Cordon Caulle,VIIRS,0.0,0.0,RUTINA,NULO,No descargada,2026-09-14 21:21:01,2026-09-14 22:01:05,NO
1789406641,2026-09-14 17:24:01,2026-09-14 14:24:01,Lastarria,VIIRS375,0.0,0.0,RUTINA,NULO,No descargada,2026-09-14 20:21:02,2026-09-14 21:15:57,NO
1789406641,2026-09-14 17:24:01,2026-09-14 14:24:01,Isluga,VIIRS,0.0,0.0,RUTINA,NULO,No descargada,2026-09-14 18:21:05,2026-09-14 21:15:57,NO
1789406641,2026-09-14 17:24:01,2026-09-14 14:24:01,Isluga,VIIRS375,0.0,0.0,RUTINA,NULO,No descargada,2026-09-14 20:21:02,2026-09-14 21:15:57,NO
1789406641,2026-09-14 17:24:01,2026-09-14 14:24:01,Lascar,VIIRS375,0.0,0.0,RUTINA,NULO,No descargada,2026-09-14 20:21:02,2026-09-14 21:15:57,NO
1789406641,2026-09-14 17:24:01,2026-09-14 14:24:01,Lastarria,VIIRS,0.0,0.0,RUTINA,NULO,No descargada,2026-09-14 18:21:05,2026-09-14 21:15:57,NO
1789406641,2026-09-14 17:24:01,2026-09-14 14:24:01,Lascar,VIIRS,0.0,0.0,RUTINA,NULO,No descargada,2026-09-14 18:21:05,2026-09-14 21:15:57,NO
1789391700,2026-09-14 13:15:00,2026-09-14 10:15:00,Villarrica,MODIS,0.0,0.0,RUTINA,NULO,No descargada,2026-09-14 13:32:42,2026-09-14 21:15:57,NO
1789391700,2026-09-14 13:15:00,2026-09-14 10:15:00,Puyehue-Cordon Caulle,MODIS,0.0,0.0,RUTINA,NULO,No descargada,2026-09-14 13:32:42,2026-09-14 21:15:57,NO
1789391700,2026-09-14 13:15:00,2026-09-14 10:15:00,Chaiten,MODIS,0.0,0.0,RUTINA,NULO,No descargada,2026-09-14 13:32:42,2026-09-14 21:15:57,NO
1789391700,2026-09-14 13:15:00,2026-09-14 10:15:00,Llaima,MODIS,0.0,0.0,RUTINA,NULO,No descargada,2026-09-14 13:32:42,2026-09-14 21:15:57,NO
1789391400,2026-09-14 13:10:00,2026-09-14 10:10:00,Lascar,MODIS,0.0,0.0,RUTINA,NULO,No descargada,2026-09-14 13:32:42,2026-09-14 20:16:03,NO
1789391400,2026-09-14 13:10:00,2026-09-14 10:10:00,PlanchonPeteroa,MODIS,0.0,0.0,RUTINA,NULO,No descargada,2026-09-14 13:32:42,2026-09-14 21:15:57,NO
1789391400,2026-09-14 13:10:00,2026-09-14 10:10:00,Tupungatito,MODIS,0.0,0.0,RUTINA,NULO,No descargada,2026-09-14 13:32:42,2026-09-14 21:15:57,NO
1789391400,2026-09-14 13:10:00,2026-09-14 10:10:00,Lastarria,MODIS,0.0,0.0,RUTINA,NULO,No descargada,2026-09-14 13:32:42,2026-09-14 23:45:52,NO
1789391400,2026-09-14 13:10:00,2026-09-14 10:10:00,Nevados de Chillan,MODIS,0.0,0.0,RUTINA,NULO,No descargada,2026-09-14 13:32:42,2026-09-14 21:15:57,NO
1789391400,2026-09-14 13:10:00,2026-09-14 10:10:00,Copahue,MODIS,0.0,0.0,RUTINA,NULO,No descargada,2026-09-14 13:32:42,2026-09-14 21:15:57,NO
1789391100,2026-09-14 13:05:00,2026-09-14 10:05:00,Isluga,MODIS,0.0,0.0,RUTINA,NULO,No descargada,2026-09-14 13:32:42,2026-09-14 23:45:52,NO
1789371600,2026-09-14 07:40:00,2026-09-14 04:40:00,Copahue,MODIS,0.0,0.0,RUTINA,NULO,No descargada,2026-09-14 08:51:03,2026-09-14 13:25:55,NO
1789371600,2026-09-14 07:40:00,2026-09-14 04:40:00,Villarrica,MODIS,0.0,0.0,RUTINA,NULO,No descargada,2026-09-14 08:51:03,2026-09-14 13:25:55,NO
1789371600,2026-09-14 07:40:00,2026-09-14 04:40:00,Llaima,MODIS,0.0,0.0,RUTINA,NULO,No descargada,2026-09-14 08:51:03,2026-09-14 13:25:55,NO
1789371600,2026-09-14 07:40:00,2026-09-14 04:40:00,Chaiten,MODIS,0.0,0.0,RUTINA,NULO,No descargada,2026-09-14 08:51:03,2026-09-14 13:25:55,NO
1789371600,2026-09-14 07:40:00,2026-09-14 04:40:00,Puyehue-Cordon Caulle,MODIS,0.0,0.0,RUTINA,NULO,No descargada,2026-09-14 08:51:03,2026-09-14 13:25:55,NO
1789371300,2026-09-14 07:35:00,2026-09-14 04:35:00,Lascar,MODIS,0.0,0.0,RUTINA,NULO,No descargada,2026-09-14 08:51:03,2026-09-14 13:25:55,NO
1789371300,2026-09-14 07:35:00,2026-09-14 04:35:00,Tupungatito,MODIS,0.0,0.0,RUTINA,NULO,No descargada,2026-09-14 08:51:03,2026-09-14 13:25:55,NO
1789371300,2026-09-14 07:35:00,2026-09-14 04:35:00,Lastarria,MODIS,0.0,0.0,RUTINA,NULO,No descargada,2026-09-14 08:51:03,2026-09-14 13:25:55,NO
1789371300,2026-09-14 07:35:00,2026-09-14 04:35:00,PlanchonPeteroa,MODIS,0.0,0.0,RUTINA,NULO,No descargada,2026-09-14 08:51:03,2026-09-14 13:25:55,NO
1789371300,2026-09-14 07:35:00,2026-09-14 04:35:00,Nevados de Chillan,MODIS,0.0,0.0,RUTINA,NULO,No descargada,2026-09-14 08:51:03,2026-09-14 13:25:55,NO
1789371000,2026-09-14 07:30:00,2026-09-14 04:30:00,Isluga,MODIS,0.0,0.0,RUTINA,NULO,No descargada,2026-09-14 08:51:03,2026-09-14 13:25:55,NO
1789368121,2026-09-14 06:42:01,2026-09-14 03:42:01,Puyehue-Cordon Caulle,VIIRS375,0.07,8.19,ALERTA_TERMICA,Muy Bajo,imagenes_satelitales/Puyehue_Cordon_Caulle/2026-09-14/06-42-01_Puyehue_Cordon_Caulle_VIIRS375_Latest.png,2026-09-14 08:51:03,2026-09-14 21:15:57,NO
1789368121,2026-09-14 06:42:01,2026-09-14 03:42:01,Chaiten,VIIRS375,0.0,0.0,RUTINA,NULO,No descargada,2026-09-14 08:51:03,2026-09-14 21:15:57,NO
1789368121,2026-09-14 06:42:01,2026-09-14 03:42:01,Villarrica,VIIRS,0.0,0.0,RUTINA,NULO,No descargada,2026-09-14 08:51:03,2026-09-14 21:15:57,NO
1789368121,2026-09-14 06:42:01,2026-09-14 03:42:01,Llaima,VIIRS,0.0,0.0,RUTINA,NULO,No descargada,2026-09-14 08:51:03,2026-09-14 21:15:57,NO
1789368121,2026-09-14 06:42:01,2026-09-14 03:42:01,Chaiten,VIIRS,0.0,0.0,RUTINA,NULO,No descargada,2026-09-14 08:51:03,2026-09-14 21:15:57,NO
1789368121,2026-09-14 06:42:01,2026-09-14 03:42:01,Llaima,VIIRS375,0.0,0.0,RUTINA,NULO,No descargada,2026-09-14 08:51:03,2026-09-14 21:15:57,NO
1789368121,2026-09-14 06:42:01,2026-09-14 03:42:01,Villarrica,VIIRS375,0.0,0.0,RUTINA,NULO,No descargada,2026-09-14 08:51:03,2026-09-14 21:15:57,NO
1789368121,2026-09-14 06:42:01,2026-09-14 03:42:01,Puyehue-Cordon Caulle,VIIRS,0.0,0.0,RUTINA,NULO,No descargada,2026-09-14 08:51:03,2026-09-14 21:15:57,NO
1789367761,2026-09-14 06:36:01,2026-09-14 03:36:01,Copahue,VIIRS,0.0,0.0,RUTINA,NULO,No descargada,2026-09-14 08:51:03,2026-09-14 21:15:57,NO
1789367761,2026-09-14 06:36:01,2026-09-14 03:36:01,Lascar,VIIRS375,0.0,0.0,RUTINA,NULO,No descargada,2026-09-14 08:51:03,2026-09-14 20:16:03,NO
1789367761,2026-09-14 06:36:01,2026-09-14 03:36:01,Tupungatito,VIIRS,0.0,0.0,RUTINA,NULO,No descargada,2026-09-14 08:51:03,2026-09-14 21:15:57,NO
1789367761,2026-09-14 06:36:01,2026-09-14 03:36:01,Lastarria,VIIRS,0.0,0.0,RUTINA,NULO,No descargada,2026-09-14 08:51:03,2026-09-14 18:16:10,NO
1789367761,2026-09-14 06:36:01,2026-09-14 03:36:01,Isluga,VIIRS375,0.0,0.0,RUTINA,NULO,No descargada,2026-09-14 08:51:03,2026-09-14 20:16:03,NO
1789367761,2026-09-14 06:36:01,2026-09-14 03:36:01,Copahue,VIIRS375,0.0,0.0,RUTINA,NULO,No descargada,2026-09-14 08:51:03,2026-09-14 21:15:57,NO
1789367761,2026-09-14 06:36:01,2026-09-14 03:36:01,Nevados de Chillan,VIIRS375,0.0,0.0,RUTINA,NULO,No descargada,2026-09-14 08:51:03,2026-09-14 21:15:57,NO
1789367761,2026-09-14 06:36:01,2026-09-14 03:36:01,Isluga,VIIRS,0.0,0.0,RUTINA,NULO,No descargada,2026-09-14 08:51:03,2026-09-14 18:16:10,NO
1789367761,2026-09-14 06:36:01,2026-09-14 03:36:01,Lascar,VIIRS,0.0,0.0,RUTINA,NULO,No descargada,2026-09-14 08:51:03,2026-09-14 18:16:10,NO
1789367761,2026-09-14 06:36:01,2026-09-14 03:36:01,Tupungatito,VIIRS375,0.0,0.0,RUTINA,NULO,No descargada,2026-09-14 08:51:03,2026-09-14 21:15:57,NO
1789367761,2026-09-14 06:36:01,2026-09-14 03:36:01,PlanchonPeteroa,VIIRS,0.0,0.0,RUTINA,NULO,No descargada,2026-09-14 08:51:03,2026-09-14 21:15:57,NO
1789367761,2026-09-14 06:36:01,2026-09-14 03:36:01,Lastarria,VIIRS375,0.0,0.0,RUTINA,NULO,No descargada,2026-09-14 08:51:03,2026-09-14 20:16:03,NO
1789367761,2026-09-14 06:36:01,2026-09-14 03:36:01,PlanchonPeteroa,VIIRS375,0.0,0.0,RUTINA,NULO,No descargada,2026-09-14 08:51:03,2026-09-14 21:15:57,NO
1789367761,2026-09-14 06:36:01,2026-09-14 03:36:01,Nevados de Chillan,VIIRS,0.0,0.0,RUTINA,NULO,No descargada,2026-09-14 08:51:03,2026-09-14 21:15:57,NO
1789364522,2026-09-14 05:42:02,2026-09-14 02:42:02,PlanchonPeteroa,VIIRS,0.0,0.0,RUTINA,NULO,No descargada,2026-09-14 06:36:02,2026-09-14 08:45:59,NO
1789364522,2026-09-14 05:42:02,2026-09-14 02:42:02,Tupungatito,VIIRS375,0.13,5.21,ALERTA_TERMICA,Muy Bajo,imagenes_satelitales/Tupungatito/2026-09-14/05-42-02_Tupungatito_VIIRS375_Latest.png,2026-09-14 06:36:02,2026-09-14 08:45:59,NO
1789364522,2026-09-14 05:42:02,2026-09-14 02:42:02,PlanchonPeteroa,VIIRS375,0.08,2.28,ALERTA_TERMICA,Muy Bajo,imagenes_satelitales/PlanchonPeteroa/2026-09-14/05-42-02_PlanchonPeteroa_VIIRS375_Latest.png,2026-09-14 06:36:02,2026-09-14 08:45:59,NO
1789364522,2026-09-14 05:42:02,2026-09-14 02:42:02,Nevados de Chillan,VIIRS,0.0,0.0,RUTINA,NULO,No descargada,2026-09-14 06:36:02,2026-09-14 08:45:59,NO
1789364522,2026-09-14 05:42:02,2026-09-14 02:42:02,Villarrica,VIIRS375,0.17,0.84,ALERTA_TERMICA,Muy Bajo,imagenes_satelitales/Villarrica/2026-09-14/05-42-02_Villarrica_VIIRS375_Latest.png,2026-09-14 06:36:02,2026-09-14 08:45:59,NO
1789364522,2026-09-14 05:42:02,2026-09-14 02:42:02,Copahue,VIIRS375,0.0,0.0,RUTINA,NULO,No descargada,2026-09-14 06:36:02,2026-09-14 08:45:59,NO
1789364522,2026-09-14 05:42:02,2026-09-14 02:42:02,Lastarria,VIIRS375,0.0,0.0,RUTINA,NULO,No descargada,2026-09-14 06:36:02,2026-09-14 08:45:59,NO
1789364522,2026-09-14 05:42:02,2026-09-14 02:42:02,Villarrica,VIIRS,0.0,0.0,RUTINA,NULO,No descargada,2026-09-14 06:36:02,2026-09-14 08:45:59,NO
1789364522,2026-09-14 05:42:02,2026-09-14 02:42:02,Nevados de Chillan,VIIRS375,0.09,0.0,ALERTA_TERMICA,Muy Bajo,imagenes_satelitales/Nevados_de_Chillan/2026-09-14/05-42-02_Nevados_de_Chillan_VIIRS375_Latest.png,2026-09-14 06:36:02,2026-09-14 08:45:59,NO
1789364522,2026-09-14 05:42:02,2026-09-14 02:42:02,Llaima,VIIRS,0.0,0.0,RUTINA,NULO,No descargada,2026-09-14 06:36:02,2026-09-14 08:45:59,NO
1789364522,2026-09-14 05:42:02,2026-09-14 02:42:02,Tupungatito,VIIRS,0.0,0.0,RUTINA,NULO,No descargada,2026-09-14 06:36:02,2026-09-14 08:45:59,NO
1789364522,2026-09-14 05:42:02,2026-09-14 02:42:02,Copahue,VIIRS,0.0,0.0,RUTINA,NULO,No descargada,2026-09-14 06:36:02,2026-09-14 08:45:59,NO
1789364522,2026-09-14 05:42:02,2026-09-14 02:42:02,Lastarria,VIIRS,0.0,0.0,RUTINA,NULO,No descargada,2026-09-14 06:36:02,2026-09-14 08:45:59,NO
1789364522,2026-09-14 05:42:02,2026-09-14 02:42:02,Puyehue-Cordon Caulle,VIIRS375,0.62,8.1,ALERTA_TERMICA,Muy Bajo,imagenes_satelitales/Puyehue_Cordon_Caulle/2026-09-14/05-42-02_Puyehue_Cordon_Caulle_VIIRS375_Latest.png,2026-09-14 06:36:02,2026-09-14 08:45:59,NO
1789364522,2026-09-14 05:42:02,2026-09-14 02:42:02,Chaiten,VIIRS375,0.18,0.38,ALERTA_TERMICA,Muy Bajo,imagenes_satelitales/Chaiten/2026-09-14/05-42-02_Chaiten_VIIRS375_Latest.png,2026-09-14 06:36:02,2026-09-14 08:45:59,NO
1789364522,2026-09-14 05:42:02,2026-09-14 02:42:02,Llaima,VIIRS375,0.0,0.0,RUTINA,NULO,No descargada,2026-09-14 06:36:02,2026-09-14 08:45:59,NO
1789364522,2026-09-14 05:42:02,2026-09-14 02:42:02,Puyehue-Cordon Caulle,VIIRS,0.63,7.65,ALERTA_TERMICA,Muy Bajo,imagenes_satelitales/Puyehue_Cordon_Caulle/2026-09-14/05-42-02_Puyehue_Cordon_Caulle_VIIRS750_Latest.png,2026-09-14 06:36:02,2026-09-14 08:45:59,NO
1789364522,2026-09-14 05:42:02,2026-09-14 02:42:02,Chaiten,VIIRS,0.0,0.0,RUTINA,NULO,No descargada,2026-09-14 06:36:02,2026-09-14 08:45:59,NO
1789364162,2026-09-14 05:36:02,2026-09-14 02:36:02,Lascar,VIIRS,0.52,1.5,ALERTA_TERMICA,Muy Bajo,imagenes_satelitales/Lascar/2026-09-14/05-36-02_Lascar_VIIRS750_Latest.png,2026-09-14 06:36:02,2026-09-14 08:45:59,NO
1789364162,2026-09-14 05:36:02,2026-09-14 02:36:02,Isluga,VIIRS375,0.16,0.53,ALERTA_TERMICA,Muy Bajo,imagenes_satelitales/Isluga/2026-09-14/05-36-02_Isluga_VIIRS375_Latest.png,2026-09-14 06:36:02,2026-09-14 08:45:59,NO
1789364162,2026-09-14 05:36:02,2026-09-14 02:36:02,Isluga,VIIRS,0.0,0.0,RUTINA,NULO,No descargada,2026-09-14 06:36:02,2026-09-14 08:45:59,NO
1789364162,2026-09-14 05:36:02,2026-09-14 02:36:02,Lascar,VIIRS375,0.22,1.13,ALERTA_TERMICA,Muy Bajo,imagenes_satelitales/Lascar/2026-09-14/05-36-02_Lascar_VIIRS375_Latest.png,2026-09-14 06:36:02,2026-09-14 08:45:59,NO
1789362001,2026-09-14 05:00:01,2026-09-14 02:00:01,Villarrica,VIIRS375,0.0,0.0,RUTINA,NULO,No descargada,2026-09-14 05:20:55,2026-09-14 06:30:59,NO
1789362001,2026-09-14 05:00:01,2026-09-14 02:00:01,Copahue,VIIRS,0.0,0.0,RUTINA,NULO,No descargada,2026-09-14 05:20:55,2026-09-14 06:30:59,NO
1789362001,2026-09-14 05:00:01,2026-09-14 02:00:01,Nevados de Chillan,VIIRS375,0.0,0.0,RUTINA,NULO,No descargada,2026-09-14 05:20:55,2026-09-14 06:30:59,NO
1789362001,2026-09-14 05:00:01,2026-09-14 02:00:01,Llaima,VIIRS375,0.0,0.0,RUTINA,NULO,No descargada,2026-09-14 05:20:55,2026-09-14 06:30:59,NO
1789362001,2026-09-14 05:00:01,2026-09-14 02:00:01,PlanchonPeteroa,VIIRS,0.0,0.0,RUTINA,NULO,No descargada,2026-09-14 05:20:55,2026-09-14 06:30:59,NO
1789362001,2026-09-14 05:00:01,2026-09-14 02:00:01,PlanchonPeteroa,VIIRS375,0.0,0.0,RUTINA,NULO,No descargada,2026-09-14 05:20:55,2026-09-14 06:30:59,NO
1789362001,2026-09-14 05:00:01,2026-09-14 02:00:01,Puyehue-Cordon Caulle,VIIRS375,0.39,8.46,ALERTA_TERMICA,Muy Bajo,imagenes_satelitales/Puyehue_Cordon_Caulle/2026-09-14/05-00-01_Puyehue_Cordon_Caulle_VIIRS375_Latest.png,2026-09-14 05:20:55,2026-09-14 06:30:59,NO
1789362001,2026-09-14 05:00:01,2026-09-14 02:00:01,Nevados de Chillan,VIIRS,0.0,0.0,RUTINA,NULO,No descargada,2026-09-14 05:20:55,2026-09-14 06:30:59,NO
1789362001,2026-09-14 05:00:01,2026-09-14 02:00:01,Copahue,VIIRS375,0.0,0.0,RUTINA,NULO,No descargada,2026-09-14 05:20:55,2026-09-14 06:30:59,NO
1789362001,2026-09-14 05:00:01,2026-09-14 02:00:01,Llaima,VIIRS,0.0,0.0,RUTINA,NULO,No descargada,2026-09-14 05:20:55,2026-09-14 06:30:59,NO
1789361641,2026-09-14 04:54:01,2026-09-14 01:54:01,Lascar,VIIRS,0.0,0.0,RUTINA,NULO,No descargada,2026-09-14 05:05:55,2026-09-14 06:30:59,NO
1789361641,2026-09-14 04:54:01,2026-09-14 01:54:01,Isluga,VIIRS,0.0,0.0,RUTINA,NULO,No descargada,2026-09-14 05:05:55,2026-09-14 06:30:59,NO
1789361641,2026-09-14 04:54:01,2026-09-14 01:54:01,Lastarria,VIIRS375,0.0,0.0,RUTINA,NULO,No descargada,2026-09-14 05:05:55,2026-09-14 06:30:59,NO
1789361641,2026-09-14 04:54:01,2026-09-14 01:54:01,Isluga,VIIRS375,0.0,0.0,RUTINA,NULO,No descargada,2026-09-14 05:05:55,2026-09-14 06:30:59,NO
1789361641,2026-09-14 04:54:01,2026-09-14 01:54:01,Lascar,VIIRS375,0.86,24.52,FALSO_POSITIVO,NULO,No descargada,2026-09-14 05:05:55,2026-09-14 06:30:59,NO
1789361641,2026-09-14 04:54:01,2026-09-14 01:54:01,Lastarria,VIIRS,0.0,0.0,RUTINA,NULO,No descargada,2026-09-14 05:20:55,2026-09-14 06:30:59,NO
1789352100,2026-09-14 02:15:00,2026-09-13 23:15:00,Lastarria,MODIS,0.0,0.0,RUTINA,NULO,No descargada,2026-09-14 04:35:52,2026-09-14 08:45:59,NO
1789351800,2026-09-14 02:10:00,2026-09-13 23:10:00,Tupungatito,MODIS,0.0,0.0,RUTINA,NULO,No descargada,2026-09-14 01:06:00,2026-09-14 08:45:59,NO
1789351800,2026-09-14 02:10:00,2026-09-13 23:10:00,Chaiten,MODIS,0.0,0.0,RUTINA,NULO,No descargada,2026-09-14 01:06:00,2026-09-14 08:45:59,NO
1789351800,2026-09-14 02:10:00,2026-09-13 23:10:00,Nevados de Chillan,MODIS,0.0,0.0,RUTINA,NULO,No descargada,2026-09-14 01:06:00,2026-09-14 08:45:59,NO
1789351800,2026-09-14 02:10:00,2026-09-13 23:10:00,Puyehue-Cordon Caulle,MODIS,0.0,0.0,RUTINA,NULO,No descargada,2026-09-14 01:06:00,2026-09-14 08:45:59,NO
1789351800,2026-09-14 02:10:00,2026-09-13 23:10:00,PlanchonPeteroa,MODIS,0.0,0.0,RUTINA,NULO,No descargada,2026-09-14 00:50:57,2026-09-14 08:45:59,NO
1789351800,2026-09-14 02:10:00,2026-09-13 23:10:00,Villarrica,MODIS,0.0,0.0,RUTINA,NULO,No descargada,2026-09-14 01:06:00,2026-09-14 08:45:59,NO
1789351800,2026-09-14 02:10:00,2026-09-13 23:10:00,Llaima,MODIS,0.0,0.0,RUTINA,NULO,No descargada,2026-09-14 01:06:00,2026-09-14 08:45:59,NO
1789351800,2026-09-14 02:10:00,2026-09-13 23:10:00,Copahue,MODIS,0.0,0.0,RUTINA,NULO,No descargada,2026-09-14 01:06:00,2026-09-14 08:45:59,NO
1789332000,2026-09-13 20:40:00,2026-09-13 17:40:00,Lascar,MODIS,0.0,0.0,RUTINA,NULO,No descargada,2026-09-13 20:50:57,2026-09-14 08:45:59,NO
1789332000,2026-09-13 20:40:00,2026-09-13 17:40:00,Lastarria,MODIS,0.0,0.0,RUTINA,NULO,No descargada,2026-09-13 20:50:57,2026-09-14 04:31:17,NO
1789332000,2026-09-13 20:40:00,2026-09-13 17:40:00,Isluga,MODIS,0.0,0.0,RUTINA,NULO,No descargada,2026-09-13 20:50:57,2026-09-14 08:45:59,NO
1789331700,2026-09-13 20:35:00,2026-09-13 17:35:00,Llaima,MODIS,0.0,0.0,RUTINA,NULO,No descargada,2026-09-13 20:50:57,2026-09-14 01:01:03,NO
1789331700,2026-09-13 20:35:00,2026-09-13 17:35:00,Nevados de Chillan,MODIS,0.0,0.0,RUTINA,NULO,No descargada,2026-09-13 20:50:57,2026-09-14 01:01:03,NO
1789331700,2026-09-13 20:35:00,2026-09-13 17:35:00,Copahue,MODIS,0.0,0.0,RUTINA,NULO,No descargada,2026-09-13 20:50:57,2026-09-14 01:01:03,NO
1789331700,2026-09-13 20:35:00,2026-09-13 17:35:00,Chaiten,MODIS,0.0,0.0,RUTINA,NULO,No descargada,2026-09-13 20:50:57,2026-09-14 01:01:03,NO
1789331700,2026-09-13 20:35:00,2026-09-13 17:35:00,Villarrica,MODIS,0.0,0.0,RUTINA,NULO,No descargada,2026-09-13 20:50:57,2026-09-14 01:01:03,NO
1789331700,2026-09-13 20:35:00,2026-09-13 17:35:00,PlanchonPeteroa,MODIS,0.0,0.0,RUTINA,NULO,No descargada,2026-09-13 20:50:57,2026-09-14 00:30:55,NO
1789331700,2026-09-13 20:35:00,2026-09-13 17:35:00,Tupungatito,MODIS,0.0,0.0,RUTINA,NULO,No descargada,2026-09-13 20:50:57,2026-09-14 01:01:03,NO
1789331700,2026-09-13 20:35:00,2026-09-13 17:35:00,Puyehue-Cordon Caulle,MODIS,0.0,0.0,RUTINA,NULO,No descargada,2026-09-13 20:50:57,2026-09-14 01:01:03,NO
1789329602,2026-09-13 20:00:02,2026-09-13 17:00:02,Chaiten,VIIRS,0.0,0.0,RUTINA,NULO,No descargada,2026-09-13 22:20:55,2026-09-14 06:30:59,NO
1789329602,2026-09-13 20:00:02,2026-09-13 17:00:02,Chaiten,VIIRS375,0.0,0.0,RUTINA,NULO,No descargada,2026-09-13 22:20:55,2026-09-14 06:30:59,NO
1789327081,2026-09-13 19:18:01,2026-09-13 16:18:01,PlanchonPeteroa,VIIRS,0.0,0.0,RUTINA,NULO,No descargada,2026-09-13 22:20:55,2026-09-14 05:15:57,NO
1789327081,2026-09-13 19:18:01,2026-09-13 16:18:01,Lastarria,VIIRS,0.0,0.0,RUTINA,NULO,No descargada,2026-09-13 22:20:55,2026-09-14 05:15:57,NO
1789327081,2026-09-13 19:18:01,2026-09-13 16:18:01,Puyehue-Cordon Caulle,VIIRS375,0.0,0.0,RUTINA,NULO,No descargada,2026-09-13 22:20:55,2026-09-14 05:15:57,NO
1789327081,2026-09-13 19:18:01,2026-09-13 16:18:01,PlanchonPeteroa,VIIRS375,0.0,0.0,RUTINA,NULO,No descargada,2026-09-13 22:20:55,2026-09-14 05:15:57,NO
1789327081,2026-09-13 19:18:01,2026-09-13 16:18:01,Tupungatito,VIIRS,0.0,0.0,RUTINA,NULO,No descargada,2026-09-13 22:20:55,2026-09-14 06:30:59,NO
1789327081,2026-09-13 19:18:01,2026-09-13 16:18:01,Villarrica,VIIRS,0.0,0.0,RUTINA,NULO,No descargada,2026-09-13 22:20:55,2026-09-14 06:30:59,NO
1789327081,2026-09-13 19:18:01,2026-09-13 16:18:01,Copahue,VIIRS,0.0,0.0,RUTINA,NULO,No descargada,2026-09-13 22:20:55,2026-09-14 05:15:57,NO
1789327081,2026-09-13 19:18:01,2026-09-13 16:18:01,Lastarria,VIIRS375,0.0,0.0,RUTINA,NULO,No descargada,2026-09-13 22:20:55,2026-09-14 05:01:00,NO
1789327081,2026-09-13 19:18:01,2026-09-13 16:18:01,Tupungatito,VIIRS375,0.0,0.0,RUTINA,NULO,No descargada,2026-09-13 22:20:55,2026-09-14 06:30:59,NO
1789327081,2026-09-13 19:18:01,2026-09-13 16:18:01,Copahue,VIIRS375,0.0,0.0,RUTINA,NULO,No descargada,2026-09-13 22:20:55,2026-09-14 05:15:57,NO
1789327081,2026-09-13 19:18:01,2026-09-13 16:18:01,Llaima,VIIRS375,0.0,0.0,RUTINA,NULO,No descargada,2026-09-13 22:20:55,2026-09-14 05:15:57,NO
1789327081,2026-09-13 19:18:01,2026-09-13 16:18:01,Nevados de Chillan,VIIRS375,0.0,0.0,RUTINA,NULO,No descargada,2026-09-13 22:20:55,2026-09-14 05:15:57,NO
1789327081,2026-09-13 19:18:01,2026-09-13 16:18:01,Puyehue-Cordon Caulle,VIIRS,0.0,0.0,RUTINA,NULO,No descargada,2026-09-13 22:20:55,2026-09-14 06:30:59,NO
1789327081,2026-09-13 19:18:01,2026-09-13 16:18:01,Nevados de Chillan,VIIRS,0.0,0.0,RUTINA,NULO,No descargada,2026-09-13 22:20:55,2026-09-14 05:15:57,NO
1789327081,2026-09-13 19:18:01,2026-09-13 16:18:01,Villarrica,VIIRS375,0.0,0.0,RUTINA,NULO,No descargada,2026-09-13 22:20:55,2026-09-14 05:15:57,NO
1789327081,2026-09-13 19:18:01,2026-09-13 16:18:01,Llaima,VIIRS,0.0,0.0,RUTINA,NULO,No descargada,2026-09-13 22:20:55,2026-09-14 05:15:57,NO
1789326360,2026-09-13 19:06:00,2026-09-13 16:06:00,Isluga,VIIRS375,0.0,0.0,RUTINA,NULO,No descargada,2026-09-13 23:20:55,2026-09-14 05:01:00,NO
1789326360,2026-09-13 19:06:00,2026-09-13 16:06:00,Isluga,VIIRS,0.0,0.0,RUTINA,NULO,No descargada,2026-09-13 22:50:52,2026-09-14 05:01:00,NO
1789326000,2026-09-13 19:00:00,2026-09-13 16:00:00,Lascar,VIIRS375,0.0,0.0,RUTINA,NULO,No descargada,2026-09-13 23:20:55,2026-09-14 05:01:00,NO
1789326000,2026-09-13 19:00:00,2026-09-13 16:00:00,Lascar,VIIRS,0.0,0.0,RUTINA,NULO,No descargada,2026-09-13 22:50:52,2026-09-14 05:01:00,NO
1789323842,2026-09-13 18:24:02,2026-09-13 15:24:02,Lastarria,VIIRS,0.0,0.0,RUTINA,NULO,No descargada,2026-09-13 20:50:57,2026-09-13 22:16:02,NO
1789323842,2026-09-13 18:24:02,2026-09-13 15:24:02,PlanchonPeteroa,VIIRS,0.0,0.0,RUTINA,NULO,No descargada,2026-09-13 20:50:57,2026-09-13 22:16:02,NO
1789323842,2026-09-13 18:24:02,2026-09-13 15:24:02,Tupungatito,VIIRS,0.0,0.0,RUTINA,NULO,No descargada,2026-09-13 20:50:57,2026-09-13 22:16:02,NO
1789323842,2026-09-13 18:24:02,2026-09-13 15:24:02,Nevados de Chillan,VIIRS,0.0,0.0,RUTINA,NULO,No descargada,2026-09-13 20:50:57,2026-09-13 22:16:02,NO
1789323842,2026-09-13 18:24:02,2026-09-13 15:24:02,Nevados de Chillan,VIIRS375,0.0,0.0,RUTINA,NULO,No descargada,2026-09-13 20:50:57,2026-09-13 22:16:02,NO
1789323842,2026-09-13 18:24:02,2026-09-13 15:24:02,Isluga,VIIRS,0.0,0.0,RUTINA,NULO,No descargada,2026-09-13 20:50:57,2026-09-13 22:45:58,NO
1789323842,2026-09-13 18:24:02,2026-09-13 15:24:02,Llaima,VIIRS,0.0,0.0,RUTINA,NULO,No descargada,2026-09-13 20:50:57,2026-09-13 22:16:02,NO
1789323842,2026-09-13 18:24:02,2026-09-13 15:24:02,Lascar,VIIRS375,0.0,0.0,RUTINA,NULO,No descargada,2026-09-13 20:50:57,2026-09-13 23:15:53,NO
1789323842,2026-09-13 18:24:02,2026-09-13 15:24:02,Copahue,VIIRS375,0.0,0.0,RUTINA,NULO,No descargada,2026-09-13 20:50:57,2026-09-13 22:16:02,NO
1789323842,2026-09-13 18:24:02,2026-09-13 15:24:02,PlanchonPeteroa,VIIRS375,0.0,0.0,RUTINA,NULO,No descargada,2026-09-13 20:50:57,2026-09-13 22:16:02,NO
1789323842,2026-09-13 18:24:02,2026-09-13 15:24:02,Copahue,VIIRS,0.0,0.0,RUTINA,NULO,No descargada,2026-09-13 20:50:57,2026-09-13 22:16:02,NO
1789323842,2026-09-13 18:24:02,2026-09-13 15:24:02,Lastarria,VIIRS375,0.0,0.0,RUTINA,NULO,No descargada,2026-09-13 20:50:57,2026-09-13 22:16:02,NO
1789323842,2026-09-13 18:24:02,2026-09-13 15:24:02,Isluga,VIIRS375,0.0,0.0,RUTINA,NULO,No descargada,2026-09-13 20:50:57,2026-09-13 23:15:53,NO
1789323842,2026-09-13 18:24:02,2026-09-13 15:24:02,Lascar,VIIRS,0.0,0.0,RUTINA,NULO,No descargada,2026-09-13 20:50:57,2026-09-13 22:45:58,NO
1789323842,2026-09-13 18:24:02,2026-09-13 15:24:02,Tupungatito,VIIRS375,0.0,0.0,RUTINA,NULO,No descargada,2026-09-13 20:50:57,2026-09-13 22:16:02,NO
1789323842,2026-09-13 18:24:02,2026-09-13 15:24:02,Llaima,VIIRS375,0.0,0.0,RUTINA,NULO,No descargada,2026-09-13 20:50:57,2026-09-13 22:16:02,NO
1789323482,2026-09-13 18:18:02,2026-09-13 15:18:02,Puyehue-Cordon Caulle,VIIRS,0.0,0.0,RUTINA,NULO,No descargada,2026-09-13 20:50:57,2026-09-13 22:16:02,NO
1789323482,2026-09-13 18:18:02,2026-09-13 15:18:02,Puyehue-Cordon Caulle,VIIRS375,0.0,0.0,RUTINA,NULO,No descargada,2026-09-13 20:50:57,2026-09-13 22:16:02,NO
1789323482,2026-09-13 18:18:02,2026-09-13 15:18:02,Chaiten,VIIRS,0.0,0.0,RUTINA,NULO,No descargada,2026-09-13 20:50:57,2026-09-13 22:16:02,NO
1789323482,2026-09-13 18:18:02,2026-09-13 15:18:02,Chaiten,VIIRS375,0.0,0.0,RUTINA,NULO,No descargada,2026-09-13 20:50:57,2026-09-13 22:16:02,NO
1789321321,2026-09-13 17:42:01,2026-09-13 14:42:01,Lascar,VIIRS375,0.0,0.0,RUTINA,NULO,No descargada,2026-09-13 19:05:54,2026-09-13 20:46:02,NO
1789321321,2026-09-13 17:42:01,2026-09-13 14:42:01,Lastarria,VIIRS,0.0,0.0,RUTINA,NULO,No descargada,2026-09-13 19:05:54,2026-09-13 20:46:02,NO
1789321321,2026-09-13 17:42:01,2026-09-13 14:42:01,Isluga,VIIRS,0.0,0.0,RUTINA,NULO,No descargada,2026-09-13 19:05:54,2026-09-13 20:46:02,NO
1789321321,2026-09-13 17:42:01,2026-09-13 14:42:01,Lascar,VIIRS,0.0,0.0,RUTINA,NULO,No descargada,2026-09-13 19:05:54,2026-09-13 20:46:02,NO
1789321321,2026-09-13 17:42:01,2026-09-13 14:42:01,Lastarria,VIIRS375,0.0,0.0,RUTINA,NULO,No descargada,2026-09-13 19:05:54,2026-09-13 20:46:02,NO
1789321321,2026-09-13 17:42:01,2026-09-13 14:42:01,Isluga,VIIRS375,0.0,0.0,RUTINA,NULO,No descargada,2026-09-13 19:05:54,2026-09-13 20:46:02,NO
1789320961,2026-09-13 17:36:01,2026-09-13 14:36:01,Nevados de Chillan,VIIRS,0.0,0.0,RUTINA,NULO,No descargada,2026-09-13 19:05:54,2026-09-13 20:46:02,NO
1789320961,2026-09-13 17:36:01,2026-09-13 14:36:01,Tupungatito,VIIRS375,0.0,0.0,RUTINA,NULO,No descargada,2026-09-13 19:05:54,2026-09-13 20:46:02,NO
1789320961,2026-09-13 17:36:01,2026-09-13 14:36:01,Nevados de Chillan,VIIRS375,0.0,0.0,RUTINA,NULO,No descargada,2026-09-13 19:05:54,2026-09-13 20:46:02,NO
1789320961,2026-09-13 17:36:01,2026-09-13 14:36:01,Llaima,VIIRS375,0.0,0.0,RUTINA,NULO,No descargada,2026-09-13 19:05:54,2026-09-13 20:46:02,NO
1789320961,2026-09-13 17:36:01,2026-09-13 14:36:01,Chaiten,VIIRS375,0.0,0.0,RUTINA,NULO,No descargada,2026-09-13 19:05:54,2026-09-13 20:46:02,NO
1789320961,2026-09-13 17:36:01,2026-09-13 14:36:01,Puyehue-Cordon Caulle,VIIRS,0.0,0.0,RUTINA,NULO,No descargada,2026-09-13 19:05:54,2026-09-13 20:46:02,NO
1789320961,2026-09-13 17:36:01,2026-09-13 14:36:01,Copahue,VIIRS,0.0,0.0,RUTINA,NULO,No descargada,2026-09-13 19:05:54,2026-09-13 20:46:02,NO
1789320961,2026-09-13 17:36:01,2026-09-13 14:36:01,Tupungatito,VIIRS,0.0,0.0,RUTINA,NULO,No descargada,2026-09-13 19:05:54,2026-09-13 20:46:02,NO
1789320961,2026-09-13 17:36:01,2026-09-13 14:36:01,PlanchonPeteroa,VIIRS375,0.0,0.0,RUTINA,NULO,No descargada,2026-09-13 19:05:54,2026-09-13 20:46:02,NO
1789320961,2026-09-13 17:36:01,2026-09-13 14:36:01,Chaiten,VIIRS,0.0,0.0,RUTINA,NULO,No descargada,2026-09-13 19:05:54,2026-09-13 20:46:02,NO
1789320961,2026-09-13 17:36:01,2026-09-13 14:36:01,Llaima,VIIRS,0.0,0.0,RUTINA,NULO,No descargada,2026-09-13 19:05:54,2026-09-13 20:46:02,NO
1789320961,2026-09-13 17:36:01,2026-09-13 14:36:01,Copahue,VIIRS375,0.0,0.0,RUTINA,NULO,No descargada,2026-09-13 19:05:54,2026-09-13 20:46:02,NO
1789320961,2026-09-13 17:36:01,2026-09-13 14:36:01,Villarrica,VIIRS,0.0,0.0,RUTINA,NULO,No descargada,2026-09-13 19:05:54,2026-09-13 22:16:02,NO
1789320961,2026-09-13 17:36:01,2026-09-13 14:36:01,PlanchonPeteroa,VIIRS,0.0,0.0,RUTINA,NULO,No descargada,2026-09-13 19:05:54,2026-09-13 20:46:02,NO
1789320961,2026-09-13 17:36:01,2026-09-13 14:36:01,Puyehue-Cordon Caulle,VIIRS375,0.0,0.0,RUTINA,NULO,No descargada,2026-09-13 19:05:54,2026-09-13 20:46:02,NO
1789320961,2026-09-13 17:36:01,2026-09-13 14:36:01,Villarrica,VIIRS375,0.0,0.0,RUTINA,NULO,No descargada,2026-09-13 19:05:54,2026-09-13 22:16:02,NO
1789302900,2026-09-13 12:35:00,2026-09-13 09:35:00,PlanchonPeteroa,MODIS,0.0,0.0,RUTINA,NULO,No descargada,2026-09-13 11:35:56,2026-09-13 20:46:02,NO
1789302900,2026-09-13 12:35:00,2026-09-13 09:35:00,Llaima,MODIS,0.0,0.0,RUTINA,NULO,No descargada,2026-09-13 11:35:56,2026-09-13 20:46:02,NO
1789302900,2026-09-13 12:35:00,2026-09-13 09:35:00,Villarrica,MODIS,0.0,0.0,RUTINA,NULO,No descargada,2026-09-13 11:35:56,2026-09-13 20:46:02,NO
1789302900,2026-09-13 12:35:00,2026-09-13 09:35:00,Nevados de Chillan,MODIS,0.0,0.0,RUTINA,NULO,No descargada,2026-09-13 11:35:56,2026-09-13 20:46:02,NO
1789302900,2026-09-13 12:35:00,2026-09-13 09:35:00,Puyehue-Cordon Caulle,MODIS,0.0,0.0,RUTINA,NULO,No descargada,2026-09-13 11:35:56,2026-09-13 20:46:02,NO
1789302900,2026-09-13 12:35:00,2026-09-13 09:35:00,Chaiten,MODIS,0.0,0.0,RUTINA,NULO,No descargada,2026-09-13 11:35:56,2026-09-13 20:46:02,NO
1789302900,2026-09-13 12:35:00,2026-09-13 09:35:00,Copahue,MODIS,0.0,0.0,RUTINA,NULO,No descargada,2026-09-13 11:35:56,2026-09-13 20:46:02,NO
1789302600,2026-09-13 12:30:00,2026-09-13 09:30:00,Tupungatito,MODIS,0.0,0.0,RUTINA,NULO,No descargada,2026-09-13 10:51:12,2026-09-13 20:46:02,NO
1789302600,2026-09-13 12:30:00,2026-09-13 09:30:00,Isluga,MODIS,0.0,0.0,RUTINA,NULO,No descargada,2026-09-13 10:51:12,2026-09-13 20:46:02,NO
1789302600,2026-09-13 12:30:00,2026-09-13 09:30:00,Lascar,MODIS,0.0,0.0,RUTINA,NULO,No descargada,2026-09-13 10:51:12,2026-09-13 20:46:02,NO
1789302600,2026-09-13 12:30:00,2026-09-13 09:30:00,Lastarria,MODIS,0.0,0.0,RUTINA,NULO,No descargada,2026-09-13 10:51:12,2026-09-13 20:46:02,NO
1789288800,2026-09-13 08:40:00,2026-09-13 05:40:00,Llaima,MODIS,0.0,0.0,RUTINA,NULO,No descargada,2026-09-13 08:05:50,2026-09-13 11:31:01,NO
1789288800,2026-09-13 08:40:00,2026-09-13 05:40:00,Villarrica,MODIS,0.0,0.0,RUTINA,NULO,No descargada,2026-09-13 08:05:50,2026-09-13 11:31:01,NO
1789288800,2026-09-13 08:40:00,2026-09-13 05:40:00,Chaiten,MODIS,0.0,0.0,RUTINA,NULO,No descargada,2026-09-13 08:05:50,2026-09-13 11:31:01,NO
1789288800,2026-09-13 08:40:00,2026-09-13 05:40:00,Puyehue-Cordon Caulle,MODIS,0.0,0.0,RUTINA,NULO,No descargada,2026-09-13 08:05:50,2026-09-13 11:31:01,NO
1789288500,2026-09-13 08:35:00,2026-09-13 05:35:00,Copahue,MODIS,0.0,0.0,RUTINA,NULO,No descargada,2026-09-13 08:05:50,2026-09-13 11:31:01,NO
1789288500,2026-09-13 08:35:00,2026-09-13 05:35:00,Nevados de Chillan,MODIS,0.0,0.0,RUTINA,NULO,No descargada,2026-09-13 08:05:50,2026-09-13 11:31:01,NO
1789288500,2026-09-13 08:35:00,2026-09-13 05:35:00,Lascar,MODIS,0.0,0.0,RUTINA,NULO,No descargada,2026-09-13 08:05:50,2026-09-13 10:45:58,NO
1789288500,2026-09-13 08:35:00,2026-09-13 05:35:00,Tupungatito,MODIS,0.0,0.0,RUTINA,NULO,No descargada,2026-09-13 08:05:50,2026-09-13 10:45:58,NO
1789288500,2026-09-13 08:35:00,2026-09-13 05:35:00,Lastarria,MODIS,0.0,0.0,RUTINA,NULO,No descargada,2026-09-13 08:05:50,2026-09-13 10:45:58,NO
1789288500,2026-09-13 08:35:00,2026-09-13 05:35:00,PlanchonPeteroa,MODIS,0.0,0.0,RUTINA,NULO,No descargada,2026-09-13 08:05:50,2026-09-13 11:31:01,NO
1789288200,2026-09-13 08:30:00,2026-09-13 05:30:00,Isluga,MODIS,0.0,0.0,RUTINA,NULO,No descargada,2026-09-13 08:05:50,2026-09-13 10:45:58,NO
1789282801,2026-09-13 07:00:01,2026-09-13 04:00:01,Chaiten,VIIRS375,0.0,0.0,RUTINA,NULO,No descargada,2026-09-13 06:26:04,2026-09-13 19:01:00,NO
1789282801,2026-09-13 07:00:01,2026-09-13 04:00:01,Puyehue-Cordon Caulle,VIIRS,0.0,0.0,RUTINA,NULO,No descargada,2026-09-13 06:26:04,2026-09-13 19:01:00,NO
1789282801,2026-09-13 07:00:01,2026-09-13 04:00:01,Chaiten,VIIRS,0.0,0.0,RUTINA,NULO,No descargada,2026-09-13 06:26:04,2026-09-13 19:01:00,NO
1789282801,2026-09-13 07:00:01,2026-09-13 04:00:01,Llaima,VIIRS375,0.0,0.0,RUTINA,NULO,No descargada,2026-09-13 06:26:04,2026-09-13 19:01:00,NO
1789282801,2026-09-13 07:00:01,2026-09-13 04:00:01,Puyehue-Cordon Caulle,VIIRS375,0.25,8.19,ALERTA_TERMICA,Muy Bajo,imagenes_satelitales/Puyehue_Cordon_Caulle/2026-09-13/07-00-01_Puyehue_Cordon_Caulle_VIIRS375_Latest.png,2026-09-13 06:26:04,2026-09-13 19:01:00,NO
1789282801,2026-09-13 07:00:01,2026-09-13 04:00:01,Villarrica,VIIRS,0.0,0.0,RUTINA,NULO,No descargada,2026-09-13 06:26:04,2026-09-13 19:01:00,NO
1789282801,2026-09-13 07:00:01,2026-09-13 04:00:01,Llaima,VIIRS,0.0,0.0,RUTINA,NULO,No descargada,2026-09-13 06:26:04,2026-09-13 19:01:00,NO
1789282801,2026-09-13 07:00:01,2026-09-13 04:00:01,Villarrica,VIIRS375,0.0,0.0,RUTINA,NULO,No descargada,2026-09-13 06:26:04,2026-09-13 19:01:00,NO
1789282800,2026-09-13 07:00:00,2026-09-13 04:00:00,Puyehue-Cordon Caulle,MODIS,0.0,0.0,RUTINA,NULO,No descargada,2026-09-13 05:51:31,2026-09-13 08:00:59,NO
1789282800,2026-09-13 07:00:00,2026-09-13 04:00:00,Chaiten,MODIS,0.0,0.0,RUTINA,NULO,No descargada,2026-09-13 05:51:31,2026-09-13 08:00:59,NO
1789281360,2026-09-13 06:36:00,2026-09-13 03:36:00,Tupungatito,VIIRS375,0.05,4.89,ALERTA_TERMICA,Muy Bajo,imagenes_satelitales/Tupungatito/2026-09-13/06-36-00_Tupungatito_VIIRS375_Latest.png,2026-09-13 07:05:50,2026-09-13 19:01:00,NO
1789281360,2026-09-13 06:36:00,2026-09-13 03:36:00,Lastarria,VIIRS,0.0,0.0,RUTINA,NULO,No descargada,2026-09-13 07:05:50,2026-09-13 19:01:00,NO
1789281360,2026-09-13 06:36:00,2026-09-13 03:36:00,PlanchonPeteroa,VIIRS375,0.02,2.02,ALERTA_TERMICA,Muy Bajo,imagenes_satelitales/PlanchonPeteroa/2026-09-13/06-36-00_PlanchonPeteroa_VIIRS375_Latest.png,2026-09-13 07:05:50,2026-09-13 19:01:00,NO
1789281360,2026-09-13 06:36:00,2026-09-13 03:36:00,Nevados de Chillan,VIIRS,0.0,0.0,RUTINA,NULO,No descargada,2026-09-13 07:05:50,2026-09-13 19:01:00,NO
1789281360,2026-09-13 06:36:00,2026-09-13 03:36:00,Lascar,VIIRS,0.0,0.0,RUTINA,NULO,No descargada,2026-09-13 07:05:50,2026-09-13 19:01:00,NO
1789281360,2026-09-13 06:36:00,2026-09-13 03:36:00,Copahue,VIIRS,0.0,0.0,RUTINA,NULO,No descargada,2026-09-13 07:05:50,2026-09-13 19:01:00,NO
1789281360,2026-09-13 06:36:00,2026-09-13 03:36:00,Lascar,VIIRS375,1.37,24.93,FALSO_POSITIVO,NULO,No descargada,2026-09-13 07:05:50,2026-09-13 19:01:00,NO
1789281360,2026-09-13 06:36:00,2026-09-13 03:36:00,Nevados de Chillan,VIIRS375,0.0,0.0,RUTINA,NULO,No descargada,2026-09-13 07:05:50,2026-09-13 19:01:00,NO
1789281360,2026-09-13 06:36:00,2026-09-13 03:36:00,Tupungatito,VIIRS,0.0,0.0,RUTINA,NULO,No descargada,2026-09-13 07:05:50,2026-09-13 19:01:00,NO
1789281360,2026-09-13 06:36:00,2026-09-13 03:36:00,Lastarria,VIIRS375,0.04,1.55,ALERTA_TERMICA,Muy Bajo,imagenes_satelitales/Lastarria/2026-09-13/06-36-00_Lastarria_VIIRS375_Latest.png,2026-09-13 07:05:50,2026-09-13 19:01:00,NO
1789281360,2026-09-13 06:36:00,2026-09-13 03:36:00,PlanchonPeteroa,VIIRS,0.0,0.0,RUTINA,NULO,No descargada,2026-09-13 07:05:50,2026-09-13 19:01:00,NO
1789281360,2026-09-13 06:36:00,2026-09-13 03:36:00,Copahue,VIIRS375,0.28,10.88,FALSO_POSITIVO,NULO,No descargada,2026-09-13 07:05:50,2026-09-13 19:01:00,NO
1789281000,2026-09-13 06:30:00,2026-09-13 03:30:00,Isluga,VIIRS375,0.0,0.0,RUTINA,NULO,No descargada,2026-09-13 07:05:50,2026-09-13 19:01:00,NO
1789281000,2026-09-13 06:30:00,2026-09-13 03:30:00,Isluga,VIIRS,0.0,0.0,RUTINA,NULO,No descargada,2026-09-13 07:05:50,2026-09-13 19:01:00,NO
1789279562,2026-09-13 06:06:02,2026-09-13 03:06:02,Chaiten,VIIRS,0.0,0.0,RUTINA,NULO,No descargada,2026-09-13 05:35:54,2026-09-13 06:15:55,NO
1789279202,2026-09-13 06:00:02,2026-09-13 03:00:02,Puyehue-Cordon Caulle,VIIRS,0.45,7.83,ALERTA_TERMICA,Muy Bajo,imagenes_satelitales/Puyehue_Cordon_Caulle/2026-09-13/06-00-02_Puyehue_Cordon_Caulle_VIIRS750_Latest.png,2026-09-13 05:35:54,2026-09-13 06:15:55,NO
1789279202,2026-09-13 06:00:02,2026-09-13 03:00:02,Copahue,VIIRS375,0.0,0.0,RUTINA,NULO,No descargada,2026-09-13 05:35:54,2026-09-13 07:01:01,NO
1789279202,2026-09-13 06:00:02,2026-09-13 03:00:02,Lascar,VIIRS,0.0,0.0,RUTINA,NULO,No descargada,2026-09-13 05:35:54,2026-09-13 07:01:01,NO
1789279202,2026-09-13 06:00:02,2026-09-13 03:00:02,Copahue,VIIRS,0.0,0.0,RUTINA,NULO,No descargada,2026-09-13 05:35:54,2026-09-13 07:01:01,NO
1789279202,2026-09-13 06:00:02,2026-09-13 03:00:02,Nevados de Chillan,VIIRS375,0.0,0.0,RUTINA,NULO,No descargada,2026-09-13 05:35:54,2026-09-13 07:01:01,NO
1789279202,2026-09-13 06:00:02,2026-09-13 03:00:02,Lastarria,VIIRS,0.0,0.0,RUTINA,NULO,No descargada,2026-09-13 05:35:54,2026-09-13 07:01:01,NO
1789279202,2026-09-13 06:00:02,2026-09-13 03:00:02,Lastarria,VIIRS375,0.04,1.19,ALERTA_TERMICA,Muy Bajo,imagenes_satelitales/Lastarria/2026-09-13/06-00-02_Lastarria_VIIRS375_Latest.png,2026-09-13 05:21:03,2026-09-13 07:01:01,NO
1789279202,2026-09-13 06:00:02,2026-09-13 03:00:02,Nevados de Chillan,VIIRS,0.0,0.0,RUTINA,NULO,No descargada,2026-09-13 05:35:54,2026-09-13 07:01:01,NO
1789279202,2026-09-13 06:00:02,2026-09-13 03:00:02,Villarrica,VIIRS,0.0,0.0,RUTINA,NULO,No descargada,2026-09-13 05:35:54,2026-09-13 06:15:55,NO
1789279202,2026-09-13 06:00:02,2026-09-13 03:00:02,PlanchonPeteroa,VIIRS375,0.09,2.02,ALERTA_TERMICA,Muy Bajo,imagenes_satelitales/PlanchonPeteroa/2026-09-13/06-00-02_PlanchonPeteroa_VIIRS375_Latest.png,2026-09-13 05:35:54,2026-09-13 07:01:01,NO
1789279202,2026-09-13 06:00:02,2026-09-13 03:00:02,Villarrica,VIIRS375,0.0,0.0,RUTINA,NULO,No descargada,2026-09-13 05:35:54,2026-09-13 06:15:55,NO
1789279202,2026-09-13 06:00:02,2026-09-13 03:00:02,Llaima,VIIRS375,0.0,0.0,RUTINA,NULO,No descargada,2026-09-13 05:35:54,2026-09-13 06:15:55,NO
1789279202,2026-09-13 06:00:02,2026-09-13 03:00:02,PlanchonPeteroa,VIIRS,0.0,0.0,RUTINA,NULO,No descargada,2026-09-13 05:35:54,2026-09-13 07:01:01,NO
1789279202,2026-09-13 06:00:02,2026-09-13 03:00:02,Tupungatito,VIIRS375,0.08,4.89,ALERTA_TERMICA,Muy Bajo,imagenes_satelitales/Tupungatito/2026-09-13/06-00-02_Tupungatito_VIIRS375_Latest.png,2026-09-13 05:35:54,2026-09-13 07:01:01,NO
1789279202,2026-09-13 06:00:02,2026-09-13 03:00:02,Puyehue-Cordon Caulle,VIIRS375,0.62,8.1,ALERTA_TERMICA,Muy Bajo,imagenes_satelitales/Puyehue_Cordon_Caulle/2026-09-13/06-00-02_Puyehue_Cordon_Caulle_VIIRS375_Latest.png,2026-09-13 05:35:54,2026-09-13 06:15:55,NO
1789279202,2026-09-13 06:00:02,2026-09-13 03:00:02,Llaima,VIIRS,0.0,0.0,RUTINA,NULO,No descargada,2026-09-13 05:35:54,2026-09-13 06:15:55,NO
1789279202,2026-09-13 06:00:02,2026-09-13 03:00:02,Lascar,VIIRS375,0.0,0.0,RUTINA,NULO,No descargada,2026-09-13 05:21:03,2026-09-13 07:01:01,NO
1789279202,2026-09-13 06:00:02,2026-09-13 03:00:02,Tupungatito,VIIRS,0.0,0.0,RUTINA,NULO,No descargada,2026-09-13 05:35:54,2026-09-13 07:01:01,NO
1789278842,2026-09-13 05:54:02,2026-09-13 02:54:02,Isluga,VIIRS375,0.12,0.53,ALERTA_TERMICA,Muy Bajo,imagenes_satelitales/Isluga/2026-09-13/05-54-02_Isluga_VIIRS375_Latest.png,2026-09-13 05:21:03,2026-09-13 07:01:01,NO
1789278842,2026-09-13 05:54:02,2026-09-13 02:54:02,Isluga,VIIRS,0.0,0.0,RUTINA,NULO,No descargada,2026-09-13 05:35:54,2026-09-13 07:01:01,NO
1789276681,2026-09-13 05:18:01,2026-09-13 02:18:01,Llaima,VIIRS375,0.0,0.0,RUTINA,NULO,No descargada,2026-09-13 04:51:03,2026-09-13 05:31:01,NO
1789276681,2026-09-13 05:18:01,2026-09-13 02:18:01,Chaiten,VIIRS375,0.07,0.53,ALERTA_TERMICA,Muy Bajo,imagenes_satelitales/Chaiten/2026-09-13/05-18-01_Chaiten_VIIRS375_Latest.png,2026-09-13 04:51:03,2026-09-13 05:31:01,NO
1789276681,2026-09-13 05:18:01,2026-09-13 02:18:01,Nevados de Chillan,VIIRS,0.0,0.0,RUTINA,NULO,No descargada,2026-09-13 04:51:03,2026-09-13 05:31:01,NO
1789276681,2026-09-13 05:18:01,2026-09-13 02:18:01,Chaiten,VIIRS,0.0,0.0,RUTINA,NULO,No descargada,2026-09-13 05:05:53,2026-09-13 05:31:01,NO
1789276681,2026-09-13 05:18:01,2026-09-13 02:18:01,Puyehue-Cordon Caulle,VIIRS,0.63,7.83,ALERTA_TERMICA,Muy Bajo,imagenes_satelitales/Puyehue_Cordon_Caulle/2026-09-13/05-18-01_Puyehue_Cordon_Caulle_VIIRS750_Latest.png,2026-09-13 05:05:53,2026-09-13 05:31:01,NO
1789276681,2026-09-13 05:18:01,2026-09-13 02:18:01,Copahue,VIIRS,0.0,0.0,RUTINA,NULO,No descargada,2026-09-13 04:51:03,2026-09-13 05:31:01,NO
1789276681,2026-09-13 05:18:01,2026-09-13 02:18:01,Tupungatito,VIIRS,0.0,0.0,RUTINA,NULO,No descargada,2026-09-13 05:05:53,2026-09-13 05:31:01,NO
1789276681,2026-09-13 05:18:01,2026-09-13 02:18:01,Nevados de Chillan,VIIRS375,0.0,0.0,RUTINA,NULO,No descargada,2026-09-13 04:51:03,2026-09-13 05:31:01,NO
1789276681,2026-09-13 05:18:01,2026-09-13 02:18:01,PlanchonPeteroa,VIIRS375,0.0,0.0,RUTINA,NULO,No descargada,2026-09-13 04:51:03,2026-09-13 05:31:01,NO
1789276681,2026-09-13 05:18:01,2026-09-13 02:18:01,PlanchonPeteroa,VIIRS,0.0,0.0,RUTINA,NULO,No descargada,2026-09-13 04:51:03,2026-09-13 05:31:01,NO
1789276681,2026-09-13 05:18:01,2026-09-13 02:18:01,Villarrica,VIIRS375,0.0,0.0,RUTINA,NULO,No descargada,2026-09-13 04:51:03,2026-09-13 05:31:01,NO
1789276681,2026-09-13 05:18:01,2026-09-13 02:18:01,Puyehue-Cordon Caulle,VIIRS375,0.44,8.1,ALERTA_TERMICA,Muy Bajo,imagenes_satelitales/Puyehue_Cordon_Caulle/2026-09-13/05-18-01_Puyehue_Cordon_Caulle_VIIRS375_Latest.png,2026-09-13 04:51:03,2026-09-13 05:31:01,NO
1789276681,2026-09-13 05:18:01,2026-09-13 02:18:01,Villarrica,VIIRS,0.0,0.0,RUTINA,NULO,No descargada,2026-09-13 05:05:53,2026-09-13 05:31:01,NO
1789276681,2026-09-13 05:18:01,2026-09-13 02:18:01,Tupungatito,VIIRS375,0.14,5.54,ALERTA_TERMICA,Muy Bajo,imagenes_satelitales/Tupungatito/2026-09-13/05-18-01_Tupungatito_VIIRS375_Latest.png,2026-09-13 04:51:03,2026-09-13 05:31:01,NO
1789276681,2026-09-13 05:18:01,2026-09-13 02:18:01,Llaima,VIIRS,0.0,0.0,RUTINA,NULO,No descargada,2026-09-13 05:05:53,2026-09-13 05:31:01,NO
1789276681,2026-09-13 05:18:01,2026-09-13 02:18:01,Copahue,VIIRS375,0.0,0.0,RUTINA,NULO,No descargada,2026-09-13 04:51:03,2026-09-13 05:31:01,NO
1789276321,2026-09-13 05:12:01,2026-09-13 02:12:01,Lastarria,VIIRS375,0.0,0.0,RUTINA,NULO,No descargada,2026-09-13 04:51:03,2026-09-13 05:15:53,NO
1789276321,2026-09-13 05:12:01,2026-09-13 02:12:01,Isluga,VIIRS375,0.07,0.38,ALERTA_TERMICA,Muy Bajo,imagenes_satelitales/Isluga/2026-09-13/05-12-01_Isluga_VIIRS375_Latest.png,2026-09-13 04:51:03,2026-09-13 05:15:53,NO
1789276321,2026-09-13 05:12:01,2026-09-13 02:12:01,Isluga,VIIRS,0.0,0.0,RUTINA,NULO,No descargada,2026-09-13 04:51:03,2026-09-13 05:31:01,NO
1789276321,2026-09-13 05:12:01,2026-09-13 02:12:01,Lastarria,VIIRS,0.0,0.0,RUTINA,NULO,No descargada,2026-09-13 04:51:03,2026-09-13 05:31:01,NO
1789276321,2026-09-13 05:12:01,2026-09-13 02:12:01,Lascar,VIIRS375,0.0,0.0,RUTINA,NULO,No descargada,2026-09-13 04:51:03,2026-09-13 05:15:53,NO
1789276321,2026-09-13 05:12:01,2026-09-13 02:12:01,Lascar,VIIRS,0.0,0.0,RUTINA,NULO,No descargada,2026-09-13 04:51:03,2026-09-13 05:31:01,NO
1789275600,2026-09-13 05:00:00,2026-09-13 02:00:00,Puyehue-Cordon Caulle,VIIRS,0.0,0.0,RUTINA,NULO,No descargada,2026-09-13 04:35:59,2026-09-13 05:01:06,NO
1789275600,2026-09-13 05:00:00,2026-09-13 02:00:00,Copahue,VIIRS,0.0,0.0,RUTINA,NULO,No descargada,2026-09-13 04:35:59,2026-09-13 04:45:58,NO
1789275600,2026-09-13 05:00:00,2026-09-13 02:00:00,Llaima,VIIRS,0.0,0.0,RUTINA,NULO,No descargada,2026-09-13 04:35:59,2026-09-13 05:01:06,NO
1789275600,2026-09-13 05:00:00,2026-09-13 02:00:00,PlanchonPeteroa,VIIRS,0.0,0.0,RUTINA,NULO,No descargada,2026-09-13 04:35:59,2026-09-13 04:45:58,NO
1789275600,2026-09-13 05:00:00,2026-09-13 02:00:00,Chaiten,VIIRS,0.0,0.0,RUTINA,NULO,No descargada,2026-09-13 04:35:59,2026-09-13 05:01:06,NO
1789275600,2026-09-13 05:00:00,2026-09-13 02:00:00,Villarrica,VIIRS,0.0,0.0,RUTINA,NULO,No descargada,2026-09-13 04:35:59,2026-09-13 05:01:06,NO
1789275600,2026-09-13 05:00:00,2026-09-13 02:00:00,Nevados de Chillan,VIIRS,0.0,0.0,RUTINA,NULO,No descargada,2026-09-13 04:35:59,2026-09-13 04:45:58,NO
1789275240,2026-09-13 04:54:00,2026-09-13 01:54:00,Lascar,VIIRS,0.0,0.0,RUTINA,NULO,No descargada,2026-09-13 04:35:59,2026-09-13 04:45:58,NO
1789275240,2026-09-13 04:54:00,2026-09-13 01:54:00,Tupungatito,VIIRS,0.0,0.0,RUTINA,NULO,No descargada,2026-09-13 04:35:59,2026-09-13 05:01:06,NO
1789275240,2026-09-13 04:54:00,2026-09-13 01:54:00,Lastarria,VIIRS,0.0,0.0,RUTINA,NULO,No descargada,2026-09-13 04:35:59,2026-09-13 04:45:58,NO
1789273442,2026-09-13 04:24:02,2026-09-13 01:24:02,Chaiten,VIIRS375,0.0,0.0,RUTINA,NULO,No descargada,2026-09-13 03:20:50,2026-09-13 04:45:58,NO
1789273442,2026-09-13 04:24:02,2026-09-13 01:24:02,Chaiten,VIIRS,0.0,0.0,RUTINA,NULO,No descargada,2026-09-13 03:50:52,2026-09-13 04:31:30,NO
1789263300,2026-09-13 01:35:00,2026-09-12 22:35:00,Lastarria,MODIS,0.0,0.0,RUTINA,NULO,No descargada,2026-09-13 00:20:57,2026-09-13 08:00:59,NO
1789263300,2026-09-13 01:35:00,2026-09-12 22:35:00,Tupungatito,MODIS,0.0,0.0,RUTINA,NULO,No descargada,2026-09-13 00:20:57,2026-09-13 08:00:59,NO
1789263300,2026-09-13 01:35:00,2026-09-12 22:35:00,Isluga,MODIS,0.0,0.0,RUTINA,NULO,No descargada,2026-09-13 00:20:57,2026-09-13 08:00:59,NO
1789263300,2026-09-13 01:35:00,2026-09-12 22:35:00,Lascar,MODIS,0.0,0.0,RUTINA,NULO,No descargada,2026-09-13 00:20:57,2026-09-13 08:00:59,NO
1789263000,2026-09-13 01:30:00,2026-09-12 22:30:00,Copahue,MODIS,0.0,0.0,RUTINA,NULO,No descargada,2026-09-13 00:20:57,2026-09-13 08:00:59,NO
1789263000,2026-09-13 01:30:00,2026-09-12 22:30:00,Llaima,MODIS,0.0,0.0,RUTINA,NULO,No descargada,2026-09-13 00:20:57,2026-09-13 08:00:59,NO
1789263000,2026-09-13 01:30:00,2026-09-12 22:30:00,Nevados de Chillan,MODIS,0.0,0.0,RUTINA,NULO,No descargada,2026-09-13 00:20:57,2026-09-13 08:00:59,NO
1789263000,2026-09-13 01:30:00,2026-09-12 22:30:00,Puyehue-Cordon Caulle,MODIS,0.0,0.0,RUTINA,NULO,No descargada,2026-09-13 00:20:57,2026-09-13 05:40:57,NO
1789263000,2026-09-13 01:30:00,2026-09-12 22:30:00,Chaiten,MODIS,0.0,0.0,RUTINA,NULO,No descargada,2026-09-13 00:20:57,2026-09-13 05:40:57,NO
1789263000,2026-09-13 01:30:00,2026-09-12 22:30:00,Villarrica,MODIS,0.0,0.0,RUTINA,NULO,No descargada,2026-09-13 00:20:57,2026-09-13 08:00:59,NO
