volcano_csv,sensor_bucket,mirova_dt,ours_dt,diff_min,mirova_vrp_mw,mirova_clasif,mirova_dist_km,ours_vrp_mw,ours_primary_vrp_mw,ours_n_anomalous_pixels,ours_primary_n_pixels,ours_primary_lat,ours_primary_lon,ours_distance_class,ours_final_hotspot_dist_km,ratio_ours_mirova,volcano
Puyehue-Cordon Caulle,VIIRS,2026-01-29 04:30:01,2026-01-29 04:30:00,0.016666666666666666,0.31,Muy Bajo,8.66,2.031,0.284,9,1,-40.44916,-71.97862,summit,19.55,6.551612903225807,PuyehueCordonCaulle
Puyehue-Cordon Caulle,VIIRS,2026-01-29 06:12:01,2026-01-29 06:12:00,0.016666666666666666,1.22,Bajo,7.83,11.985,1.179,138,3,-40.36657,-72.07298,summit,7.69,9.823770491803279,PuyehueCordonCaulle
Puyehue-Cordon Caulle,VIIRS,2026-01-30 05:48:01,2026-01-30 05:48:00,0.016666666666666666,0.21,Muy Bajo,8.19,11.115,4.559,120,95,-40.52617,-72.14194,summit,19.58,52.92857142857143,PuyehueCordonCaulle
Puyehue-Cordon Caulle,VIIRS,2026-01-31 05:30:01,2026-01-31 05:30:00,0.016666666666666666,0.13,Muy Bajo,2.86,0.0,1.621,156,83,-40.53545,-72.14804,summit,0.971,0.0,PuyehueCordonCaulle
Puyehue-Cordon Caulle,VIIRS,2026-02-01 05:12:01,2026-02-01 05:12:00,0.016666666666666666,0.57,Muy Bajo,7.83,3.913,3.013,88,81,-40.51851,-72.14421,summit,7.76,6.864912280701755,PuyehueCordonCaulle
Puyehue-Cordon Caulle,VIIRS,2026-02-02 04:54:01,2026-02-02 04:54:00,0.016666666666666666,0.56,Muy Bajo,8.55,33.676,3.403,189,6,-40.44931,-71.97862,summit,19.4,60.135714285714286,PuyehueCordonCaulle
Puyehue-Cordon Caulle,VIIRS,2026-02-06 05:18:01,2026-02-06 05:18:00,0.016666666666666666,0.59,Muy Bajo,7.83,0.0,6.743,189,94,-40.51911,-72.14665,summit,0.464,0.0,PuyehueCordonCaulle
Puyehue-Cordon Caulle,VIIRS,2026-02-06 06:42:00,2026-02-06 06:42:00,0.0,0.2,Muy Bajo,7.65,27.189,9.046,114,16,-40.44492,-71.9917,summit,19.44,135.945,PuyehueCordonCaulle
Puyehue-Cordon Caulle,VIIRS,2026-02-07 05:00:01,2026-02-07 05:00:00,0.016666666666666666,0.35,Muy Bajo,8.1,16.674,2.827,118,6,-40.41645,-72.00754,summit,19.95,47.64,PuyehueCordonCaulle
Puyehue-Cordon Caulle,VIIRS,2026-02-07 06:42:01,2026-02-07 06:42:00,0.016666666666666666,0.76,Muy Bajo,8.1,12.96,3.338,84,8,-40.4472,-71.98999,summit,19.54,17.05263157894737,PuyehueCordonCaulle
Puyehue-Cordon Caulle,VIIRS,2026-02-08 04:42:01,2026-02-08 04:42:00,0.016666666666666666,0.5,Muy Bajo,8.55,6.518,0.733,71,2,-40.45155,-71.97623,summit,19.79,13.036,PuyehueCordonCaulle
Puyehue-Cordon Caulle,VIIRS,2026-02-08 06:24:01,2026-02-08 06:24:00,0.016666666666666666,0.36,Muy Bajo,7.73,9.216,1.121,80,3,-40.43733,-72.01151,summit,7.65,25.599999999999998,PuyehueCordonCaulle
Puyehue-Cordon Caulle,VIIRS,2026-02-10 05:42:01,2026-02-10 05:42:00,0.016666666666666666,0.2,Muy Bajo,7.73,195.994,39.629,759,59,-40.4384,-71.9903,summit,19.05,979.9699999999999,PuyehueCordonCaulle
Puyehue-Cordon Caulle,VIIRS,2026-02-13 06:30:01,2026-02-13 06:30:00,0.016666666666666666,0.02,Muy Bajo,8.19,43.674,29.052,38,13,-40.43647,-71.99781,summit,19.21,2183.7,PuyehueCordonCaulle
Puyehue-Cordon Caulle,VIIRS,2026-02-15 05:30:00,2026-02-15 05:30:00,0.0,0.42,Muy Bajo,7.83,0.0,4.498,141,79,-40.52072,-72.14227,summit,0.385,0.0,PuyehueCordonCaulle
Puyehue-Cordon Caulle,VIIRS,2026-02-18 04:54:01,2026-02-18 04:54:00,0.016666666666666666,0.52,Muy Bajo,8.55,102.879,13.645,426,67,-40.51795,-72.14559,summit,7.92,197.84423076923076,PuyehueCordonCaulle
Puyehue-Cordon Caulle,VIIRS,2026-02-19 04:36:01,2026-02-19 04:36:00,0.016666666666666666,0.36,Muy Bajo,8.55,13.113,2.049,79,5,-40.41498,-72.00996,summit,19.12,36.425,PuyehueCordonCaulle
Puyehue-Cordon Caulle,VIIRS,2026-02-20 06:00:01,2026-02-20 06:00:00,0.016666666666666666,0.38,Muy Bajo,7.73,8.579,8.306,530,77,-40.51943,-72.14487,summit,0.844,22.576315789473686,PuyehueCordonCaulle
Puyehue-Cordon Caulle,VIIRS,2026-02-21 05:36:01,2026-02-21 05:36:00,0.016666666666666666,0.11,Muy Bajo,7.65,35.348,1.331,250,5,-40.53599,-72.36125,summit,7.67,321.3454545454545,PuyehueCordonCaulle
Puyehue-Cordon Caulle,VIIRS,2026-02-22 05:18:01,2026-02-22 05:18:00,0.016666666666666666,0.24,Muy Bajo,8.19,20.952,1.631,155,4,-40.45315,-71.97328,summit,7.93,87.30000000000001,PuyehueCordonCaulle
Puyehue-Cordon Caulle,VIIRS,2026-02-22 06:42:00,2026-02-22 06:42:00,0.0,0.15,Muy Bajo,7.65,12.456,6.211,8,4,-40.44626,-71.9986,summit,19.03,83.04,PuyehueCordonCaulle
Puyehue-Cordon Caulle,VIIRS,2026-02-23 05:00:01,2026-02-23 05:00:00,0.016666666666666666,0.15,Muy Bajo,8.19,16.569,3.894,121,10,-40.42241,-72.00975,summit,19.68,110.46,PuyehueCordonCaulle
Puyehue-Cordon Caulle,VIIRS,2026-02-25 06:06:01,2026-02-25 06:06:00,0.016666666666666666,0.27,Muy Bajo,7.65,19.27,3.357,126,7,-40.44646,-71.98018,summit,19.63,71.37037037037037,PuyehueCordonCaulle
Puyehue-Cordon Caulle,VIIRS,2026-02-26 05:24:00,2026-02-26 05:24:00,0.0,0.75,Muy Bajo,7.83,59.001,27.848,50,10,-40.43597,-72.00026,summit,19.0,78.66799999999999,PuyehueCordonCaulle
Puyehue-Cordon Caulle,VIIRS,2026-03-05 05:12:01,2026-03-05 05:12:00,0.016666666666666666,0.54,Muy Bajo,8.46,0.0,5.283,223,74,-40.51638,-72.14485,summit,0.608,0.0,PuyehueCordonCaulle
Puyehue-Cordon Caulle,VIIRS,2026-03-10 05:18:01,2026-03-10 05:18:00,0.016666666666666666,0.67,Muy Bajo,7.83,35.337,13.355,38,6,-40.42591,-72.0096,summit,19.46,52.74179104477612,PuyehueCordonCaulle
Puyehue-Cordon Caulle,VIIRS,2026-03-13 06:06:01,2026-03-13 06:06:00,0.016666666666666666,0.16,Muy Bajo,7.65,0.0,8.597,563,83,-40.51825,-72.13707,summit,1.149,0.0,PuyehueCordonCaulle
Puyehue-Cordon Caulle,VIIRS,2026-03-20 05:30:01,2026-03-20 05:30:00,0.016666666666666666,0.1,Muy Bajo,8.1,31.733,7.06,250,15,-40.42852,-72.01247,summit,19.88,317.33,PuyehueCordonCaulle
Puyehue-Cordon Caulle,VIIRS,2026-03-26 05:18:01,2026-03-26 05:18:00,0.016666666666666666,0.26,Muy Bajo,8.19,1.85,1.847,168,60,-40.52198,-72.14684,summit,0.72,7.115384615384616,PuyehueCordonCaulle
Puyehue-Cordon Caulle,VIIRS,2026-03-27 05:00:01,2026-03-27 05:00:00,0.016666666666666666,0.29,Muy Bajo,8.3,17.95,2.441,149,6,-40.42439,-72.00534,summit,19.8,61.896551724137936,PuyehueCordonCaulle
Puyehue-Cordon Caulle,VIIRS,2026-03-27 06:42:01,2026-03-27 06:42:00,0.016666666666666666,0.09,Muy Bajo,7.65,18.982,5.798,14,3,-40.44561,-71.99447,summit,19.13,210.9111111111111,PuyehueCordonCaulle
Puyehue-Cordon Caulle,VIIRS,2026-03-28 04:42:01,2026-03-28 04:42:00,0.016666666666666666,0.15,Muy Bajo,8.91,12.801,1.123,129,3,-40.44899,-71.97819,summit,19.36,85.34,PuyehueCordonCaulle
Puyehue-Cordon Caulle,VIIRS,2026-03-28 06:24:01,2026-03-28 06:24:00,0.016666666666666666,0.28,Muy Bajo,7.73,27.794,11.709,37,6,-40.43574,-71.99622,summit,19.0,99.2642857142857,PuyehueCordonCaulle
Puyehue-Cordon Caulle,VIIRS,2026-04-02 04:48:01,2026-04-02 04:48:00,0.016666666666666666,0.49,Muy Bajo,8.55,1.907,0.063,15,1,-40.57026,-72.12705,summit,8.13,3.891836734693878,PuyehueCordonCaulle
Puyehue-Cordon Caulle,VIIRS,2026-04-02 06:30:01,2026-04-02 06:30:00,0.016666666666666666,0.26,Muy Bajo,7.73,5.185,3.214,38,17,-40.51969,-72.14082,summit,0.633,19.94230769230769,PuyehueCordonCaulle
Puyehue-Cordon Caulle,VIIRS,2026-04-04 05:54:01,2026-04-04 05:54:00,0.016666666666666666,0.55,Muy Bajo,7.65,1.655,0.187,5,1,-40.54575,-72.16949,summit,7.62,3.009090909090909,PuyehueCordonCaulle
Puyehue-Cordon Caulle,VIIRS,2026-04-07 04:54:01,2026-04-07 04:54:00,0.016666666666666666,0.44,Muy Bajo,8.55,2.85,2.85,3,3,-40.52198,-71.93236,summit,16.83,6.4772727272727275,PuyehueCordonCaulle
Puyehue-Cordon Caulle,VIIRS,2026-04-08 06:18:01,2026-04-08 06:18:00,0.016666666666666666,0.07,Muy Bajo,2.25,0.807,0.15,6,1,-40.5715,-72.12024,summit,6.48,11.528571428571428,PuyehueCordonCaulle
Puyehue-Cordon Caulle,VIIRS,2026-04-09 06:00:01,2026-04-09 06:00:00,0.016666666666666666,0.61,Muy Bajo,8.1,6.915,0.18,54,2,-40.57006,-72.12195,summit,7.58,11.336065573770492,PuyehueCordonCaulle
Puyehue-Cordon Caulle,VIIRS,2026-04-09 06:48:02,2026-04-09 06:48:00,0.03333333333333333,0.16,Muy Bajo,7.58,2.001,0.107,15,1,-40.57374,-72.12289,summit,7.58,12.50625,PuyehueCordonCaulle
Puyehue-Cordon Caulle,VIIRS,2026-04-10 04:48:02,2026-04-10 04:48:00,0.03333333333333333,0.11,Muy Bajo,7.83,1.505,0.086,15,1,-40.57244,-72.12313,summit,6.41,13.681818181818182,PuyehueCordonCaulle
Puyehue-Cordon Caulle,VIIRS,2026-04-10 05:18:00,2026-04-10 05:18:00,0.0,0.57,Muy Bajo,8.1,1.917,0.079,11,1,-40.5735,-72.12292,summit,7.67,3.3631578947368426,PuyehueCordonCaulle
Puyehue-Cordon Caulle,VIIRS,2026-04-10 06:30:02,2026-04-10 06:30:00,0.03333333333333333,0.08,Muy Bajo,6.45,2.9,0.258,29,2,-40.57133,-72.12018,summit,6.21,36.25,PuyehueCordonCaulle
Puyehue-Cordon Caulle,VIIRS,2026-04-11 06:12:02,2026-04-11 06:12:00,0.03333333333333333,0.16,Muy Bajo,7.65,6.311,0.345,60,3,-40.57098,-72.12168,summit,7.51,39.44375,PuyehueCordonCaulle
Puyehue-Cordon Caulle,VIIRS,2026-04-13 06:24:01,2026-04-13 06:24:00,0.016666666666666666,0.37,Muy Bajo,7.73,0.965,0.188,7,1,-40.54501,-72.16617,summit,7.26,2.608108108108108,PuyehueCordonCaulle
Puyehue-Cordon Caulle,VIIRS,2026-04-15 04:54:02,2026-04-15 04:54:00,0.03333333333333333,0.23,Muy Bajo,8.1,3.634,0.604,38,1,-40.52422,-72.14693,summit,7.74,15.799999999999999,PuyehueCordonCaulle
Puyehue-Cordon Caulle,VIIRS,2026-04-17 05:06:01,2026-04-17 05:06:00,0.016666666666666666,0.04,Muy Bajo,8.66,1.17,0.1,13,1,-40.58852,-72.18518,summit,13.45,29.249999999999996,PuyehueCordonCaulle
Puyehue-Cordon Caulle,VIIRS,2026-04-20 05:54:01,2026-04-20 05:54:00,0.016666666666666666,0.89,Muy Bajo,7.83,1.989,0.146,9,1,-40.57016,-72.12092,summit,7.42,2.2348314606741573,PuyehueCordonCaulle
Puyehue-Cordon Caulle,VIIRS,2026-04-21 05:12:00,2026-04-21 05:12:00,0.0,0.53,Muy Bajo,8.19,1.239,0.068,9,1,-40.5724,-72.12186,summit,7.73,2.337735849056604,PuyehueCordonCaulle
Puyehue-Cordon Caulle,VIIRS,2026-04-21 06:24:02,2026-04-21 06:24:00,0.03333333333333333,0.05,Muy Bajo,7.21,0.558,0.558,3,3,-40.52519,-72.1406,summit,7.24,11.16,PuyehueCordonCaulle
Puyehue-Cordon Caulle,VIIRS,2026-04-30 05:12:02,2026-04-30 05:12:00,0.03333333333333333,0.28,Muy Bajo,7.83,67.517,1.629,59,1,-40.52436,-72.14574,summit,9.79,241.1321428571428,PuyehueCordonCaulle
Puyehue-Cordon Caulle,VIIRS,2026-04-30 06:06:01,2026-04-30 06:06:00,0.016666666666666666,0.36,Muy Bajo,8.1,2.382,2.631,23,57,-40.58284,-72.14692,summit,1.587,6.616666666666667,PuyehueCordonCaulle
Puyehue-Cordon Caulle,VIIRS,2026-05-02 04:36:02,2026-05-02 04:36:00,0.03333333333333333,0.08,Muy Bajo,8.19,4.156,3.08,21,10,-40.51987,-72.14878,summit,0.416,51.949999999999996,PuyehueCordonCaulle
Puyehue-Cordon Caulle,VIIRS,2026-05-02 05:24:01,2026-05-02 05:24:00,0.016666666666666666,0.34,Muy Bajo,8.1,1.235,0.154,7,1,-40.54404,-72.1673,summit,7.53,3.6323529411764706,PuyehueCordonCaulle
Puyehue-Cordon Caulle,VIIRS,2026-05-02 06:18:02,2026-05-02 06:18:00,0.03333333333333333,0.28,Muy Bajo,7.73,1.012,0.138,7,1,-40.57037,-72.12062,summit,7.7,3.614285714285714,PuyehueCordonCaulle
Puyehue-Cordon Caulle,VIIRS,2026-05-03 05:06:01,2026-05-03 05:06:00,0.016666666666666666,0.08,Muy Bajo,7.73,0.893,0.074,10,1,-40.61477,-72.17594,summit,6.99,11.1625,PuyehueCordonCaulle
Puyehue-Cordon Caulle,VIIRS,2026-05-03 05:54:02,2026-05-03 05:54:00,0.03333333333333333,0.36,Muy Bajo,7.73,2.848,0.045,23,1,-40.5714,-72.12188,summit,7.51,7.911111111111111,PuyehueCordonCaulle
Puyehue-Cordon Caulle,VIIRS,2026-05-09 04:54:01,2026-05-09 04:54:00,0.016666666666666666,0.2,Muy Bajo,8.19,0.783,0.292,8,2,-40.52299,-72.15141,summit,7.88,3.915,PuyehueCordonCaulle
Puyehue-Cordon Caulle,VIIRS,2026-05-09 05:42:02,2026-05-09 05:42:00,0.03333333333333333,0.18,Muy Bajo,7.73,1.057,0.135,5,1,-40.54688,-72.16775,summit,7.4,5.872222222222222,PuyehueCordonCaulle
Puyehue-Cordon Caulle,VIIRS,2026-05-09 06:36:01,2026-05-09 06:36:00,0.016666666666666666,0.12,Muy Bajo,7.83,1.212,0.202,13,2,-40.52658,-72.14082,summit,7.5,10.1,PuyehueCordonCaulle
Puyehue-Cordon Caulle,VIIRS,2026-05-10 04:36:01,2026-05-10 04:36:00,0.016666666666666666,0.26,Muy Bajo,8.55,1.228,0.203,12,1,-40.52136,-72.14938,summit,8.19,4.723076923076923,PuyehueCordonCaulle
Puyehue-Cordon Caulle,VIIRS,2026-05-11 06:00:01,2026-05-11 06:00:00,0.016666666666666666,0.27,Muy Bajo,7.73,0.938,0.205,5,1,-40.54669,-72.16737,summit,7.49,3.4740740740740734,PuyehueCordonCaulle
Puyehue-Cordon Caulle,VIIRS,2026-05-12 06:30:02,2026-05-12 06:30:00,0.03333333333333333,0.14,Muy Bajo,7.65,1.886,0.296,6,1,-40.6406,-72.11231,summit,19.97,13.47142857142857,PuyehueCordonCaulle
Puyehue-Cordon Caulle,VIIRS,2026-05-13 05:18:01,2026-05-13 05:18:00,0.016666666666666666,0.12,Muy Bajo,7.73,1.085,1.085,1,1,-40.4515,-71.97997,summit,19.27,9.041666666666666,PuyehueCordonCaulle
Puyehue-Cordon Caulle,VIIRS,2026-05-13 06:42:00,2026-05-13 06:42:00,0.0,0.1,Muy Bajo,7.73,2.858,0.111,29,1,-40.54771,-72.1694,summit,7.52,28.58,PuyehueCordonCaulle
Puyehue-Cordon Caulle,VIIRS,2026-05-14 05:48:02,2026-05-14 05:48:00,0.03333333333333333,0.84,Muy Bajo,8.1,2.27,0.421,9,2,-40.54666,-72.16763,summit,7.3,2.7023809523809526,PuyehueCordonCaulle
Puyehue-Cordon Caulle,VIIRS,2026-05-14 06:24:00,2026-05-14 06:24:00,0.0,0.79,Muy Bajo,7.83,1.36,0.232,7,1,-40.54705,-72.16717,summit,7.49,1.7215189873417722,PuyehueCordonCaulle
Puyehue-Cordon Caulle,VIIRS,2026-05-14 06:42:01,2026-05-14 06:42:00,0.016666666666666666,0.09,Muy Bajo,7.73,2.182,0.139,25,1,-40.56972,-72.11965,summit,7.55,24.244444444444444,PuyehueCordonCaulle
Puyehue-Cordon Caulle,VIIRS,2026-05-16 05:12:02,2026-05-16 05:12:00,0.03333333333333333,0.82,Muy Bajo,8.55,0.926,0.926,1,1,-40.52267,-72.14643,summit,7.89,1.129268292682927,PuyehueCordonCaulle
Puyehue-Cordon Caulle,VIIRS,2026-05-16 06:06:01,2026-05-16 06:06:00,0.016666666666666666,0.46,Muy Bajo,8.1,1.057,0.168,4,1,-40.54478,-72.16682,summit,7.65,2.2978260869565217,PuyehueCordonCaulle
Puyehue-Cordon Caulle,VIIRS,2026-05-17 05:48:01,2026-05-17 05:48:00,0.016666666666666666,0.51,Muy Bajo,7.65,1.522,0.227,6,1,-40.54411,-72.16811,summit,7.46,2.984313725490196,PuyehueCordonCaulle
Puyehue-Cordon Caulle,VIIRS,2026-05-17 06:36:02,2026-05-17 06:36:00,0.03333333333333333,0.62,Muy Bajo,8.02,0.99,0.179,6,1,-40.5472,-72.16586,summit,7.45,1.596774193548387,PuyehueCordonCaulle
Puyehue-Cordon Caulle,VIIRS,2026-05-18 04:36:02,2026-05-18 04:36:00,0.03333333333333333,0.45,Muy Bajo,8.55,3.285,1.497,1,24,-40.58557,-72.14045,summit,1.856,7.3,PuyehueCordonCaulle
Puyehue-Cordon Caulle,VIIRS,2026-05-18 05:24:01,2026-05-18 05:24:00,0.016666666666666666,0.2,Muy Bajo,7.65,1.167,0.234,5,1,-40.54514,-72.16613,summit,7.74,5.835,PuyehueCordonCaulle
Puyehue-Cordon Caulle,VIIRS,2026-05-18 06:18:02,2026-05-18 06:18:00,0.03333333333333333,0.51,Muy Bajo,7.73,0.0,0.111,1,1,-40.52715,-72.14814,summit,7.47,0.0,PuyehueCordonCaulle
Puyehue-Cordon Caulle,VIIRS,2026-05-19 05:06:01,2026-05-19 05:06:00,0.016666666666666666,0.37,Muy Bajo,8.1,1.56,0.578,10,2,-40.52409,-72.14577,summit,7.93,4.216216216216217,PuyehueCordonCaulle
Puyehue-Cordon Caulle,VIIRS,2026-05-19 06:48:01,2026-05-19 06:48:00,0.016666666666666666,0.28,Muy Bajo,7.73,1.84,0.044,20,1,-40.57618,-72.10567,summit,7.41,6.571428571428571,PuyehueCordonCaulle
Puyehue-Cordon Caulle,VIIRS,2026-05-21 06:12:01,2026-05-21 06:12:00,0.016666666666666666,0.13,Muy Bajo,7.73,0.548,0.179,3,1,-40.54502,-72.16783,summit,7.41,4.2153846153846155,PuyehueCordonCaulle
Puyehue-Cordon Caulle,VIIRS,2026-05-22 05:54:01,2026-05-22 05:54:00,0.016666666666666666,0.61,Muy Bajo,8.19,1.942,0.112,7,1,-40.56945,-72.12187,summit,7.68,3.183606557377049,PuyehueCordonCaulle
Puyehue-Cordon Caulle,VIIRS,2026-05-22 06:42:02,2026-05-22 06:42:00,0.03333333333333333,0.11,Muy Bajo,7.28,1.08,0.1,8,1,-40.57291,-72.12429,summit,7.09,9.818181818181818,PuyehueCordonCaulle
Puyehue-Cordon Caulle,VIIRS,2026-05-23 05:36:01,2026-05-23 05:36:00,0.016666666666666666,0.28,Muy Bajo,8.1,0.478,0.066,7,1,-40.62151,-72.11669,summit,18.16,1.7071428571428569,PuyehueCordonCaulle
Puyehue-Cordon Caulle,VIIRS,2026-05-23 06:24:02,2026-05-23 06:24:00,0.03333333333333333,0.46,Muy Bajo,8.1,1.358,0.063,9,1,-40.59107,-72.17226,summit,7.62,2.9521739130434783,PuyehueCordonCaulle
Villarrica,VIIRS,2026-02-26 05:42:01,2026-02-26 05:42:00,0.016666666666666666,0.12,Muy Bajo,0.84,10.358,10.105,95,84,-39.41333,-71.95,summit,1.426,86.31666666666668,Villarrica
Villarrica,VIIRS,2026-03-08 06:00:01,2026-03-08 06:00:00,0.016666666666666666,0.21,Muy Bajo,0.84,6.946,6.633,74,69,-39.41389,-71.95227,summit,1.585,33.076190476190476,Villarrica
Villarrica,VIIRS,2026-04-09 06:00:01,2026-04-09 06:00:00,0.016666666666666666,0.11,Muy Bajo,0.84,0.238,0.238,1,1,-39.42032,-71.94132,summit,0.97,2.1636363636363636,Villarrica
Villarrica,VIIRS,2026-05-11 06:00:01,2026-05-11 06:00:00,0.016666666666666666,0.31,Muy Bajo,0.84,0.498,0.498,1,1,-39.41891,-71.93907,summit,0.79,1.6064516129032258,Villarrica
Villarrica,VIIRS,2026-05-14 05:48:02,2026-05-14 05:48:00,0.03333333333333333,0.31,Muy Bajo,0.84,2.476,2.476,1,1,-39.6164,-71.93645,far,21.85,7.987096774193549,Villarrica
Villarrica,VIIRS,2026-05-17 05:48:01,2026-05-17 05:48:00,0.016666666666666666,0.21,Muy Bajo,0.84,0.607,0.413,2,1,-39.42008,-71.94179,summit,1.01,2.8904761904761904,Villarrica
Villarrica,VIIRS,2026-05-22 05:54:01,2026-05-22 05:54:00,0.016666666666666666,0.55,Muy Bajo,0.53,61.894,50.059,278,154,-39.52114,-72.18921,summit,0.194,112.53454545454544,Villarrica
Lascar,VIIRS,2026-01-31 05:06:00,2026-01-31 05:06:00,0.0,0.21,Muy Bajo,1.19,0.147,0.147,78,23,-23.355,-67.74632,summit,0.83,0.7,Lascar
Lascar,VIIRS,2026-02-01 05:06:01,2026-02-01 05:06:00,0.016666666666666666,0.21,Muy Bajo,1.19,0.171,0.171,47,11,-23.35507,-67.74503,summit,0.84,0.8142857142857144,Lascar
Lascar,VIIRS,2026-02-03 06:12:01,2026-02-03 06:12:00,0.016666666666666666,0.14,Muy Bajo,1.19,2.277,0.985,74,31,-23.35234,-67.74298,summit,1.12,16.264285714285712,Lascar
Lascar,VIIRS,2026-02-04 05:54:01,2026-02-04 05:54:00,0.016666666666666666,0.23,Muy Bajo,1.5,0.614,0.401,70,1,-23.36188,-67.7326,summit,0.79,2.669565217391304,Lascar
Lascar,VIIRS,2026-02-05 05:36:01,2026-02-05 05:36:00,0.016666666666666666,0.32,Muy Bajo,1.13,0.808,0.48,92,6,-23.36154,-67.73228,summit,0.64,2.525,Lascar
Lascar,VIIRS,2026-02-06 05:12:01,2026-02-06 05:12:00,0.016666666666666666,0.24,Muy Bajo,1.19,1.288,1.288,1,1,-23.49696,-67.69858,far,14.63,5.366666666666667,Lascar
Lascar,MODIS,2026-02-09 01:40:00,2026-02-09 01:40:00,0.0,1.67,Bajo,1.0,0.0,4.494,14,1,-23.49907,-67.95625,far,27.07,0.0,Lascar
Lascar,VIIRS,2026-02-09 06:00:01,2026-02-09 06:00:00,0.016666666666666666,3.69,Bajo,1.68,5.152,4.808,60,4,-23.36159,-67.72889,summit,0.65,1.3962059620596206,Lascar
Lascar,MODIS,2026-02-09 07:20:00,2026-02-09 07:20:00,0.0,1.64,Bajo,1.0,0.0,10.711,52,4,-23.41992,-67.90381,far,29.44,0.0,Lascar
Lascar,VIIRS,2026-02-10 05:42:01,2026-02-10 05:42:00,0.016666666666666666,4.05,Bajo,1.5,8.935,6.798,23,22,-23.35918,-67.73808,summit,0.47,2.206172839506173,Lascar
Lascar,MODIS,2026-02-11 01:20:00,2026-02-11 01:20:00,0.0,0.32,Muy Bajo,1.0,20.351,10.375,3,1,-23.41519,-67.9418,far,22.02,63.596875,Lascar
Lascar,VIIRS,2026-02-11 05:00:00,2026-02-11 05:00:00,0.0,0.65,Muy Bajo,1.88,0.401,0.401,49,27,-23.34889,-67.73434,summit,1.05,0.6169230769230769,Lascar
Lascar,MODIS,2026-02-11 07:00:00,2026-02-11 07:00:00,0.0,0.48,Muy Bajo,1.41,141.271,18.854,22,2,-23.42167,-67.96159,far,18.93,294.3145833333333,Lascar
Lascar,MODIS,2026-02-12 02:00:00,2026-02-12 02:00:00,0.0,2.3,Bajo,1.41,0.0,6.46,15,1,-23.48091,-67.97558,far,27.79,0.0,Lascar
Lascar,VIIRS,2026-02-12 05:00:01,2026-02-12 05:00:00,0.016666666666666666,0.68,Muy Bajo,2.25,3.302,1.747,84,27,-23.34993,-67.74046,summit,0.786,4.855882352941176,Lascar
Lascar,VIIRS,2026-02-12 06:24:00,2026-02-12 06:24:00,0.0,0.34,Muy Bajo,1.19,0.481,0.327,96,4,-23.36207,-67.72961,summit,0.73,1.414705882352941,Lascar
Lascar,MODIS,2026-02-12 07:35:00,2026-02-12 07:35:00,0.0,2.96,Bajo,1.41,0.0,7.255,34,2,-23.39312,-67.94293,far,33.33,0.0,Lascar
Lascar,MODIS,2026-02-14 01:40:00,2026-02-14 01:40:00,0.0,3.43,Bajo,1.41,0.0,8.029,36,9,-23.35507,-67.73688,summit,0.758,0.0,Lascar
Lascar,VIIRS,2026-02-14 06:06:01,2026-02-14 06:06:00,0.016666666666666666,2.63,Bajo,1.68,5.345,5.321,76,5,-23.36211,-67.7314,summit,0.89,2.032319391634981,Lascar
Lascar,MODIS,2026-02-14 07:15:00,2026-02-14 07:15:00,0.0,3.94,Bajo,1.41,0.0,4.483,36,3,-23.3589,-67.81049,far,25.78,0.0,Lascar
Lascar,VIIRS,2026-02-15 05:48:01,2026-02-15 05:48:00,0.016666666666666666,4.54,Bajo,1.5,8.335,7.717,92,86,-23.35881,-67.74275,summit,0.58,1.8359030837004406,Lascar
Lascar,MODIS,2026-02-15 07:55:00,2026-02-15 07:55:00,0.0,0.62,Muy Bajo,1.41,122.122,25.679,20,3,-23.57699,-67.93803,far,23.52,196.97096774193548,Lascar
Lascar,MODIS,2026-02-16 01:20:00,2026-02-16 01:20:00,0.0,1.04,Bajo,1.41,0.0,9.977,5,1,-23.23589,-67.93526,far,25.49,0.0,Lascar
Lascar,VIIRS,2026-02-16 05:30:01,2026-02-16 05:30:00,0.016666666666666666,4.34,Bajo,1.55,5.887,5.738,78,73,-23.36106,-67.73904,summit,0.95,1.3564516129032258,Lascar
Lascar,VIIRS,2026-02-17 05:06:01,2026-02-17 05:06:00,0.016666666666666666,0.09,Muy Bajo,1.55,2.297,1.25,2,1,-23.39966,-67.7523,summit,3.99,25.522222222222226,Lascar
Lascar,MODIS,2026-02-17 07:30:00,2026-02-17 07:30:00,0.0,1.03,Bajo,1.0,92.575,11.427,62,7,-23.56473,-67.85058,far,22.33,89.87864077669903,Lascar
Lascar,VIIRS,2026-02-19 06:12:01,2026-02-19 06:12:00,0.016666666666666666,1.26,Bajo,1.68,3.64,1.815,76,46,-23.35409,-67.73997,summit,1.01,2.888888888888889,Lascar
Lascar,MODIS,2026-02-19 07:10:00,2026-02-19 07:10:00,0.0,0.76,Muy Bajo,2.0,0.0,8.216,38,3,-23.5302,-67.92643,far,29.61,0.0,Lascar
Lascar,VIIRS,2026-02-20 05:54:01,2026-02-20 05:54:00,0.016666666666666666,2.11,Bajo,1.19,2.892,2.85,87,3,-23.36179,-67.73306,summit,0.76,1.3706161137440758,Lascar
Lascar,VIIRS,2026-02-21 05:36:01,2026-02-21 05:36:00,0.016666666666666666,3.38,Bajo,1.55,5.323,5.055,87,69,-23.35596,-67.74203,summit,0.88,1.5748520710059173,Lascar
Lascar,VIIRS,2026-02-22 05:12:01,2026-02-22 05:12:00,0.016666666666666666,1.26,Bajo,2.37,3.178,2.524,65,38,-23.34944,-67.73882,summit,1.0,2.522222222222222,Lascar
Lascar,MODIS,2026-02-22 07:25:00,2026-02-22 07:25:00,0.0,2.73,Bajo,2.0,0.0,6.294,54,2,-23.43285,-67.97064,far,25.81,0.0,Lascar
Lascar,VIIRS,2026-02-24 06:18:01,2026-02-24 06:18:00,0.016666666666666666,0.14,Muy Bajo,1.19,2.396,0.845,109,47,-23.37326,-67.73418,summit,0.266,17.11428571428571,Lascar
Lascar,VIIRS,2026-02-25 06:00:01,2026-02-25 06:00:00,0.016666666666666666,0.27,Muy Bajo,0.75,1.817,1.811,57,53,-23.35931,-67.73972,summit,1.478,6.729629629629629,Lascar
Lascar,VIIRS,2026-02-26 05:42:01,2026-02-26 05:42:00,0.016666666666666666,0.34,Muy Bajo,1.13,0.435,0.435,91,84,-23.35844,-67.73961,summit,0.63,1.2794117647058822,Lascar
Lascar,VIIRS,2026-02-27 05:24:01,2026-02-27 05:24:00,0.016666666666666666,0.7,Muy Bajo,1.55,0.53,0.53,75,29,-23.35028,-67.74261,summit,0.86,0.7571428571428572,Lascar
Lascar,MODIS,2026-02-27 07:20:00,2026-02-27 07:20:00,0.0,0.65,Muy Bajo,2.0,0.0,8.735,74,3,-23.50895,-67.91702,far,27.53,0.0,Lascar
Lascar,VIIRS,2026-02-28 05:00:01,2026-02-28 05:00:00,0.016666666666666666,0.65,Muy Bajo,1.5,0.717,0.473,65,26,-23.34995,-67.73967,summit,1.24,1.103076923076923,Lascar
Lascar,VIIRS,2026-02-28 06:24:00,2026-02-28 06:24:00,0.0,0.3,Muy Bajo,1.5,0.184,0.184,69,3,-23.36173,-67.73342,summit,1.02,0.6133333333333334,Lascar
Lascar,MODIS,2026-03-01 01:40:00,2026-03-01 01:40:00,0.0,1.81,Bajo,1.0,0.0,3.762,21,1,-23.25015,-67.94183,far,25.18,0.0,Lascar
Lascar,VIIRS,2026-03-01 06:24:01,2026-03-01 06:24:00,0.016666666666666666,0.03,Muy Bajo,1.19,0.061,0.036,87,42,-23.36347,-67.74713,summit,0.59,2.033333333333333,Lascar
Lascar,VIIRS,2026-03-02 06:06:01,2026-03-02 06:06:00,0.016666666666666666,2.02,Bajo,1.55,2.309,2.309,81,3,-23.36146,-67.73096,summit,0.96,1.1430693069306932,Lascar
Lascar,MODIS,2026-03-02 07:40:00,2026-03-02 07:40:00,0.0,1.64,Bajo,2.0,120.935,8.502,60,2,-23.31796,-67.96329,far,23.74,73.7408536585366,Lascar
Lascar,VIIRS,2026-03-03 05:48:01,2026-03-03 05:48:00,0.016666666666666666,3.07,Bajo,1.5,3.992,3.992,93,90,-23.36453,-67.74019,summit,0.55,1.3003257328990228,Lascar
Lascar,MODIS,2026-03-04 01:55:00,2026-03-04 01:55:00,0.0,0.35,Muy Bajo,1.0,41.052,6.873,19,1,-23.38083,-67.96384,far,23.7,117.29142857142858,Lascar
Lascar,VIIRS,2026-03-04 05:30:01,2026-03-04 05:30:00,0.016666666666666666,2.3,Bajo,1.68,3.857,3.857,80,68,-23.35775,-67.7409,summit,0.74,1.6769565217391307,Lascar
Lascar,VIIRS,2026-03-05 05:06:01,2026-03-05 05:06:00,0.016666666666666666,1.73,Bajo,1.68,4.149,3.207,13,7,-23.3535,-67.74096,summit,0.755,2.3982658959537573,Lascar
Lascar,VIIRS,2026-03-05 06:30:00,2026-03-05 06:30:00,0.0,0.18,Muy Bajo,1.5,0.25,0.25,50,47,-23.36008,-67.74561,summit,1.0,1.3888888888888888,Lascar
Lascar,MODIS,2026-03-05 07:55:00,2026-03-05 07:55:00,0.0,1.95,Bajo,2.24,208.122,11.602,40,1,-23.39185,-67.96453,far,23.87,106.72923076923078,Lascar
Lascar,MODIS,2026-03-06 01:35:00,2026-03-06 01:35:00,0.0,1.42,Bajo,1.41,0.0,4.417,24,1,-23.26097,-67.96767,far,26.9,0.0,Lascar
Lascar,VIIRS,2026-03-06 04:48:01,2026-03-06 04:48:00,0.016666666666666666,0.4,Muy Bajo,1.55,0.524,0.276,62,9,-23.3521,-67.74384,summit,0.8,1.31,Lascar
Lascar,VIIRS,2026-03-06 06:30:01,2026-03-06 06:30:00,0.016666666666666666,0.06,Muy Bajo,1.13,0.189,0.1,61,24,-23.36768,-67.7504,summit,2.59,3.1500000000000004,Lascar
Lascar,VIIRS,2026-03-07 06:12:01,2026-03-07 06:12:00,0.016666666666666666,2.16,Bajo,1.55,1.992,1.959,48,4,-23.36336,-67.73286,summit,0.96,0.9222222222222222,Lascar
Lascar,MODIS,2026-03-07 07:35:00,2026-03-07 07:35:00,0.0,2.7,Bajo,2.0,121.512,6.497,80,2,-23.37696,-67.94489,far,22.39,45.004444444444445,Lascar
Lascar,VIIRS,2026-03-08 05:54:01,2026-03-08 05:54:00,0.016666666666666666,2.96,Bajo,1.5,4.403,4.403,73,70,-23.36631,-67.73846,summit,0.82,1.4874999999999998,Lascar
Lascar,MODIS,2026-03-09 01:55:00,2026-03-09 01:55:00,0.0,2.02,Bajo,1.41,0.0,4.653,19,1,-23.58946,-67.91346,far,30.72,0.0,Lascar
Lascar,VIIRS,2026-03-09 05:36:01,2026-03-09 05:36:00,0.016666666666666666,3.44,Bajo,1.19,6.001,5.608,96,86,-23.35988,-67.74218,summit,0.73,1.7444767441860467,Lascar
Lascar,MODIS,2026-03-09 07:10:00,2026-03-09 07:10:00,0.0,1.38,Bajo,1.41,0.0,20.525,51,3,-23.43889,-67.92889,far,29.81,0.0,Lascar
Lascar,MODIS,2026-03-10 07:50:00,2026-03-10 07:50:00,0.0,1.97,Bajo,1.41,114.582,19.662,32,3,-23.47929,-67.94781,far,22.81,58.163451776649744,Lascar
Lascar,MODIS,2026-03-11 01:35:00,2026-03-11 01:35:00,0.0,2.92,Bajo,1.0,0.0,5.037,41,8,-23.34652,-67.73796,summit,0.765,0.0,Lascar
Lascar,VIIRS,2026-03-11 04:54:01,2026-03-11 04:54:00,0.016666666666666666,0.81,Muy Bajo,1.91,0.45,0.45,45,18,-23.35054,-67.73959,summit,1.35,0.5555555555555556,Lascar
Lascar,VIIRS,2026-03-12 06:18:01,2026-03-12 06:18:00,0.016666666666666666,0.28,Muy Bajo,1.5,0.0,0.0,23,18,-23.36132,-67.74443,summit,3.51,0.0,Lascar
Lascar,MODIS,2026-03-12 07:25:00,2026-03-12 07:25:00,0.0,2.22,Bajo,1.41,0.0,7.714,57,2,-23.36358,-67.94376,far,29.24,0.0,Lascar
Lascar,VIIRS,2026-03-13 06:00:01,2026-03-13 06:00:00,0.016666666666666666,2.53,Bajo,1.5,2.775,2.775,64,64,-23.35902,-67.74259,summit,0.84,1.0968379446640317,Lascar
Lascar,MODIS,2026-03-14 01:55:00,2026-03-14 01:55:00,0.0,2.44,Bajo,1.41,0.0,4.471,20,1,-23.56612,-67.94948,far,31.18,0.0,Lascar
Lascar,VIIRS,2026-03-14 05:42:01,2026-03-14 05:42:00,0.016666666666666666,2.72,Bajo,1.19,5.254,5.254,94,92,-23.36599,-67.73745,summit,0.73,1.9316176470588233,Lascar
Lascar,MODIS,2026-03-14 07:05:00,2026-03-14 07:05:00,0.0,0.97,Muy Bajo,1.41,135.874,8.944,34,1,-23.36638,-67.9097,far,18.14,140.07628865979382,Lascar
Lascar,VIIRS,2026-03-15 05:24:01,2026-03-15 05:24:00,0.016666666666666666,1.73,Bajo,1.55,2.147,2.147,59,55,-23.365,-67.73925,summit,0.83,1.2410404624277456,Lascar
Lascar,MODIS,2026-03-15 07:45:00,2026-03-15 07:45:00,0.0,2.22,Bajo,1.41,114.92,6.167,59,2,-23.4066,-67.87453,far,23.92,51.765765765765764,Lascar
Lascar,MODIS,2026-03-16 01:35:00,2026-03-16 01:35:00,0.0,1.81,Bajo,1.0,52.424,4.538,32,1,-23.37497,-67.96272,far,23.56,28.963535911602207,Lascar
Lascar,VIIRS,2026-03-16 05:00:01,2026-03-16 05:00:00,0.016666666666666666,0.83,Muy Bajo,1.55,0.972,0.972,72,28,-23.35205,-67.74131,summit,0.87,1.1710843373493975,Lascar
Lascar,VIIRS,2026-03-16 06:24:00,2026-03-16 06:24:00,0.0,0.51,Muy Bajo,1.5,0.227,0.227,102,71,-23.36451,-67.74355,summit,0.48,0.4450980392156863,Lascar
Lascar,MODIS,2026-03-17 07:20:00,2026-03-17 07:20:00,0.0,1.19,Bajo,1.0,117.906,4.425,80,5,-23.49399,-67.57774,far,22.2,99.08067226890758,Lascar
Lascar,MODIS,2026-03-18 01:15:00,2026-03-18 01:15:00,0.0,0.27,Muy Bajo,1.0,111.025,13.693,30,1,-23.39588,-67.95302,far,22.75,411.2037037037037,Lascar
Lascar,VIIRS,2026-03-18 06:06:01,2026-03-18 06:06:00,0.016666666666666666,2.16,Bajo,1.68,3.085,3.085,94,60,-23.36231,-67.7443,summit,0.94,1.4282407407407407,Lascar
Lascar,MODIS,2026-03-19 01:55:00,2026-03-19 01:55:00,0.0,2.01,Bajo,1.41,72.61,5.033,39,2,-23.35507,-67.84921,far,20.81,36.12437810945274,Lascar
Lascar,VIIRS,2026-03-19 05:48:01,2026-03-19 05:48:00,0.016666666666666666,2.96,Bajo,1.5,4.529,4.529,96,90,-23.36354,-67.741,summit,0.74,1.5300675675675675,Lascar
Lascar,VIIRS,2026-03-20 05:30:01,2026-03-20 05:30:00,0.016666666666666666,3.28,Bajo,1.68,4.402,4.027,94,89,-23.36659,-67.73689,summit,0.62,1.3420731707317075,Lascar
Lascar,MODIS,2026-03-20 07:40:00,2026-03-20 07:40:00,0.0,3.82,Bajo,2.0,118.529,10.352,78,3,-23.31686,-67.96052,far,23.42,31.028534031413614,Lascar
Lascar,MODIS,2026-03-21 01:35:00,2026-03-21 01:35:00,0.0,2.64,Bajo,1.41,0.0,3.145,32,1,-23.53162,-67.90474,far,25.25,0.0,Lascar
Lascar,VIIRS,2026-03-21 05:06:01,2026-03-21 05:06:00,0.016666666666666666,1.45,Bajo,2.25,2.628,1.314,72,45,-23.36747,-67.73183,summit,0.93,1.8124137931034483,Lascar
Lascar,VIIRS,2026-03-22 04:48:01,2026-03-22 04:48:00,0.016666666666666666,0.07,Muy Bajo,0.75,0.335,0.335,38,34,-23.37005,-67.73033,summit,0.59,4.785714285714286,Lascar
Lascar,MODIS,2026-03-22 07:15:00,2026-03-22 07:15:00,0.0,0.78,Muy Bajo,1.0,137.938,7.133,71,3,-23.53145,-67.83349,far,22.16,176.84358974358972,Lascar
Lascar,VIIRS,2026-03-23 06:12:01,2026-03-23 06:12:00,0.016666666666666666,2.34,Bajo,1.55,2.921,2.402,67,49,-23.36585,-67.73944,summit,0.86,1.2482905982905983,Lascar
Lascar,MODIS,2026-03-24 01:55:00,2026-03-24 01:55:00,0.0,1.7,Bajo,1.41,61.598,6.248,31,1,-23.37872,-67.9716,far,24.48,36.234117647058824,Lascar
Lascar,VIIRS,2026-03-24 05:54:01,2026-03-24 05:54:00,0.016666666666666666,2.74,Bajo,1.55,4.558,4.558,79,76,-23.36658,-67.73793,summit,0.59,1.6635036496350364,Lascar
Lascar,VIIRS,2026-03-25 05:36:01,2026-03-25 05:36:00,0.016666666666666666,2.25,Bajo,1.68,2.357,2.357,100,99,-23.36741,-67.73999,summit,0.93,1.0475555555555556,Lascar
Lascar,MODIS,2026-03-26 01:35:00,2026-03-26 01:35:00,0.0,3.1,Bajo,2.0,8.097,8.097,42,14,-23.35847,-67.73698,summit,0.873,2.6119354838709676,Lascar
Lascar,VIIRS,2026-03-26 05:18:01,2026-03-26 05:18:00,0.016666666666666666,1.87,Bajo,1.68,2.303,2.303,67,56,-23.35888,-67.74005,summit,1.09,1.2315508021390373,Lascar
Lascar,VIIRS,2026-03-27 04:54:01,2026-03-27 04:54:00,0.016666666666666666,0.33,Muy Bajo,1.5,0.271,0.203,18,5,-23.34824,-67.73699,summit,1.15,0.8212121212121213,Lascar
Lascar,MODIS,2026-03-27 07:10:00,2026-03-27 07:10:00,0.0,1.0,Bajo,1.41,126.506,12.429,32,2,-23.48405,-67.86906,far,20.97,126.506,Lascar
Lascar,VIIRS,2026-03-28 06:18:01,2026-03-28 06:18:00,0.016666666666666666,0.11,Muy Bajo,1.13,0.536,0.536,71,69,-23.35989,-67.7453,summit,0.85,4.872727272727273,Lascar
Lascar,MODIS,2026-03-28 07:50:00,2026-03-28 07:50:00,0.0,1.55,Bajo,1.41,100.901,9.522,35,2,-23.49628,-67.96335,far,24.98,65.0974193548387,Lascar
Lascar,MODIS,2026-03-29 01:55:00,2026-03-29 01:55:00,0.0,2.94,Bajo,1.41,37.157,4.35,20,1,-23.2797,-67.95028,far,24.4,12.638435374149658,Lascar
Lascar,VIIRS,2026-03-29 06:00:01,2026-03-29 06:00:00,0.016666666666666666,2.68,Bajo,2.25,4.723,3.471,80,62,-23.36182,-67.74287,summit,0.9,1.7623134328358208,Lascar
Lascar,VIIRS,2026-03-30 05:42:01,2026-03-30 05:42:00,0.016666666666666666,0.98,Muy Bajo,1.5,1.391,1.391,104,103,-23.36518,-67.74255,summit,0.9,1.4193877551020408,Lascar
Lascar,VIIRS,2026-03-31 05:24:01,2026-03-31 05:24:00,0.016666666666666666,1.26,Bajo,1.68,1.171,1.171,62,61,-23.36719,-67.72822,summit,0.82,0.9293650793650794,Lascar
Lascar,VIIRS,2026-04-01 05:00:01,2026-04-01 05:00:00,0.016666666666666666,0.62,Muy Bajo,1.91,2.543,1.537,80,22,-23.3538,-67.74324,summit,0.587,4.101612903225806,Lascar
Lascar,MODIS,2026-04-02 07:45:00,2026-04-02 07:45:00,0.0,0.29,Muy Bajo,1.0,120.877,6.231,76,2,-23.4031,-67.95642,far,23.02,416.81724137931036,Lascar
Lascar,VIIRS,2026-04-03 05:12:02,2026-04-03 05:12:00,0.03333333333333333,0.8,Muy Bajo,1.5,1.795,0.761,71,56,-23.35145,-67.73293,summit,0.68,2.24375,Lascar
Lascar,VIIRS,2026-04-03 06:06:01,2026-04-03 06:06:00,0.016666666666666666,0.31,Muy Bajo,1.5,0.047,0.047,83,74,-23.35574,-67.72645,summit,0.59,0.15161290322580645,Lascar
Lascar,VIIRS,2026-04-04 05:48:01,2026-04-04 05:48:00,0.016666666666666666,2.69,Bajo,1.5,4.505,4.505,100,100,-23.35761,-67.74166,summit,0.86,1.674721189591078,Lascar
Lascar,MODIS,2026-04-04 07:20:00,2026-04-04 07:20:00,0.0,1.71,Bajo,1.41,0.0,8.436,28,2,-23.43587,-67.93876,far,29.24,0.0,Lascar
Lascar,MODIS,2026-04-05 01:35:00,2026-04-05 01:35:00,0.0,1.98,Bajo,1.41,8.176,8.176,36,10,-23.36199,-67.74406,summit,1.298,4.129292929292929,Lascar
Lascar,VIIRS,2026-04-05 05:30:01,2026-04-05 05:30:00,0.016666666666666666,1.52,Bajo,1.55,4.069,2.17,17,15,-23.363,-67.74106,summit,1.1,2.6769736842105263,Lascar
Lascar,VIIRS,2026-04-06 06:00:02,2026-04-06 06:00:00,0.03333333333333333,2.43,Bajo,1.68,2.516,2.516,63,59,-23.36461,-67.74227,summit,0.73,1.0353909465020577,Lascar
Lascar,VIIRS,2026-04-06 06:30:00,2026-04-06 06:30:00,0.0,0.14,Muy Bajo,1.19,1.629,1.455,61,50,-23.36434,-67.74309,summit,1.231,11.635714285714284,Lascar
Lascar,MODIS,2026-04-07 07:35:00,2026-04-07 07:35:00,0.0,2.29,Bajo,2.0,82.824,6.949,68,2,-23.37645,-67.95119,far,22.87,36.16768558951965,Lascar
Lascar,MODIS,2026-04-08 01:50:00,2026-04-08 01:50:00,0.0,1.79,Bajo,1.41,0.0,5.916,39,1,-23.49754,-67.96305,far,27.57,0.0,Lascar
Lascar,VIIRS,2026-04-08 05:18:02,2026-04-08 05:18:00,0.03333333333333333,2.37,Bajo,1.68,1.759,1.607,60,57,-23.36753,-67.73531,summit,0.73,0.7421940928270041,Lascar
Lascar,VIIRS,2026-04-08 06:12:01,2026-04-08 06:12:00,0.016666666666666666,1.82,Bajo,1.68,1.455,1.455,14,12,-23.36054,-67.74281,summit,0.76,0.7994505494505495,Lascar
Lascar,VIIRS,2026-04-09 05:00:02,2026-04-09 05:00:00,0.03333333333333333,0.55,Muy Bajo,1.55,2.266,1.244,73,24,-23.35394,-67.74294,summit,0.476,4.12,Lascar
Lascar,VIIRS,2026-04-09 05:54:01,2026-04-09 05:54:00,0.016666666666666666,2.36,Bajo,3.77,4.053,2.918,81,78,-23.36584,-67.73814,summit,0.55,1.7173728813559324,Lascar
Lascar,MODIS,2026-04-09 07:15:00,2026-04-09 07:15:00,0.0,0.28,Muy Bajo,1.0,0.0,11.51,47,2,-23.38424,-67.9294,far,32.65,0.0,Lascar
Lascar,MODIS,2026-04-10 01:30:00,2026-04-10 01:30:00,0.0,0.78,Muy Bajo,1.0,52.751,4.009,39,1,-23.35369,-67.96166,far,23.51,67.62948717948717,Lascar
Lascar,VIIRS,2026-04-10 05:36:01,2026-04-10 05:36:00,0.016666666666666666,2.14,Bajo,1.19,4.474,3.39,22,20,-23.36876,-67.73679,summit,0.51,2.0906542056074766,Lascar
Lascar,MODIS,2026-04-10 07:55:00,2026-04-10 07:55:00,0.0,0.64,Muy Bajo,1.41,166.534,9.82,56,5,-23.5598,-67.6827,far,24.4,260.20937499999997,Lascar
Lascar,VIIRS,2026-04-12 04:54:01,2026-04-12 04:54:00,0.016666666666666666,0.25,Muy Bajo,1.5,0.194,0.194,43,11,-23.35517,-67.73921,summit,0.77,0.776,Lascar
Lascar,VIIRS,2026-04-12 05:48:02,2026-04-12 05:48:00,0.03333333333333333,1.41,Bajo,1.19,2.443,2.443,20,18,-23.36694,-67.73703,summit,0.44,1.7326241134751774,Lascar
Lascar,MODIS,2026-04-12 07:30:00,2026-04-12 07:30:00,0.0,1.44,Bajo,2.0,117.694,0.527,88,1,-23.34783,-67.71632,far,24.98,81.73194444444445,Lascar
Lascar,VIIRS,2026-04-13 06:18:01,2026-04-13 06:18:00,0.016666666666666666,0.04,Muy Bajo,0.84,0.447,0.447,73,69,-23.36701,-67.74007,summit,1.367,11.175,Lascar
Lascar,MODIS,2026-04-15 01:30:00,2026-04-15 01:30:00,0.0,0.82,Muy Bajo,1.0,37.165,0.857,27,1,-23.33008,-67.75925,far,22.81,45.32317073170732,Lascar
Lascar,VIIRS,2026-04-15 05:42:01,2026-04-15 05:42:00,0.016666666666666666,1.73,Bajo,1.5,2.602,1.488,96,6,-23.36171,-67.73062,summit,0.76,1.5040462427745664,Lascar
Lascar,VIIRS,2026-04-16 05:24:01,2026-04-16 05:24:00,0.016666666666666666,1.29,Bajo,1.68,2.123,1.377,59,18,-23.35225,-67.73814,summit,0.81,1.6457364341085272,Lascar
Lascar,VIIRS,2026-04-16 06:12:02,2026-04-16 06:12:00,0.03333333333333333,1.45,Bajo,1.5,1.618,1.501,54,53,-23.36708,-67.74013,summit,0.59,1.1158620689655174,Lascar
Lascar,VIIRS,2026-04-17 05:00:01,2026-04-17 05:00:00,0.016666666666666666,0.52,Muy Bajo,1.88,0.485,0.481,65,25,-23.35267,-67.74069,summit,0.387,0.9326923076923076,Lascar
Lascar,VIIRS,2026-04-17 05:54:02,2026-04-17 05:54:00,0.03333333333333333,1.82,Bajo,1.5,3.195,2.682,88,76,-23.3642,-67.74259,summit,0.78,1.7554945054945053,Lascar
Lascar,VIIRS,2026-04-17 06:24:00,2026-04-17 06:24:00,0.0,0.26,Muy Bajo,1.19,0.0,0.0,0,0,,,,,0.0,Lascar
Lascar,MODIS,2026-04-17 07:25:00,2026-04-17 07:25:00,0.0,0.62,Muy Bajo,1.0,110.807,0.921,74,1,-23.33877,-67.73794,far,29.55,178.72096774193548,Lascar
Lascar,MODIS,2026-04-18 01:50:00,2026-04-18 01:50:00,0.0,2.06,Bajo,1.41,73.261,1.373,35,1,-23.36944,-67.74428,far,24.87,35.56359223300971,Lascar
Lascar,VIIRS,2026-04-18 05:30:02,2026-04-18 05:30:00,0.03333333333333333,2.32,Bajo,1.19,4.863,3.764,101,92,-23.36203,-67.73991,summit,0.64,2.096120689655173,Lascar
Lascar,VIIRS,2026-04-19 05:12:02,2026-04-19 05:12:00,0.03333333333333333,0.9,Muy Bajo,0.75,1.998,1.285,61,58,-23.36794,-67.73397,summit,0.55,2.2199999999999998,Lascar
Lascar,VIIRS,2026-04-19 06:06:01,2026-04-19 06:06:00,0.016666666666666666,2.13,Bajo,1.55,2.582,2.487,78,72,-23.36468,-67.74059,summit,0.76,1.2122065727699531,Lascar
Lascar,MODIS,2026-04-20 01:30:00,2026-04-20 01:30:00,0.0,1.36,Bajo,1.0,1.733,1.733,61,14,-23.36343,-67.73841,summit,0.885,1.2742647058823529,Lascar
Lascar,VIIRS,2026-04-20 05:48:01,2026-04-20 05:48:00,0.016666666666666666,1.72,Bajo,1.5,2.945,2.834,93,75,-23.35877,-67.74393,summit,0.61,1.7122093023255813,Lascar
Lascar,MODIS,2026-04-20 07:40:00,2026-04-20 07:40:00,0.0,0.76,Muy Bajo,1.41,101.672,2.093,76,2,-23.36634,-67.75871,far,22.64,133.77894736842106,Lascar
Lascar,VIIRS,2026-04-21 05:30:01,2026-04-21 05:30:00,0.016666666666666666,2.27,Bajo,1.68,2.145,2.145,82,77,-23.36965,-67.73684,summit,0.7,0.9449339207048458,Lascar
Lascar,VIIRS,2026-04-21 06:18:02,2026-04-21 06:18:00,0.03333333333333333,0.19,Muy Bajo,1.19,0.384,0.235,96,3,-23.3629,-67.73156,summit,0.68,2.0210526315789474,Lascar
Lascar,VIIRS,2026-04-22 05:12:01,2026-04-22 05:12:00,0.016666666666666666,0.86,Muy Bajo,1.68,0.655,0.655,45,18,-23.35549,-67.74545,summit,1.0,0.7616279069767442,Lascar
Lascar,VIIRS,2026-04-22 06:00:02,2026-04-22 06:00:00,0.03333333333333333,0.94,Muy Bajo,1.19,0.789,0.789,62,55,-23.35195,-67.73886,summit,0.841,0.8393617021276597,Lascar
Lascar,MODIS,2026-04-23 01:50:00,2026-04-23 01:50:00,0.0,1.7,Bajo,1.41,46.451,1.169,22,1,-23.26485,-67.80371,far,23.89,27.324117647058824,Lascar
Lascar,VIIRS,2026-04-23 04:48:01,2026-04-23 04:48:00,0.016666666666666666,0.13,Muy Bajo,1.5,0.283,0.241,40,2,-23.35761,-67.73685,summit,1.471,2.1769230769230767,Lascar
Lascar,MODIS,2026-04-23 08:00:00,2026-04-23 08:00:00,0.0,0.19,Muy Bajo,2.0,250.073,5.223,88,3,-23.36395,-67.76867,far,24.43,1316.1736842105263,Lascar
Lascar,VIIRS,2026-04-24 05:18:02,2026-04-24 05:18:00,0.03333333333333333,0.79,Muy Bajo,1.68,1.444,1.126,55,51,-23.3676,-67.73708,summit,0.55,1.8278481012658225,Lascar
Lascar,VIIRS,2026-04-24 06:12:01,2026-04-24 06:12:00,0.016666666666666666,1.05,Bajo,1.55,1.214,1.026,52,49,-23.3661,-67.73988,summit,0.5,1.1561904761904762,Lascar
Lascar,MODIS,2026-04-25 01:30:00,2026-04-25 01:30:00,0.0,1.6,Bajo,1.0,71.967,1.013,39,1,-23.36042,-67.73505,far,23.84,44.979375,Lascar
Lascar,VIIRS,2026-04-25 05:54:01,2026-04-25 05:54:00,0.016666666666666666,1.41,Bajo,1.19,1.931,1.931,80,80,-23.36437,-67.73977,summit,0.73,1.3695035460992908,Lascar
Lascar,MODIS,2026-04-25 07:35:00,2026-04-25 07:35:00,0.0,1.28,Bajo,2.0,118.672,0.92,96,1,-23.35569,-67.72297,far,29.42,92.71249999999999,Lascar
Lascar,VIIRS,2026-04-26 05:36:01,2026-04-26 05:36:00,0.016666666666666666,1.58,Bajo,1.55,3.556,2.838,90,88,-23.37155,-67.73313,summit,0.59,2.250632911392405,Lascar
Lascar,VIIRS,2026-04-27 05:18:01,2026-04-27 05:18:00,0.016666666666666666,1.55,Bajo,1.68,1.331,1.224,63,17,-23.3528,-67.73613,summit,0.97,0.8587096774193548,Lascar
Lascar,VIIRS,2026-04-27 06:06:02,2026-04-27 06:06:00,0.03333333333333333,1.63,Bajo,1.68,2.56,2.357,68,6,-23.35941,-67.72952,summit,0.72,1.5705521472392638,Lascar
Lascar,MODIS,2026-04-27 07:15:00,2026-04-27 07:15:00,0.0,0.28,Muy Bajo,1.41,211.127,1.574,65,1,-23.35639,-67.72083,far,20.66,754.025,Lascar
Lascar,MODIS,2026-04-28 01:50:00,2026-04-28 01:50:00,0.0,0.66,Muy Bajo,1.41,63.979,1.009,41,1,-23.35854,-67.64149,far,27.04,96.93787878787879,Lascar
Lascar,VIIRS,2026-04-28 04:54:01,2026-04-28 04:54:00,0.016666666666666666,0.55,Muy Bajo,1.55,0.527,0.281,63,14,-23.3541,-67.73632,summit,0.86,0.9581818181818181,Lascar
Lascar,VIIRS,2026-04-28 05:48:02,2026-04-28 05:48:00,0.03333333333333333,2.38,Bajo,1.5,3.553,3.553,20,20,-23.36905,-67.73439,summit,0.71,1.4928571428571429,Lascar
Lascar,MODIS,2026-04-28 07:50:00,2026-04-28 07:50:00,0.0,1.31,Bajo,2.0,146.487,1.882,83,1,-23.34738,-67.72882,far,24.03,111.82213740458015,Lascar
Lascar,VIIRS,2026-04-29 05:24:02,2026-04-29 05:24:00,0.03333333333333333,1.69,Bajo,1.55,2.154,2.154,71,65,-23.36536,-67.7365,summit,0.86,1.2745562130177515,Lascar
Lascar,VIIRS,2026-04-29 06:18:01,2026-04-29 06:18:00,0.016666666666666666,0.29,Muy Bajo,1.5,0.359,0.224,105,42,-23.35624,-67.74596,summit,0.88,1.2379310344827588,Lascar
Lascar,MODIS,2026-04-30 01:30:00,2026-04-30 01:30:00,0.0,1.34,Bajo,1.0,1.234,1.234,52,12,-23.36181,-67.73974,summit,0.777,0.9208955223880596,Lascar
Lascar,VIIRS,2026-04-30 05:06:02,2026-04-30 05:06:00,0.03333333333333333,1.11,Bajo,1.55,0.773,0.773,54,46,-23.36211,-67.73488,summit,0.94,0.6963963963963964,Lascar
Lascar,VIIRS,2026-04-30 06:00:01,2026-04-30 06:00:00,0.016666666666666666,1.98,Bajo,1.5,2.835,2.667,79,65,-23.36154,-67.74168,summit,0.8,1.4318181818181819,Lascar
Lascar,MODIS,2026-04-30 07:30:00,2026-04-30 07:30:00,0.0,0.99,Muy Bajo,1.0,96.009,2.192,75,2,-23.36678,-67.7223,far,22.76,96.97878787878788,Lascar
Lascar,VIIRS,2026-05-01 05:42:01,2026-05-01 05:42:00,0.016666666666666666,1.8,Bajo,1.5,1.975,1.601,94,6,-23.36072,-67.73265,summit,0.77,1.0972222222222223,Lascar
Lascar,VIIRS,2026-05-02 05:24:01,2026-05-02 05:24:00,0.016666666666666666,0.86,Muy Bajo,1.5,1.335,1.335,56,45,-23.36028,-67.74175,summit,0.62,1.552325581395349,Lascar
Lascar,VIIRS,2026-05-02 06:12:02,2026-05-02 06:12:00,0.03333333333333333,1.94,Bajo,1.19,1.727,1.727,56,56,-23.35922,-67.74303,summit,0.54,0.8902061855670104,Lascar
Lascar,MODIS,2026-05-03 01:45:00,2026-05-03 01:45:00,0.0,1.14,Bajo,1.41,45.104,2.086,29,2,-23.35362,-67.77301,far,25.16,39.564912280701755,Lascar
Lascar,VIIRS,2026-05-03 05:00:01,2026-05-03 05:00:00,0.016666666666666666,0.31,Muy Bajo,0.75,1.411,1.0,66,34,-23.35093,-67.73712,summit,0.83,4.551612903225807,Lascar
Lascar,VIIRS,2026-05-03 05:54:02,2026-05-03 05:54:00,0.03333333333333333,1.76,Bajo,1.13,5.815,3.999,19,17,-23.3591,-67.7434,summit,0.83,3.303977272727273,Lascar
Lascar,MODIS,2026-05-03 07:45:00,2026-05-03 07:45:00,0.0,1.31,Bajo,1.41,5.194,4.618,75,7,-23.35369,-67.73134,summit,0.749,3.964885496183206,Lascar
Lascar,VIIRS,2026-05-04 05:30:02,2026-05-04 05:30:00,0.03333333333333333,1.4,Bajo,1.55,1.668,1.668,26,25,-23.36694,-67.73347,summit,0.708,1.1914285714285715,Lascar
Lascar,VIIRS,2026-05-05 05:12:02,2026-05-05 05:12:00,0.03333333333333333,1.7,Bajo,1.68,1.306,1.131,76,56,-23.36829,-67.73506,summit,0.73,0.7682352941176471,Lascar
Lascar,VIIRS,2026-05-05 06:06:01,2026-05-05 06:06:00,0.016666666666666666,1.62,Bajo,1.5,3.786,2.108,100,64,-23.3675,-67.73917,summit,0.86,2.337037037037037,Lascar
Lascar,VIIRS,2026-05-06 04:54:02,2026-05-06 04:54:00,0.03333333333333333,0.03,Muy Bajo,1.19,0.0,0.0,49,23,-23.35011,-67.73732,summit,1.607,0.0,Lascar
Lascar,VIIRS,2026-05-06 05:48:01,2026-05-06 05:48:00,0.016666666666666666,2.01,Bajo,1.68,2.18,2.18,101,95,-23.35746,-67.74072,summit,0.92,1.0845771144278609,Lascar
Lascar,MODIS,2026-05-06 08:00:00,2026-05-06 08:00:00,0.0,0.28,Muy Bajo,1.0,176.197,5.112,41,2,-23.35398,-67.76192,far,24.39,629.275,Lascar
Lascar,VIIRS,2026-05-08 05:12:01,2026-05-08 05:12:00,0.016666666666666666,0.62,Muy Bajo,1.91,0.375,0.375,40,5,-23.35938,-67.73385,summit,1.11,0.6048387096774194,Lascar
Lascar,VIIRS,2026-05-08 06:00:02,2026-05-08 06:00:00,0.03333333333333333,1.11,Bajo,1.5,1.05,1.05,63,59,-23.3716,-67.73487,summit,0.87,0.9459459459459459,Lascar
Lascar,MODIS,2026-05-08 07:40:00,2026-05-08 07:40:00,0.0,0.36,Muy Bajo,1.0,100.172,0.537,87,1,-23.37089,-67.77058,far,21.91,278.25555555555553,Lascar
Lascar,MODIS,2026-05-10 01:25:00,2026-05-10 01:25:00,0.0,1.07,Bajo,1.0,61.352,0.71,43,1,-23.37281,-67.7318,far,24.14,57.33831775700934,Lascar
Lascar,VIIRS,2026-05-10 06:12:01,2026-05-10 06:12:00,0.016666666666666666,0.87,Muy Bajo,1.5,0.825,0.815,71,52,-23.36582,-67.7425,summit,0.85,0.9482758620689655,Lascar
Lascar,VIIRS,2026-05-11 05:54:01,2026-05-11 05:54:00,0.016666666666666666,1.24,Bajo,1.19,1.685,1.685,82,78,-23.3634,-67.741,summit,0.63,1.3588709677419355,Lascar
Lascar,VIIRS,2026-05-12 05:36:01,2026-05-12 05:36:00,0.016666666666666666,2.22,Bajo,1.68,1.812,1.812,90,89,-23.36441,-67.73854,summit,0.71,0.8162162162162162,Lascar
Lascar,MODIS,2026-05-13 01:45:00,2026-05-13 01:45:00,0.0,0.84,Muy Bajo,1.41,0.927,0.927,33,13,-23.3576,-67.74073,summit,1.092,1.1035714285714286,Lascar
Lascar,VIIRS,2026-05-13 05:18:01,2026-05-13 05:18:00,0.016666666666666666,0.69,Muy Bajo,1.68,2.042,0.798,62,58,-23.36568,-67.7355,summit,0.724,2.9594202898550726,Lascar
Lascar,VIIRS,2026-05-13 06:06:02,2026-05-13 06:06:00,0.03333333333333333,0.99,Muy Bajo,1.55,1.219,1.086,80,65,-23.36645,-67.74138,summit,0.71,1.2313131313131314,Lascar
Lascar,MODIS,2026-05-13 07:35:00,2026-05-13 07:35:00,0.0,0.76,Muy Bajo,1.41,98.421,0.946,84,2,-23.33936,-67.73998,far,22.82,129.5013157894737,Lascar
Lascar,VIIRS,2026-05-14 05:48:02,2026-05-14 05:48:00,0.03333333333333333,0.96,Muy Bajo,1.5,1.265,1.265,96,94,-23.36604,-67.73746,summit,0.49,1.3177083333333333,Lascar
Lascar,VIIRS,2026-05-14 06:18:00,2026-05-14 06:18:00,0.0,0.62,Muy Bajo,1.35,0.483,0.483,47,46,-23.36669,-67.73829,summit,0.77,0.7790322580645161,Lascar
Lascar,MODIS,2026-05-15 01:25:00,2026-05-15 01:25:00,0.0,0.86,Muy Bajo,1.0,70.431,0.582,43,1,-23.43542,-67.75204,far,23.57,81.89651162790697,Lascar
Lascar,VIIRS,2026-05-15 05:24:02,2026-05-15 05:24:00,0.03333333333333333,0.99,Muy Bajo,1.5,0.846,0.846,82,81,-23.36976,-67.73546,summit,0.86,0.8545454545454545,Lascar
Lascar,VIIRS,2026-05-15 06:18:01,2026-05-15 06:18:00,0.016666666666666666,0.38,Muy Bajo,2.52,1.389,0.163,105,4,-23.36188,-67.7298,summit,2.07,3.655263157894737,Lascar
Lascar,VIIRS,2026-05-16 05:06:02,2026-05-16 05:06:00,0.03333333333333333,0.39,Muy Bajo,1.68,0.519,0.36,3,2,-23.36218,-67.73077,summit,0.5,1.3307692307692307,Lascar
Lascar,VIIRS,2026-05-16 06:00:01,2026-05-16 06:00:00,0.016666666666666666,0.45,Muy Bajo,1.68,0.671,0.671,1,1,-23.3608,-67.73402,summit,0.93,1.4911111111111113,Lascar
Lascar,VIIRS,2026-05-18 05:24:01,2026-05-18 05:24:00,0.016666666666666666,0.26,Muy Bajo,0.75,0.349,0.349,1,21,-23.34944,-67.73444,summit,0.917,1.3423076923076922,Lascar
Lascar,VIIRS,2026-05-18 06:12:02,2026-05-18 06:12:00,0.03333333333333333,0.24,Muy Bajo,1.5,0.0,0.0,1,1,-23.35878,-67.73013,summit,1.15,0.0,Lascar
Lascar,MODIS,2026-05-18 07:30:00,2026-05-18 07:30:00,0.0,0.34,Muy Bajo,1.0,150.363,1.089,167,7,-23.37601,-67.75928,far,23.5,442.2441176470588,Lascar
Lascar,VIIRS,2026-05-19 05:54:02,2026-05-19 05:54:00,0.03333333333333333,0.64,Muy Bajo,1.55,0.627,0.627,3,3,-23.36329,-67.73293,summit,0.6,0.9796874999999999,Lascar
Lascar,VIIRS,2026-05-19 06:24:00,2026-05-19 06:24:00,0.0,0.03,Muy Bajo,0.84,0.0,0.015,1,17,-23.35581,-67.734,summit,1.257,0.0,Lascar
Lascar,MODIS,2026-05-20 01:25:00,2026-05-20 01:25:00,0.0,0.39,Muy Bajo,1.0,75.819,0.223,96,8,-23.36591,-67.74524,far,22.75,194.40769230769232,Lascar
Lascar,VIIRS,2026-05-21 05:12:02,2026-05-21 05:12:00,0.03333333333333333,0.35,Muy Bajo,1.19,0.286,0.286,2,62,-23.36465,-67.73143,summit,0.512,0.8171428571428572,Lascar
Lascar,VIIRS,2026-05-21 05:48:00,2026-05-21 05:48:00,0.0,0.5,Muy Bajo,1.19,0.528,0.528,1,1,-23.3625,-67.73059,summit,0.74,1.056,Lascar
Lascar,VIIRS,2026-05-21 06:06:01,2026-05-21 06:06:00,0.016666666666666666,0.36,Muy Bajo,1.55,0.189,0.189,2,2,-23.36098,-67.73272,summit,0.96,0.525,Lascar
Lascar,VIIRS,2026-05-23 05:30:01,2026-05-23 05:30:00,0.016666666666666666,0.35,Muy Bajo,1.5,0.395,0.395,1,1,-23.3626,-67.72964,summit,0.75,1.1285714285714288,Lascar
Lascar,VIIRS,2026-05-23 06:18:02,2026-05-23 06:18:00,0.03333333333333333,0.15,Muy Bajo,1.13,0.223,0.223,1,19,-23.36902,-67.73983,summit,2.032,1.4866666666666668,Lascar
Copahue,VIIRS,2026-04-22 05:12:01,2026-04-22 05:12:00,0.016666666666666666,0.21,Muy Bajo,3.69,1.849,0.667,82,1,-37.88921,-71.17116,summit,3.84,8.804761904761905,Copahue
Nevados de Chillan,VIIRS,2026-03-22 04:54:01,2026-03-22 04:54:00,0.016666666666666666,0.49,Muy Bajo,4.28,0.0,0.0,0,0,,,,,0.0,NevadosDeChillan
Nevados de Chillan,VIIRS,2026-04-17 06:48:01,2026-04-17 06:48:00,0.016666666666666666,0.02,Muy Bajo,2.7,0.0,0.0,49,20,-36.86027,-71.38408,summit,1.05,0.0,NevadosDeChillan
Nevados de Chillan,VIIRS,2026-05-02 05:24:01,2026-05-02 05:24:00,0.016666666666666666,0.03,Muy Bajo,0.0,0.0,0.0,0,0,,,,,0.0,NevadosDeChillan
Nevados de Chillan,VIIRS,2026-05-14 05:48:02,2026-05-14 05:48:00,0.03333333333333333,0.06,Muy Bajo,0.38,0.0,0.0,98,88,-36.85825,-71.37253,summit,1.131,0.0,NevadosDeChillan
Llaima,VIIRS,2026-05-15 06:24:01,2026-05-15 06:24:00,0.016666666666666666,0.08,Muy Bajo,1.88,1.483,0.49,68,27,-38.68684,-71.73101,summit,1.166,18.5375,Llaima
Chaiten,VIIRS,2026-01-30 05:54:01,2026-01-30 05:54:00,0.016666666666666666,0.22,Muy Bajo,0.38,0.918,0.704,3,2,-42.83514,-72.65286,summit,0.45,4.172727272727273,Chaiten
Chaiten,VIIRS,2026-02-07 06:42:01,2026-02-07 06:42:00,0.016666666666666666,0.05,Muy Bajo,0.38,0.0,0.0,0,0,,,,,0.0,Chaiten
Chaiten,VIIRS,2026-02-20 06:00:01,2026-02-20 06:00:00,0.016666666666666666,0.09,Muy Bajo,0.38,2.099,1.646,71,54,-42.83018,-72.66918,summit,0.67,23.322222222222226,Chaiten
Chaiten,VIIRS,2026-02-25 06:06:01,2026-02-25 06:06:00,0.016666666666666666,0.18,Muy Bajo,0.38,0.0,2.098,58,47,-42.82886,-72.66776,summit,1.297,0.0,Chaiten
Chaiten,VIIRS,2026-02-26 05:48:01,2026-02-26 05:48:00,0.016666666666666666,0.03,Muy Bajo,0.75,4.471,4.182,98,82,-42.83083,-72.66561,summit,0.912,149.03333333333333,Chaiten
Chaiten,VIIRS,2026-03-05 05:12:01,2026-03-05 05:12:00,0.016666666666666666,0.08,Muy Bajo,0.38,0.0,0.0,0,0,,,,,0.0,Chaiten
Chaiten,VIIRS,2026-03-08 06:00:01,2026-03-08 06:00:00,0.016666666666666666,0.23,Muy Bajo,0.38,8.977,8.916,94,93,-42.82691,-72.656,summit,0.56,39.030434782608694,Chaiten
Chaiten,VIIRS,2026-04-04 05:54:01,2026-04-04 05:54:00,0.016666666666666666,0.13,Muy Bajo,0.75,0.0,0.0,0,0,,,,,0.0,Chaiten
Chaiten,VIIRS,2026-04-07 04:54:01,2026-04-07 04:54:00,0.016666666666666666,0.08,Muy Bajo,0.53,0.574,0.174,4,1,-42.83207,-72.65407,summit,3.58,7.174999999999999,Chaiten
Chaiten,VIIRS,2026-04-08 04:36:01,2026-04-08 04:36:00,0.016666666666666666,0.15,Muy Bajo,1.06,0.383,0.2,3,1,-42.8298,-72.65903,summit,1.12,2.5533333333333337,Chaiten
Chaiten,VIIRS,2026-04-10 04:48:02,2026-04-10 04:48:00,0.03333333333333333,0.1,Muy Bajo,0.53,0.255,0.255,1,1,-42.83303,-72.65503,summit,0.74,2.55,Chaiten
Chaiten,VIIRS,2026-05-09 05:42:02,2026-05-09 05:42:00,0.03333333333333333,0.08,Muy Bajo,0.38,5.876,0.262,2,4,-42.83446,-72.64977,summit,1.255,73.45,Chaiten
Chaiten,VIIRS,2026-05-17 05:48:01,2026-05-17 05:48:00,0.016666666666666666,0.24,Muy Bajo,0.38,0.567,0.567,3,3,-42.83601,-72.65284,summit,0.38,2.3625,Chaiten
Chaiten,VIIRS,2026-05-17 06:36:02,2026-05-17 06:36:00,0.03333333333333333,0.1,Muy Bajo,0.0,0.283,0.283,2,2,-42.83606,-72.64689,summit,0.44,2.8299999999999996,Chaiten
Chaiten,VIIRS,2026-05-18 05:30:01,2026-05-18 05:30:00,0.016666666666666666,0.22,Muy Bajo,0.75,0.706,0.277,4,2,-42.83691,-72.6523,summit,0.67,3.209090909090909,Chaiten
Chaiten,VIIRS,2026-05-19 05:06:01,2026-05-19 05:06:00,0.016666666666666666,0.07,Muy Bajo,0.38,0.133,0.133,1,1,-42.83528,-72.6544,summit,0.73,1.9,Chaiten
Chaiten,VIIRS,2026-05-19 06:48:01,2026-05-19 06:48:00,0.016666666666666666,0.05,Muy Bajo,0.0,3.17,1.55,0,7,-42.83955,-72.66949,summit,2.004,63.4,Chaiten
Chaiten,VIIRS,2026-05-21 05:54:00,2026-05-21 05:54:00,0.0,0.13,Muy Bajo,0.0,0.0,0.0,0,0,,,,,0.0,Chaiten
Chaiten,VIIRS,2026-05-22 05:54:01,2026-05-22 05:54:00,0.016666666666666666,0.12,Muy Bajo,0.38,0.0,0.0,1,1,-42.83423,-72.65452,summit,0.71,0.0,Chaiten
Chaiten,VIIRS,2026-05-23 05:36:01,2026-05-23 05:36:00,0.016666666666666666,0.16,Muy Bajo,0.84,0.576,0.576,1,1,-42.83639,-72.65461,summit,0.8,3.5999999999999996,Chaiten
PlanchonPeteroa,VIIRS,2026-02-08 06:18:01,2026-02-08 06:18:00,0.016666666666666666,0.06,Muy Bajo,1.68,3.266,1.24,95,35,-35.21959,-70.5927,summit,0.715,54.43333333333334,PlanchonPeteroa
PlanchonPeteroa,VIIRS,2026-02-10 05:42:01,2026-02-10 05:42:00,0.016666666666666666,0.07,Muy Bajo,1.68,3.415,3.266,87,85,-35.21646,-70.56745,summit,0.649,48.785714285714285,PlanchonPeteroa
PlanchonPeteroa,VIIRS,2026-02-15 05:48:01,2026-02-15 05:48:00,0.016666666666666666,0.18,Muy Bajo,1.91,2.861,2.629,79,77,-35.2151,-70.56757,summit,0.739,15.894444444444446,PlanchonPeteroa
PlanchonPeteroa,VIIRS,2026-02-16 05:30:01,2026-02-16 05:30:00,0.016666666666666666,0.12,Muy Bajo,1.68,3.516,3.29,75,73,-35.21734,-70.56513,summit,0.486,29.3,PlanchonPeteroa
PlanchonPeteroa,VIIRS,2026-02-25 06:00:01,2026-02-25 06:00:00,0.016666666666666666,0.08,Muy Bajo,2.02,0.0,0.0,0,0,,,,,0.0,PlanchonPeteroa
PlanchonPeteroa,VIIRS,2026-02-26 05:42:01,2026-02-26 05:42:00,0.016666666666666666,0.08,Muy Bajo,1.91,4.548,1.324,4,1,-35.17318,-70.31944,far,23.77,56.85,PlanchonPeteroa
PlanchonPeteroa,VIIRS,2026-02-27 05:24:01,2026-02-27 05:24:00,0.016666666666666666,0.05,Muy Bajo,1.68,0.0,0.0,0,0,,,,,0.0,PlanchonPeteroa
PlanchonPeteroa,VIIRS,2026-03-07 05:54:00,2026-03-07 05:54:00,0.0,0.17,Muy Bajo,1.91,4.345,4.083,87,82,-35.21597,-70.57404,summit,1.276,25.55882352941176,PlanchonPeteroa
PlanchonPeteroa,VIIRS,2026-03-12 06:24:01,2026-03-12 06:24:00,0.016666666666666666,0.16,Muy Bajo,2.02,0.0,0.0,0,0,,,,,0.0,PlanchonPeteroa
PlanchonPeteroa,VIIRS,2026-03-18 06:06:01,2026-03-18 06:06:00,0.016666666666666666,0.09,Muy Bajo,2.02,0.469,0.258,2,1,-35.24027,-70.57802,summit,0.91,5.211111111111111,PlanchonPeteroa
PlanchonPeteroa,VIIRS,2026-03-19 05:48:01,2026-03-19 05:48:00,0.016666666666666666,0.27,Muy Bajo,1.91,2.574,1.304,80,45,-35.21429,-70.55193,summit,0.508,9.533333333333331,PlanchonPeteroa
PlanchonPeteroa,VIIRS,2026-03-23 06:18:01,2026-03-23 06:18:00,0.016666666666666666,0.04,Muy Bajo,2.02,1.716,0.907,71,26,-35.21777,-70.55089,summit,0.581,42.9,PlanchonPeteroa
PlanchonPeteroa,VIIRS,2026-03-24 05:54:01,2026-03-24 05:54:00,0.016666666666666666,0.23,Muy Bajo,1.91,2.585,1.64,85,49,-35.21879,-70.55087,summit,0.678,11.239130434782608,PlanchonPeteroa
PlanchonPeteroa,VIIRS,2026-03-25 05:36:01,2026-03-25 05:36:00,0.016666666666666666,0.2,Muy Bajo,1.91,2.945,1.627,88,54,-35.21945,-70.55049,summit,0.279,14.724999999999998,PlanchonPeteroa
PlanchonPeteroa,VIIRS,2026-03-28 06:24:01,2026-03-28 06:24:00,0.016666666666666666,0.14,Muy Bajo,2.02,3.13,1.628,77,40,-35.21965,-70.59125,summit,0.752,22.357142857142854,PlanchonPeteroa
PlanchonPeteroa,VIIRS,2026-03-29 06:00:01,2026-03-29 06:00:00,0.016666666666666666,0.13,Muy Bajo,2.02,0.075,0.075,55,1,-35.24207,-70.57888,summit,1.01,0.5769230769230769,PlanchonPeteroa
PlanchonPeteroa,VIIRS,2026-03-30 05:42:01,2026-03-30 05:42:00,0.016666666666666666,0.23,Muy Bajo,1.91,5.771,2.677,90,47,-35.21419,-70.55288,summit,0.542,25.091304347826085,PlanchonPeteroa
PlanchonPeteroa,VIIRS,2026-04-03 05:48:00,2026-04-03 05:48:00,0.0,0.09,Muy Bajo,1.91,4.334,2.852,2,58,-35.2149,-70.5537,summit,0.846,48.15555555555555,PlanchonPeteroa
PlanchonPeteroa,VIIRS,2026-04-04 05:48:01,2026-04-04 05:48:00,0.016666666666666666,0.25,Muy Bajo,1.91,0.411,0.411,1,1,-35.24062,-70.57628,summit,0.75,1.644,PlanchonPeteroa
PlanchonPeteroa,VIIRS,2026-04-05 05:30:01,2026-04-05 05:30:00,0.016666666666666666,0.15,Muy Bajo,2.02,0.313,0.313,2,2,-35.24218,-70.57725,summit,0.69,2.086666666666667,PlanchonPeteroa
PlanchonPeteroa,VIIRS,2026-04-08 06:18:01,2026-04-08 06:18:00,0.016666666666666666,0.06,Muy Bajo,2.02,2.599,2.395,1,56,-35.21479,-70.57356,summit,0.992,43.31666666666667,PlanchonPeteroa
PlanchonPeteroa,VIIRS,2026-04-09 05:54:01,2026-04-09 05:54:00,0.016666666666666666,0.12,Muy Bajo,1.91,4.329,4.016,1,80,-35.21498,-70.57948,summit,1.533,36.074999999999996,PlanchonPeteroa
PlanchonPeteroa,VIIRS,2026-04-10 05:36:01,2026-04-10 05:36:00,0.016666666666666666,0.06,Muy Bajo,2.02,0.117,0.117,1,1,-35.24213,-70.57903,summit,1.03,1.9500000000000002,PlanchonPeteroa
PlanchonPeteroa,VIIRS,2026-04-14 06:00:01,2026-04-14 06:00:00,0.016666666666666666,0.16,Muy Bajo,1.91,2.222,2.069,1,54,-35.21458,-70.56977,summit,1.193,13.8875,PlanchonPeteroa
PlanchonPeteroa,VIIRS,2026-04-15 05:42:01,2026-04-15 05:42:00,0.016666666666666666,0.14,Muy Bajo,2.02,0.325,0.325,1,1,-35.24088,-70.57822,summit,0.93,2.321428571428571,PlanchonPeteroa
PlanchonPeteroa,VIIRS,2026-04-16 05:24:01,2026-04-16 05:24:00,0.016666666666666666,0.07,Muy Bajo,1.55,0.0,0.0,0,0,,,,,0.0,PlanchonPeteroa
PlanchonPeteroa,VIIRS,2026-04-24 06:18:01,2026-04-24 06:18:00,0.016666666666666666,0.05,Muy Bajo,2.02,6.166,1.66,4,1,-35.19071,-70.55254,far,7.7,123.32000000000001,PlanchonPeteroa
PlanchonPeteroa,VIIRS,2026-04-25 05:54:01,2026-04-25 05:54:00,0.016666666666666666,0.09,Muy Bajo,1.91,10.472,2.135,5,1,-35.18489,-70.57909,far,5.96,116.35555555555555,PlanchonPeteroa
PlanchonPeteroa,VIIRS,2026-04-26 05:36:01,2026-04-26 05:36:00,0.016666666666666666,0.07,Muy Bajo,2.02,14.063,2.508,7,1,-35.1892,-70.55143,far,5.85,200.89999999999998,PlanchonPeteroa
PlanchonPeteroa,VIIRS,2026-04-27 05:18:01,2026-04-27 05:18:00,0.016666666666666666,0.05,Muy Bajo,1.91,9.557,3.524,5,2,-35.1811,-70.5806,far,6.06,191.14,PlanchonPeteroa
PlanchonPeteroa,VIIRS,2026-04-27 06:06:02,2026-04-27 06:06:00,0.03333333333333333,0.07,Muy Bajo,2.02,0.208,0.208,1,1,-35.2424,-70.57854,summit,0.99,2.971428571428571,PlanchonPeteroa
PlanchonPeteroa,VIIRS,2026-04-30 06:00:01,2026-04-30 06:00:00,0.016666666666666666,0.07,Muy Bajo,2.02,2.312,1.954,2,61,-35.21566,-70.57185,summit,0.527,33.028571428571425,PlanchonPeteroa
PlanchonPeteroa,VIIRS,2026-05-02 05:24:01,2026-05-02 05:24:00,0.016666666666666666,0.21,Muy Bajo,1.91,2.821,1.802,2,47,-35.21727,-70.55151,summit,0.676,13.433333333333335,PlanchonPeteroa
PlanchonPeteroa,VIIRS,2026-05-03 05:54:02,2026-05-03 05:54:00,0.03333333333333333,0.23,Muy Bajo,2.02,0.432,0.432,2,2,-35.2421,-70.57819,summit,0.76,1.8782608695652172,PlanchonPeteroa
PlanchonPeteroa,VIIRS,2026-05-09 05:42:02,2026-05-09 05:42:00,0.03333333333333333,0.18,Muy Bajo,2.37,0.362,0.362,1,1,-35.24281,-70.57607,summit,0.8,2.011111111111111,PlanchonPeteroa
PlanchonPeteroa,VIIRS,2026-05-10 06:18:01,2026-05-10 06:18:00,0.016666666666666666,0.22,Muy Bajo,2.02,3.674,2.837,2,56,-35.21751,-70.58303,summit,1.683,16.7,PlanchonPeteroa
PlanchonPeteroa,VIIRS,2026-05-11 05:54:01,2026-05-11 05:54:00,0.016666666666666666,0.25,Muy Bajo,2.02,0.971,0.485,3,2,-35.24116,-70.57594,summit,0.88,3.884,PlanchonPeteroa
PlanchonPeteroa,VIIRS,2026-05-12 05:36:01,2026-05-12 05:36:00,0.016666666666666666,0.35,Muy Bajo,1.91,3.475,0.004,2,1,-35.21869,-70.5665,summit,0.795,9.928571428571429,PlanchonPeteroa
PlanchonPeteroa,VIIRS,2026-05-12 06:24:02,2026-05-12 06:24:00,0.03333333333333333,0.12,Muy Bajo,2.37,1.994,0.696,1,19,-35.20932,-70.55634,summit,1.074,16.616666666666667,PlanchonPeteroa
PlanchonPeteroa,VIIRS,2026-05-13 05:18:01,2026-05-13 05:18:00,0.016666666666666666,0.03,Muy Bajo,1.55,3.911,3.598,1,56,-35.2181,-70.56689,summit,0.908,130.36666666666667,PlanchonPeteroa
PlanchonPeteroa,VIIRS,2026-05-13 06:06:02,2026-05-13 06:06:00,0.03333333333333333,0.25,Muy Bajo,2.02,3.008,2.783,1,65,-35.21196,-70.57861,summit,1.423,12.032,PlanchonPeteroa
PlanchonPeteroa,VIIRS,2026-05-14 05:48:02,2026-05-14 05:48:00,0.03333333333333333,0.18,Muy Bajo,2.28,1.998,1.722,0,72,-35.21323,-70.56853,summit,0.759,11.1,PlanchonPeteroa
PlanchonPeteroa,VIIRS,2026-05-17 05:42:01,2026-05-17 05:42:00,0.016666666666666666,0.33,Muy Bajo,1.68,3.933,3.416,2,82,-35.21436,-70.57924,summit,1.383,11.918181818181818,PlanchonPeteroa
PlanchonPeteroa,VIIRS,2026-05-18 05:24:01,2026-05-18 05:24:00,0.016666666666666666,0.16,Muy Bajo,1.91,0.0,0.0,1,1,-35.24157,-70.57257,summit,0.45,0.0,PlanchonPeteroa
PlanchonPeteroa,VIIRS,2026-05-20 05:36:02,2026-05-20 05:36:00,0.03333333333333333,0.31,Muy Bajo,2.02,0.589,0.589,1,1,-35.24211,-70.57624,summit,0.78,1.9,PlanchonPeteroa
PlanchonPeteroa,VIIRS,2026-05-21 05:18:02,2026-05-21 05:18:00,0.03333333333333333,0.09,Muy Bajo,2.02,4.556,0.022,2,1,-35.21972,-70.57002,summit,1.366,50.62222222222223,PlanchonPeteroa
PlanchonPeteroa,VIIRS,2026-05-21 05:48:00,2026-05-21 05:48:00,0.0,0.36,Muy Bajo,2.02,0.878,0.581,3,2,-35.24164,-70.57851,summit,0.92,2.438888888888889,PlanchonPeteroa
PlanchonPeteroa,VIIRS,2026-05-22 05:48:01,2026-05-22 05:48:00,0.016666666666666666,0.18,Muy Bajo,2.02,0.569,0.569,2,2,-35.24015,-70.57651,summit,0.97,3.161111111111111,PlanchonPeteroa
PlanchonPeteroa,VIIRS,2026-05-23 05:30:01,2026-05-23 05:30:00,0.016666666666666666,0.28,Muy Bajo,2.02,0.436,0.436,2,2,-35.24091,-70.57777,summit,0.86,1.557142857142857,PlanchonPeteroa
PlanchonPeteroa,VIIRS,2026-05-24 05:12:01,2026-05-24 05:12:00,0.016666666666666666,0.07,Muy Bajo,1.91,1.907,1.174,1,36,-35.21602,-70.55119,summit,0.891,27.24285714285714,PlanchonPeteroa
PlanchonPeteroa,VIIRS,2026-05-24 06:00:02,2026-05-24 06:00:00,0.03333333333333333,0.3,Muy Bajo,2.02,0.339,0.339,1,1,-35.24165,-70.57658,summit,0.8,1.1300000000000001,PlanchonPeteroa
PlanchonPeteroa,VIIRS,2026-05-24 06:36:00,2026-05-24 06:36:00,0.0,0.05,Muy Bajo,2.02,2.512,1.963,2,58,-35.21578,-70.57253,summit,0.66,50.239999999999995,PlanchonPeteroa
Lastarria,VIIRS,2026-01-31 05:30:01,2026-01-31 05:30:00,0.016666666666666666,0.06,Muy Bajo,2.7,2.679,1.89,73,41,-25.15821,-68.51651,summit,0.796,44.65,Lastarria
Lastarria,VIIRS,2026-02-01 06:30:00,2026-02-01 06:30:00,0.0,0.09,Muy Bajo,1.55,2.03,1.126,58,27,-25.15172,-68.5118,summit,0.718,22.555555555555554,Lastarria
Lastarria,VIIRS,2026-02-02 06:12:00,2026-02-02 06:12:00,0.0,0.05,Muy Bajo,1.19,2.401,1.001,81,28,-25.14974,-68.51226,summit,1.539,48.019999999999996,Lastarria
Lastarria,VIIRS,2026-02-02 06:30:01,2026-02-02 06:30:00,0.016666666666666666,0.1,Muy Bajo,1.55,1.371,0.891,53,27,-25.162,-68.52177,summit,1.157,13.709999999999999,Lastarria
Lastarria,VIIRS,2026-02-03 06:12:01,2026-02-03 06:12:00,0.016666666666666666,0.04,Muy Bajo,1.19,1.599,1.325,52,35,-25.15306,-68.51547,summit,1.506,39.975,Lastarria
Lastarria,VIIRS,2026-02-04 05:54:01,2026-02-04 05:54:00,0.016666666666666666,0.07,Muy Bajo,1.35,3.368,2.709,89,59,-25.16086,-68.52111,summit,0.953,48.11428571428571,Lastarria
Lastarria,VIIRS,2026-02-05 05:36:01,2026-02-05 05:36:00,0.016666666666666666,0.16,Muy Bajo,2.4,3.075,1.354,87,30,-25.15224,-68.51645,summit,0.417,19.21875,Lastarria
Lastarria,VIIRS,2026-02-09 06:00:01,2026-02-09 06:00:00,0.016666666666666666,0.06,Muy Bajo,2.19,2.702,1.599,62,33,-25.15206,-68.51337,summit,1.342,45.03333333333333,Lastarria
Lastarria,VIIRS,2026-02-10 05:42:01,2026-02-10 05:42:00,0.016666666666666666,0.12,Muy Bajo,2.4,3.507,1.857,92,33,-25.15142,-68.51676,summit,0.464,29.225,Lastarria
Lastarria,VIIRS,2026-02-12 06:24:00,2026-02-12 06:24:00,0.0,0.07,Muy Bajo,1.55,3.32,2.37,93,50,-25.15704,-68.52038,summit,1.6,47.42857142857142,Lastarria
Lastarria,VIIRS,2026-02-13 06:24:01,2026-02-13 06:24:00,0.016666666666666666,0.1,Muy Bajo,1.55,3.183,3.183,2,2,-25.0779,-68.50932,far,9.98,31.83,Lastarria
Lastarria,VIIRS,2026-02-15 05:48:01,2026-02-15 05:48:00,0.016666666666666666,0.25,Muy Bajo,2.4,7.575,5.352,27,11,-25.15094,-68.51503,summit,1.299,30.3,Lastarria
Lastarria,VIIRS,2026-02-16 05:30:01,2026-02-16 05:30:00,0.016666666666666666,0.04,Muy Bajo,2.4,3.82,3.48,84,60,-25.15735,-68.51626,summit,1.378,95.5,Lastarria
Lastarria,VIIRS,2026-02-20 05:54:01,2026-02-20 05:54:00,0.016666666666666666,0.05,Muy Bajo,2.4,3.153,2.697,78,56,-25.16056,-68.52038,summit,1.256,63.059999999999995,Lastarria
Lastarria,VIIRS,2026-02-21 05:36:01,2026-02-21 05:36:00,0.016666666666666666,0.12,Muy Bajo,2.52,3.564,3.248,82,56,-25.16196,-68.52153,summit,1.398,29.700000000000003,Lastarria
Lastarria,VIIRS,2026-02-22 05:18:01,2026-02-22 05:18:00,0.016666666666666666,0.02,Muy Bajo,2.65,5.496,3.677,20,10,-25.15756,-68.51994,summit,1.511,274.8,Lastarria
Lastarria,VIIRS,2026-02-25 06:00:01,2026-02-25 06:00:00,0.016666666666666666,0.06,Muy Bajo,2.4,4.678,3.425,2,1,-25.08192,-68.49844,far,9.61,77.96666666666667,Lastarria
Lastarria,VIIRS,2026-02-26 05:42:01,2026-02-26 05:42:00,0.016666666666666666,0.17,Muy Bajo,2.4,2.885,2.485,89,57,-25.1584,-68.51759,summit,1.105,16.970588235294116,Lastarria
Lastarria,VIIRS,2026-03-01 06:24:01,2026-03-01 06:24:00,0.016666666666666666,0.17,Muy Bajo,2.4,2.55,2.111,59,49,-25.16004,-68.5198,summit,1.505,14.999999999999998,Lastarria
Lastarria,VIIRS,2026-03-02 06:06:01,2026-03-02 06:06:00,0.016666666666666666,0.08,Muy Bajo,2.7,2.706,1.479,83,37,-25.15292,-68.51555,summit,0.712,33.824999999999996,Lastarria
Lastarria,VIIRS,2026-03-03 05:48:01,2026-03-03 05:48:00,0.016666666666666666,0.1,Muy Bajo,2.4,3.56,2.662,92,51,-25.15127,-68.51019,summit,1.178,35.6,Lastarria
Lastarria,VIIRS,2026-03-05 06:30:00,2026-03-05 06:30:00,0.0,0.05,Muy Bajo,2.4,2.875,1.788,65,40,-25.16151,-68.52184,summit,1.882,57.5,Lastarria
Lastarria,VIIRS,2026-03-08 05:54:01,2026-03-08 05:54:00,0.016666666666666666,0.1,Muy Bajo,2.4,6.806,5.351,3,2,-25.07935,-68.5078,far,9.8,68.06,Lastarria
Lastarria,VIIRS,2026-03-09 05:36:01,2026-03-09 05:36:00,0.016666666666666666,0.19,Muy Bajo,2.19,3.315,1.915,85,32,-25.15173,-68.51566,summit,0.733,17.44736842105263,Lastarria
Lastarria,VIIRS,2026-03-12 06:18:01,2026-03-12 06:18:00,0.016666666666666666,0.06,Muy Bajo,1.55,2.633,2.381,70,47,-25.15892,-68.52133,summit,1.459,43.88333333333333,Lastarria
Lastarria,VIIRS,2026-03-13 06:00:01,2026-03-13 06:00:00,0.016666666666666666,0.16,Muy Bajo,2.4,3.786,3.667,78,69,-25.15971,-68.52002,summit,1.613,23.6625,Lastarria
Lastarria,VIIRS,2026-03-16 06:24:00,2026-03-16 06:24:00,0.0,0.09,Muy Bajo,1.55,4.318,3.324,102,64,-25.15787,-68.51265,summit,1.031,47.977777777777774,Lastarria
Lastarria,VIIRS,2026-03-17 06:24:01,2026-03-17 06:24:00,0.016666666666666666,0.12,Muy Bajo,1.55,3.115,2.431,72,51,-25.16081,-68.50095,summit,0.546,25.958333333333336,Lastarria
Lastarria,VIIRS,2026-03-21 06:30:00,2026-03-21 06:30:00,0.0,0.06,Muy Bajo,2.4,1.704,1.151,54,29,-25.15265,-68.51759,summit,0.832,28.400000000000002,Lastarria
Lastarria,VIIRS,2026-03-23 06:12:01,2026-03-23 06:12:00,0.016666666666666666,0.06,Muy Bajo,1.55,1.535,1.152,50,27,-25.15081,-68.51057,summit,1.16,25.583333333333332,Lastarria
Lastarria,VIIRS,2026-03-24 05:54:01,2026-03-24 05:54:00,0.016666666666666666,0.27,Muy Bajo,2.4,2.944,2.146,80,42,-25.15261,-68.5153,summit,1.233,10.903703703703703,Lastarria
Lastarria,VIIRS,2026-03-25 05:36:01,2026-03-25 05:36:00,0.016666666666666666,0.13,Muy Bajo,2.4,3.891,3.437,95,84,-25.16488,-68.51003,summit,1.064,29.93076923076923,Lastarria
Lastarria,VIIRS,2026-03-26 06:36:00,2026-03-26 06:36:00,0.0,0.11,Muy Bajo,1.55,3.495,1.822,71,36,-25.16218,-68.5193,summit,1.704,31.772727272727273,Lastarria
Lastarria,VIIRS,2026-03-28 06:18:01,2026-03-28 06:18:00,0.016666666666666666,0.19,Muy Bajo,2.4,5.883,3.242,97,50,-25.16433,-68.52345,summit,1.826,30.96315789473684,Lastarria
Lastarria,VIIRS,2026-03-29 06:00:01,2026-03-29 06:00:00,0.016666666666666666,0.05,Muy Bajo,2.4,3.144,3.074,59,52,-25.16104,-68.52001,summit,1.609,62.88,Lastarria
Lastarria,VIIRS,2026-03-30 05:42:01,2026-03-30 05:42:00,0.016666666666666666,0.21,Muy Bajo,2.7,0.903,0.903,88,85,-25.16137,-68.51805,summit,2.12,4.300000000000001,Lastarria
Lastarria,VIIRS,2026-04-01 06:24:00,2026-04-01 06:24:00,0.0,0.05,Muy Bajo,2.4,0.143,0.143,1,1,-25.15243,-68.52365,summit,2.41,2.8599999999999994,Lastarria
Lastarria,VIIRS,2026-04-03 06:06:01,2026-04-03 06:06:00,0.016666666666666666,0.17,Muy Bajo,2.4,0.265,0.127,2,1,-25.15897,-68.5138,summit,2.26,1.5588235294117647,Lastarria
Lastarria,VIIRS,2026-04-04 05:48:01,2026-04-04 05:48:00,0.016666666666666666,0.11,Muy Bajo,2.7,7.524,7.491,24,20,-25.16027,-68.51894,summit,1.59,68.4,Lastarria
Lastarria,VIIRS,2026-04-06 06:30:00,2026-04-06 06:30:00,0.0,0.11,Muy Bajo,2.19,0.284,0.181,2,1,-25.15857,-68.51361,summit,1.24,2.5818181818181816,Lastarria
Lastarria,VIIRS,2026-04-07 06:30:01,2026-04-07 06:30:00,0.016666666666666666,0.09,Muy Bajo,1.55,3.399,1.21,16,7,-25.15888,-68.52161,summit,0.489,37.766666666666666,Lastarria
Lastarria,VIIRS,2026-04-08 06:12:01,2026-04-08 06:12:00,0.016666666666666666,0.16,Muy Bajo,1.55,0.273,0.159,2,1,-25.15892,-68.51229,summit,1.14,1.70625,Lastarria
Lastarria,VIIRS,2026-04-11 06:06:02,2026-04-11 06:06:00,0.03333333333333333,0.12,Muy Bajo,2.4,6.336,4.853,3,2,-25.07889,-68.4987,far,9.51,52.800000000000004,Lastarria
Lastarria,VIIRS,2026-04-12 05:48:02,2026-04-12 05:48:00,0.03333333333333333,0.15,Muy Bajo,2.4,0.646,0.035,6,40,-25.17779,-68.49081,summit,0.555,4.306666666666667,Lastarria
Lastarria,VIIRS,2026-04-13 06:18:01,2026-04-13 06:18:00,0.016666666666666666,0.23,Muy Bajo,2.7,0.427,0.209,3,1,-25.15774,-68.51332,summit,1.31,1.8565217391304347,Lastarria
Lastarria,VIIRS,2026-04-15 05:42:01,2026-04-15 05:42:00,0.016666666666666666,0.14,Muy Bajo,2.7,0.167,0.167,1,1,-25.15209,-68.52377,summit,2.45,1.1928571428571428,Lastarria
Lastarria,VIIRS,2026-04-15 06:30:02,2026-04-15 06:30:00,0.03333333333333333,0.16,Muy Bajo,1.91,0.164,0.164,1,1,-25.1572,-68.51339,summit,1.36,1.025,Lastarria
Lastarria,VIIRS,2026-04-16 05:24:01,2026-04-16 05:24:00,0.016666666666666666,0.07,Muy Bajo,2.4,0.135,0.075,2,1,-25.15416,-68.52045,summit,2.05,1.9285714285714286,Lastarria
Lastarria,VIIRS,2026-04-16 06:42:00,2026-04-16 06:42:00,0.0,0.09,Muy Bajo,1.55,0.0,0.0,0,0,,,,,0.0,Lastarria
Lastarria,VIIRS,2026-04-17 05:54:02,2026-04-17 05:54:00,0.03333333333333333,0.21,Muy Bajo,2.4,0.72,0.511,6,50,-25.1526,-68.5139,summit,1.384,3.4285714285714284,Lastarria
Lastarria,VIIRS,2026-04-17 06:24:00,2026-04-17 06:24:00,0.0,0.18,Muy Bajo,2.4,0.631,0.088,5,1,-25.16007,-68.5151,summit,1.27,3.5055555555555555,Lastarria
Lastarria,VIIRS,2026-04-18 05:36:02,2026-04-18 05:36:00,0.03333333333333333,0.15,Muy Bajo,2.19,0.463,0.167,4,2,-25.1595,-68.51183,summit,2.16,3.086666666666667,Lastarria
Lastarria,VIIRS,2026-04-18 06:24:01,2026-04-18 06:24:00,0.016666666666666666,0.1,Muy Bajo,1.55,0.754,0.074,6,1,-25.15934,-68.5078,summit,1.41,7.54,Lastarria
Lastarria,VIIRS,2026-04-19 06:06:01,2026-04-19 06:06:00,0.016666666666666666,0.03,Muy Bajo,1.55,0.253,0.158,3,2,-25.15903,-68.5141,summit,2.4,8.433333333333334,Lastarria
Lastarria,VIIRS,2026-04-20 05:48:01,2026-04-20 05:48:00,0.016666666666666666,0.08,Muy Bajo,2.4,0.275,0.092,2,1,-25.15827,-68.50806,summit,2.31,3.4375,Lastarria
Lastarria,VIIRS,2026-04-22 06:30:00,2026-04-22 06:30:00,0.0,0.05,Muy Bajo,1.55,0.177,0.119,2,1,-25.15649,-68.51309,summit,1.42,3.5399999999999996,Lastarria
Lastarria,VIIRS,2026-04-23 06:30:01,2026-04-23 06:30:00,0.016666666666666666,0.07,Muy Bajo,1.91,0.507,0.169,15,5,-25.15351,-68.51847,summit,1.305,7.242857142857142,Lastarria
Lastarria,VIIRS,2026-04-24 06:12:01,2026-04-24 06:12:00,0.016666666666666666,0.09,Muy Bajo,1.55,0.16,0.16,2,2,-25.15295,-68.52257,summit,2.14,1.777777777777778,Lastarria
Lastarria,VIIRS,2026-04-25 05:54:01,2026-04-25 05:54:00,0.016666666666666666,0.14,Muy Bajo,2.7,0.831,0.83,5,76,-25.16199,-68.49883,summit,0.915,5.935714285714285,Lastarria
Lastarria,VIIRS,2026-04-26 06:24:02,2026-04-26 06:24:00,0.03333333333333333,0.11,Muy Bajo,1.55,0.345,0.062,3,1,-25.15986,-68.50677,summit,1.19,3.1363636363636362,Lastarria
Lastarria,VIIRS,2026-04-27 06:06:02,2026-04-27 06:06:00,0.03333333333333333,0.14,Muy Bajo,2.4,0.115,0.25,2,55,-25.15512,-68.5041,summit,0.977,0.8214285714285714,Lastarria
Lastarria,VIIRS,2026-04-29 06:18:01,2026-04-29 06:18:00,0.016666666666666666,0.1,Muy Bajo,1.55,0.128,0.128,1,1,-25.15227,-68.52312,summit,2.39,1.28,Lastarria
Lastarria,VIIRS,2026-04-30 06:00:01,2026-04-30 06:00:00,0.016666666666666666,0.05,Muy Bajo,2.4,0.229,0.076,2,1,-25.15779,-68.51575,summit,2.36,4.58,Lastarria
Lastarria,VIIRS,2026-05-01 05:42:01,2026-05-01 05:42:00,0.016666666666666666,0.11,Muy Bajo,2.19,4.09,1.251,3,1,-25.22245,-68.43148,far,22.05,37.18181818181818,Lastarria
Lastarria,VIIRS,2026-05-01 06:30:02,2026-05-01 06:30:00,0.03333333333333333,0.09,Muy Bajo,1.55,0.161,0.161,1,1,-25.15833,-68.51227,summit,1.2,1.788888888888889,Lastarria
Lastarria,VIIRS,2026-05-02 06:12:02,2026-05-02 06:12:00,0.03333333333333333,0.2,Muy Bajo,2.4,0.511,0.084,4,1,-25.15915,-68.51183,summit,1.1,2.5549999999999997,Lastarria
Lastarria,VIIRS,2026-05-02 06:42:00,2026-05-02 06:42:00,0.0,0.1,Muy Bajo,1.55,0.334,0.122,3,1,-25.16006,-68.51407,summit,1.25,3.34,Lastarria
Lastarria,VIIRS,2026-05-03 06:24:00,2026-05-03 06:24:00,0.0,0.04,Muy Bajo,1.35,0.291,0.203,2,1,-25.1613,-68.51566,summit,1.15,7.2749999999999995,Lastarria
Lastarria,VIIRS,2026-05-04 05:36:02,2026-05-04 05:36:00,0.03333333333333333,0.07,Muy Bajo,2.19,1.573,1.477,4,76,-25.16169,-68.49957,summit,0.936,22.471428571428568,Lastarria
Lastarria,VIIRS,2026-05-04 06:24:01,2026-05-04 06:24:00,0.016666666666666666,0.09,Muy Bajo,1.55,0.466,0.236,4,2,-25.15899,-68.51424,summit,1.46,5.177777777777778,Lastarria
Lastarria,VIIRS,2026-05-05 06:06:01,2026-05-05 06:06:00,0.016666666666666666,0.08,Muy Bajo,1.19,0.239,0.144,2,1,-25.16071,-68.51408,summit,1.08,2.9875,Lastarria
Lastarria,VIIRS,2026-05-07 06:18:02,2026-05-07 06:18:00,0.03333333333333333,0.08,Muy Bajo,1.55,0.131,0.131,1,1,-25.15773,-68.5143,summit,1.36,1.6375,Lastarria
Lastarria,VIIRS,2026-05-08 06:30:00,2026-05-08 06:30:00,0.0,0.04,Muy Bajo,1.19,0.204,0.068,20,13,-25.16043,-68.50097,summit,0.806,5.1,Lastarria
Lastarria,VIIRS,2026-05-09 05:42:02,2026-05-09 05:42:00,0.03333333333333333,0.06,Muy Bajo,2.4,0.583,0.106,3,82,-25.16224,-68.49901,summit,0.62,9.716666666666667,Lastarria
Lastarria,VIIRS,2026-05-10 06:12:01,2026-05-10 06:12:00,0.016666666666666666,0.05,Muy Bajo,1.55,1.249,0.506,2,1,-25.14945,-68.51779,far,9.38,24.98,Lastarria
Lastarria,VIIRS,2026-05-11 05:54:01,2026-05-11 05:54:00,0.016666666666666666,0.09,Muy Bajo,2.4,0.175,0.175,1,1,-25.15213,-68.52306,summit,2.39,1.9444444444444444,Lastarria
Lastarria,VIIRS,2026-05-12 06:24:02,2026-05-12 06:24:00,0.03333333333333333,0.06,Muy Bajo,1.19,0.171,0.165,0,39,-25.15438,-68.516,summit,1.147,2.8500000000000005,Lastarria
Lastarria,VIIRS,2026-05-13 06:36:00,2026-05-13 06:36:00,0.0,0.07,Muy Bajo,1.19,0.083,0.083,0,25,-25.15361,-68.51849,summit,1.53,1.1857142857142857,Lastarria
Lastarria,VIIRS,2026-05-14 05:48:02,2026-05-14 05:48:00,0.03333333333333333,0.14,Muy Bajo,2.4,0.315,0.147,2,1,-25.15947,-68.51301,summit,2.23,2.25,Lastarria
Lastarria,VIIRS,2026-05-14 06:18:00,2026-05-14 06:18:00,0.0,0.14,Muy Bajo,2.4,0.114,0.114,1,1,-25.15281,-68.52435,summit,2.43,0.8142857142857143,Lastarria
Lastarria,VIIRS,2026-05-14 06:36:01,2026-05-14 06:36:00,0.016666666666666666,0.11,Muy Bajo,1.55,0.083,0.077,0,19,-25.1549,-68.51781,summit,1.838,0.7545454545454546,Lastarria
Lastarria,VIIRS,2026-05-15 06:18:01,2026-05-15 06:18:00,0.016666666666666666,0.04,Muy Bajo,1.19,0.0,0.0,0,0,,,,,0.0,Lastarria
Lastarria,VIIRS,2026-05-16 06:00:01,2026-05-16 06:00:00,0.016666666666666666,0.06,Muy Bajo,1.35,0.161,0.161,2,2,-25.15289,-68.52251,summit,2.18,2.6833333333333336,Lastarria
Lastarria,VIIRS,2026-05-18 06:12:02,2026-05-18 06:12:00,0.03333333333333333,0.08,Muy Bajo,1.19,0.0,0.001,0,46,-25.16021,-68.50052,summit,0.474,0.0,Lastarria
Lastarria,VIIRS,2026-05-19 06:24:00,2026-05-19 06:24:00,0.0,0.17,Muy Bajo,2.4,0.13,0.13,1,59,-25.16043,-68.50162,summit,0.961,0.7647058823529411,Lastarria
Lastarria,VIIRS,2026-05-22 05:48:01,2026-05-22 05:48:00,0.016666666666666666,0.06,Muy Bajo,2.19,0.092,0.092,0,59,-25.16155,-68.52102,summit,0.806,1.5333333333333334,Lastarria
Lastarria,VIIRS,2026-05-22 06:36:02,2026-05-22 06:36:00,0.03333333333333333,0.04,Muy Bajo,1.19,0.0,0.0,0,0,,,,,0.0,Lastarria
Lastarria,VIIRS,2026-05-23 05:30:01,2026-05-23 05:30:00,0.016666666666666666,0.05,Muy Bajo,2.19,0.125,0.125,1,77,-25.16511,-68.49632,summit,0.935,2.5,Lastarria
Lastarria,VIIRS,2026-05-24 06:00:02,2026-05-24 06:00:00,0.03333333333333333,0.14,Muy Bajo,2.4,0.109,0.109,1,1,-25.15223,-68.52396,summit,2.45,0.7785714285714285,Lastarria
Lastarria,VIIRS,2026-05-24 06:30:00,2026-05-24 06:30:00,0.0,0.07,Muy Bajo,1.55,0.043,0.043,0,43,-25.1593,-68.50266,summit,1.186,0.6142857142857142,Lastarria
Isluga,VIIRS,2026-02-01 05:06:01,2026-02-01 05:06:00,0.016666666666666666,0.11,Muy Bajo,0.53,0.036,0.036,77,1,-19.15357,-68.83611,summit,0.75,0.32727272727272727,Isluga
Isluga,VIIRS,2026-02-02 06:06:00,2026-02-02 06:06:00,0.0,0.1,Muy Bajo,0.84,0.0,0.0,58,2,-19.12412,-68.83147,summit,2.94,0.0,Isluga
Isluga,VIIRS,2026-02-03 06:12:01,2026-02-03 06:12:00,0.016666666666666666,0.07,Muy Bajo,0.53,0.0,0.011,75,39,-19.13381,-68.83611,summit,2.87,0.0,Isluga
Isluga,VIIRS,2026-02-06 05:12:01,2026-02-06 05:12:00,0.016666666666666666,0.16,Muy Bajo,0.75,0.079,0.05,48,1,-19.15607,-68.83453,summit,0.83,0.49375,Isluga
Isluga,VIIRS,2026-02-06 06:36:00,2026-02-06 06:36:00,0.0,0.09,Muy Bajo,0.84,0.0,0.0,0,0,,,,,0.0,Isluga
Isluga,VIIRS,2026-02-07 06:36:01,2026-02-07 06:36:00,0.016666666666666666,0.04,Muy Bajo,0.53,0.0,0.0,0,0,,,,,0.0,Isluga
Isluga,VIIRS,2026-02-09 06:00:01,2026-02-09 06:00:00,0.016666666666666666,0.1,Muy Bajo,0.53,0.0,2.069,8,1,-19.35689,-68.70821,far,26.32,0.0,Isluga
Isluga,VIIRS,2026-02-10 05:36:01,2026-02-10 05:36:00,0.016666666666666666,0.36,Muy Bajo,0.53,1.051,1.051,1,1,-19.18826,-68.85331,summit,4.91,2.9194444444444443,Isluga
Isluga,VIIRS,2026-02-21 05:30:01,2026-02-21 05:30:00,0.016666666666666666,0.18,Muy Bajo,0.84,2.041,1.78,66,60,-19.15142,-68.83565,summit,0.913,11.338888888888889,Isluga
Isluga,VIIRS,2026-02-22 05:12:01,2026-02-22 05:12:00,0.016666666666666666,0.12,Muy Bajo,0.75,1.333,0.579,46,17,-19.16851,-68.82877,summit,1.842,11.108333333333334,Isluga
Isluga,VIIRS,2026-02-23 04:54:01,2026-02-23 04:54:00,0.016666666666666666,0.25,Muy Bajo,1.91,0.0,0.0,0,0,,,,,0.0,Isluga
Isluga,VIIRS,2026-02-25 06:00:01,2026-02-25 06:00:00,0.016666666666666666,0.24,Muy Bajo,0.53,0.257,0.257,85,1,-19.15605,-68.83385,summit,0.79,1.0708333333333333,Isluga
Isluga,VIIRS,2026-02-26 05:36:01,2026-02-26 05:36:00,0.016666666666666666,0.35,Muy Bajo,0.84,0.42,0.329,80,2,-19.15551,-68.83549,summit,1.01,1.2,Isluga
Isluga,VIIRS,2026-02-27 05:18:01,2026-02-27 05:18:00,0.016666666666666666,0.38,Muy Bajo,0.84,0.723,0.33,57,1,-19.15581,-68.83588,summit,0.89,1.9026315789473682,Isluga
Isluga,VIIRS,2026-02-28 05:00:01,2026-02-28 05:00:00,0.016666666666666666,0.53,Muy Bajo,1.55,0.457,0.19,58,1,-19.15285,-68.84216,summit,1.32,0.8622641509433963,Isluga
Isluga,VIIRS,2026-03-01 06:24:01,2026-03-01 06:24:00,0.016666666666666666,0.06,Muy Bajo,0.53,0.524,0.472,88,55,-19.15795,-68.83679,summit,0.62,8.733333333333334,Isluga
Isluga,VIIRS,2026-03-02 06:06:01,2026-03-02 06:06:00,0.016666666666666666,0.25,Muy Bajo,0.53,0.462,0.218,66,52,-19.14904,-68.83484,summit,0.68,1.848,Isluga
Isluga,VIIRS,2026-03-03 05:48:01,2026-03-03 05:48:00,0.016666666666666666,0.3,Muy Bajo,0.53,0.784,0.658,91,53,-19.16663,-68.83121,summit,0.9,2.6133333333333337,Isluga
Isluga,VIIRS,2026-03-05 05:06:01,2026-03-05 05:06:00,0.016666666666666666,0.48,Muy Bajo,1.06,3.562,2.792,74,38,-19.16589,-68.82571,summit,1.145,7.420833333333333,Isluga
Isluga,VIIRS,2026-03-07 06:12:01,2026-03-07 06:12:00,0.016666666666666666,0.14,Muy Bajo,0.84,0.673,0.384,66,64,-19.14877,-68.83499,summit,0.92,4.807142857142857,Isluga
Isluga,VIIRS,2026-03-08 05:54:01,2026-03-08 05:54:00,0.016666666666666666,0.22,Muy Bajo,0.53,0.204,0.199,89,47,-19.16722,-68.83154,summit,0.81,0.9272727272727272,Isluga
Isluga,VIIRS,2026-03-09 05:30:01,2026-03-09 05:30:00,0.016666666666666666,0.31,Muy Bajo,0.84,0.399,0.254,79,2,-19.15535,-68.83626,summit,0.72,1.2870967741935484,Isluga
Isluga,VIIRS,2026-03-10 05:12:01,2026-03-10 05:12:00,0.016666666666666666,0.35,Muy Bajo,0.84,2.768,1.103,62,19,-19.16821,-68.82741,summit,1.096,7.908571428571428,Isluga
Isluga,VIIRS,2026-03-11 04:54:01,2026-03-11 04:54:00,0.016666666666666666,0.13,Muy Bajo,1.91,0.158,0.11,43,21,-19.16524,-68.82449,summit,2.72,1.2153846153846153,Isluga
Isluga,VIIRS,2026-03-11 06:36:01,2026-03-11 06:36:00,0.016666666666666666,0.05,Muy Bajo,0.53,0.396,0.328,62,18,-19.1675,-68.83078,summit,4.2,7.92,Isluga
Isluga,VIIRS,2026-03-13 06:00:01,2026-03-13 06:00:00,0.016666666666666666,0.22,Muy Bajo,0.75,0.439,0.339,74,1,-19.15615,-68.83538,summit,0.89,1.9954545454545454,Isluga
Isluga,VIIRS,2026-03-14 05:42:01,2026-03-14 05:42:00,0.016666666666666666,0.24,Muy Bajo,0.53,0.378,0.378,67,54,-19.16496,-68.83095,summit,0.68,1.5750000000000002,Isluga
Isluga,VIIRS,2026-03-15 05:18:01,2026-03-15 05:18:00,0.016666666666666666,0.2,Muy Bajo,0.84,0.0,0.005,51,39,-19.16537,-68.82644,summit,1.07,0.0,Isluga
Isluga,VIIRS,2026-03-16 05:00:01,2026-03-16 05:00:00,0.016666666666666666,0.57,Muy Bajo,1.13,0.389,0.389,39,37,-19.16366,-68.82557,summit,0.9,0.6824561403508773,Isluga
Isluga,VIIRS,2026-03-17 06:24:01,2026-03-17 06:24:00,0.016666666666666666,0.05,Muy Bajo,0.53,0.0,0.004,77,57,-19.15773,-68.83655,summit,2.69,0.0,Isluga
Isluga,VIIRS,2026-03-19 05:48:01,2026-03-19 05:48:00,0.016666666666666666,0.35,Muy Bajo,0.53,0.751,0.635,88,63,-19.16447,-68.82843,summit,0.85,2.145714285714286,Isluga
Isluga,VIIRS,2026-03-20 05:24:01,2026-03-20 05:24:00,0.016666666666666666,0.46,Muy Bajo,0.75,0.756,0.484,69,2,-19.15568,-68.8364,summit,0.81,1.643478260869565,Isluga
Isluga,VIIRS,2026-03-21 05:06:01,2026-03-21 05:06:00,0.016666666666666666,0.63,Muy Bajo,1.06,0.47,0.374,51,2,-19.15498,-68.8398,summit,0.95,0.7460317460317459,Isluga
Isluga,VIIRS,2026-03-23 06:12:01,2026-03-23 06:12:00,0.016666666666666666,0.14,Muy Bajo,0.53,0.768,0.261,65,61,-19.14882,-68.83356,summit,4.9,5.485714285714285,Isluga
Isluga,VIIRS,2026-03-24 05:54:01,2026-03-24 05:54:00,0.016666666666666666,0.13,Muy Bajo,0.53,0.123,0.123,88,2,-19.15635,-68.83356,summit,0.88,0.9461538461538461,Isluga
Isluga,VIIRS,2026-03-25 05:30:01,2026-03-25 05:30:00,0.016666666666666666,0.19,Muy Bajo,0.0,0.0,1.822,82,72,-19.14854,-68.83442,summit,0.637,0.0,Isluga
Isluga,VIIRS,2026-04-04 05:48:01,2026-04-04 05:48:00,0.016666666666666666,0.18,Muy Bajo,0.53,0.0,0.0,0,0,,,,,0.0,Isluga
Isluga,VIIRS,2026-04-05 05:24:01,2026-04-05 05:24:00,0.016666666666666666,0.3,Muy Bajo,0.75,0.276,0.276,78,1,-19.15566,-68.83442,summit,0.78,0.9200000000000002,Isluga
Isluga,VIIRS,2026-04-06 05:06:01,2026-04-06 05:06:00,0.016666666666666666,0.16,Muy Bajo,0.84,0.0,0.0,0,0,,,,,0.0,Isluga
Isluga,VIIRS,2026-04-07 05:36:02,2026-04-07 05:36:00,0.03333333333333333,0.19,Muy Bajo,0.0,0.389,0.389,76,1,-19.15551,-68.83474,summit,0.79,2.0473684210526315,Isluga
Isluga,VIIRS,2026-04-07 06:30:01,2026-04-07 06:30:00,0.016666666666666666,0.13,Muy Bajo,0.84,0.075,0.075,71,39,-19.15686,-68.83932,summit,0.92,0.5769230769230769,Isluga
Isluga,VIIRS,2026-04-11 05:12:01,2026-04-11 05:12:00,0.016666666666666666,0.06,Muy Bajo,0.84,0.0,0.0,39,2,-19.12578,-68.82861,summit,2.78,0.0,Isluga
Isluga,VIIRS,2026-04-11 06:06:02,2026-04-11 06:06:00,0.03333333333333333,0.12,Muy Bajo,0.53,0.0,0.0,0,0,,,,,0.0,Isluga
Isluga,VIIRS,2026-04-12 05:42:02,2026-04-12 05:42:00,0.03333333333333333,0.18,Muy Bajo,0.75,0.543,0.357,88,51,-19.16573,-68.83173,summit,0.98,3.016666666666667,Isluga
Isluga,VIIRS,2026-04-13 06:18:01,2026-04-13 06:18:00,0.016666666666666666,0.07,Muy Bajo,0.53,2.771,0.116,73,1,-19.15619,-68.83582,summit,1.331,39.58571428571428,Isluga
Isluga,VIIRS,2026-04-14 06:00:01,2026-04-14 06:00:00,0.016666666666666666,0.08,Muy Bajo,0.84,2.73,2.678,83,82,-19.14728,-68.83463,summit,0.644,34.125,Isluga
Isluga,VIIRS,2026-04-15 05:42:01,2026-04-15 05:42:00,0.016666666666666666,0.24,Muy Bajo,0.53,1.193,0.411,80,1,-19.15483,-68.83541,summit,0.78,4.970833333333334,Isluga
Isluga,VIIRS,2026-04-17 05:00:01,2026-04-17 05:00:00,0.016666666666666666,0.26,Muy Bajo,0.84,1.864,0.531,51,14,-19.13532,-68.83807,summit,0.553,7.1692307692307695,Isluga
Isluga,VIIRS,2026-04-17 05:48:02,2026-04-17 05:48:00,0.03333333333333333,0.24,Muy Bajo,0.84,0.586,0.044,89,82,-19.15072,-68.83435,summit,0.84,2.4416666666666664,Isluga
Isluga,VIIRS,2026-04-18 05:30:02,2026-04-18 05:30:00,0.03333333333333333,0.44,Muy Bajo,0.53,0.713,0.117,65,61,-19.15176,-68.83368,summit,0.82,1.6204545454545454,Isluga
Isluga,VIIRS,2026-04-18 06:24:01,2026-04-18 06:24:00,0.016666666666666666,0.04,Muy Bajo,0.53,0.141,0.022,69,2,-19.15722,-68.83471,summit,4.56,3.5249999999999995,Isluga
Isluga,VIIRS,2026-04-19 05:12:02,2026-04-19 05:12:00,0.03333333333333333,0.32,Muy Bajo,0.84,1.063,0.198,69,1,-19.15769,-68.83683,summit,0.93,3.321875,Isluga
Isluga,VIIRS,2026-04-19 06:06:01,2026-04-19 06:06:00,0.016666666666666666,0.35,Muy Bajo,3.09,0.663,0.225,59,32,-19.16745,-68.83357,summit,2.97,1.8942857142857146,Isluga
Isluga,VIIRS,2026-04-21 05:24:01,2026-04-21 05:24:00,0.016666666666666666,0.22,Muy Bajo,0.75,0.744,0.607,81,52,-19.16208,-68.83426,summit,0.66,3.381818181818182,Isluga
Isluga,VIIRS,2026-04-21 06:18:02,2026-04-21 06:18:00,0.03333333333333333,0.08,Muy Bajo,0.38,1.47,0.929,60,43,-19.14828,-68.83458,summit,0.856,18.375,Isluga
Isluga,VIIRS,2026-04-24 05:18:02,2026-04-24 05:18:00,0.03333333333333333,0.34,Muy Bajo,0.84,0.511,0.155,70,2,-19.1552,-68.83464,summit,1.12,1.5029411764705882,Isluga
Isluga,VIIRS,2026-04-28 04:54:01,2026-04-28 04:54:00,0.016666666666666666,0.15,Muy Bajo,0.75,0.67,0.074,47,1,-19.15209,-68.8371,summit,4.8,4.466666666666667,Isluga
Isluga,VIIRS,2026-04-28 05:42:02,2026-04-28 05:42:00,0.03333333333333333,0.33,Muy Bajo,0.75,0.859,0.501,89,1,-19.15609,-68.83429,summit,0.81,2.603030303030303,Isluga
Isluga,VIIRS,2026-04-29 05:24:02,2026-04-29 05:24:00,0.03333333333333333,0.1,Muy Bajo,0.84,0.0,0.0,0,0,,,,,0.0,Isluga
Isluga,VIIRS,2026-04-30 05:06:02,2026-04-30 05:06:00,0.03333333333333333,0.27,Muy Bajo,1.06,1.86,0.666,68,28,-19.1674,-68.83086,summit,1.03,6.888888888888888,Isluga
Isluga,VIIRS,2026-05-01 05:42:01,2026-05-01 05:42:00,0.016666666666666666,0.32,Muy Bajo,0.53,1.186,0.46,81,3,-19.15614,-68.83626,summit,0.84,3.70625,Isluga
Isluga,VIIRS,2026-05-02 05:18:01,2026-05-02 05:18:00,0.016666666666666666,0.6,Muy Bajo,0.84,1.748,0.864,73,43,-19.15193,-68.83521,summit,1.07,2.9133333333333336,Isluga
Isluga,VIIRS,2026-05-03 05:00:01,2026-05-03 05:00:00,0.016666666666666666,0.24,Muy Bajo,1.55,1.398,0.156,43,2,-19.15105,-68.8381,summit,0.204,5.825,Isluga
Isluga,VIIRS,2026-05-03 05:48:02,2026-05-03 05:48:00,0.03333333333333333,0.31,Muy Bajo,0.84,0.815,0.815,1,1,-19.18623,-68.85144,summit,4.61,2.629032258064516,Isluga
Isluga,VIIRS,2026-05-04 05:30:02,2026-05-04 05:30:00,0.03333333333333333,0.32,Muy Bajo,0.84,1.039,2.449,80,76,-19.1515,-68.83593,summit,0.915,3.2468749999999997,Isluga
Isluga,VIIRS,2026-05-04 06:24:01,2026-05-04 06:24:00,0.016666666666666666,0.19,Muy Bajo,0.84,0.93,0.252,72,1,-19.15641,-68.83457,summit,0.86,4.894736842105264,Isluga
Isluga,VIIRS,2026-05-05 06:06:01,2026-05-05 06:06:00,0.016666666666666666,0.15,Muy Bajo,0.75,1.459,0.167,82,2,-19.15627,-68.83281,summit,0.56,9.726666666666668,Isluga
Isluga,VIIRS,2026-05-06 04:54:02,2026-05-06 04:54:00,0.03333333333333333,0.53,Muy Bajo,1.55,0.3,0.153,44,17,-19.16154,-68.83525,summit,0.95,0.5660377358490566,Isluga
Isluga,VIIRS,2026-05-06 05:48:01,2026-05-06 05:48:00,0.016666666666666666,0.42,Muy Bajo,0.75,1.493,0.552,90,2,-19.15587,-68.83511,summit,0.77,3.554761904761905,Isluga
Isluga,VIIRS,2026-05-08 05:06:01,2026-05-08 05:06:00,0.016666666666666666,0.74,Muy Bajo,0.84,1.035,0.433,47,2,-19.15462,-68.83825,summit,0.81,1.3986486486486485,Isluga
Isluga,VIIRS,2026-05-08 05:54:02,2026-05-08 05:54:00,0.03333333333333333,0.13,Muy Bajo,0.53,0.918,0.88,82,48,-19.16479,-68.82618,summit,0.66,7.061538461538461,Isluga
Isluga,VIIRS,2026-05-09 05:36:02,2026-05-09 05:36:00,0.03333333333333333,0.31,Muy Bajo,0.53,0.894,3.67,80,50,-19.16512,-68.82505,summit,1.301,2.8838709677419354,Isluga
Isluga,VIIRS,2026-05-09 06:30:01,2026-05-09 06:30:00,0.016666666666666666,0.1,Muy Bajo,0.53,0.361,0.018,52,2,-19.15428,-68.83376,summit,4.62,3.61,Isluga
Isluga,VIIRS,2026-05-11 05:54:01,2026-05-11 05:54:00,0.016666666666666666,0.27,Muy Bajo,0.0,1.124,0.862,88,65,-19.16461,-68.83027,summit,0.79,4.162962962962963,Isluga
Isluga,VIIRS,2026-05-14 05:42:02,2026-05-14 05:42:00,0.03333333333333333,0.07,Muy Bajo,0.53,0.0,0.0,0,0,,,,,0.0,Isluga
Isluga,VIIRS,2026-05-15 05:24:02,2026-05-15 05:24:00,0.03333333333333333,0.15,Muy Bajo,1.06,0.572,0.572,78,63,-19.16113,-68.83151,summit,0.73,3.813333333333333,Isluga
Isluga,VIIRS,2026-05-16 06:00:01,2026-05-16 06:00:00,0.016666666666666666,0.08,Muy Bajo,0.53,3.775,0.268,3,2,-19.15533,-68.83397,summit,1.148,47.1875,Isluga
Isluga,VIIRS,2026-05-17 05:42:01,2026-05-17 05:42:00,0.016666666666666666,0.24,Muy Bajo,0.75,0.414,0.017,3,2,-19.14459,-68.83465,summit,1.554,1.7249999999999999,Isluga
Isluga,VIIRS,2026-05-18 05:18:01,2026-05-18 05:18:00,0.016666666666666666,0.27,Muy Bajo,0.75,0.234,0.234,2,2,-19.15521,-68.83624,summit,0.74,0.8666666666666667,Isluga
Isluga,VIIRS,2026-05-18 06:12:02,2026-05-18 06:12:00,0.03333333333333333,0.06,Muy Bajo,0.53,2.996,0.096,1,1,-19.15514,-68.83537,summit,0.578,49.93333333333334,Isluga
Isluga,VIIRS,2026-05-19 05:00:01,2026-05-19 05:00:00,0.016666666666666666,0.23,Muy Bajo,0.84,0.173,0.131,2,1,-19.1524,-68.83489,summit,0.58,0.7521739130434781,Isluga
Isluga,VIIRS,2026-05-20 05:30:02,2026-05-20 05:30:00,0.03333333333333333,0.36,Muy Bajo,0.84,3.325,0.454,2,2,-19.15556,-68.8339,summit,1.356,9.236111111111112,Isluga
Isluga,VIIRS,2026-05-21 05:12:02,2026-05-21 05:12:00,0.03333333333333333,0.33,Muy Bajo,1.06,1.813,0.296,1,1,-19.15618,-68.83775,summit,0.776,5.493939393939393,Isluga
Isluga,VIIRS,2026-05-21 05:48:00,2026-05-21 05:48:00,0.0,0.22,Muy Bajo,0.84,6.132,0.305,1,1,-19.15357,-68.83469,summit,1.52,27.87272727272727,Isluga
Isluga,VIIRS,2026-05-21 06:06:01,2026-05-21 06:06:00,0.016666666666666666,0.1,Muy Bajo,0.53,3.059,0.188,2,3,-19.15842,-68.83459,summit,1.07,30.59,Isluga
Isluga,VIIRS,2026-05-22 05:48:01,2026-05-22 05:48:00,0.016666666666666666,0.36,Muy Bajo,0.75,3.571,2.963,2,81,-19.15462,-68.83532,summit,0.911,9.919444444444446,Isluga
Isluga,VIIRS,2026-05-23 05:30:01,2026-05-23 05:30:00,0.016666666666666666,0.49,Muy Bajo,0.53,0.424,0.424,2,2,-19.15574,-68.83531,summit,0.64,0.8653061224489795,Isluga
Isluga,VIIRS,2026-05-24 05:54:02,2026-05-24 05:54:00,0.03333333333333333,0.07,Muy Bajo,0.53,2.794,0.965,1,51,-19.13688,-68.82402,summit,0.833,39.91428571428571,Isluga
Tupungatito,VIIRS,2026-02-14 06:06:01,2026-02-14 06:06:00,0.016666666666666666,0.08,Muy Bajo,4.89,0.0,0.0,77,26,-33.42326,-69.78646,summit,0.62,0.0,Tupungatito
Tupungatito,VIIRS,2026-02-17 06:30:00,2026-02-17 06:30:00,0.0,0.1,Muy Bajo,4.89,0.0,0.0,37,37,-33.43206,-69.79604,summit,0.45,0.0,Tupungatito
Tupungatito,VIIRS,2026-02-20 05:54:01,2026-02-20 05:54:00,0.016666666666666666,0.17,Muy Bajo,4.89,0.437,0.186,84,1,-33.38923,-69.82729,summit,2.8,2.5705882352941174,Tupungatito
Tupungatito,VIIRS,2026-02-23 05:00:01,2026-02-23 05:00:00,0.016666666666666666,0.52,Muy Bajo,5.72,4.789,4.455,104,92,-33.43377,-69.78964,summit,1.593,9.209615384615384,Tupungatito
Tupungatito,VIIRS,2026-02-23 06:42:01,2026-02-23 06:42:00,0.016666666666666666,0.04,Muy Bajo,5.1,1.796,1.573,21,18,-33.43046,-69.80146,summit,1.264,44.9,Tupungatito
Tupungatito,VIIRS,2026-02-26 05:42:01,2026-02-26 05:42:00,0.016666666666666666,0.28,Muy Bajo,5.21,0.218,0.218,96,1,-33.38711,-69.82681,summit,2.87,0.7785714285714285,Tupungatito
Tupungatito,VIIRS,2026-02-27 06:42:00,2026-02-27 06:42:00,0.0,0.03,Muy Bajo,4.8,0.0,0.0,0,0,,,,,0.0,Tupungatito
Tupungatito,VIIRS,2026-02-28 05:06:01,2026-02-28 05:06:00,0.016666666666666666,0.36,Muy Bajo,5.41,0.0,0.0,72,12,-33.41424,-69.7792,summit,1.54,0.0,Tupungatito
Tupungatito,VIIRS,2026-02-28 06:24:00,2026-02-28 06:24:00,0.0,0.2,Muy Bajo,5.21,0.093,0.093,56,1,-33.38837,-69.82795,summit,2.9,0.46499999999999997,Tupungatito
Tupungatito,VIIRS,2026-03-01 04:48:01,2026-03-01 04:48:00,0.016666666666666666,0.59,Muy Bajo,5.41,0.085,0.085,2,1,-33.38841,-69.82833,summit,2.93,0.1440677966101695,Tupungatito
Tupungatito,VIIRS,2026-03-01 06:24:01,2026-03-01 06:24:00,0.016666666666666666,0.16,Muy Bajo,5.21,5.446,5.228,4,78,-33.38241,-69.83516,summit,1.515,34.037499999999994,Tupungatito
Tupungatito,VIIRS,2026-03-02 06:06:01,2026-03-02 06:06:00,0.016666666666666666,0.21,Muy Bajo,5.21,0.106,0.071,2,1,-33.38837,-69.82581,summit,2.72,0.5047619047619047,Tupungatito
Tupungatito,VIIRS,2026-03-03 05:48:01,2026-03-03 05:48:00,0.016666666666666666,0.2,Muy Bajo,5.21,0.234,0.234,2,2,-33.39007,-69.82724,summit,2.81,1.17,Tupungatito
Tupungatito,VIIRS,2026-03-04 05:30:01,2026-03-04 05:30:00,0.016666666666666666,0.17,Muy Bajo,4.37,0.256,0.17,3,2,-33.38873,-69.82783,summit,2.66,1.5058823529411764,Tupungatito
Tupungatito,VIIRS,2026-03-05 05:12:01,2026-03-05 05:12:00,0.016666666666666666,0.03,Muy Bajo,4.89,4.589,3.822,2,58,-33.38209,-69.83086,summit,1.523,152.9666666666667,Tupungatito
Tupungatito,VIIRS,2026-03-06 04:54:01,2026-03-06 04:54:00,0.016666666666666666,0.29,Muy Bajo,5.41,3.901,3.417,2,45,-33.38292,-69.82694,summit,1.089,13.451724137931034,Tupungatito
Tupungatito,VIIRS,2026-03-06 06:36:01,2026-03-06 06:36:00,0.016666666666666666,0.12,Muy Bajo,5.21,0.0,0.0,2,1,-33.38632,-69.82774,summit,2.99,0.0,Tupungatito
Tupungatito,VIIRS,2026-03-07 06:12:01,2026-03-07 06:12:00,0.016666666666666666,0.11,Muy Bajo,4.89,0.0,0.0,0,0,,,,,0.0,Tupungatito
Tupungatito,VIIRS,2026-03-08 05:54:01,2026-03-08 05:54:00,0.016666666666666666,0.11,Muy Bajo,4.89,8.886,8.769,30,16,-33.43171,-69.79185,summit,1.467,80.78181818181818,Tupungatito
Tupungatito,VIIRS,2026-03-11 05:00:01,2026-03-11 05:00:00,0.016666666666666666,0.22,Muy Bajo,5.41,0.242,0.126,2,1,-33.38734,-69.82918,summit,3.05,1.0999999999999999,Tupungatito
Tupungatito,VIIRS,2026-03-13 06:00:01,2026-03-13 06:00:00,0.016666666666666666,0.19,Muy Bajo,5.21,0.0,0.018,3,2,-33.38842,-69.82885,summit,3.02,0.0,Tupungatito
Tupungatito,VIIRS,2026-03-18 06:06:01,2026-03-18 06:06:00,0.016666666666666666,0.21,Muy Bajo,5.21,0.0,0.0,0,0,,,,,0.0,Tupungatito
Tupungatito,VIIRS,2026-03-19 05:48:01,2026-03-19 05:48:00,0.016666666666666666,0.1,Muy Bajo,5.21,0.0,0.0,0,0,,,,,0.0,Tupungatito
Tupungatito,VIIRS,2026-03-20 05:30:01,2026-03-20 05:30:00,0.016666666666666666,0.25,Muy Bajo,5.21,2.066,1.389,2,1,-33.60973,-69.79536,far,23.33,8.264,Tupungatito
Tupungatito,VIIRS,2026-03-21 06:30:00,2026-03-21 06:30:00,0.0,0.26,Muy Bajo,5.05,2.698,2.611,0,78,-33.38408,-69.83366,summit,1.071,10.376923076923076,Tupungatito
Tupungatito,VIIRS,2026-03-24 05:54:01,2026-03-24 05:54:00,0.016666666666666666,0.22,Muy Bajo,5.21,0.195,0.195,2,2,-33.38967,-69.82738,summit,2.84,0.8863636363636364,Tupungatito
Tupungatito,VIIRS,2026-03-25 05:36:01,2026-03-25 05:36:00,0.016666666666666666,0.21,Muy Bajo,4.89,0.149,0.149,2,2,-33.38896,-69.82687,summit,2.59,0.7095238095238096,Tupungatito
Tupungatito,VIIRS,2026-03-26 05:18:01,2026-03-26 05:18:00,0.016666666666666666,0.22,Muy Bajo,5.21,3.651,3.651,1,49,-33.38034,-69.83347,summit,1.708,16.595454545454544,Tupungatito
Tupungatito,VIIRS,2026-03-27 05:00:01,2026-03-27 05:00:00,0.016666666666666666,0.35,Muy Bajo,5.54,4.122,4.062,1,56,-33.38142,-69.82867,summit,1.446,11.777142857142858,Tupungatito
Tupungatito,VIIRS,2026-03-28 06:00:00,2026-03-28 06:00:00,0.0,0.23,Muy Bajo,5.21,0.0,0.0,0,0,,,,,0.0,Tupungatito
Tupungatito,VIIRS,2026-03-29 06:00:01,2026-03-29 06:00:00,0.016666666666666666,0.25,Muy Bajo,5.21,0.0,0.0,0,0,,,,,0.0,Tupungatito
Tupungatito,VIIRS,2026-03-30 05:42:01,2026-03-30 05:42:00,0.016666666666666666,0.41,Muy Bajo,5.21,0.286,0.286,2,2,-33.38886,-69.82639,summit,2.8,0.697560975609756,Tupungatito
Tupungatito,VIIRS,2026-03-31 05:24:01,2026-03-31 05:24:00,0.016666666666666666,0.26,Muy Bajo,5.21,0.0,0.0,0,0,,,,,0.0,Tupungatito
Tupungatito,VIIRS,2026-04-01 05:06:01,2026-04-01 05:06:00,0.016666666666666666,0.28,Muy Bajo,5.41,0.141,0.141,2,1,-33.38602,-69.82845,summit,3.06,0.5035714285714284,Tupungatito
Tupungatito,VIIRS,2026-04-02 06:30:01,2026-04-02 06:30:00,0.016666666666666666,0.21,Muy Bajo,5.21,0.096,0.096,1,1,-33.38916,-69.82803,summit,2.87,0.4571428571428572,Tupungatito
Tupungatito,VIIRS,2026-04-03 06:06:01,2026-04-03 06:06:00,0.016666666666666666,0.27,Muy Bajo,5.21,0.0,0.0,19,4,-33.41906,-69.78348,summit,1.25,0.0,Tupungatito
Tupungatito,VIIRS,2026-04-04 05:48:01,2026-04-04 05:48:00,0.016666666666666666,0.26,Muy Bajo,5.21,0.481,0.175,7,1,-33.38718,-69.82786,summit,2.95,1.8499999999999999,Tupungatito
Tupungatito,VIIRS,2026-04-06 05:12:01,2026-04-06 05:12:00,0.016666666666666666,0.23,Muy Bajo,5.21,4.348,4.241,0,50,-33.38342,-69.8363,summit,1.508,18.904347826086955,Tupungatito
Tupungatito,VIIRS,2026-04-06 06:30:00,2026-04-06 06:30:00,0.0,0.09,Muy Bajo,4.89,0.0,0.0,0,0,,,,,0.0,Tupungatito
Tupungatito,VIIRS,2026-04-08 05:24:02,2026-04-08 05:24:00,0.03333333333333333,0.17,Muy Bajo,4.37,5.091,5.091,0,63,-33.38136,-69.83595,summit,1.599,29.94705882352941,Tupungatito
Tupungatito,VIIRS,2026-04-09 05:06:02,2026-04-09 05:06:00,0.03333333333333333,0.28,Muy Bajo,5.03,3.144,3.132,0,36,-33.38207,-69.83389,summit,1.399,11.228571428571428,Tupungatito
Tupungatito,VIIRS,2026-04-09 05:54:01,2026-04-09 05:54:00,0.016666666666666666,0.24,Muy Bajo,5.21,0.0,0.0,0,0,,,,,0.0,Tupungatito
Tupungatito,VIIRS,2026-04-10 04:48:02,2026-04-10 04:48:00,0.03333333333333333,0.05,Muy Bajo,4.7,0.0,0.0,1,1,-33.3516,-69.8154,summit,5.57,0.0,Tupungatito
Tupungatito,VIIRS,2026-04-10 05:36:01,2026-04-10 05:36:00,0.016666666666666666,0.25,Muy Bajo,5.21,7.281,7.281,3,96,-33.38128,-69.83549,summit,1.577,29.124,Tupungatito
Tupungatito,VIIRS,2026-04-10 06:24:02,2026-04-10 06:24:00,0.03333333333333333,0.13,Muy Bajo,4.89,0.0,0.0,1,1,-33.39128,-69.82683,summit,2.67,0.0,Tupungatito
Tupungatito,VIIRS,2026-04-12 05:00:01,2026-04-12 05:00:00,0.016666666666666666,0.26,Muy Bajo,5.54,0.0,0.0,0,0,,,,,0.0,Tupungatito
Tupungatito,VIIRS,2026-04-12 05:48:02,2026-04-12 05:48:00,0.03333333333333333,0.3,Muy Bajo,5.03,7.503,7.503,1,93,-33.38001,-69.83389,summit,1.696,25.01,Tupungatito
Tupungatito,VIIRS,2026-04-13 05:30:02,2026-04-13 05:30:00,0.03333333333333333,0.26,Muy Bajo,4.37,7.117,7.117,2,80,-33.38121,-69.83469,summit,1.594,27.373076923076923,Tupungatito
Tupungatito,VIIRS,2026-04-14 05:12:02,2026-04-14 05:12:00,0.03333333333333333,0.1,Muy Bajo,4.89,0.0,0.0,0,0,,,,,0.0,Tupungatito
Tupungatito,VIIRS,2026-04-15 04:54:02,2026-04-15 04:54:00,0.03333333333333333,0.4,Muy Bajo,5.21,1.113,1.113,1,1,-33.31822,-69.90196,far,13.13,2.7824999999999998,Tupungatito
Tupungatito,VIIRS,2026-04-15 05:42:01,2026-04-15 05:42:00,0.016666666666666666,0.32,Muy Bajo,5.41,6.948,6.948,2,101,-33.38128,-69.83679,summit,1.627,21.712500000000002,Tupungatito
Tupungatito,VIIRS,2026-04-16 05:24:01,2026-04-16 05:24:00,0.016666666666666666,0.19,Muy Bajo,4.89,5.494,5.494,0,66,-33.38202,-69.8357,summit,1.537,28.91578947368421,Tupungatito
Tupungatito,VIIRS,2026-04-21 05:30:01,2026-04-21 05:30:00,0.016666666666666666,0.2,Muy Bajo,5.21,0.0,0.0,0,0,,,,,0.0,Tupungatito
Tupungatito,VIIRS,2026-04-21 06:18:02,2026-04-21 06:18:00,0.03333333333333333,0.12,Muy Bajo,5.21,4.115,4.102,0,89,-33.3801,-69.83527,summit,1.79,34.29166666666667,Tupungatito
Tupungatito,VIIRS,2026-04-22 06:00:02,2026-04-22 06:00:00,0.03333333333333333,0.03,Muy Bajo,4.89,3.301,3.183,0,79,-33.38103,-69.83091,summit,1.508,110.03333333333335,Tupungatito
Tupungatito,VIIRS,2026-04-23 06:36:01,2026-04-23 06:36:00,0.016666666666666666,0.03,Muy Bajo,4.8,3.476,2.933,0,48,-33.37969,-69.83519,summit,1.834,115.86666666666667,Tupungatito
Tupungatito,VIIRS,2026-04-24 05:24:02,2026-04-24 05:24:00,0.03333333333333333,0.31,Muy Bajo,4.89,4.205,4.205,0,62,-33.3797,-69.83348,summit,1.655,13.564516129032258,Tupungatito
Tupungatito,VIIRS,2026-04-24 06:12:01,2026-04-24 06:12:00,0.016666666666666666,0.11,Muy Bajo,5.21,0.0,0.0,0,0,,,,,0.0,Tupungatito
Tupungatito,VIIRS,2026-04-25 05:54:01,2026-04-25 05:54:00,0.016666666666666666,0.2,Muy Bajo,5.21,5.468,5.404,0,93,-33.38073,-69.83273,summit,1.664,27.34,Tupungatito
Tupungatito,VIIRS,2026-04-26 04:48:02,2026-04-26 04:48:00,0.03333333333333333,0.11,Muy Bajo,4.89,2.375,1.309,0,23,-33.38218,-69.82813,summit,1.412,21.59090909090909,Tupungatito
Tupungatito,VIIRS,2026-04-26 05:36:01,2026-04-26 05:36:00,0.016666666666666666,0.2,Muy Bajo,5.21,5.474,5.474,1,95,-33.38061,-69.83537,summit,1.631,27.37,Tupungatito
Tupungatito,VIIRS,2026-04-27 05:18:01,2026-04-27 05:18:00,0.016666666666666666,0.11,Muy Bajo,5.41,3.884,3.495,0,58,-33.38232,-69.8306,summit,1.367,35.309090909090905,Tupungatito
Tupungatito,VIIRS,2026-04-27 06:06:02,2026-04-27 06:06:00,0.03333333333333333,0.18,Muy Bajo,5.21,0.0,0.0,0,0,,,,,0.0,Tupungatito
Tupungatito,VIIRS,2026-04-30 05:12:02,2026-04-30 05:12:00,0.03333333333333333,0.34,Muy Bajo,5.21,3.813,3.804,0,51,-33.37993,-69.83089,summit,1.57,11.214705882352941,Tupungatito
Tupungatito,VIIRS,2026-04-30 06:00:01,2026-04-30 06:00:00,0.016666666666666666,0.12,Muy Bajo,5.21,0.0,0.184,1,3,-33.39188,-69.83121,summit,1.506,0.0,Tupungatito
Tupungatito,VIIRS,2026-05-02 05:24:01,2026-05-02 05:24:00,0.016666666666666666,0.25,Muy Bajo,5.03,5.108,5.108,0,73,-33.38076,-69.83061,summit,1.621,20.432,Tupungatito
Tupungatito,VIIRS,2026-05-03 05:06:01,2026-05-03 05:06:00,0.016666666666666666,0.21,Muy Bajo,5.54,3.72,2.263,0,32,-33.37865,-69.83174,summit,1.8,17.714285714285715,Tupungatito
Tupungatito,VIIRS,2026-05-09 05:42:02,2026-05-09 05:42:00,0.03333333333333333,0.17,Muy Bajo,5.21,3.231,3.219,0,94,-33.37972,-69.83282,summit,1.522,19.005882352941175,Tupungatito
Tupungatito,VIIRS,2026-05-11 05:54:01,2026-05-11 05:54:00,0.016666666666666666,0.22,Muy Bajo,5.21,5.94,5.94,1,99,-33.3828,-69.83754,summit,1.559,27.0,Tupungatito
Tupungatito,VIIRS,2026-05-12 05:36:01,2026-05-12 05:36:00,0.016666666666666666,0.24,Muy Bajo,5.03,0.0,0.0,0,0,,,,,0.0,Tupungatito
Tupungatito,VIIRS,2026-05-13 05:18:01,2026-05-13 05:18:00,0.016666666666666666,0.15,Muy Bajo,5.21,3.696,3.55,0,54,-33.38242,-69.83168,summit,1.446,24.64,Tupungatito
Tupungatito,VIIRS,2026-05-14 05:48:02,2026-05-14 05:48:00,0.03333333333333333,0.21,Muy Bajo,6.55,1.206,1.189,0,97,-33.38048,-69.83292,summit,1.334,5.742857142857143,Tupungatito
Tupungatito,VIIRS,2026-05-17 05:42:01,2026-05-17 05:42:00,0.016666666666666666,0.06,Muy Bajo,5.21,4.561,4.544,0,99,-33.38111,-69.83678,summit,1.643,76.01666666666667,Tupungatito
Tupungatito,VIIRS,2026-05-18 05:24:01,2026-05-18 05:24:00,0.016666666666666666,0.14,Muy Bajo,4.89,4.809,4.809,0,77,-33.37835,-69.83398,summit,1.756,34.35,Tupungatito
Tupungatito,VIIRS,2026-05-18 06:48:00,2026-05-18 06:48:00,0.0,0.05,Muy Bajo,4.8,0.0,0.0,0,0,,,,,0.0,Tupungatito
Tupungatito,VIIRS,2026-05-19 05:06:01,2026-05-19 05:06:00,0.016666666666666666,0.18,Muy Bajo,5.41,3.574,2.326,0,40,-33.38175,-69.82828,summit,1.439,19.855555555555554,Tupungatito
Tupungatito,VIIRS,2026-05-20 05:36:02,2026-05-20 05:36:00,0.03333333333333333,0.3,Muy Bajo,5.21,5.41,0.004,0,1,-33.38782,-69.8189,summit,1.627,18.033333333333335,Tupungatito
Tupungatito,VIIRS,2026-05-21 06:06:01,2026-05-21 06:06:00,0.016666666666666666,0.09,Muy Bajo,4.89,2.939,2.939,0,78,-33.38328,-69.8382,summit,1.537,32.65555555555556,Tupungatito
Tupungatito,VIIRS,2026-05-22 05:48:01,2026-05-22 05:48:00,0.016666666666666666,0.07,Muy Bajo,5.21,5.888,5.0,0,94,-33.38097,-69.83633,summit,1.76,84.1142857142857,Tupungatito
Tupungatito,VIIRS,2026-05-23 04:42:02,2026-05-23 04:42:00,0.03333333333333333,0.12,Muy Bajo,5.1,0.0,0.0,1,1,-33.38678,-69.84628,summit,4.54,0.0,Tupungatito
Tupungatito,VIIRS,2026-05-23 05:30:01,2026-05-23 05:30:00,0.016666666666666666,0.23,Muy Bajo,5.21,4.504,4.504,0,81,-33.38048,-69.83257,summit,1.666,19.582608695652173,Tupungatito
Tupungatito,VIIRS,2026-05-23 06:18:02,2026-05-23 06:18:00,0.03333333333333333,0.12,Muy Bajo,4.89,6.203,5.0,0,89,-33.38092,-69.83656,summit,1.516,51.69166666666667,Tupungatito
Tupungatito,VIIRS,2026-05-24 05:12:01,2026-05-24 05:12:00,0.016666666666666666,0.19,Muy Bajo,4.37,2.394,2.394,0,52,-33.38046,-69.83039,summit,1.506,12.6,Tupungatito
Tupungatito,VIIRS,2026-05-24 06:00:02,2026-05-24 06:00:00,0.03333333333333333,0.13,Muy Bajo,5.21,4.831,4.821,0,92,-33.37682,-69.83475,summit,1.945,37.16153846153846,Tupungatito
Tupungatito,VIIRS,2026-05-24 06:36:00,2026-05-24 06:36:00,0.0,0.05,Muy Bajo,4.89,4.252,3.306,0,74,-33.38221,-69.83495,summit,1.454,85.03999999999999,Tupungatito
