37823348991	A/B S146: sin el Test 1 integrado en el ROI (tres brazos, once Tier A, tres sensores)	.github/workflows/reproc-s146-ab-sin-test1.yml	workflow_dispatch	2026-10-08T18:19:11Z	2026-10-08T18:19:11Z	2026-10-08T18:19:16Z	in_progress	
37821958649	NRT Healthcheck (Tier A staleness)	.github/workflows/nrt-healthcheck.yml	workflow_dispatch	2026-10-08T18:08:19Z	2026-10-08T18:08:19Z	2026-10-08T18:09:39Z	completed	success
37821953924	NRT VRP Pipeline (both profiles)	.github/workflows/nrt.yml	workflow_dispatch	2026-10-08T18:08:16Z	2026-10-08T18:08:16Z	2026-10-08T18:08:16Z	queued	
37821748552	NRT Healthcheck (Tier A staleness)	.github/workflows/nrt-healthcheck.yml	schedule	2026-10-08T18:06:40Z	2026-10-08T18:06:40Z	2026-10-08T18:07:58Z	completed	success
37815055228	Deploy GitHub Pages	.github/workflows/pages-deploy.yml	workflow_run	2026-10-08T17:14:45Z	2026-10-08T17:14:45Z	2026-10-08T17:15:56Z	completed	success
37814678398	NRT VRP Pipeline (both profiles)	.github/workflows/nrt.yml	schedule	2026-10-08T17:11:52Z	2026-10-08T17:11:52Z	2026-10-08T17:14:42Z	completed	failure
37810926850	NRT Retry (NASA recovery)	.github/workflows/nrt-retry.yml	schedule	2026-10-08T16:42:44Z	2026-10-08T16:42:44Z	2026-10-08T16:42:59Z	completed	success
37809406893	Reproc watchdog — avisa si un reproceso muere o se cuelga	.github/workflows/reproc-watchdog.yml	schedule	2026-10-08T16:31:04Z	2026-10-08T16:31:04Z	2026-10-08T16:31:15Z	completed	success
37808794990	.github/workflows/sync-mirova-csv.yml	.github/workflows/sync-mirova-csv.yml	schedule	2026-10-08T16:26:27Z	2026-10-08T16:26:27Z	2026-10-08T16:27:53Z	completed	success
37789521683	Deploy GitHub Pages	.github/workflows/pages-deploy.yml	schedule	2026-10-08T14:04:46Z	2026-10-08T14:04:46Z	2026-10-08T14:07:05Z	completed	success
37753747816	Reproc watchdog — avisa si un reproceso muere o se cuelga	.github/workflows/reproc-watchdog.yml	schedule	2026-10-08T09:01:14Z	2026-10-08T09:01:14Z	2026-10-08T09:01:24Z	completed	success
37753093891	.github/workflows/sync-mirova-csv.yml	.github/workflows/sync-mirova-csv.yml	schedule	2026-10-08T08:55:31Z	2026-10-08T08:55:31Z	2026-10-08T08:56:37Z	completed	success
37750113547	Deploy GitHub Pages	.github/workflows/pages-deploy.yml	workflow_run	2026-10-08T08:28:54Z	2026-10-08T08:28:54Z	2026-10-08T08:29:39Z	completed	success
37749838800	NRT VRP Pipeline (both profiles)	.github/workflows/nrt.yml	schedule	2026-10-08T08:26:22Z	2026-10-08T08:26:22Z	2026-10-08T08:28:51Z	completed	failure
37745167745	NRT Retry (NASA recovery)	.github/workflows/nrt-retry.yml	schedule	2026-10-08T07:43:07Z	2026-10-08T07:43:07Z	2026-10-08T07:43:19Z	completed	success
37739062446	Deploy GitHub Pages	.github/workflows/pages-deploy.yml	schedule	2026-10-08T06:42:06Z	2026-10-08T06:42:06Z	2026-10-08T06:43:44Z	completed	success
37738016901	NRT Monitor — alerta si fallan 3+ corridas	.github/workflows/nrt-monitor.yml	schedule	2026-10-08T06:30:49Z	2026-10-08T06:30:49Z	2026-10-08T06:30:58Z	completed	success
37715495580	Reproc watchdog — avisa si un reproceso muere o se cuelga	.github/workflows/reproc-watchdog.yml	schedule	2026-10-08T01:57:41Z	2026-10-08T01:57:41Z	2026-10-08T01:57:51Z	completed	success
37715216665	.github/workflows/sync-mirova-csv.yml	.github/workflows/sync-mirova-csv.yml	schedule	2026-10-08T01:54:15Z	2026-10-08T01:54:15Z	2026-10-08T01:55:21Z	completed	success
37705737116	Deploy GitHub Pages	.github/workflows/pages-deploy.yml	workflow_run	2026-10-08T00:04:02Z	2026-10-08T00:04:02Z	2026-10-08T00:05:32Z	completed	success
37705407464	NRT VRP Pipeline (both profiles)	.github/workflows/nrt.yml	schedule	2026-10-08T00:00:30Z	2026-10-08T00:00:30Z	2026-10-08T00:04:00Z	completed	failure
37703463150	NRT Retry (NASA recovery)	.github/workflows/nrt-retry.yml	schedule	2026-10-07T23:39:04Z	2026-10-07T23:39:04Z	2026-10-07T23:39:16Z	completed	success
37701684876	Deploy GitHub Pages	.github/workflows/pages-deploy.yml	schedule	2026-10-07T23:20:16Z	2026-10-07T23:20:16Z	2026-10-07T23:22:17Z	completed	success
37701156191	NRT Monitor — alerta si fallan 3+ corridas	.github/workflows/nrt-monitor.yml	schedule	2026-10-07T23:14:59Z	2026-10-07T23:14:59Z	2026-10-07T23:15:06Z	completed	success
37693263673	Reproc watchdog — avisa si un reproceso muere o se cuelga	.github/workflows/reproc-watchdog.yml	schedule	2026-10-07T22:00:06Z	2026-10-07T22:00:06Z	2026-10-07T22:00:17Z	completed	success
37693010412	.github/workflows/sync-mirova-csv.yml	.github/workflows/sync-mirova-csv.yml	schedule	2026-10-07T21:57:42Z	2026-10-07T21:57:42Z	2026-10-07T21:58:47Z	completed	success
37677229270	Deploy GitHub Pages	.github/workflows/pages-deploy.yml	workflow_run	2026-10-07T19:48:09Z	2026-10-07T19:48:09Z	2026-10-07T19:50:23Z	completed	success
37676753724	NRT VRP Pipeline (both profiles)	.github/workflows/nrt.yml	schedule	2026-10-07T19:44:22Z	2026-10-07T19:44:22Z	2026-10-07T19:48:06Z	completed	failure
37664012263	NRT Healthcheck (Tier A staleness)	.github/workflows/nrt-healthcheck.yml	schedule	2026-10-07T18:04:33Z	2026-10-07T18:04:33Z	2026-10-07T18:06:02Z	completed	success
37662435848	NRT Retry (NASA recovery)	.github/workflows/nrt-retry.yml	schedule	2026-10-07T17:52:27Z	2026-10-07T17:52:27Z	2026-10-07T17:52:39Z	completed	success
37659950217	Deploy GitHub Pages	.github/workflows/pages-deploy.yml	schedule	2026-10-07T17:33:10Z	2026-10-07T17:33:10Z	2026-10-07T17:35:00Z	completed	success
37652824261	Reproc watchdog — avisa si un reproceso muere o se cuelga	.github/workflows/reproc-watchdog.yml	schedule	2026-10-07T16:32:20Z	2026-10-07T16:32:20Z	2026-10-07T16:32:58Z	completed	success
37651947925	.github/workflows/sync-mirova-csv.yml	.github/workflows/sync-mirova-csv.yml	schedule	2026-10-07T16:25:45Z	2026-10-07T16:25:45Z	2026-10-07T16:26:56Z	completed	success
37630952820	NRT Monitor — alerta si fallan 3+ corridas	.github/workflows/nrt-monitor.yml	schedule	2026-10-07T13:44:44Z	2026-10-07T13:44:44Z	2026-10-07T13:44:54Z	completed	success
37623289821	Deploy GitHub Pages	.github/workflows/pages-deploy.yml	workflow_run	2026-10-07T12:45:17Z	2026-10-07T12:45:17Z	2026-10-07T12:46:03Z	completed	success
37622866413	NRT VRP Pipeline (both profiles)	.github/workflows/nrt.yml	schedule	2026-10-07T12:41:50Z	2026-10-07T12:41:50Z	2026-10-07T12:45:13Z	completed	failure
37607518622	NRT Retry (NASA recovery)	.github/workflows/nrt-retry.yml	schedule	2026-10-07T10:27:28Z	2026-10-07T10:27:28Z	2026-10-07T10:27:43Z	completed	success
37600209963	Deploy GitHub Pages	.github/workflows/pages-deploy.yml	schedule	2026-10-07T09:22:54Z	2026-10-07T09:22:54Z	2026-10-07T09:27:14Z	completed	success
37595576139	Reproc watchdog — avisa si un reproceso muere o se cuelga	.github/workflows/reproc-watchdog.yml	schedule	2026-10-07T08:42:36Z	2026-10-07T08:42:36Z	2026-10-07T08:42:46Z	completed	success
37594898744	.github/workflows/sync-mirova-csv.yml	.github/workflows/sync-mirova-csv.yml	schedule	2026-10-07T08:36:32Z	2026-10-07T08:36:32Z	2026-10-07T08:37:50Z	completed	success
37580874629	NRT Monitor — alerta si fallan 3+ corridas	.github/workflows/nrt-monitor.yml	schedule	2026-10-07T06:19:26Z	2026-10-07T06:19:26Z	2026-10-07T06:19:36Z	completed	success
37571781320	Deploy GitHub Pages	.github/workflows/pages-deploy.yml	workflow_run	2026-10-07T04:30:24Z	2026-10-07T04:30:24Z	2026-10-07T04:31:03Z	completed	success
37571597659	NRT VRP Pipeline (both profiles)	.github/workflows/nrt.yml	schedule	2026-10-07T04:28:09Z	2026-10-07T04:28:09Z	2026-10-07T04:30:21Z	completed	failure
37562541777	NRT Retry (NASA recovery)	.github/workflows/nrt-retry.yml	schedule	2026-10-07T02:33:22Z	2026-10-07T02:33:22Z	2026-10-07T02:33:38Z	completed	success
37559265696	Deploy GitHub Pages	.github/workflows/pages-deploy.yml	schedule	2026-10-07T01:52:51Z	2026-10-07T01:52:51Z	2026-10-07T01:54:13Z	completed	success
37557771970	Reproc watchdog — avisa si un reproceso muere o se cuelga	.github/workflows/reproc-watchdog.yml	schedule	2026-10-07T01:34:22Z	2026-10-07T01:34:22Z	2026-10-07T01:34:34Z	completed	success
37557465819	.github/workflows/sync-mirova-csv.yml	.github/workflows/sync-mirova-csv.yml	schedule	2026-10-07T01:30:45Z	2026-10-07T01:30:45Z	2026-10-07T01:31:50Z	completed	success
37542901945	Deploy GitHub Pages	.github/workflows/pages-deploy.yml	schedule	2026-10-06T22:48:35Z	2026-10-06T22:48:35Z	2026-10-06T22:50:08Z	completed	success
37540496576	Deploy GitHub Pages	.github/workflows/pages-deploy.yml	workflow_run	2026-10-06T22:25:35Z	2026-10-06T22:25:35Z	2026-10-06T22:27:39Z	completed	success
37540054333	NRT VRP Pipeline (both profiles)	.github/workflows/nrt.yml	schedule	2026-10-06T22:21:25Z	2026-10-06T22:21:25Z	2026-10-06T22:25:33Z	completed	failure
37536202353	NRT Retry (NASA recovery)	.github/workflows/nrt-retry.yml	schedule	2026-10-06T21:46:17Z	2026-10-06T21:46:17Z	2026-10-06T21:46:32Z	completed	success
37535347000	Reproc watchdog — avisa si un reproceso muere o se cuelga	.github/workflows/reproc-watchdog.yml	schedule	2026-10-06T21:38:50Z	2026-10-06T21:38:50Z	2026-10-06T21:39:13Z	completed	success
37535266697	.github/workflows/sync-mirova-csv.yml	.github/workflows/sync-mirova-csv.yml	schedule	2026-10-06T21:38:08Z	2026-10-06T21:38:08Z	2026-10-06T21:39:15Z	completed	success
37512101779	NRT Monitor — alerta si fallan 3+ corridas	.github/workflows/nrt-monitor.yml	schedule	2026-10-06T18:32:30Z	2026-10-06T18:32:30Z	2026-10-06T18:32:40Z	completed	success
37504354277	NRT Healthcheck (Tier A staleness)	.github/workflows/nrt-healthcheck.yml	schedule	2026-10-06T17:32:37Z	2026-10-06T17:32:37Z	2026-10-06T17:33:54Z	completed	success
37502616755	NRT Retry (NASA recovery)	.github/workflows/nrt-retry.yml	schedule	2026-10-06T17:19:11Z	2026-10-06T17:19:11Z	2026-10-06T17:19:24Z	completed	success
37501791273	Reproc watchdog — avisa si un reproceso muere o se cuelga	.github/workflows/reproc-watchdog.yml	schedule	2026-10-06T17:12:50Z	2026-10-06T17:12:50Z	2026-10-06T17:13:04Z	completed	success
37501430186	.github/workflows/sync-mirova-csv.yml	.github/workflows/sync-mirova-csv.yml	schedule	2026-10-06T17:10:06Z	2026-10-06T17:10:06Z	2026-10-06T17:11:14Z	completed	success
37499725081	Deploy GitHub Pages	.github/workflows/pages-deploy.yml	schedule	2026-10-06T16:57:05Z	2026-10-06T16:57:05Z	2026-10-06T16:59:34Z	completed	success
37496691439	Deploy GitHub Pages	.github/workflows/pages-deploy.yml	workflow_run	2026-10-06T16:33:52Z	2026-10-06T16:33:52Z	2026-10-06T16:35:42Z	completed	success
37496197223	NRT VRP Pipeline (both profiles)	.github/workflows/nrt.yml	schedule	2026-10-06T16:30:09Z	2026-10-06T16:30:09Z	2026-10-06T16:33:50Z	completed	failure
37450870655	NRT Retry (NASA recovery)	.github/workflows/nrt-retry.yml	schedule	2026-10-06T10:36:12Z	2026-10-06T10:36:12Z	2026-10-06T10:36:25Z	completed	success
37449339257	Reproc watchdog — avisa si un reproceso muere o se cuelga	.github/workflows/reproc-watchdog.yml	schedule	2026-10-06T10:22:21Z	2026-10-06T10:22:21Z	2026-10-06T10:22:34Z	completed	success
37448378105	.github/workflows/sync-mirova-csv.yml	.github/workflows/sync-mirova-csv.yml	schedule	2026-10-06T10:13:47Z	2026-10-06T10:13:47Z	2026-10-06T10:15:10Z	completed	success
37443050161	Deploy GitHub Pages	.github/workflows/pages-deploy.yml	schedule	2026-10-06T09:27:14Z	2026-10-06T09:27:14Z	2026-10-06T09:28:51Z	completed	success
37437377761	Deploy GitHub Pages	.github/workflows/pages-deploy.yml	workflow_run	2026-10-06T08:37:42Z	2026-10-06T08:37:42Z	2026-10-06T08:39:14Z	completed	success
37437067873	NRT VRP Pipeline (both profiles)	.github/workflows/nrt.yml	schedule	2026-10-06T08:34:57Z	2026-10-06T08:34:57Z	2026-10-06T08:37:40Z	completed	failure
37425389563	NRT Monitor — alerta si fallan 3+ corridas	.github/workflows/nrt-monitor.yml	schedule	2026-10-06T06:43:51Z	2026-10-06T06:43:51Z	2026-10-06T06:43:58Z	completed	success
37406940335	Reproc watchdog — avisa si un reproceso muere o se cuelga	.github/workflows/reproc-watchdog.yml	schedule	2026-10-06T03:00:50Z	2026-10-06T03:00:50Z	2026-10-06T03:01:01Z	completed	success
37406613342	.github/workflows/sync-mirova-csv.yml	.github/workflows/sync-mirova-csv.yml	schedule	2026-10-06T02:56:49Z	2026-10-06T02:56:49Z	2026-10-06T02:57:57Z	completed	success
37401039116	NRT Retry (NASA recovery)	.github/workflows/nrt-retry.yml	schedule	2026-10-06T01:48:39Z	2026-10-06T01:48:39Z	2026-10-06T01:48:53Z	completed	success
37399663040	Deploy GitHub Pages	.github/workflows/pages-deploy.yml	schedule	2026-10-06T01:32:13Z	2026-10-06T01:32:13Z	2026-10-06T01:33:41Z	completed	success
37397789304	Deploy GitHub Pages	.github/workflows/pages-deploy.yml	workflow_run	2026-10-06T01:10:13Z	2026-10-06T01:10:13Z	2026-10-06T01:11:04Z	completed	success
37397540435	NRT VRP Pipeline (both profiles)	.github/workflows/nrt.yml	schedule	2026-10-06T01:07:19Z	2026-10-06T01:07:19Z	2026-10-06T01:10:12Z	completed	failure
37392956122	NRT Monitor — alerta si fallan 3+ corridas	.github/workflows/nrt-monitor.yml	schedule	2026-10-06T00:14:36Z	2026-10-06T00:14:36Z	2026-10-06T00:14:44Z	completed	success
37383900426	Reproc watchdog — avisa si un reproceso muere o se cuelga	.github/workflows/reproc-watchdog.yml	schedule	2026-10-05T22:39:54Z	2026-10-05T22:39:54Z	2026-10-05T22:40:07Z	completed	success
37383511677	.github/workflows/sync-mirova-csv.yml	.github/workflows/sync-mirova-csv.yml	schedule	2026-10-05T22:36:08Z	2026-10-05T22:36:08Z	2026-10-05T22:37:19Z	completed	success
37366212088	NRT Healthcheck (Tier A staleness)	.github/workflows/nrt-healthcheck.yml	schedule	2026-10-05T19:52:37Z	2026-10-05T19:52:37Z	2026-10-05T20:07:40Z	completed	failure
37364906576	NRT Retry (NASA recovery)	.github/workflows/nrt-retry.yml	schedule	2026-10-05T19:40:20Z	2026-10-05T19:40:20Z	2026-10-05T19:55:23Z	completed	failure
37363091306	Deploy GitHub Pages	.github/workflows/pages-deploy.yml	schedule	2026-10-05T19:23:47Z	2026-10-05T19:23:47Z	2026-10-05T19:40:10Z	completed	failure
37361438649	Deploy GitHub Pages	.github/workflows/pages-deploy.yml	workflow_run	2026-10-05T19:10:07Z	2026-10-05T19:10:07Z	2026-10-05T19:12:02Z	completed	success
37360630394	NRT VRP Pipeline (both profiles)	.github/workflows/nrt.yml	schedule	2026-10-05T19:03:38Z	2026-10-05T19:03:38Z	2026-10-05T19:10:05Z	completed	failure
37353199420	Auto-audit semanal paridad MIROVA	.github/workflows/audit-weekly.yml	schedule	2026-10-05T18:04:29Z	2026-10-05T18:04:29Z	2026-10-05T18:05:43Z	completed	success
37337832518	Reproc watchdog — avisa si un reproceso muere o se cuelga	.github/workflows/reproc-watchdog.yml	schedule	2026-10-05T16:03:35Z	2026-10-05T16:03:35Z	2026-10-05T16:03:48Z	completed	success
37337161624	.github/workflows/sync-mirova-csv.yml	.github/workflows/sync-mirova-csv.yml	schedule	2026-10-05T15:58:37Z	2026-10-05T15:58:37Z	2026-10-05T15:59:52Z	completed	success
37330531168	NRT Monitor — alerta si fallan 3+ corridas	.github/workflows/nrt-monitor.yml	schedule	2026-10-05T15:09:33Z	2026-10-05T15:09:33Z	2026-10-05T15:09:48Z	completed	success
37298341681	NRT Retry (NASA recovery)	.github/workflows/nrt-retry.yml	schedule	2026-10-05T10:43:03Z	2026-10-05T10:43:03Z	2026-10-05T10:43:14Z	completed	success
37291314739	Deploy GitHub Pages	.github/workflows/pages-deploy.yml	schedule	2026-10-05T09:37:52Z	2026-10-05T09:37:52Z	2026-10-05T09:39:25Z	completed	success
37283514305	Deploy GitHub Pages	.github/workflows/pages-deploy.yml	workflow_run	2026-10-05T08:25:14Z	2026-10-05T08:25:14Z	2026-10-05T08:27:00Z	completed	success
37283292172	NRT VRP Pipeline (both profiles)	.github/workflows/nrt.yml	schedule	2026-10-05T08:23:08Z	2026-10-05T08:23:08Z	2026-10-05T08:25:12Z	completed	failure
37275817652	Reproc watchdog — avisa si un reproceso muere o se cuelga	.github/workflows/reproc-watchdog.yml	schedule	2026-10-05T07:05:47Z	2026-10-05T07:05:47Z	2026-10-05T07:05:58Z	completed	success
37275367540	.github/workflows/sync-mirova-csv.yml	.github/workflows/sync-mirova-csv.yml	schedule	2026-10-05T07:00:45Z	2026-10-05T07:00:45Z	2026-10-05T07:01:52Z	completed	success
37270595475	NRT Monitor — alerta si fallan 3+ corridas	.github/workflows/nrt-monitor.yml	schedule	2026-10-05T06:04:21Z	2026-10-05T06:04:21Z	2026-10-05T06:04:29Z	completed	success
37254491643	NRT Retry (NASA recovery)	.github/workflows/nrt-retry.yml	schedule	2026-10-05T02:12:44Z	2026-10-05T02:12:44Z	2026-10-05T02:12:54Z	completed	success
37250931839	Deploy GitHub Pages	.github/workflows/pages-deploy.yml	schedule	2026-10-05T01:18:40Z	2026-10-05T01:18:40Z	2026-10-05T01:20:10Z	completed	success
37249512143	Reproc watchdog — avisa si un reproceso muere o se cuelga	.github/workflows/reproc-watchdog.yml	schedule	2026-10-05T00:57:42Z	2026-10-05T00:57:42Z	2026-10-05T00:57:51Z	completed	success
37249284066	.github/workflows/sync-mirova-csv.yml	.github/workflows/sync-mirova-csv.yml	schedule	2026-10-05T00:54:06Z	2026-10-05T00:54:06Z	2026-10-05T00:55:14Z	completed	success
37247704310	Deploy GitHub Pages	.github/workflows/pages-deploy.yml	workflow_run	2026-10-05T00:29:14Z	2026-10-05T00:29:14Z	2026-10-05T00:29:53Z	completed	success
37247534935	NRT VRP Pipeline (both profiles)	.github/workflows/nrt.yml	schedule	2026-10-05T00:26:31Z	2026-10-05T00:26:31Z	2026-10-05T00:29:12Z	completed	failure
37239877101	NRT Retry (NASA recovery)	.github/workflows/nrt-retry.yml	schedule	2026-10-04T22:24:08Z	2026-10-04T22:24:08Z	2026-10-04T22:24:18Z	completed	success
37238265312	Deploy GitHub Pages	.github/workflows/pages-deploy.yml	schedule	2026-10-04T21:59:30Z	2026-10-04T21:59:30Z	2026-10-04T22:01:23Z	completed	success
37237562813	NRT Monitor — alerta si fallan 3+ corridas	.github/workflows/nrt-monitor.yml	schedule	2026-10-04T21:48:25Z	2026-10-04T21:48:25Z	2026-10-04T21:48:33Z	completed	success
37236325009	Reproc watchdog — avisa si un reproceso muere o se cuelga	.github/workflows/reproc-watchdog.yml	schedule	2026-10-04T21:29:52Z	2026-10-04T21:29:52Z	2026-10-04T21:30:02Z	completed	success
37235740879	.github/workflows/sync-mirova-csv.yml	.github/workflows/sync-mirova-csv.yml	schedule	2026-10-04T21:21:07Z	2026-10-04T21:21:07Z	2026-10-04T21:22:12Z	completed	success
37235398040	Deploy GitHub Pages	.github/workflows/pages-deploy.yml	workflow_run	2026-10-04T21:16:04Z	2026-10-04T21:16:04Z	2026-10-04T21:17:36Z	completed	success
37235205058	NRT VRP Pipeline (both profiles)	.github/workflows/nrt.yml	schedule	2026-10-04T21:13:17Z	2026-10-04T21:13:17Z	2026-10-04T21:16:02Z	completed	failure
37224325739	Deploy GitHub Pages	.github/workflows/pages-deploy.yml	schedule	2026-10-04T18:24:32Z	2026-10-04T18:24:32Z	2026-10-04T18:27:07Z	completed	success
37222764575	Deploy GitHub Pages	.github/workflows/pages-deploy.yml	workflow_run	2026-10-04T18:01:31Z	2026-10-04T18:01:31Z	2026-10-04T18:03:17Z	completed	success
37222565112	NRT VRP Pipeline (both profiles)	.github/workflows/nrt.yml	schedule	2026-10-04T17:58:42Z	2026-10-04T17:58:42Z	2026-10-04T18:01:30Z	completed	failure
37221610887	NRT Retry (NASA recovery)	.github/workflows/nrt-retry.yml	schedule	2026-10-04T17:43:42Z	2026-10-04T17:43:42Z	2026-10-04T17:43:56Z	completed	success
37221132715	Reproc watchdog — avisa si un reproceso muere o se cuelga	.github/workflows/reproc-watchdog.yml	schedule	2026-10-04T17:36:05Z	2026-10-04T17:36:05Z	2026-10-04T17:36:15Z	completed	success
37220969635	.github/workflows/sync-mirova-csv.yml	.github/workflows/sync-mirova-csv.yml	schedule	2026-10-04T17:33:36Z	2026-10-04T17:33:36Z	2026-10-04T17:34:40Z	completed	success
37215535362	NRT Healthcheck (Tier A staleness)	.github/workflows/nrt-healthcheck.yml	schedule	2026-10-04T16:06:26Z	2026-10-04T16:06:26Z	2026-10-04T16:07:43Z	completed	failure
37206692564	Deploy GitHub Pages	.github/workflows/pages-deploy.yml	workflow_run	2026-10-04T13:44:27Z	2026-10-04T13:44:27Z	2026-10-04T13:45:51Z	completed	success
37206542881	NRT VRP Pipeline (both profiles)	.github/workflows/nrt.yml	schedule	2026-10-04T13:41:54Z	2026-10-04T13:41:54Z	2026-10-04T13:44:26Z	completed	failure
37205309816	NRT Retry (NASA recovery)	.github/workflows/nrt-retry.yml	schedule	2026-10-04T13:21:06Z	2026-10-04T13:21:06Z	2026-10-04T13:21:20Z	completed	success
37203637314	Deploy GitHub Pages	.github/workflows/pages-deploy.yml	schedule	2026-10-04T12:52:50Z	2026-10-04T12:52:50Z	2026-10-04T12:54:26Z	completed	success
37203206118	NRT Monitor — alerta si fallan 3+ corridas	.github/workflows/nrt-monitor.yml	schedule	2026-10-04T12:45:26Z	2026-10-04T12:45:26Z	2026-10-04T12:45:35Z	completed	success
37202010928	Reproc watchdog — avisa si un reproceso muere o se cuelga	.github/workflows/reproc-watchdog.yml	schedule	2026-10-04T12:24:51Z	2026-10-04T12:24:51Z	2026-10-04T12:25:03Z	completed	success
37201639360	.github/workflows/sync-mirova-csv.yml	.github/workflows/sync-mirova-csv.yml	schedule	2026-10-04T12:18:17Z	2026-10-04T12:18:17Z	2026-10-04T12:19:24Z	completed	success
37186980905	Deploy GitHub Pages	.github/workflows/pages-deploy.yml	workflow_run	2026-10-04T07:49:51Z	2026-10-04T07:49:51Z	2026-10-04T07:51:17Z	completed	success
37186848928	NRT VRP Pipeline (both profiles)	.github/workflows/nrt.yml	schedule	2026-10-04T07:47:14Z	2026-10-04T07:47:14Z	2026-10-04T07:49:48Z	completed	failure
37184850706	NRT Retry (NASA recovery)	.github/workflows/nrt-retry.yml	schedule	2026-10-04T07:07:42Z	2026-10-04T07:07:42Z	2026-10-04T07:07:53Z	completed	success
37182798176	Deploy GitHub Pages	.github/workflows/pages-deploy.yml	schedule	2026-10-04T06:26:14Z	2026-10-04T06:26:14Z	2026-10-04T06:27:54Z	completed	success
37182113615	NRT Monitor — alerta si fallan 3+ corridas	.github/workflows/nrt-monitor.yml	schedule	2026-10-04T06:12:09Z	2026-10-04T06:12:09Z	2026-10-04T06:12:18Z	completed	success
37181372998	Reproc watchdog — avisa si un reproceso muere o se cuelga	.github/workflows/reproc-watchdog.yml	schedule	2026-10-04T05:57:32Z	2026-10-04T05:57:32Z	2026-10-04T05:57:41Z	completed	success
37181020478	.github/workflows/sync-mirova-csv.yml	.github/workflows/sync-mirova-csv.yml	schedule	2026-10-04T05:50:13Z	2026-10-04T05:50:13Z	2026-10-04T05:51:14Z	completed	success
37169007635	Tests	.github/workflows/tests.yml	push	2026-10-04T01:46:05Z	2026-10-04T01:46:05Z	2026-10-04T01:49:05Z	completed	success
37168837749	Tests	.github/workflows/tests.yml	pull_request	2026-10-04T01:42:40Z	2026-10-04T01:42:40Z	2026-10-04T01:45:35Z	completed	success
37168154319	Tests	.github/workflows/tests.yml	pull_request	2026-10-04T01:29:13Z	2026-10-04T01:29:13Z	2026-10-04T01:32:13Z	completed	success
37164820570	Deploy GitHub Pages	.github/workflows/pages-deploy.yml	workflow_run	2026-10-04T00:23:53Z	2026-10-04T00:23:53Z	2026-10-04T00:25:30Z	completed	success
37164690610	NRT VRP Pipeline (both profiles)	.github/workflows/nrt.yml	schedule	2026-10-04T00:21:19Z	2026-10-04T00:21:19Z	2026-10-04T00:23:51Z	completed	failure
37163384254	NRT Retry (NASA recovery)	.github/workflows/nrt-retry.yml	schedule	2026-10-03T23:57:10Z	2026-10-03T23:57:10Z	2026-10-03T23:57:23Z	completed	success
37163209001	Reproc watchdog — avisa si un reproceso muere o se cuelga	.github/workflows/reproc-watchdog.yml	schedule	2026-10-03T23:53:45Z	2026-10-03T23:53:45Z	2026-10-03T23:53:55Z	completed	success
37162886678	.github/workflows/sync-mirova-csv.yml	.github/workflows/sync-mirova-csv.yml	schedule	2026-10-03T23:47:31Z	2026-10-03T23:47:31Z	2026-10-03T23:48:38Z	completed	success
37161600197	Deploy GitHub Pages	.github/workflows/pages-deploy.yml	schedule	2026-10-03T23:23:04Z	2026-10-03T23:23:04Z	2026-10-03T23:24:40Z	completed	success
37155866307	NRT Monitor — alerta si fallan 3+ corridas	.github/workflows/nrt-monitor.yml	schedule	2026-10-03T21:39:25Z	2026-10-03T21:39:25Z	2026-10-03T21:39:32Z	completed	success
37154692880	Reproc watchdog — avisa si un reproceso muere o se cuelga	.github/workflows/reproc-watchdog.yml	schedule	2026-10-03T21:19:23Z	2026-10-03T21:19:23Z	2026-10-03T21:19:35Z	completed	success
37154259135	.github/workflows/sync-mirova-csv.yml	.github/workflows/sync-mirova-csv.yml	schedule	2026-10-03T21:11:58Z	2026-10-03T21:11:58Z	2026-10-03T21:13:07Z	completed	success
37152335123	Deploy GitHub Pages	.github/workflows/pages-deploy.yml	workflow_run	2026-10-03T20:39:41Z	2026-10-03T20:39:41Z	2026-10-03T20:41:09Z	completed	success
37152176367	NRT VRP Pipeline (both profiles)	.github/workflows/nrt.yml	schedule	2026-10-03T20:36:59Z	2026-10-03T20:36:59Z	2026-10-03T20:39:39Z	completed	failure
37150353295	NRT Retry (NASA recovery)	.github/workflows/nrt-retry.yml	schedule	2026-10-03T20:06:42Z	2026-10-03T20:06:42Z	2026-10-03T20:06:55Z	completed	success
37148280018	Deploy GitHub Pages	.github/workflows/pages-deploy.yml	schedule	2026-10-03T19:32:46Z	2026-10-03T19:32:46Z	2026-10-03T19:34:10Z	completed	success
37142449447	Reproc watchdog — avisa si un reproceso muere o se cuelga	.github/workflows/reproc-watchdog.yml	schedule	2026-10-03T17:58:10Z	2026-10-03T17:58:10Z	2026-10-03T17:58:22Z	completed	success
37141950589	Deploy GitHub Pages	.github/workflows/pages-deploy.yml	workflow_run	2026-10-03T17:49:56Z	2026-10-03T17:49:56Z	2026-10-03T17:51:31Z	completed	success
37141759105	NRT VRP Pipeline (both profiles)	.github/workflows/nrt.yml	schedule	2026-10-03T17:46:43Z	2026-10-03T17:46:43Z	2026-10-03T17:49:54Z	completed	failure
37140650304	NRT Retry (NASA recovery)	.github/workflows/nrt-retry.yml	schedule	2026-10-03T17:28:47Z	2026-10-03T17:28:47Z	2026-10-03T17:29:02Z	completed	success
37139793896	.github/workflows/sync-mirova-csv.yml	.github/workflows/sync-mirova-csv.yml	schedule	2026-10-03T17:14:42Z	2026-10-03T17:14:42Z	2026-10-03T17:15:50Z	completed	success
37138138620	Deploy GitHub Pages	.github/workflows/pages-deploy.yml	schedule	2026-10-03T16:47:19Z	2026-10-03T16:47:19Z	2026-10-03T16:48:55Z	completed	success
37137443371	NRT Monitor — alerta si fallan 3+ corridas	.github/workflows/nrt-monitor.yml	schedule	2026-10-03T16:36:00Z	2026-10-03T16:36:00Z	2026-10-03T16:36:10Z	completed	success
37132985787	NRT Healthcheck (Tier A staleness)	.github/workflows/nrt-healthcheck.yml	schedule	2026-10-03T15:21:59Z	2026-10-03T15:21:59Z	2026-10-03T15:23:48Z	completed	success
37126087601	Reproc watchdog — avisa si un reproceso muere o se cuelga	.github/workflows/reproc-watchdog.yml	schedule	2026-10-03T13:24:50Z	2026-10-03T13:24:50Z	2026-10-03T13:25:03Z	completed	success
37124993856	Deploy GitHub Pages	.github/workflows/pages-deploy.yml	workflow_run	2026-10-03T13:05:10Z	2026-10-03T13:05:10Z	2026-10-03T13:07:13Z	completed	success
37124846148	NRT VRP Pipeline (both profiles)	.github/workflows/nrt.yml	schedule	2026-10-03T13:02:30Z	2026-10-03T13:02:30Z	2026-10-03T13:05:08Z	completed	failure
37123562960	NRT Retry (NASA recovery)	.github/workflows/nrt-retry.yml	schedule	2026-10-03T12:39:12Z	2026-10-03T12:39:12Z	2026-10-03T12:39:22Z	completed	success
37123129995	.github/workflows/sync-mirova-csv.yml	.github/workflows/sync-mirova-csv.yml	schedule	2026-10-03T12:31:03Z	2026-10-03T12:31:03Z	2026-10-03T12:32:10Z	completed	success
37121725284	Deploy GitHub Pages	.github/workflows/pages-deploy.yml	schedule	2026-10-03T12:05:05Z	2026-10-03T12:05:05Z	2026-10-03T12:06:36Z	completed	success
37121190915	NRT Monitor — alerta si fallan 3+ corridas	.github/workflows/nrt-monitor.yml	schedule	2026-10-03T11:55:22Z	2026-10-03T11:55:22Z	2026-10-03T11:55:31Z	completed	success
37108752400	Reproc watchdog — avisa si un reproceso muere o se cuelga	.github/workflows/reproc-watchdog.yml	schedule	2026-10-03T08:09:33Z	2026-10-03T08:09:33Z	2026-10-03T08:09:42Z	completed	success
37107065368	Deploy GitHub Pages	.github/workflows/pages-deploy.yml	workflow_run	2026-10-03T07:39:29Z	2026-10-03T07:39:29Z	2026-10-03T07:40:20Z	completed	success
37106918690	NRT VRP Pipeline (both profiles)	.github/workflows/nrt.yml	schedule	2026-10-03T07:36:44Z	2026-10-03T07:36:44Z	2026-10-03T07:39:27Z	completed	failure
37104106216	NRT Retry (NASA recovery)	.github/workflows/nrt-retry.yml	schedule	2026-10-03T06:45:45Z	2026-10-03T06:45:45Z	2026-10-03T06:45:52Z	completed	success
37103528910	.github/workflows/sync-mirova-csv.yml	.github/workflows/sync-mirova-csv.yml	schedule	2026-10-03T06:34:48Z	2026-10-03T06:34:48Z	2026-10-03T06:35:57Z	completed	success
37101073576	Deploy GitHub Pages	.github/workflows/pages-deploy.yml	schedule	2026-10-03T05:49:39Z	2026-10-03T05:49:39Z	2026-10-03T05:51:17Z	completed	success
37100354725	NRT Monitor — alerta si fallan 3+ corridas	.github/workflows/nrt-monitor.yml	schedule	2026-10-03T05:36:15Z	2026-10-03T05:36:15Z	2026-10-03T05:36:21Z	completed	success
37088246199	Reproc watchdog — avisa si un reproceso muere o se cuelga	.github/workflows/reproc-watchdog.yml	schedule	2026-10-03T02:00:34Z	2026-10-03T02:00:34Z	2026-10-03T02:00:46Z	completed	success
37086576346	Deploy GitHub Pages	.github/workflows/pages-deploy.yml	workflow_run	2026-10-03T01:33:56Z	2026-10-03T01:33:56Z	2026-10-03T01:35:20Z	completed	success
37085088035	.github/workflows/sync-mirova-csv.yml	.github/workflows/sync-mirova-csv.yml	schedule	2026-10-03T01:10:45Z	2026-10-03T01:10:45Z	2026-10-03T01:34:59Z	completed	success
37084125141	NRT VRP Pipeline (both profiles)	.github/workflows/nrt.yml	schedule	2026-10-03T00:56:26Z	2026-10-03T00:56:26Z	2026-10-03T01:33:54Z	completed	success
37082704558	NRT Retry (NASA recovery)	.github/workflows/nrt-retry.yml	schedule	2026-10-03T00:35:27Z	2026-10-03T00:35:27Z	2026-10-03T00:35:34Z	completed	success
37080236911	Deploy GitHub Pages	.github/workflows/pages-deploy.yml	schedule	2026-10-03T00:01:15Z	2026-10-03T00:01:15Z	2026-10-03T00:02:42Z	completed	success
37075335073	Reproc watchdog — avisa si un reproceso muere o se cuelga	.github/workflows/reproc-watchdog.yml	schedule	2026-10-02T22:59:13Z	2026-10-02T22:59:13Z	2026-10-02T22:59:22Z	completed	success
37073022226	Deploy GitHub Pages	.github/workflows/pages-deploy.yml	workflow_run	2026-10-02T22:32:19Z	2026-10-02T22:32:19Z	2026-10-02T22:33:48Z	completed	success
37072580789	NRT Monitor — alerta si fallan 3+ corridas	.github/workflows/nrt-monitor.yml	schedule	2026-10-02T22:27:24Z	2026-10-02T22:27:24Z	2026-10-02T22:27:33Z	completed	success
37069203466	NRT VRP Pipeline (both profiles)	.github/workflows/nrt.yml	schedule	2026-10-02T21:50:36Z	2026-10-02T21:50:36Z	2026-10-02T22:32:17Z	completed	success
37066047145	.github/workflows/sync-mirova-csv.yml	.github/workflows/sync-mirova-csv.yml	schedule	2026-10-02T21:18:32Z	2026-10-02T21:18:32Z	2026-10-02T21:19:43Z	completed	success
37057939066	NRT Retry (NASA recovery)	.github/workflows/nrt-retry.yml	schedule	2026-10-02T20:01:53Z	2026-10-02T20:01:53Z	2026-10-02T20:01:58Z	completed	success
37054949373	Deploy GitHub Pages	.github/workflows/pages-deploy.yml	schedule	2026-10-02T19:34:02Z	2026-10-02T19:34:02Z	2026-10-02T19:35:30Z	completed	success
37047423188	Reproc watchdog — avisa si un reproceso muere o se cuelga	.github/workflows/reproc-watchdog.yml	schedule	2026-10-02T18:26:18Z	2026-10-02T18:26:18Z	2026-10-02T18:26:30Z	completed	success
37045835529	Deploy GitHub Pages	.github/workflows/pages-deploy.yml	workflow_run	2026-10-02T18:12:10Z	2026-10-02T18:12:10Z	2026-10-02T18:14:08Z	completed	success
37041484692	NRT VRP Pipeline (both profiles)	.github/workflows/nrt.yml	schedule	2026-10-02T17:33:15Z	2026-10-02T17:33:15Z	2026-10-02T18:12:07Z	completed	success
37037549236	NRT Healthcheck (Tier A staleness)	.github/workflows/nrt-healthcheck.yml	schedule	2026-10-02T16:58:24Z	2026-10-02T16:58:24Z	2026-10-02T16:59:49Z	completed	success
37032691383	.github/workflows/sync-mirova-csv.yml	.github/workflows/sync-mirova-csv.yml	schedule	2026-10-02T16:15:29Z	2026-10-02T16:15:29Z	2026-10-02T16:16:42Z	completed	success
37016698668	NRT Retry (NASA recovery)	.github/workflows/nrt-retry.yml	schedule	2026-10-02T13:59:11Z	2026-10-02T13:59:11Z	2026-10-02T13:59:20Z	completed	success
37011699903	Deploy GitHub Pages	.github/workflows/pages-deploy.yml	schedule	2026-10-02T13:14:37Z	2026-10-02T13:14:37Z	2026-10-02T13:16:18Z	completed	success
37010237020	NRT Monitor — alerta si fallan 3+ corridas	.github/workflows/nrt-monitor.yml	schedule	2026-10-02T13:01:05Z	2026-10-02T13:01:05Z	2026-10-02T13:01:12Z	completed	success
37008021270	Reproc watchdog — avisa si un reproceso muere o se cuelga	.github/workflows/reproc-watchdog.yml	schedule	2026-10-02T12:39:41Z	2026-10-02T12:39:41Z	2026-10-02T12:39:51Z	completed	success
37007693892	Deploy GitHub Pages	.github/workflows/pages-deploy.yml	workflow_run	2026-10-02T12:36:26Z	2026-10-02T12:36:26Z	2026-10-02T12:38:08Z	completed	success
37003716940	NRT VRP Pipeline (both profiles)	.github/workflows/nrt.yml	schedule	2026-10-02T11:55:36Z	2026-10-02T11:55:36Z	2026-10-02T12:36:24Z	completed	success
36991344610	.github/workflows/sync-mirova-csv.yml	.github/workflows/sync-mirova-csv.yml	schedule	2026-10-02T09:42:40Z	2026-10-02T09:42:40Z	2026-10-02T09:43:47Z	completed	success
36977425320	NRT Retry (NASA recovery)	.github/workflows/nrt-retry.yml	schedule	2026-10-02T07:13:17Z	2026-10-02T07:13:17Z	2026-10-02T07:13:26Z	completed	success
36972955326	Deploy GitHub Pages	.github/workflows/pages-deploy.yml	schedule	2026-10-02T06:18:55Z	2026-10-02T06:18:55Z	2026-10-02T06:20:24Z	completed	success
36971539021	NRT Monitor — alerta si fallan 3+ corridas	.github/workflows/nrt-monitor.yml	schedule	2026-10-02T06:01:00Z	2026-10-02T06:01:00Z	2026-10-02T06:01:06Z	completed	success
36970085696	Reproc watchdog — avisa si un reproceso muere o se cuelga	.github/workflows/reproc-watchdog.yml	schedule	2026-10-02T05:41:41Z	2026-10-02T05:41:41Z	2026-10-02T05:41:52Z	completed	success
36966126131	Deploy GitHub Pages	.github/workflows/pages-deploy.yml	workflow_run	2026-10-02T04:48:03Z	2026-10-02T04:48:03Z	2026-10-02T04:49:27Z	completed	success
36963499811	NRT VRP Pipeline (both profiles)	.github/workflows/nrt.yml	schedule	2026-10-02T04:12:08Z	2026-10-02T04:12:08Z	2026-10-02T04:48:01Z	completed	success
36954909751	.github/workflows/sync-mirova-csv.yml	.github/workflows/sync-mirova-csv.yml	schedule	2026-10-02T02:17:05Z	2026-10-02T02:17:05Z	2026-10-02T02:17:57Z	completed	success
36948637952	NRT Retry (NASA recovery)	.github/workflows/nrt-retry.yml	schedule	2026-10-02T00:58:13Z	2026-10-02T00:58:13Z	2026-10-02T00:58:19Z	completed	success
36945105593	Deploy GitHub Pages	.github/workflows/pages-deploy.yml	schedule	2026-10-02T00:15:52Z	2026-10-02T00:15:52Z	2026-10-02T00:17:27Z	completed	success
36943230530	Reproc watchdog — avisa si un reproceso muere o se cuelga	.github/workflows/reproc-watchdog.yml	schedule	2026-10-01T23:54:04Z	2026-10-01T23:54:04Z	2026-10-01T23:54:50Z	completed	success
36939348656	.github/workflows/sync-mirova-csv.yml	.github/workflows/sync-mirova-csv.yml	schedule	2026-10-01T23:10:35Z	2026-10-01T23:10:35Z	2026-10-01T23:11:39Z	completed	success
36938314607	Deploy GitHub Pages	.github/workflows/pages-deploy.yml	workflow_run	2026-10-01T22:59:49Z	2026-10-01T22:59:49Z	2026-10-01T23:01:16Z	completed	success
36937413079	NRT Monitor — alerta si fallan 3+ corridas	.github/workflows/nrt-monitor.yml	schedule	2026-10-01T22:50:11Z	2026-10-01T22:50:11Z	2026-10-01T22:50:23Z	completed	success
36934590536	NRT VRP Pipeline (both profiles)	.github/workflows/nrt.yml	schedule	2026-10-01T22:21:49Z	2026-10-01T22:21:49Z	2026-10-01T22:59:47Z	completed	success
36921361226	NRT Retry (NASA recovery)	.github/workflows/nrt-retry.yml	schedule	2026-10-01T20:24:43Z	2026-10-01T20:24:43Z	2026-10-01T20:24:49Z	completed	success
36917667844	Deploy GitHub Pages	.github/workflows/pages-deploy.yml	schedule	2026-10-01T19:54:01Z	2026-10-01T19:54:01Z	2026-10-01T19:55:56Z	completed	success
36915138487	Reproc watchdog — avisa si un reproceso muere o se cuelga	.github/workflows/reproc-watchdog.yml	schedule	2026-10-01T19:33:17Z	2026-10-01T19:33:17Z	2026-10-01T19:33:30Z	completed	success
36910151862	.github/workflows/sync-mirova-csv.yml	.github/workflows/sync-mirova-csv.yml	schedule	2026-10-01T18:53:01Z	2026-10-01T18:53:01Z	2026-10-01T18:54:15Z	completed	success
36901324372	Deploy GitHub Pages	.github/workflows/pages-deploy.yml	workflow_run	2026-10-01T17:42:13Z	2026-10-01T17:42:13Z	2026-10-01T17:45:37Z	completed	success
36900964252	NRT Healthcheck (Tier A staleness)	.github/workflows/nrt-healthcheck.yml	schedule	2026-10-01T17:39:17Z	2026-10-01T17:39:17Z	2026-10-01T17:40:47Z	completed	success
36895287300	NRT VRP Pipeline (both profiles)	.github/workflows/nrt.yml	schedule	2026-10-01T16:52:56Z	2026-10-01T16:52:56Z	2026-10-01T17:42:11Z	completed	success
36878056460	NRT Retry (NASA recovery)	.github/workflows/nrt-retry.yml	schedule	2026-10-01T14:39:31Z	2026-10-01T14:39:31Z	2026-10-01T14:39:56Z	completed	success
36872547279	Deploy GitHub Pages	.github/workflows/pages-deploy.yml	schedule	2026-10-01T13:57:13Z	2026-10-01T13:57:13Z	2026-10-01T13:58:39Z	completed	success
36871103066	NRT Monitor — alerta si fallan 3+ corridas	.github/workflows/nrt-monitor.yml	schedule	2026-10-01T13:45:51Z	2026-10-01T13:45:51Z	2026-10-01T13:45:59Z	completed	success
36867999772	Reproc watchdog — avisa si un reproceso muere o se cuelga	.github/workflows/reproc-watchdog.yml	schedule	2026-10-01T13:20:44Z	2026-10-01T13:20:44Z	2026-10-01T13:20:59Z	completed	success
36866552072	.github/workflows/sync-mirova-csv.yml	.github/workflows/sync-mirova-csv.yml	schedule	2026-10-01T13:08:48Z	2026-10-01T13:08:48Z	2026-10-01T13:10:05Z	completed	success
36840006653	Deploy GitHub Pages	.github/workflows/pages-deploy.yml	workflow_run	2026-10-01T09:01:11Z	2026-10-01T09:01:11Z	2026-10-01T09:02:48Z	completed	success
36835638247	NRT VRP Pipeline (both profiles)	.github/workflows/nrt.yml	schedule	2026-10-01T08:20:06Z	2026-10-01T08:20:06Z	2026-10-01T09:01:08Z	completed	success
36830297256	NRT Retry (NASA recovery)	.github/workflows/nrt-retry.yml	schedule	2026-10-01T07:26:08Z	2026-10-01T07:26:08Z	2026-10-01T07:26:15Z	completed	success
36825710795	Deploy GitHub Pages	.github/workflows/pages-deploy.yml	schedule	2026-10-01T06:36:53Z	2026-10-01T06:36:53Z	2026-10-01T06:38:28Z	completed	success
36824525020	NRT Monitor — alerta si fallan 3+ corridas	.github/workflows/nrt-monitor.yml	schedule	2026-10-01T06:23:34Z	2026-10-01T06:23:34Z	2026-10-01T06:23:40Z	completed	success
36822429739	Reproc watchdog — avisa si un reproceso muere o se cuelga	.github/workflows/reproc-watchdog.yml	schedule	2026-10-01T05:59:17Z	2026-10-01T05:59:17Z	2026-10-01T05:59:26Z	completed	success
36821538527	.github/workflows/sync-mirova-csv.yml	.github/workflows/sync-mirova-csv.yml	schedule	2026-10-01T05:48:13Z	2026-10-01T05:48:13Z	2026-10-01T05:49:25Z	completed	success
36802586561	Deploy GitHub Pages	.github/workflows/pages-deploy.yml	workflow_run	2026-10-01T01:45:12Z	2026-10-01T01:45:12Z	2026-10-01T01:46:32Z	completed	success
36799276911	NRT VRP Pipeline (both profiles)	.github/workflows/nrt.yml	schedule	2026-10-01T01:03:57Z	2026-10-01T01:03:57Z	2026-10-01T01:45:10Z	completed	success
36797262195	NRT Retry (NASA recovery)	.github/workflows/nrt-retry.yml	schedule	2026-10-01T00:39:28Z	2026-10-01T00:39:28Z	2026-10-01T00:39:34Z	completed	success
36794951403	Deploy GitHub Pages	.github/workflows/pages-deploy.yml	schedule	2026-10-01T00:11:59Z	2026-10-01T00:11:59Z	2026-10-01T00:13:39Z	completed	success
36793320783	Reproc watchdog — avisa si un reproceso muere o se cuelga	.github/workflows/reproc-watchdog.yml	schedule	2026-09-30T23:52:34Z	2026-09-30T23:52:34Z	2026-09-30T23:52:44Z	completed	success
36792816634	.github/workflows/sync-mirova-csv.yml	.github/workflows/sync-mirova-csv.yml	schedule	2026-09-30T23:46:31Z	2026-09-30T23:46:31Z	2026-09-30T23:47:43Z	completed	success
36786706262	Deploy GitHub Pages	.github/workflows/pages-deploy.yml	workflow_run	2026-09-30T22:38:17Z	2026-09-30T22:38:17Z	2026-09-30T22:40:11Z	completed	success
36785866892	NRT Monitor — alerta si fallan 3+ corridas	.github/workflows/nrt-monitor.yml	schedule	2026-09-30T22:29:29Z	2026-09-30T22:29:29Z	2026-09-30T22:29:35Z	completed	success
36782314255	NRT VRP Pipeline (both profiles)	.github/workflows/nrt.yml	schedule	2026-09-30T21:53:49Z	2026-09-30T21:53:49Z	2026-09-30T22:38:13Z	completed	success
36770755495	NRT Retry (NASA recovery)	.github/workflows/nrt-retry.yml	schedule	2026-09-30T20:10:27Z	2026-09-30T20:10:27Z	2026-09-30T20:10:39Z	completed	success
36767205383	Deploy GitHub Pages	.github/workflows/pages-deploy.yml	schedule	2026-09-30T19:39:39Z	2026-09-30T19:39:39Z	2026-09-30T19:41:17Z	completed	success
36765284186	Reproc watchdog — avisa si un reproceso muere o se cuelga	.github/workflows/reproc-watchdog.yml	schedule	2026-09-30T19:23:03Z	2026-09-30T19:23:03Z	2026-09-30T19:23:13Z	completed	success
36764572081	.github/workflows/sync-mirova-csv.yml	.github/workflows/sync-mirova-csv.yml	schedule	2026-09-30T19:16:58Z	2026-09-30T19:16:58Z	2026-09-30T19:18:12Z	completed	success
36749408440	NRT Healthcheck (Tier A staleness)	.github/workflows/nrt-healthcheck.yml	schedule	2026-09-30T17:09:42Z	2026-09-30T17:09:42Z	2026-09-30T17:10:41Z	completed	success
36748577894	Deploy GitHub Pages	.github/workflows/pages-deploy.yml	workflow_run	2026-09-30T17:02:38Z	2026-09-30T17:02:38Z	2026-09-30T17:04:15Z	completed	success
36742851689	NRT VRP Pipeline (both profiles)	.github/workflows/nrt.yml	schedule	2026-09-30T16:15:18Z	2026-09-30T16:15:18Z	2026-09-30T17:02:36Z	completed	success
36725940696	NRT Retry (NASA recovery)	.github/workflows/nrt-retry.yml	schedule	2026-09-30T14:01:18Z	2026-09-30T14:01:18Z	2026-09-30T14:01:29Z	completed	success
36724140590	Reproc watchdog — avisa si un reproceso muere o se cuelga	.github/workflows/reproc-watchdog.yml	schedule	2026-09-30T13:46:45Z	2026-09-30T13:46:45Z	2026-09-30T13:46:56Z	completed	success
36723334267	.github/workflows/sync-mirova-csv.yml	.github/workflows/sync-mirova-csv.yml	schedule	2026-09-30T13:40:18Z	2026-09-30T13:40:18Z	2026-09-30T13:41:21Z	completed	success
36718961145	Deploy GitHub Pages	.github/workflows/pages-deploy.yml	schedule	2026-09-30T13:03:50Z	2026-09-30T13:03:50Z	2026-09-30T13:05:22Z	completed	success
36717845719	NRT Monitor — alerta si fallan 3+ corridas	.github/workflows/nrt-monitor.yml	schedule	2026-09-30T12:54:21Z	2026-09-30T12:54:21Z	2026-09-30T12:54:29Z	completed	success
36691827741	Deploy GitHub Pages	.github/workflows/pages-deploy.yml	workflow_run	2026-09-30T08:46:38Z	2026-09-30T08:46:38Z	2026-09-30T08:48:18Z	completed	success
36687128730	NRT VRP Pipeline (both profiles)	.github/workflows/nrt.yml	schedule	2026-09-30T08:01:18Z	2026-09-30T08:01:18Z	2026-09-30T08:46:35Z	completed	success
36681313438	NRT Retry (NASA recovery)	.github/workflows/nrt-retry.yml	schedule	2026-09-30T07:00:54Z	2026-09-30T07:00:54Z	2026-09-30T07:01:01Z	completed	success
36679898794	Reproc watchdog — avisa si un reproceso muere o se cuelga	.github/workflows/reproc-watchdog.yml	schedule	2026-09-30T06:45:22Z	2026-09-30T06:45:22Z	2026-09-30T06:45:37Z	completed	success
36679481700	.github/workflows/sync-mirova-csv.yml	.github/workflows/sync-mirova-csv.yml	schedule	2026-09-30T06:40:45Z	2026-09-30T06:40:45Z	2026-09-30T06:41:54Z	completed	success
36676226076	Deploy GitHub Pages	.github/workflows/pages-deploy.yml	schedule	2026-09-30T06:02:29Z	2026-09-30T06:02:29Z	2026-09-30T06:04:07Z	completed	success
36675235262	NRT Monitor — alerta si fallan 3+ corridas	.github/workflows/nrt-monitor.yml	schedule	2026-09-30T05:50:05Z	2026-09-30T05:50:05Z	2026-09-30T05:50:13Z	completed	success
36656407518	Deploy GitHub Pages	.github/workflows/pages-deploy.yml	workflow_run	2026-09-30T01:42:38Z	2026-09-30T01:42:38Z	2026-09-30T01:44:35Z	completed	success
36653391970	NRT VRP Pipeline (both profiles)	.github/workflows/nrt.yml	schedule	2026-09-30T01:04:56Z	2026-09-30T01:04:56Z	2026-09-30T01:42:35Z	completed	success
36651270535	NRT Retry (NASA recovery)	.github/workflows/nrt-retry.yml	schedule	2026-09-30T00:37:59Z	2026-09-30T00:37:59Z	2026-09-30T00:38:06Z	completed	success
36650587564	Reproc watchdog — avisa si un reproceso muere o se cuelga	.github/workflows/reproc-watchdog.yml	schedule	2026-09-30T00:29:30Z	2026-09-30T00:29:30Z	2026-09-30T00:29:42Z	completed	success
36650237112	.github/workflows/sync-mirova-csv.yml	.github/workflows/sync-mirova-csv.yml	schedule	2026-09-30T00:25:13Z	2026-09-30T00:25:13Z	2026-09-30T00:26:19Z	completed	success
36647933635	Deploy GitHub Pages	.github/workflows/pages-deploy.yml	schedule	2026-09-29T23:58:10Z	2026-09-29T23:58:10Z	2026-09-29T23:59:58Z	completed	success
36640023168	NRT Monitor — alerta si fallan 3+ corridas	.github/workflows/nrt-monitor.yml	schedule	2026-09-29T22:30:58Z	2026-09-29T22:30:58Z	2026-09-29T22:31:09Z	completed	success
36631683063	Deploy GitHub Pages	.github/workflows/pages-deploy.yml	workflow_run	2026-09-29T21:12:15Z	2026-09-29T21:12:15Z	2026-09-29T21:13:54Z	completed	success
36629086674	Reproc watchdog — avisa si un reproceso muere o se cuelga	.github/workflows/reproc-watchdog.yml	schedule	2026-09-29T20:49:39Z	2026-09-29T20:49:39Z	2026-09-29T20:49:51Z	completed	success
36628524196	.github/workflows/sync-mirova-csv.yml	.github/workflows/sync-mirova-csv.yml	schedule	2026-09-29T20:44:51Z	2026-09-29T20:44:51Z	2026-09-29T21:13:08Z	completed	success
36626423446	NRT VRP Pipeline (both profiles)	.github/workflows/nrt.yml	schedule	2026-09-29T20:27:04Z	2026-09-29T20:27:04Z	2026-09-29T21:12:13Z	completed	success
36623856657	NRT Retry (NASA recovery)	.github/workflows/nrt-retry.yml	schedule	2026-09-29T20:05:25Z	2026-09-29T20:05:25Z	2026-09-29T20:05:35Z	completed	success
36620913641	Deploy GitHub Pages	.github/workflows/pages-deploy.yml	schedule	2026-09-29T19:40:29Z	2026-09-29T19:40:29Z	2026-09-29T19:41:56Z	completed	success
36603175552	NRT Healthcheck (Tier A staleness)	.github/workflows/nrt-healthcheck.yml	schedule	2026-09-29T17:11:26Z	2026-09-29T17:11:26Z	2026-09-29T17:13:03Z	completed	success
36593779563	Reproc watchdog — avisa si un reproceso muere o se cuelga	.github/workflows/reproc-watchdog.yml	schedule	2026-09-29T15:54:38Z	2026-09-29T15:54:38Z	2026-09-29T15:54:48Z	completed	success
36593028299	.github/workflows/sync-mirova-csv.yml	.github/workflows/sync-mirova-csv.yml	schedule	2026-09-29T15:48:41Z	2026-09-29T15:48:41Z	2026-09-29T15:49:43Z	completed	success
36589230597	Deploy GitHub Pages	.github/workflows/pages-deploy.yml	workflow_run	2026-09-29T15:18:50Z	2026-09-29T15:18:50Z	2026-09-29T15:20:45Z	completed	success
36584058556	NRT VRP Pipeline (both profiles)	.github/workflows/nrt.yml	schedule	2026-09-29T14:37:30Z	2026-09-29T14:37:30Z	2026-09-29T15:18:47Z	completed	success
36580693808	NRT Retry (NASA recovery)	.github/workflows/nrt-retry.yml	schedule	2026-09-29T14:10:44Z	2026-09-29T14:10:44Z	2026-09-29T14:10:52Z	completed	success
36574878262	Deploy GitHub Pages	.github/workflows/pages-deploy.yml	schedule	2026-09-29T13:24:37Z	2026-09-29T13:24:37Z	2026-09-29T13:27:13Z	completed	success
36573528500	NRT Monitor — alerta si fallan 3+ corridas	.github/workflows/nrt-monitor.yml	schedule	2026-09-29T13:13:20Z	2026-09-29T13:13:20Z	2026-09-29T13:13:30Z	completed	success
36543759083	Deploy GitHub Pages	.github/workflows/pages-deploy.yml	workflow_run	2026-09-29T08:36:08Z	2026-09-29T08:36:08Z	2026-09-29T08:37:57Z	completed	success
36543556731	Reproc watchdog — avisa si un reproceso muere o se cuelga	.github/workflows/reproc-watchdog.yml	schedule	2026-09-29T08:34:17Z	2026-09-29T08:34:17Z	2026-09-29T08:34:26Z	completed	success
36542748377	.github/workflows/sync-mirova-csv.yml	.github/workflows/sync-mirova-csv.yml	schedule	2026-09-29T08:26:39Z	2026-09-29T08:26:39Z	2026-09-29T08:37:23Z	completed	success
36539399593	NRT VRP Pipeline (both profiles)	.github/workflows/nrt.yml	schedule	2026-09-29T07:54:05Z	2026-09-29T07:54:05Z	2026-09-29T08:36:06Z	completed	success
36535069389	NRT Retry (NASA recovery)	.github/workflows/nrt-retry.yml	schedule	2026-09-29T07:10:20Z	2026-09-29T07:10:20Z	2026-09-29T07:10:30Z	completed	success
36530257190	Deploy GitHub Pages	.github/workflows/pages-deploy.yml	schedule	2026-09-29T06:16:46Z	2026-09-29T06:16:46Z	2026-09-29T06:18:21Z	completed	success
36528927263	NRT Monitor — alerta si fallan 3+ corridas	.github/workflows/nrt-monitor.yml	schedule	2026-09-29T06:01:00Z	2026-09-29T06:01:00Z	2026-09-29T06:01:07Z	completed	success
36510492613	Reproc watchdog — avisa si un reproceso muere o se cuelga	.github/workflows/reproc-watchdog.yml	schedule	2026-09-29T01:59:42Z	2026-09-29T01:59:42Z	2026-09-29T01:59:55Z	completed	success
36510147270	.github/workflows/sync-mirova-csv.yml	.github/workflows/sync-mirova-csv.yml	schedule	2026-09-29T01:55:12Z	2026-09-29T01:55:12Z	2026-09-29T01:56:21Z	completed	success
36504746806	Deploy GitHub Pages	.github/workflows/pages-deploy.yml	workflow_run	2026-09-29T00:46:50Z	2026-09-29T00:46:50Z	2026-09-29T00:48:21Z	completed	success
36501865382	NRT VRP Pipeline (both profiles)	.github/workflows/nrt.yml	schedule	2026-09-29T00:11:39Z	2026-09-29T00:11:39Z	2026-09-29T00:46:48Z	completed	success
36500200768	NRT Retry (NASA recovery)	.github/workflows/nrt-retry.yml	schedule	2026-09-28T23:51:54Z	2026-09-28T23:51:54Z	2026-09-28T23:52:00Z	completed	success
36498696204	Deploy GitHub Pages	.github/workflows/pages-deploy.yml	schedule	2026-09-28T23:34:12Z	2026-09-28T23:34:12Z	2026-09-28T23:35:37Z	completed	success
36497992561	NRT Monitor — alerta si fallan 3+ corridas	.github/workflows/nrt-monitor.yml	schedule	2026-09-28T23:26:14Z	2026-09-28T23:26:14Z	2026-09-28T23:26:22Z	completed	success
36490068812	Reproc watchdog — avisa si un reproceso muere o se cuelga	.github/workflows/reproc-watchdog.yml	schedule	2026-09-28T22:03:29Z	2026-09-28T22:03:29Z	2026-09-28T22:03:41Z	completed	success
36489546169	.github/workflows/sync-mirova-csv.yml	.github/workflows/sync-mirova-csv.yml	schedule	2026-09-28T21:58:24Z	2026-09-28T21:58:24Z	2026-09-28T21:59:12Z	completed	success
36476196133	Deploy GitHub Pages	.github/workflows/pages-deploy.yml	workflow_run	2026-09-28T20:00:51Z	2026-09-28T20:00:51Z	2026-09-28T20:02:51Z	completed	success
36471072705	NRT VRP Pipeline (both profiles)	.github/workflows/nrt.yml	schedule	2026-09-28T19:16:21Z	2026-09-28T19:16:21Z	2026-09-28T20:00:49Z	completed	success
36468388535	NRT Healthcheck (Tier A staleness)	.github/workflows/nrt-healthcheck.yml	schedule	2026-09-28T18:53:33Z	2026-09-28T18:53:33Z	2026-09-28T18:54:53Z	completed	success
36466717955	NRT Retry (NASA recovery)	.github/workflows/nrt-retry.yml	schedule	2026-09-28T18:39:17Z	2026-09-28T18:39:17Z	2026-09-28T18:39:29Z	completed	success
36464017525	Deploy GitHub Pages	.github/workflows/pages-deploy.yml	schedule	2026-09-28T18:16:20Z	2026-09-28T18:16:20Z	2026-09-28T18:17:55Z	completed	success
36458163436	Auto-audit semanal paridad MIROVA	.github/workflows/audit-weekly.yml	schedule	2026-09-28T17:26:43Z	2026-09-28T17:26:43Z	2026-09-28T17:28:08Z	completed	success
36444229643	Reproc watchdog — avisa si un reproceso muere o se cuelga	.github/workflows/reproc-watchdog.yml	schedule	2026-09-28T15:31:28Z	2026-09-28T15:31:28Z	2026-09-28T15:31:40Z	completed	success
36443373759	.github/workflows/sync-mirova-csv.yml	.github/workflows/sync-mirova-csv.yml	schedule	2026-09-28T15:24:45Z	2026-09-28T15:24:45Z	2026-09-28T15:26:01Z	completed	success
36435249661	NRT Monitor — alerta si fallan 3+ corridas	.github/workflows/nrt-monitor.yml	schedule	2026-09-28T14:20:36Z	2026-09-28T14:20:36Z	2026-09-28T14:20:43Z	completed	success
36415058397	Deploy GitHub Pages	.github/workflows/pages-deploy.yml	workflow_run	2026-09-28T11:20:22Z	2026-09-28T11:20:22Z	2026-09-28T11:22:15Z	completed	success
36410652518	NRT VRP Pipeline (both profiles)	.github/workflows/nrt.yml	schedule	2026-09-28T10:35:54Z	2026-09-28T10:35:54Z	2026-09-28T11:20:20Z	completed	failure
36407215879	NRT Retry (NASA recovery)	.github/workflows/nrt-retry.yml	schedule	2026-09-28T10:02:03Z	2026-09-28T10:02:03Z	2026-09-28T10:02:17Z	completed	success
36400586283	Deploy GitHub Pages	.github/workflows/pages-deploy.yml	schedule	2026-09-28T08:58:31Z	2026-09-28T08:58:31Z	2026-09-28T09:00:08Z	completed	success
36389060793	Reproc watchdog — avisa si un reproceso muere o se cuelga	.github/workflows/reproc-watchdog.yml	schedule	2026-09-28T06:57:26Z	2026-09-28T06:57:26Z	2026-09-28T06:57:38Z	completed	success
36388475425	.github/workflows/sync-mirova-csv.yml	.github/workflows/sync-mirova-csv.yml	schedule	2026-09-28T06:50:35Z	2026-09-28T06:50:35Z	2026-09-28T06:51:43Z	completed	success
36383159900	NRT Monitor — alerta si fallan 3+ corridas	.github/workflows/nrt-monitor.yml	schedule	2026-09-28T05:43:43Z	2026-09-28T05:43:43Z	2026-09-28T05:43:50Z	completed	success
36377686975	Deploy GitHub Pages	.github/workflows/pages-deploy.yml	workflow_run	2026-09-28T04:26:05Z	2026-09-28T04:26:05Z	2026-09-28T04:27:31Z	completed	success
36375186511	NRT VRP Pipeline (both profiles)	.github/workflows/nrt.yml	schedule	2026-09-28T03:49:02Z	2026-09-28T03:49:02Z	2026-09-28T04:26:04Z	completed	success
36367433220	NRT Retry (NASA recovery)	.github/workflows/nrt-retry.yml	schedule	2026-09-28T01:49:10Z	2026-09-28T01:49:10Z	2026-09-28T01:49:16Z	completed	success
36365199887	Deploy GitHub Pages	.github/workflows/pages-deploy.yml	schedule	2026-09-28T01:14:02Z	2026-09-28T01:14:02Z	2026-09-28T01:15:34Z	completed	success
36363572602	Reproc watchdog — avisa si un reproceso muere o se cuelga	.github/workflows/reproc-watchdog.yml	schedule	2026-09-28T00:48:32Z	2026-09-28T00:48:32Z	2026-09-28T00:48:41Z	completed	success
36363356856	.github/workflows/sync-mirova-csv.yml	.github/workflows/sync-mirova-csv.yml	schedule	2026-09-28T00:45:03Z	2026-09-28T00:45:03Z	2026-09-28T00:46:08Z	completed	success
36358947333	Deploy GitHub Pages	.github/workflows/pages-deploy.yml	workflow_run	2026-09-27T23:30:53Z	2026-09-27T23:30:53Z	2026-09-27T23:32:30Z	completed	success
36356584705	NRT VRP Pipeline (both profiles)	.github/workflows/nrt.yml	schedule	2026-09-27T22:49:02Z	2026-09-27T22:49:02Z	2026-09-27T23:30:51Z	completed	success
36355203452	NRT Retry (NASA recovery)	.github/workflows/nrt-retry.yml	schedule	2026-09-27T22:24:55Z	2026-09-27T22:24:55Z	2026-09-27T22:25:01Z	completed	success
36354556610	Reproc watchdog — avisa si un reproceso muere o se cuelga	.github/workflows/reproc-watchdog.yml	schedule	2026-09-27T22:13:56Z	2026-09-27T22:13:56Z	2026-09-27T22:14:07Z	completed	success
36354221268	.github/workflows/sync-mirova-csv.yml	.github/workflows/sync-mirova-csv.yml	schedule	2026-09-27T22:08:11Z	2026-09-27T22:08:11Z	2026-09-27T22:09:19Z	completed	success
36352520476	Deploy GitHub Pages	.github/workflows/pages-deploy.yml	schedule	2026-09-27T21:39:24Z	2026-09-27T21:39:24Z	2026-09-27T21:40:49Z	completed	success
36352008889	NRT Monitor — alerta si fallan 3+ corridas	.github/workflows/nrt-monitor.yml	schedule	2026-09-27T21:30:56Z	2026-09-27T21:30:56Z	2026-09-27T21:31:03Z	completed	success
36347146498	Deploy GitHub Pages	.github/workflows/pages-deploy.yml	workflow_run	2026-09-27T20:12:04Z	2026-09-27T20:12:04Z	2026-09-27T20:13:36Z	completed	success
36344720148	NRT VRP Pipeline (both profiles)	.github/workflows/nrt.yml	schedule	2026-09-27T19:32:25Z	2026-09-27T19:32:25Z	2026-09-27T20:12:02Z	completed	success
36343184465	NRT Retry (NASA recovery)	.github/workflows/nrt-retry.yml	schedule	2026-09-27T19:07:21Z	2026-09-27T19:07:21Z	2026-09-27T19:07:28Z	completed	success
36340652841	Reproc watchdog — avisa si un reproceso muere o se cuelga	.github/workflows/reproc-watchdog.yml	schedule	2026-09-27T18:26:31Z	2026-09-27T18:26:31Z	2026-09-27T18:26:40Z	completed	success
36340337908	.github/workflows/sync-mirova-csv.yml	.github/workflows/sync-mirova-csv.yml	schedule	2026-09-27T18:21:25Z	2026-09-27T18:21:25Z	2026-09-27T18:22:31Z	completed	success
36336472323	Deploy GitHub Pages	.github/workflows/pages-deploy.yml	schedule	2026-09-27T17:18:54Z	2026-09-27T17:18:54Z	2026-09-27T17:20:28Z	completed	success
36335979507	NRT Monitor — alerta si fallan 3+ corridas	.github/workflows/nrt-monitor.yml	schedule	2026-09-27T17:11:01Z	2026-09-27T17:11:01Z	2026-09-27T17:11:07Z	completed	success
36331391416	NRT Healthcheck (Tier A staleness)	.github/workflows/nrt-healthcheck.yml	schedule	2026-09-27T15:56:41Z	2026-09-27T15:56:41Z	2026-09-27T15:57:51Z	completed	success
36330242450	Deploy GitHub Pages	.github/workflows/pages-deploy.yml	workflow_run	2026-09-27T15:37:28Z	2026-09-27T15:37:28Z	2026-09-27T15:38:51Z	completed	success
36327887955	NRT VRP Pipeline (both profiles)	.github/workflows/nrt.yml	schedule	2026-09-27T14:59:19Z	2026-09-27T14:59:19Z	2026-09-27T15:37:26Z	completed	success
36327128656	NRT Retry (NASA recovery)	.github/workflows/nrt-retry.yml	schedule	2026-09-27T14:46:26Z	2026-09-27T14:46:26Z	2026-09-27T14:46:32Z	completed	success
36324376246	Reproc watchdog — avisa si un reproceso muere o se cuelga	.github/workflows/reproc-watchdog.yml	schedule	2026-09-27T14:00:40Z	2026-09-27T14:00:40Z	2026-09-27T14:00:52Z	completed	success
36324110210	.github/workflows/sync-mirova-csv.yml	.github/workflows/sync-mirova-csv.yml	schedule	2026-09-27T13:56:04Z	2026-09-27T13:56:04Z	2026-09-27T13:56:47Z	completed	success
36319235809	Deploy GitHub Pages	.github/workflows/pages-deploy.yml	schedule	2026-09-27T12:30:51Z	2026-09-27T12:30:51Z	2026-09-27T12:31:57Z	completed	success
36318642544	NRT Monitor — alerta si fallan 3+ corridas	.github/workflows/nrt-monitor.yml	schedule	2026-09-27T12:20:14Z	2026-09-27T12:20:14Z	2026-09-27T12:20:22Z	completed	success
36312923474	Deploy GitHub Pages	.github/workflows/pages-deploy.yml	workflow_run	2026-09-27T10:33:36Z	2026-09-27T10:33:36Z	2026-09-27T10:35:07Z	completed	success
36310604524	NRT VRP Pipeline (both profiles)	.github/workflows/nrt.yml	schedule	2026-09-27T09:49:45Z	2026-09-27T09:49:45Z	2026-09-27T10:33:34Z	completed	success
36309323638	NRT Retry (NASA recovery)	.github/workflows/nrt-retry.yml	schedule	2026-09-27T09:25:31Z	2026-09-27T09:25:31Z	2026-09-27T09:25:37Z	completed	success
36305535364	Reproc watchdog — avisa si un reproceso muere o se cuelga	.github/workflows/reproc-watchdog.yml	schedule	2026-09-27T08:13:46Z	2026-09-27T08:13:46Z	2026-09-27T08:13:59Z	completed	success
36305164117	.github/workflows/sync-mirova-csv.yml	.github/workflows/sync-mirova-csv.yml	schedule	2026-09-27T08:06:33Z	2026-09-27T08:06:33Z	2026-09-27T08:07:40Z	completed	success
36298437517	Deploy GitHub Pages	.github/workflows/pages-deploy.yml	schedule	2026-09-27T05:52:06Z	2026-09-27T05:52:06Z	2026-09-27T05:53:36Z	completed	success
36297663312	NRT Monitor — alerta si fallan 3+ corridas	.github/workflows/nrt-monitor.yml	schedule	2026-09-27T05:35:56Z	2026-09-27T05:35:56Z	2026-09-27T05:36:05Z	completed	success
36294184004	Deploy GitHub Pages	.github/workflows/pages-deploy.yml	workflow_run	2026-09-27T04:23:49Z	2026-09-27T04:23:49Z	2026-09-27T04:25:15Z	completed	success
36292522890	NRT VRP Pipeline (both profiles)	.github/workflows/nrt.yml	schedule	2026-09-27T03:49:25Z	2026-09-27T03:49:25Z	2026-09-27T04:23:47Z	completed	success
36286090772	NRT Retry (NASA recovery)	.github/workflows/nrt-retry.yml	schedule	2026-09-27T01:37:22Z	2026-09-27T01:37:22Z	2026-09-27T01:37:27Z	completed	success
36285679644	Reproc watchdog — avisa si un reproceso muere o se cuelga	.github/workflows/reproc-watchdog.yml	schedule	2026-09-27T01:29:22Z	2026-09-27T01:29:22Z	2026-09-27T01:29:35Z	completed	success
36285460233	.github/workflows/sync-mirova-csv.yml	.github/workflows/sync-mirova-csv.yml	schedule	2026-09-27T01:25:00Z	2026-09-27T01:25:00Z	2026-09-27T01:26:02Z	completed	success
36278675015	Deploy GitHub Pages	.github/workflows/pages-deploy.yml	schedule	2026-09-26T23:11:48Z	2026-09-26T23:11:48Z	2026-09-26T23:13:26Z	completed	success
36278282393	Deploy GitHub Pages	.github/workflows/pages-deploy.yml	workflow_run	2026-09-26T23:04:19Z	2026-09-26T23:04:19Z	2026-09-26T23:05:54Z	completed	success
36277733730	Reproc watchdog — avisa si un reproceso muere o se cuelga	.github/workflows/reproc-watchdog.yml	schedule	2026-09-26T22:53:43Z	2026-09-26T22:53:43Z	2026-09-26T22:53:54Z	completed	success
36277404856	.github/workflows/sync-mirova-csv.yml	.github/workflows/sync-mirova-csv.yml	schedule	2026-09-26T22:47:25Z	2026-09-26T22:47:25Z	2026-09-26T23:05:19Z	completed	success
36276057465	NRT VRP Pipeline (both profiles)	.github/workflows/nrt.yml	schedule	2026-09-26T22:22:26Z	2026-09-26T22:22:26Z	2026-09-26T23:04:17Z	completed	success
36274970685	NRT Retry (NASA recovery)	.github/workflows/nrt-retry.yml	schedule	2026-09-26T22:02:45Z	2026-09-26T22:02:45Z	2026-09-26T22:02:50Z	completed	success
36272784182	NRT Monitor — alerta si fallan 3+ corridas	.github/workflows/nrt-monitor.yml	schedule	2026-09-26T21:23:48Z	2026-09-26T21:23:48Z	2026-09-26T21:23:54Z	completed	success
36267601796	Reproc watchdog — avisa si un reproceso muere o se cuelga	.github/workflows/reproc-watchdog.yml	schedule	2026-09-26T19:53:23Z	2026-09-26T19:53:23Z	2026-09-26T19:53:33Z	completed	success
36267467038	.github/workflows/sync-mirova-csv.yml	.github/workflows/sync-mirova-csv.yml	schedule	2026-09-26T19:51:00Z	2026-09-26T19:51:00Z	2026-09-26T19:52:05Z	completed	success
36266900263	Deploy GitHub Pages	.github/workflows/pages-deploy.yml	workflow_run	2026-09-26T19:41:06Z	2026-09-26T19:41:06Z	2026-09-26T19:42:37Z	completed	success
36266163455	Deploy GitHub Pages	.github/workflows/pages-deploy.yml	schedule	2026-09-26T19:28:17Z	2026-09-26T19:28:17Z	2026-09-26T19:31:05Z	completed	success
36264568409	NRT VRP Pipeline (both profiles)	.github/workflows/nrt.yml	schedule	2026-09-26T19:01:05Z	2026-09-26T19:01:05Z	2026-09-26T19:41:05Z	completed	success
36263315110	NRT Retry (NASA recovery)	.github/workflows/nrt-retry.yml	schedule	2026-09-26T18:39:30Z	2026-09-26T18:39:30Z	2026-09-26T18:39:37Z	completed	success
36258197884	Reproc watchdog — avisa si un reproceso muere o se cuelga	.github/workflows/reproc-watchdog.yml	schedule	2026-09-26T17:12:31Z	2026-09-26T17:12:31Z	2026-09-26T17:12:41Z	completed	success
36257941138	.github/workflows/sync-mirova-csv.yml	.github/workflows/sync-mirova-csv.yml	schedule	2026-09-26T17:08:14Z	2026-09-26T17:08:14Z	2026-09-26T17:09:20Z	completed	success
36256691015	Deploy GitHub Pages	.github/workflows/pages-deploy.yml	schedule	2026-09-26T16:47:01Z	2026-09-26T16:47:01Z	2026-09-26T16:48:23Z	completed	success
36256104200	NRT Monitor — alerta si fallan 3+ corridas	.github/workflows/nrt-monitor.yml	schedule	2026-09-26T16:37:16Z	2026-09-26T16:37:16Z	2026-09-26T16:37:25Z	completed	success
36251470422	NRT Healthcheck (Tier A staleness)	.github/workflows/nrt-healthcheck.yml	schedule	2026-09-26T15:18:22Z	2026-09-26T15:18:22Z	2026-09-26T15:19:34Z	completed	success
36249758328	Deploy GitHub Pages	.github/workflows/pages-deploy.yml	workflow_run	2026-09-26T14:48:27Z	2026-09-26T14:48:27Z	2026-09-26T14:50:05Z	completed	success
36247423507	NRT VRP Pipeline (both profiles)	.github/workflows/nrt.yml	schedule	2026-09-26T14:07:19Z	2026-09-26T14:07:19Z	2026-09-26T14:48:26Z	completed	success
36246345877	NRT Retry (NASA recovery)	.github/workflows/nrt-retry.yml	schedule	2026-09-26T13:47:44Z	2026-09-26T13:47:44Z	2026-09-26T13:47:52Z	completed	success
36244125599	Reproc watchdog — avisa si un reproceso muere o se cuelga	.github/workflows/reproc-watchdog.yml	schedule	2026-09-26T13:07:42Z	2026-09-26T13:07:42Z	2026-09-26T13:07:51Z	completed	success
36243876483	.github/workflows/sync-mirova-csv.yml	.github/workflows/sync-mirova-csv.yml	schedule	2026-09-26T13:03:13Z	2026-09-26T13:03:13Z	2026-09-26T13:04:18Z	completed	success
36240143894	Deploy GitHub Pages	.github/workflows/pages-deploy.yml	schedule	2026-09-26T11:51:53Z	2026-09-26T11:51:53Z	2026-09-26T11:53:27Z	completed	success
36239617943	NRT Monitor — alerta si fallan 3+ corridas	.github/workflows/nrt-monitor.yml	schedule	2026-09-26T11:41:36Z	2026-09-26T11:41:36Z	2026-09-26T11:41:42Z	completed	success
36234056783	Deploy GitHub Pages	.github/workflows/pages-deploy.yml	workflow_run	2026-09-26T09:51:58Z	2026-09-26T09:51:58Z	2026-09-26T09:53:34Z	completed	success
36231853135	NRT VRP Pipeline (both profiles)	.github/workflows/nrt.yml	schedule	2026-09-26T09:08:11Z	2026-09-26T09:08:11Z	2026-09-26T09:51:56Z	completed	success
36230702241	NRT Retry (NASA recovery)	.github/workflows/nrt-retry.yml	schedule	2026-09-26T08:44:51Z	2026-09-26T08:44:51Z	2026-09-26T08:44:56Z	completed	success
36227728608	Reproc watchdog — avisa si un reproceso muere o se cuelga	.github/workflows/reproc-watchdog.yml	schedule	2026-09-26T07:45:05Z	2026-09-26T07:45:05Z	2026-09-26T07:45:18Z	completed	success
36227384965	.github/workflows/sync-mirova-csv.yml	.github/workflows/sync-mirova-csv.yml	schedule	2026-09-26T07:38:17Z	2026-09-26T07:38:17Z	2026-09-26T07:39:08Z	completed	success
36221280923	Deploy GitHub Pages	.github/workflows/pages-deploy.yml	schedule	2026-09-26T05:36:04Z	2026-09-26T05:36:04Z	2026-09-26T05:37:18Z	completed	success
36220417717	NRT Monitor — alerta si fallan 3+ corridas	.github/workflows/nrt-monitor.yml	schedule	2026-09-26T05:18:42Z	2026-09-26T05:18:42Z	2026-09-26T05:19:24Z	completed	success
36217301235	Deploy GitHub Pages	.github/workflows/pages-deploy.yml	workflow_run	2026-09-26T04:15:46Z	2026-09-26T04:15:46Z	2026-09-26T04:17:03Z	completed	success
36215529048	NRT VRP Pipeline (both profiles)	.github/workflows/nrt.yml	schedule	2026-09-26T03:40:29Z	2026-09-26T03:40:29Z	2026-09-26T04:15:44Z	completed	success
36209525025	NRT Retry (NASA recovery)	.github/workflows/nrt-retry.yml	schedule	2026-09-26T01:46:04Z	2026-09-26T01:46:04Z	2026-09-26T01:46:10Z	completed	success
36208985908	Reproc watchdog — avisa si un reproceso muere o se cuelga	.github/workflows/reproc-watchdog.yml	schedule	2026-09-26T01:36:17Z	2026-09-26T01:36:17Z	2026-09-26T01:36:25Z	completed	success
36208707593	.github/workflows/sync-mirova-csv.yml	.github/workflows/sync-mirova-csv.yml	schedule	2026-09-26T01:31:19Z	2026-09-26T01:31:19Z	2026-09-26T01:32:29Z	completed	success
36202474378	Deploy GitHub Pages	.github/workflows/pages-deploy.yml	workflow_run	2026-09-25T23:49:16Z	2026-09-25T23:49:16Z	2026-09-25T23:50:50Z	completed	success
36201787597	Deploy GitHub Pages	.github/workflows/pages-deploy.yml	schedule	2026-09-25T23:38:16Z	2026-09-25T23:38:16Z	2026-09-25T23:39:46Z	completed	success
36199598079	NRT VRP Pipeline (both profiles)	.github/workflows/nrt.yml	schedule	2026-09-25T23:05:23Z	2026-09-25T23:05:23Z	2026-09-25T23:49:14Z	completed	success
36197379234	NRT Retry (NASA recovery)	.github/workflows/nrt-retry.yml	schedule	2026-09-25T22:34:44Z	2026-09-25T22:34:44Z	2026-09-25T22:34:51Z	completed	success
36196436408	Reproc watchdog — avisa si un reproceso muere o se cuelga	.github/workflows/reproc-watchdog.yml	schedule	2026-09-25T22:23:06Z	2026-09-25T22:23:06Z	2026-09-25T22:23:14Z	completed	success
36196013459	.github/workflows/sync-mirova-csv.yml	.github/workflows/sync-mirova-csv.yml	schedule	2026-09-25T22:17:58Z	2026-09-25T22:17:58Z	2026-09-25T22:19:01Z	completed	success
36193231956	NRT Monitor — alerta si fallan 3+ corridas	.github/workflows/nrt-monitor.yml	schedule	2026-09-25T21:45:13Z	2026-09-25T21:45:13Z	2026-09-25T21:45:20Z	completed	success
36186386316	Deploy GitHub Pages	.github/workflows/pages-deploy.yml	workflow_run	2026-09-25T20:32:30Z	2026-09-25T20:32:30Z	2026-09-25T20:33:58Z	completed	success
36182063484	NRT VRP Pipeline (both profiles)	.github/workflows/nrt.yml	schedule	2026-09-25T19:49:59Z	2026-09-25T19:49:59Z	2026-09-25T20:32:28Z	completed	success
36179300380	NRT Retry (NASA recovery)	.github/workflows/nrt-retry.yml	schedule	2026-09-25T19:22:42Z	2026-09-25T19:22:42Z	2026-09-25T19:22:49Z	completed	success
36176683142	Deploy GitHub Pages	.github/workflows/pages-deploy.yml	schedule	2026-09-25T18:57:25Z	2026-09-25T18:57:25Z	2026-09-25T18:59:12Z	completed	success
36174752715	Reproc watchdog — avisa si un reproceso muere o se cuelga	.github/workflows/reproc-watchdog.yml	schedule	2026-09-25T18:38:54Z	2026-09-25T18:38:54Z	2026-09-25T18:39:03Z	completed	success
36174280361	.github/workflows/sync-mirova-csv.yml	.github/workflows/sync-mirova-csv.yml	schedule	2026-09-25T18:34:25Z	2026-09-25T18:34:25Z	2026-09-25T18:35:33Z	completed	success
36167236528	NRT Monitor — alerta si fallan 3+ corridas	.github/workflows/nrt-monitor.yml	schedule	2026-09-25T17:27:27Z	2026-09-25T17:27:27Z	2026-09-25T17:27:34Z	completed	success
36158402216	NRT Healthcheck (Tier A staleness)	.github/workflows/nrt-healthcheck.yml	schedule	2026-09-25T16:04:30Z	2026-09-25T16:04:30Z	2026-09-25T16:05:56Z	completed	success
36156547860	Deploy GitHub Pages	.github/workflows/pages-deploy.yml	workflow_run	2026-09-25T15:47:29Z	2026-09-25T15:47:29Z	2026-09-25T15:49:07Z	completed	success
36151193965	NRT VRP Pipeline (both profiles)	.github/workflows/nrt.yml	schedule	2026-09-25T14:59:42Z	2026-09-25T14:59:42Z	2026-09-25T15:47:27Z	completed	success
36148993235	NRT Retry (NASA recovery)	.github/workflows/nrt-retry.yml	schedule	2026-09-25T14:39:56Z	2026-09-25T14:39:56Z	2026-09-25T14:40:07Z	completed	success
36145879136	Deploy GitHub Pages	.github/workflows/pages-deploy.yml	schedule	2026-09-25T14:12:00Z	2026-09-25T14:12:00Z	2026-09-25T14:13:24Z	completed	success
36143542320	Reproc watchdog — avisa si un reproceso muere o se cuelga	.github/workflows/reproc-watchdog.yml	schedule	2026-09-25T13:50:32Z	2026-09-25T13:50:32Z	2026-09-25T13:50:42Z	completed	success
36142871718	.github/workflows/sync-mirova-csv.yml	.github/workflows/sync-mirova-csv.yml	schedule	2026-09-25T13:44:21Z	2026-09-25T13:44:21Z	2026-09-25T13:45:13Z	completed	success
36132949917	NRT Monitor — alerta si fallan 3+ corridas	.github/workflows/nrt-monitor.yml	schedule	2026-09-25T12:05:20Z	2026-09-25T12:05:20Z	2026-09-25T12:05:28Z	completed	success
36122091152	Deploy GitHub Pages	.github/workflows/pages-deploy.yml	workflow_run	2026-09-25T10:05:46Z	2026-09-25T10:05:46Z	2026-09-25T10:07:24Z	completed	success
36118161528	NRT VRP Pipeline (both profiles)	.github/workflows/nrt.yml	schedule	2026-09-25T09:23:30Z	2026-09-25T09:23:30Z	2026-09-25T10:05:44Z	completed	success
36115882939	NRT Retry (NASA recovery)	.github/workflows/nrt-retry.yml	schedule	2026-09-25T08:59:03Z	2026-09-25T08:59:03Z	2026-09-25T08:59:11Z	completed	success
36111637026	Deploy GitHub Pages	.github/workflows/pages-deploy.yml	schedule	2026-09-25T08:12:08Z	2026-09-25T08:12:08Z	2026-09-25T08:13:48Z	completed	success
36109829381	Reproc watchdog — avisa si un reproceso muere o se cuelga	.github/workflows/reproc-watchdog.yml	schedule	2026-09-25T07:51:48Z	2026-09-25T07:51:48Z	2026-09-25T07:51:57Z	completed	success
36109266528	.github/workflows/sync-mirova-csv.yml	.github/workflows/sync-mirova-csv.yml	schedule	2026-09-25T07:45:20Z	2026-09-25T07:45:20Z	2026-09-25T07:46:33Z	completed	success
36097703817	NRT Monitor — alerta si fallan 3+ corridas	.github/workflows/nrt-monitor.yml	schedule	2026-09-25T05:14:08Z	2026-09-25T05:14:08Z	2026-09-25T05:14:15Z	completed	success
36093743438	Deploy GitHub Pages	.github/workflows/pages-deploy.yml	workflow_run	2026-09-25T04:15:54Z	2026-09-25T04:15:54Z	2026-09-25T04:17:24Z	completed	success
36090936907	NRT VRP Pipeline (both profiles)	.github/workflows/nrt.yml	schedule	2026-09-25T03:34:56Z	2026-09-25T03:34:56Z	2026-09-25T04:15:52Z	completed	success
36083086312	NRT Retry (NASA recovery)	.github/workflows/nrt-retry.yml	schedule	2026-09-25T01:41:04Z	2026-09-25T01:41:04Z	2026-09-25T01:41:12Z	completed	success
36082475485	Reproc watchdog — avisa si un reproceso muere o se cuelga	.github/workflows/reproc-watchdog.yml	schedule	2026-09-25T01:32:39Z	2026-09-25T01:32:39Z	2026-09-25T01:32:48Z	completed	success
36082145254	.github/workflows/sync-mirova-csv.yml	.github/workflows/sync-mirova-csv.yml	schedule	2026-09-25T01:28:13Z	2026-09-25T01:28:13Z	2026-09-25T01:28:59Z	completed	success
36079766691	Deploy GitHub Pages	.github/workflows/pages-deploy.yml	schedule	2026-09-25T00:55:54Z	2026-09-25T00:55:54Z	2026-09-25T00:57:01Z	completed	success
36074788168	Deploy GitHub Pages	.github/workflows/pages-deploy.yml	workflow_run	2026-09-24T23:51:23Z	2026-09-24T23:51:23Z	2026-09-24T23:52:45Z	completed	success
36070497086	NRT VRP Pipeline (both profiles)	.github/workflows/nrt.yml	schedule	2026-09-24T23:00:24Z	2026-09-24T23:00:24Z	2026-09-24T23:51:21Z	completed	success
36068322353	NRT Retry (NASA recovery)	.github/workflows/nrt-retry.yml	schedule	2026-09-24T22:35:51Z	2026-09-24T22:35:51Z	2026-09-24T22:35:58Z	completed	success
36067437491	Reproc watchdog — avisa si un reproceso muere o se cuelga	.github/workflows/reproc-watchdog.yml	schedule	2026-09-24T22:26:31Z	2026-09-24T22:26:31Z	2026-09-24T22:26:39Z	completed	success
36067083494	.github/workflows/sync-mirova-csv.yml	.github/workflows/sync-mirova-csv.yml	schedule	2026-09-24T22:22:47Z	2026-09-24T22:22:47Z	2026-09-24T22:23:56Z	completed	success
36064063827	Deploy GitHub Pages	.github/workflows/pages-deploy.yml	schedule	2026-09-24T21:51:27Z	2026-09-24T21:51:27Z	2026-09-24T21:53:03Z	completed	success
36063125058	NRT Monitor — alerta si fallan 3+ corridas	.github/workflows/nrt-monitor.yml	schedule	2026-09-24T21:42:08Z	2026-09-24T21:42:08Z	2026-09-24T21:42:16Z	completed	success
36047593931	NRT Retry (NASA recovery)	.github/workflows/nrt-retry.yml	schedule	2026-09-24T19:21:31Z	2026-09-24T19:21:31Z	2026-09-24T19:21:38Z	completed	success
36046533003	Reproc watchdog — avisa si un reproceso muere o se cuelga	.github/workflows/reproc-watchdog.yml	schedule	2026-09-24T19:12:15Z	2026-09-24T19:12:15Z	2026-09-24T19:12:28Z	completed	success
36046328619	Deploy GitHub Pages	.github/workflows/pages-deploy.yml	workflow_run	2026-09-24T19:10:29Z	2026-09-24T19:10:29Z	2026-09-24T19:12:08Z	completed	success
36046013676	.github/workflows/sync-mirova-csv.yml	.github/workflows/sync-mirova-csv.yml	schedule	2026-09-24T19:07:45Z	2026-09-24T19:07:45Z	2026-09-24T19:11:41Z	completed	success
36043046144	Deploy GitHub Pages	.github/workflows/pages-deploy.yml	schedule	2026-09-24T18:42:00Z	2026-09-24T18:42:00Z	2026-09-24T18:43:36Z	completed	success
36039624972	NRT VRP Pipeline (both profiles)	.github/workflows/nrt.yml	schedule	2026-09-24T18:12:33Z	2026-09-24T18:12:33Z	2026-09-24T19:10:27Z	completed	success
36034414355	NRT Monitor — alerta si fallan 3+ corridas	.github/workflows/nrt-monitor.yml	schedule	2026-09-24T17:27:22Z	2026-09-24T17:27:22Z	2026-09-24T17:27:32Z	completed	success
36024730574	NRT Healthcheck (Tier A staleness)	.github/workflows/nrt-healthcheck.yml	schedule	2026-09-24T16:04:04Z	2026-09-24T16:04:04Z	2026-09-24T16:05:22Z	completed	success
36018008754	Reproc watchdog — avisa si un reproceso muere o se cuelga	.github/workflows/reproc-watchdog.yml	schedule	2026-09-24T15:08:54Z	2026-09-24T15:08:54Z	2026-09-24T15:09:06Z	completed	success
36017337206	.github/workflows/sync-mirova-csv.yml	.github/workflows/sync-mirova-csv.yml	schedule	2026-09-24T15:03:31Z	2026-09-24T15:03:31Z	2026-09-24T15:05:15Z	completed	success
36011610955	NRT Retry (NASA recovery)	.github/workflows/nrt-retry.yml	schedule	2026-09-24T14:16:38Z	2026-09-24T14:16:38Z	2026-09-24T14:16:43Z	completed	success
36009409640	Deploy GitHub Pages	.github/workflows/pages-deploy.yml	workflow_run	2026-09-24T13:58:31Z	2026-09-24T13:58:31Z	2026-09-24T14:00:58Z	completed	success
36008364308	Deploy GitHub Pages	.github/workflows/pages-deploy.yml	schedule	2026-09-24T13:49:41Z	2026-09-24T13:49:41Z	2026-09-24T13:51:38Z	completed	success
36004252343	NRT VRP Pipeline (both profiles)	.github/workflows/nrt.yml	schedule	2026-09-24T13:14:02Z	2026-09-24T13:14:02Z	2026-09-24T13:58:29Z	completed	success
35996826704	NRT Monitor — alerta si fallan 3+ corridas	.github/workflows/nrt-monitor.yml	schedule	2026-09-24T12:04:54Z	2026-09-24T12:04:54Z	2026-09-24T12:05:04Z	completed	success
35985014256	Reproc watchdog — avisa si un reproceso muere o se cuelga	.github/workflows/reproc-watchdog.yml	schedule	2026-09-24T10:03:44Z	2026-09-24T10:03:44Z	2026-09-24T10:03:54Z	completed	success
35984472252	.github/workflows/sync-mirova-csv.yml	.github/workflows/sync-mirova-csv.yml	schedule	2026-09-24T09:58:24Z	2026-09-24T09:58:24Z	2026-09-24T09:59:09Z	completed	success
35976313511	NRT Retry (NASA recovery)	.github/workflows/nrt-retry.yml	schedule	2026-09-24T08:37:17Z	2026-09-24T08:37:17Z	2026-09-24T08:37:25Z	completed	success
35972332153	Deploy GitHub Pages	.github/workflows/pages-deploy.yml	workflow_run	2026-09-24T07:56:01Z	2026-09-24T07:56:01Z	2026-09-24T07:57:36Z	completed	success
35971750635	Deploy GitHub Pages	.github/workflows/pages-deploy.yml	schedule	2026-09-24T07:49:47Z	2026-09-24T07:49:47Z	2026-09-24T07:51:24Z	completed	success
35968469933	NRT VRP Pipeline (both profiles)	.github/workflows/nrt.yml	schedule	2026-09-24T07:13:31Z	2026-09-24T07:13:31Z	2026-09-24T07:56:00Z	completed	success
35958926629	NRT Monitor — alerta si fallan 3+ corridas	.github/workflows/nrt-monitor.yml	schedule	2026-09-24T05:12:33Z	2026-09-24T05:12:33Z	2026-09-24T05:12:40Z	completed	success
35957684646	Reproc watchdog — avisa si un reproceso muere o se cuelga	.github/workflows/reproc-watchdog.yml	schedule	2026-09-24T04:55:10Z	2026-09-24T04:55:10Z	2026-09-24T04:55:23Z	completed	success
35957065782	.github/workflows/sync-mirova-csv.yml	.github/workflows/sync-mirova-csv.yml	schedule	2026-09-24T04:46:22Z	2026-09-24T04:46:22Z	2026-09-24T04:47:29Z	completed	success
35943483404	NRT Retry (NASA recovery)	.github/workflows/nrt-retry.yml	schedule	2026-09-24T01:33:57Z	2026-09-24T01:33:57Z	2026-09-24T01:34:04Z	completed	success
35941645583	Deploy GitHub Pages	.github/workflows/pages-deploy.yml	workflow_run	2026-09-24T01:09:03Z	2026-09-24T01:09:03Z	2026-09-24T01:10:38Z	completed	success
35940608129	Deploy GitHub Pages	.github/workflows/pages-deploy.yml	schedule	2026-09-24T00:55:22Z	2026-09-24T00:55:22Z	2026-09-24T00:57:00Z	completed	success
35937503457	NRT VRP Pipeline (both profiles)	.github/workflows/nrt.yml	schedule	2026-09-24T00:14:25Z	2026-09-24T00:14:25Z	2026-09-24T01:09:01Z	completed	success
35935025449	Reproc watchdog — avisa si un reproceso muere o se cuelga	.github/workflows/reproc-watchdog.yml	schedule	2026-09-23T23:43:45Z	2026-09-23T23:43:45Z	2026-09-23T23:43:57Z	completed	success
35934719136	.github/workflows/sync-mirova-csv.yml	.github/workflows/sync-mirova-csv.yml	schedule	2026-09-23T23:40:03Z	2026-09-23T23:40:03Z	2026-09-23T23:41:06Z	completed	success
35928145508	NRT Retry (NASA recovery)	.github/workflows/nrt-retry.yml	schedule	2026-09-23T22:24:14Z	2026-09-23T22:24:14Z	2026-09-23T22:24:20Z	completed	success
35924811087	Deploy GitHub Pages	.github/workflows/pages-deploy.yml	schedule	2026-09-23T21:49:46Z	2026-09-23T21:49:46Z	2026-09-23T21:51:23Z	completed	success
35924373104	Deploy GitHub Pages	.github/workflows/pages-deploy.yml	workflow_run	2026-09-23T21:45:20Z	2026-09-23T21:45:20Z	2026-09-23T21:47:02Z	completed	success
35923915237	NRT Monitor — alerta si fallan 3+ corridas	.github/workflows/nrt-monitor.yml	schedule	2026-09-23T21:40:43Z	2026-09-23T21:40:43Z	2026-09-23T21:40:49Z	completed	success
35920374182	NRT VRP Pipeline (both profiles)	.github/workflows/nrt.yml	schedule	2026-09-23T21:06:47Z	2026-09-23T21:06:47Z	2026-09-23T21:45:18Z	completed	success
35915766451	Reproc watchdog — avisa si un reproceso muere o se cuelga	.github/workflows/reproc-watchdog.yml	schedule	2026-09-23T20:24:48Z	2026-09-23T20:24:48Z	2026-09-23T20:24:57Z	completed	success
35915199961	.github/workflows/sync-mirova-csv.yml	.github/workflows/sync-mirova-csv.yml	schedule	2026-09-23T20:19:49Z	2026-09-23T20:19:49Z	2026-09-23T20:21:02Z	completed	success
35907302845	NRT Retry (NASA recovery)	.github/workflows/nrt-retry.yml	schedule	2026-09-23T19:08:26Z	2026-09-23T19:08:26Z	2026-09-23T19:08:34Z	completed	success
35904127037	Deploy GitHub Pages	.github/workflows/pages-deploy.yml	schedule	2026-09-23T18:40:43Z	2026-09-23T18:40:43Z	2026-09-23T18:42:32Z	completed	success
35895165327	NRT Monitor — alerta si fallan 3+ corridas	.github/workflows/nrt-monitor.yml	schedule	2026-09-23T17:22:36Z	2026-09-23T17:22:36Z	2026-09-23T17:22:44Z	completed	success
35893111803	Reproc watchdog — avisa si un reproceso muere o se cuelga	.github/workflows/reproc-watchdog.yml	schedule	2026-09-23T17:04:21Z	2026-09-23T17:04:21Z	2026-09-23T17:04:31Z	completed	success
35892050449	.github/workflows/sync-mirova-csv.yml	.github/workflows/sync-mirova-csv.yml	schedule	2026-09-23T16:55:05Z	2026-09-23T16:55:05Z	2026-09-23T16:56:19Z	completed	success
35892044982	Deploy GitHub Pages	.github/workflows/pages-deploy.yml	workflow_run	2026-09-23T16:55:02Z	2026-09-23T16:55:02Z	2026-09-23T16:56:40Z	completed	success
35886789655	NRT VRP Pipeline (both profiles)	.github/workflows/nrt.yml	schedule	2026-09-23T16:09:34Z	2026-09-23T16:09:34Z	2026-09-23T16:54:58Z	completed	success
35883589488	NRT Healthcheck (Tier A staleness)	.github/workflows/nrt-healthcheck.yml	schedule	2026-09-23T15:42:59Z	2026-09-23T15:42:59Z	2026-09-23T15:44:42Z	completed	success
35873143063	NRT Retry (NASA recovery)	.github/workflows/nrt-retry.yml	schedule	2026-09-23T14:17:54Z	2026-09-23T14:17:54Z	2026-09-23T14:18:03Z	completed	success
35870188351	Deploy GitHub Pages	.github/workflows/pages-deploy.yml	schedule	2026-09-23T13:53:02Z	2026-09-23T13:53:02Z	2026-09-23T13:54:55Z	completed	success
35857685826	NRT Monitor — alerta si fallan 3+ corridas	.github/workflows/nrt-monitor.yml	schedule	2026-09-23T11:59:00Z	2026-09-23T11:59:00Z	2026-09-23T11:59:07Z	completed	success
35855974430	Reproc watchdog — avisa si un reproceso muere o se cuelga	.github/workflows/reproc-watchdog.yml	schedule	2026-09-23T11:41:12Z	2026-09-23T11:41:12Z	2026-09-23T11:41:25Z	completed	success
35855067476	.github/workflows/sync-mirova-csv.yml	.github/workflows/sync-mirova-csv.yml	schedule	2026-09-23T11:31:52Z	2026-09-23T11:31:52Z	2026-09-23T11:33:01Z	completed	success
35855027782	Deploy GitHub Pages	.github/workflows/pages-deploy.yml	workflow_run	2026-09-23T11:31:27Z	2026-09-23T11:31:27Z	2026-09-23T11:33:10Z	completed	success
35850926353	NRT VRP Pipeline (both profiles)	.github/workflows/nrt.yml	schedule	2026-09-23T10:48:47Z	2026-09-23T10:48:47Z	2026-09-23T11:31:25Z	completed	success
35838812585	NRT Retry (NASA recovery)	.github/workflows/nrt-retry.yml	schedule	2026-09-23T08:44:11Z	2026-09-23T08:44:11Z	2026-09-23T08:44:22Z	completed	success
35834546286	Deploy GitHub Pages	.github/workflows/pages-deploy.yml	schedule	2026-09-23T07:58:42Z	2026-09-23T07:58:42Z	2026-09-23T08:00:13Z	completed	success
35824799464	Reproc watchdog — avisa si un reproceso muere o se cuelga	.github/workflows/reproc-watchdog.yml	schedule	2026-09-23T06:00:39Z	2026-09-23T06:00:39Z	2026-09-23T06:00:51Z	completed	success
35824520276	.github/workflows/sync-mirova-csv.yml	.github/workflows/sync-mirova-csv.yml	schedule	2026-09-23T05:56:41Z	2026-09-23T05:56:41Z	2026-09-23T05:57:32Z	completed	success
35821893002	Deploy GitHub Pages	.github/workflows/pages-deploy.yml	workflow_run	2026-09-23T05:18:51Z	2026-09-23T05:18:51Z	2026-09-23T05:20:47Z	completed	success
35820696869	NRT Monitor — alerta si fallan 3+ corridas	.github/workflows/nrt-monitor.yml	schedule	2026-09-23T05:01:26Z	2026-09-23T05:01:26Z	2026-09-23T05:01:33Z	completed	success
35818933303	NRT VRP Pipeline (both profiles)	.github/workflows/nrt.yml	schedule	2026-09-23T04:35:11Z	2026-09-23T04:35:11Z	2026-09-23T05:18:49Z	completed	success
35807000643	NRT Retry (NASA recovery)	.github/workflows/nrt-retry.yml	schedule	2026-09-23T01:36:38Z	2026-09-23T01:36:38Z	2026-09-23T01:36:44Z	completed	success
35804341598	Deploy GitHub Pages	.github/workflows/pages-deploy.yml	schedule	2026-09-23T00:58:28Z	2026-09-23T00:58:28Z	2026-09-23T01:00:24Z	completed	success
35802873582	Deploy GitHub Pages	.github/workflows/pages-deploy.yml	workflow_run	2026-09-23T00:37:35Z	2026-09-23T00:37:35Z	2026-09-23T00:39:12Z	completed	success
35802807439	Reproc watchdog — avisa si un reproceso muere o se cuelga	.github/workflows/reproc-watchdog.yml	schedule	2026-09-23T00:36:37Z	2026-09-23T00:36:37Z	2026-09-23T00:36:47Z	completed	success
35802337737	.github/workflows/sync-mirova-csv.yml	.github/workflows/sync-mirova-csv.yml	schedule	2026-09-23T00:30:11Z	2026-09-23T00:30:11Z	2026-09-23T00:38:34Z	completed	success
35800004859	NRT VRP Pipeline (both profiles)	.github/workflows/nrt.yml	schedule	2026-09-22T23:59:41Z	2026-09-22T23:59:41Z	2026-09-23T00:37:33Z	completed	success
35791867322	NRT Retry (NASA recovery)	.github/workflows/nrt-retry.yml	schedule	2026-09-22T22:20:51Z	2026-09-22T22:20:51Z	2026-09-22T22:20:57Z	completed	success
35790540945	.github/workflows/sync-mirova-csv.yml	.github/workflows/sync-mirova-csv.yml	schedule	2026-09-22T22:06:33Z	2026-09-22T22:06:33Z	2026-09-22T22:07:34Z	completed	success
35788774649	Deploy GitHub Pages	.github/workflows/pages-deploy.yml	workflow_run	2026-09-22T21:48:06Z	2026-09-22T21:48:06Z	2026-09-22T21:49:40Z	completed	success
35788146578	Deploy GitHub Pages	.github/workflows/pages-deploy.yml	schedule	2026-09-22T21:41:33Z	2026-09-22T21:41:33Z	2026-09-22T21:44:20Z	completed	success
35787480944	NRT Monitor — alerta si fallan 3+ corridas	.github/workflows/nrt-monitor.yml	schedule	2026-09-22T21:34:42Z	2026-09-22T21:34:42Z	2026-09-22T21:34:52Z	completed	success
35786128741	Reproc watchdog — avisa si un reproceso muere o se cuelga	.github/workflows/reproc-watchdog.yml	schedule	2026-09-22T21:21:25Z	2026-09-22T21:21:25Z	2026-09-22T21:21:35Z	completed	success
35784426114	NRT VRP Pipeline (both profiles)	.github/workflows/nrt.yml	schedule	2026-09-22T21:05:14Z	2026-09-22T21:05:14Z	2026-09-22T21:48:04Z	completed	success
35770083800	.github/workflows/sync-mirova-csv.yml	.github/workflows/sync-mirova-csv.yml	schedule	2026-09-22T18:52:35Z	2026-09-22T18:52:35Z	2026-09-22T18:53:28Z	completed	success
35768325885	Deploy GitHub Pages	.github/workflows/pages-deploy.yml	workflow_run	2026-09-22T18:36:50Z	2026-09-22T18:36:50Z	2026-09-22T18:38:10Z	completed	success
35766187578	A/B S146: sin el Test 1 integrado en el ROI (tres brazos, once Tier A, tres sensores)	.github/workflows/reproc-s146-ab-sin-test1.yml	workflow_dispatch	2026-09-22T18:17:29Z	2026-09-22T18:17:29Z	2026-09-22T23:05:59Z	completed	failure
35765050556	Reproc watchdog — avisa si un reproceso muere o se cuelga	.github/workflows/reproc-watchdog.yml	schedule	2026-09-22T18:06:54Z	2026-09-22T18:06:54Z	2026-09-22T18:07:04Z	completed	success
35763991898	NRT VRP Pipeline (both profiles)	.github/workflows/nrt.yml	schedule	2026-09-22T17:57:18Z	2026-09-22T17:57:18Z	2026-09-22T18:36:48Z	completed	success
35762271365	NRT Retry (NASA recovery)	.github/workflows/nrt-retry.yml	schedule	2026-09-22T17:40:45Z	2026-09-22T17:40:45Z	2026-09-22T17:40:52Z	completed	success
35760076625	Deploy GitHub Pages	.github/workflows/pages-deploy.yml	schedule	2026-09-22T17:20:48Z	2026-09-22T17:20:48Z	2026-09-22T17:22:21Z	completed	success
35759688167	A/B S146: sin el Test 1 integrado en el ROI (tres brazos, once Tier A, tres sensores)	.github/workflows/reproc-s146-ab-sin-test1.yml	workflow_dispatch	2026-09-22T17:17:16Z	2026-09-22T17:17:16Z	2026-09-22T22:16:52Z	completed	success
35758949209	NRT Monitor — alerta si fallan 3+ corridas	.github/workflows/nrt-monitor.yml	schedule	2026-09-22T17:10:29Z	2026-09-22T17:10:29Z	2026-09-22T17:10:35Z	completed	success
35750322342	NRT Healthcheck (Tier A staleness)	.github/workflows/nrt-healthcheck.yml	schedule	2026-09-22T15:53:22Z	2026-09-22T15:53:22Z	2026-09-22T15:54:40Z	completed	success
35743168903	.github/workflows/sync-mirova-csv.yml	.github/workflows/sync-mirova-csv.yml	schedule	2026-09-22T14:50:52Z	2026-09-22T14:50:52Z	2026-09-22T14:51:46Z	completed	success
35736159528	Deploy GitHub Pages	.github/workflows/pages-deploy.yml	workflow_run	2026-09-22T13:50:24Z	2026-09-22T13:50:24Z	2026-09-22T13:51:44Z	completed	success
35733407761	Reproc watchdog — avisa si un reproceso muere o se cuelga	.github/workflows/reproc-watchdog.yml	schedule	2026-09-22T13:25:51Z	2026-09-22T13:25:51Z	2026-09-22T13:26:04Z	completed	success
35731370511	NRT VRP Pipeline (both profiles)	.github/workflows/nrt.yml	schedule	2026-09-22T13:06:54Z	2026-09-22T13:06:54Z	2026-09-22T13:50:22Z	completed	success
35728970857	NRT Retry (NASA recovery)	.github/workflows/nrt-retry.yml	schedule	2026-09-22T12:44:02Z	2026-09-22T12:44:02Z	2026-09-22T12:44:13Z	completed	success
35728872410	A/B S146: sin el Test 1 integrado en el ROI (tres brazos, once Tier A, tres sensores)	.github/workflows/reproc-s146-ab-sin-test1.yml	workflow_dispatch	2026-09-22T12:43:05Z	2026-09-22T12:43:05Z	2026-09-22T18:16:26Z	completed	failure
35728617326	A/B S146: sin el Test 1 integrado en el ROI (tres brazos, once Tier A, tres sensores)	.github/workflows/reproc-s146-ab-sin-test1.yml	workflow_dispatch	2026-09-22T12:40:34Z	2026-09-22T12:40:34Z	2026-09-22T17:13:17Z	completed	success
35725098023	Deploy GitHub Pages	.github/workflows/pages-deploy.yml	schedule	2026-09-22T12:05:07Z	2026-09-22T12:05:07Z	2026-09-22T12:06:52Z	completed	success
35724410399	NRT Monitor — alerta si fallan 3+ corridas	.github/workflows/nrt-monitor.yml	schedule	2026-09-22T11:58:03Z	2026-09-22T11:58:03Z	2026-09-22T11:58:10Z	completed	success
35713136977	.github/workflows/sync-mirova-csv.yml	.github/workflows/sync-mirova-csv.yml	schedule	2026-09-22T09:55:42Z	2026-09-22T09:55:42Z	2026-09-22T09:56:52Z	completed	success
35702783303	Deploy GitHub Pages	.github/workflows/pages-deploy.yml	workflow_run	2026-09-22T08:03:56Z	2026-09-22T08:03:56Z	2026-09-22T08:05:35Z	completed	success
35701083166	Reproc watchdog — avisa si un reproceso muere o se cuelga	.github/workflows/reproc-watchdog.yml	schedule	2026-09-22T07:43:59Z	2026-09-22T07:43:59Z	2026-09-22T07:44:10Z	completed	success
35699103799	NRT VRP Pipeline (both profiles)	.github/workflows/nrt.yml	schedule	2026-09-22T07:20:23Z	2026-09-22T07:20:23Z	2026-09-22T08:03:54Z	completed	success
35695072895	NRT Retry (NASA recovery)	.github/workflows/nrt-retry.yml	schedule	2026-09-22T06:29:41Z	2026-09-22T06:29:41Z	2026-09-22T06:29:48Z	completed	success
35690873044	Deploy GitHub Pages	.github/workflows/pages-deploy.yml	schedule	2026-09-22T05:29:02Z	2026-09-22T05:29:02Z	2026-09-22T05:30:35Z	completed	success
35690035170	NRT Monitor — alerta si fallan 3+ corridas	.github/workflows/nrt-monitor.yml	schedule	2026-09-22T05:15:58Z	2026-09-22T05:15:58Z	2026-09-22T05:16:04Z	completed	success
35688494885	.github/workflows/sync-mirova-csv.yml	.github/workflows/sync-mirova-csv.yml	schedule	2026-09-22T04:51:59Z	2026-09-22T04:51:59Z	2026-09-22T04:52:53Z	completed	success
35679063864	A/B S146: sin el Test 1 integrado en el ROI (tres brazos, once Tier A, tres sensores)	.github/workflows/reproc-s146-ab-sin-test1.yml	workflow_dispatch	2026-09-22T02:19:54Z	2026-09-22T02:19:54Z	2026-09-22T07:52:18Z	completed	failure
35676480353	Reproc watchdog — avisa si un reproceso muere o se cuelga	.github/workflows/reproc-watchdog.yml	schedule	2026-09-22T01:38:03Z	2026-09-22T01:38:03Z	2026-09-22T01:38:15Z	completed	success
35675490175	A/B S146: sin el Test 1 integrado en el ROI (tres brazos, once Tier A, tres sensores)	.github/workflows/reproc-s146-ab-sin-test1.yml	workflow_dispatch	2026-09-22T01:22:08Z	2026-09-22T01:22:08Z	2026-09-22T06:55:11Z	completed	success
35674866585	Deploy GitHub Pages	.github/workflows/pages-deploy.yml	workflow_run	2026-09-22T01:11:49Z	2026-09-22T01:11:49Z	2026-09-22T01:13:03Z	completed	success
35672604995	NRT VRP Pipeline (both profiles)	.github/workflows/nrt.yml	schedule	2026-09-22T00:35:42Z	2026-09-22T00:35:42Z	2026-09-22T01:11:47Z	completed	success
35671459235	A/B S146: sin el Test 1 integrado en el ROI (tres brazos, once Tier A, tres sensores)	.github/workflows/reproc-s146-ab-sin-test1.yml	workflow_dispatch	2026-09-22T00:19:21Z	2026-09-22T00:19:21Z	2026-09-22T02:16:42Z	completed	failure
35670959186	NRT Retry (NASA recovery)	.github/workflows/nrt-retry.yml	schedule	2026-09-22T00:12:16Z	2026-09-22T00:12:16Z	2026-09-22T00:13:00Z	completed	success
35668675981	Deploy GitHub Pages	.github/workflows/pages-deploy.yml	schedule	2026-09-21T23:41:04Z	2026-09-21T23:41:04Z	2026-09-21T23:43:45Z	completed	success
35666973280	Reproc watchdog — avisa si un reproceso muere o se cuelga	.github/workflows/reproc-watchdog.yml	schedule	2026-09-21T23:18:48Z	2026-09-21T23:18:48Z	2026-09-21T23:18:57Z	completed	success
35666677660	.github/workflows/sync-mirova-csv.yml	.github/workflows/sync-mirova-csv.yml	schedule	2026-09-21T23:14:59Z	2026-09-21T23:14:59Z	2026-09-21T23:15:59Z	completed	success
35662905671	Deploy GitHub Pages	.github/workflows/pages-deploy.yml	workflow_run	2026-09-21T22:29:09Z	2026-09-21T22:29:09Z	2026-09-21T22:30:29Z	completed	success
35661012385	NRT Monitor — alerta si fallan 3+ corridas	.github/workflows/nrt-monitor.yml	schedule	2026-09-21T22:07:26Z	2026-09-21T22:07:26Z	2026-09-21T22:07:34Z	completed	success
35658783786	NRT VRP Pipeline (both profiles)	.github/workflows/nrt.yml	schedule	2026-09-21T21:43:08Z	2026-09-21T21:43:08Z	2026-09-21T22:29:07Z	completed	success
35648804271	A/B S146: sin el Test 1 integrado en el ROI (tres brazos, once Tier A, tres sensores)	.github/workflows/reproc-s146-ab-sin-test1.yml	workflow_dispatch	2026-09-21T20:04:42Z	2026-09-21T20:04:42Z	2026-09-22T01:21:44Z	completed	failure
35648768378	NRT Retry (NASA recovery)	.github/workflows/nrt-retry.yml	schedule	2026-09-21T20:04:19Z	2026-09-21T20:04:19Z	2026-09-21T20:04:26Z	completed	success
35646758958	Deploy GitHub Pages	.github/workflows/pages-deploy.yml	schedule	2026-09-21T19:44:58Z	2026-09-21T19:44:58Z	2026-09-21T19:46:31Z	completed	success
35645243256	Reproc watchdog — avisa si un reproceso muere o se cuelga	.github/workflows/reproc-watchdog.yml	schedule	2026-09-21T19:30:28Z	2026-09-21T19:30:28Z	2026-09-21T19:30:40Z	completed	success
35644726617	.github/workflows/sync-mirova-csv.yml	.github/workflows/sync-mirova-csv.yml	schedule	2026-09-21T19:25:33Z	2026-09-21T19:25:33Z	2026-09-21T19:27:08Z	completed	success
35639417826	A/B S146: sin el Test 1 integrado en el ROI (tres brazos, once Tier A, tres sensores)	.github/workflows/reproc-s146-ab-sin-test1.yml	workflow_dispatch	2026-09-21T18:36:01Z	2026-09-21T18:36:01Z	2026-09-22T00:16:22Z	completed	failure
35638808822	Tests	.github/workflows/tests.yml	push	2026-09-21T18:30:23Z	2026-09-21T18:30:23Z	2026-09-21T18:33:08Z	completed	success
35638483685	Tests	.github/workflows/tests.yml	pull_request	2026-09-21T18:27:20Z	2026-09-21T18:27:20Z	2026-09-21T18:29:47Z	completed	success
35638111809	Tests	.github/workflows/tests.yml	pull_request	2026-09-21T18:23:52Z	2026-09-21T18:23:52Z	2026-09-21T18:26:39Z	completed	failure
35635211723	Tests	.github/workflows/tests.yml	push	2026-09-21T17:56:49Z	2026-09-21T17:56:49Z	2026-09-21T17:59:42Z	completed	success
35634846077	Tests	.github/workflows/tests.yml	pull_request	2026-09-21T17:53:18Z	2026-09-21T17:53:18Z	2026-09-21T17:56:14Z	completed	success
35634477951	Tests	.github/workflows/tests.yml	pull_request	2026-09-21T17:49:46Z	2026-09-21T17:49:46Z	2026-09-21T17:52:56Z	completed	success
35634258865	Tests	.github/workflows/tests.yml	pull_request	2026-09-21T17:47:39Z	2026-09-21T17:47:39Z	2026-09-21T17:50:05Z	completed	cancelled
35634191766	Tests	.github/workflows/tests.yml	pull_request	2026-09-21T17:47:00Z	2026-09-21T17:47:00Z	2026-09-21T17:48:33Z	completed	cancelled
35632736532	A/B S146: sin el Test 1 integrado en el ROI (tres brazos, once Tier A, tres sensores)	.github/workflows/reproc-s146-ab-sin-test1.yml	workflow_dispatch	2026-09-21T17:33:10Z	2026-09-21T17:33:10Z	2026-09-21T19:40:54Z	completed	failure
35631361688	NRT Healthcheck (Tier A staleness)	.github/workflows/nrt-healthcheck.yml	schedule	2026-09-21T17:20:16Z	2026-09-21T17:20:16Z	2026-09-21T17:21:30Z	completed	success
35629390773	Deploy GitHub Pages	.github/workflows/pages-deploy.yml	workflow_run	2026-09-21T17:02:02Z	2026-09-21T17:02:02Z	2026-09-21T17:04:24Z	completed	success
35628194602	Tests	.github/workflows/tests.yml	push	2026-09-21T16:50:45Z	2026-09-21T16:50:45Z	2026-09-21T16:53:54Z	completed	success
35627849829	Tests	.github/workflows/tests.yml	pull_request	2026-09-21T16:47:29Z	2026-09-21T16:47:29Z	2026-09-21T16:50:02Z	completed	success
35624100071	NRT VRP Pipeline (both profiles)	.github/workflows/nrt.yml	schedule	2026-09-21T16:12:20Z	2026-09-21T16:12:20Z	2026-09-21T17:02:00Z	completed	success
35620906506	Auto-audit semanal paridad MIROVA	.github/workflows/audit-weekly.yml	schedule	2026-09-21T15:43:47Z	2026-09-21T15:43:47Z	2026-09-21T15:45:01Z	completed	success
35616731585	Tests	.github/workflows/tests.yml	push	2026-09-21T15:06:57Z	2026-09-21T15:06:57Z	2026-09-21T15:10:00Z	completed	success
35616225957	Tests	.github/workflows/tests.yml	pull_request	2026-09-21T15:02:36Z	2026-09-21T15:02:36Z	2026-09-21T15:05:28Z	completed	success
35615953356	Tests	.github/workflows/tests.yml	push	2026-09-21T15:00:14Z	2026-09-21T15:00:14Z	2026-09-21T15:03:22Z	completed	success
35615596907	Tests	.github/workflows/tests.yml	pull_request	2026-09-21T14:56:57Z	2026-09-21T14:56:57Z	2026-09-21T14:59:31Z	completed	success
35615586334	Tests	.github/workflows/tests.yml	push	2026-09-21T14:56:52Z	2026-09-21T14:56:52Z	2026-09-21T14:59:50Z	completed	success
35615157280	Tests	.github/workflows/tests.yml	pull_request	2026-09-21T14:53:06Z	2026-09-21T14:53:06Z	2026-09-21T14:56:13Z	completed	success
35614355077	Tests	.github/workflows/tests.yml	pull_request	2026-09-21T14:45:57Z	2026-09-21T14:45:57Z	2026-09-21T14:48:46Z	completed	failure
35611914415	NRT Retry (NASA recovery)	.github/workflows/nrt-retry.yml	schedule	2026-09-21T14:24:12Z	2026-09-21T14:24:12Z	2026-09-21T14:24:18Z	completed	success
35610620763	Reproc watchdog — avisa si un reproceso muere o se cuelga	.github/workflows/reproc-watchdog.yml	schedule	2026-09-21T14:12:44Z	2026-09-21T14:12:44Z	2026-09-21T14:12:57Z	completed	success
35609816841	.github/workflows/sync-mirova-csv.yml	.github/workflows/sync-mirova-csv.yml	schedule	2026-09-21T14:05:38Z	2026-09-21T14:05:38Z	2026-09-21T14:06:48Z	completed	success
35608385386	Tests	.github/workflows/tests.yml	push	2026-09-21T13:52:20Z	2026-09-21T13:52:20Z	2026-09-21T13:55:08Z	completed	success
35608043143	Tests	.github/workflows/tests.yml	pull_request	2026-09-21T13:49:04Z	2026-09-21T13:49:04Z	2026-09-21T13:51:57Z	completed	success
35605304470	Deploy GitHub Pages	.github/workflows/pages-deploy.yml	schedule	2026-09-21T13:23:28Z	2026-09-21T13:23:28Z	2026-09-21T13:25:06Z	completed	success
35604014417	NRT Monitor — alerta si fallan 3+ corridas	.github/workflows/nrt-monitor.yml	schedule	2026-09-21T13:11:31Z	2026-09-21T13:11:31Z	2026-09-21T13:11:39Z	completed	success
35601622425	Tests	.github/workflows/tests.yml	push	2026-09-21T12:47:50Z	2026-09-21T12:47:50Z	2026-09-21T12:50:30Z	completed	success
35601302246	Tests	.github/workflows/tests.yml	pull_request	2026-09-21T12:44:36Z	2026-09-21T12:44:36Z	2026-09-21T12:47:19Z	completed	success
35601236608	Tests	.github/workflows/tests.yml	push	2026-09-21T12:43:55Z	2026-09-21T12:43:55Z	2026-09-21T12:46:36Z	completed	success
35600973719	Tests	.github/workflows/tests.yml	pull_request	2026-09-21T12:41:12Z	2026-09-21T12:41:12Z	2026-09-21T12:43:38Z	completed	success
35599941522	A/B S146: sin el Test 1 integrado en el ROI (tres brazos, once Tier A, tres sensores)	.github/workflows/reproc-s146-ab-sin-test1.yml	workflow_dispatch	2026-09-21T12:30:34Z	2026-09-21T12:30:34Z	2026-09-21T18:32:10Z	completed	failure
35599902448	A/B S146: sin el Test 1 integrado en el ROI (tres brazos, once Tier A, tres sensores)	.github/workflows/reproc-s146-ab-sin-test1.yml	workflow_dispatch	2026-09-21T12:30:12Z	2026-09-21T12:30:12Z	2026-09-21T17:32:40Z	completed	success
35599685139	Tests	.github/workflows/tests.yml	push	2026-09-21T12:27:54Z	2026-09-21T12:27:54Z	2026-09-21T12:30:24Z	completed	success
35597855435	Tests	.github/workflows/tests.yml	push	2026-09-21T12:08:58Z	2026-09-21T12:08:58Z	2026-09-21T12:11:53Z	completed	success
35597527070	Tests	.github/workflows/tests.yml	pull_request	2026-09-21T12:05:27Z	2026-09-21T12:05:27Z	2026-09-21T12:08:12Z	completed	success
35596946557	Tests	.github/workflows/tests.yml	push	2026-09-21T11:59:08Z	2026-09-21T11:59:08Z	2026-09-21T12:01:38Z	completed	success
35596886345	Tests	.github/workflows/tests.yml	push	2026-09-21T11:58:26Z	2026-09-21T11:58:26Z	2026-09-21T11:59:16Z	completed	cancelled
35596586891	Tests	.github/workflows/tests.yml	pull_request	2026-09-21T11:55:00Z	2026-09-21T11:55:00Z	2026-09-21T11:57:45Z	completed	success
35595820335	Tests	.github/workflows/tests.yml	pull_request	2026-09-21T11:46:06Z	2026-09-21T11:46:06Z	2026-09-21T11:48:59Z	completed	success
35595075561	Tests	.github/workflows/tests.yml	push	2026-09-21T11:37:48Z	2026-09-21T11:37:48Z	2026-09-21T11:40:39Z	completed	success
35594790849	Tests	.github/workflows/tests.yml	pull_request	2026-09-21T11:34:39Z	2026-09-21T11:34:39Z	2026-09-21T11:37:22Z	completed	success
35594757298	Tests	.github/workflows/tests.yml	pull_request	2026-09-21T11:34:18Z	2026-09-21T11:34:18Z	2026-09-21T11:36:41Z	completed	success
35590468941	Deploy GitHub Pages	.github/workflows/pages-deploy.yml	workflow_run	2026-09-21T10:45:47Z	2026-09-21T10:45:47Z	2026-09-21T10:47:27Z	completed	success
35586840458	Deploy GitHub Pages	.github/workflows/pages-deploy.yml	workflow_run	2026-09-21T10:05:24Z	2026-09-21T10:05:24Z	2026-09-21T10:07:04Z	completed	success
35584286964	NRT VRP Pipeline (both profiles)	.github/workflows/nrt.yml	schedule	2026-09-21T09:36:56Z	2026-09-21T09:36:56Z	2026-09-21T10:45:46Z	completed	success
35583801605	Tests	.github/workflows/tests.yml	push	2026-09-21T09:31:40Z	2026-09-21T09:31:40Z	2026-09-21T09:34:36Z	completed	success
35583490765	Tests	.github/workflows/tests.yml	pull_request	2026-09-21T09:28:30Z	2026-09-21T09:28:30Z	2026-09-21T09:30:55Z	completed	success
35583101154	NRT VRP Pipeline (both profiles)	.github/workflows/nrt.yml	workflow_dispatch	2026-09-21T09:24:29Z	2026-09-21T09:24:29Z	2026-09-21T10:05:22Z	completed	success
35579540007	Tests	.github/workflows/tests.yml	push	2026-09-21T08:45:09Z	2026-09-21T08:45:09Z	2026-09-21T08:47:57Z	completed	success
35579273240	Tests	.github/workflows/tests.yml	pull_request	2026-09-21T08:42:07Z	2026-09-21T08:42:07Z	2026-09-21T08:44:53Z	completed	success
35578469136	Tests	.github/workflows/tests.yml	pull_request	2026-09-21T08:32:54Z	2026-09-21T08:32:54Z	2026-09-21T08:35:46Z	completed	success
35574612731	Tests	.github/workflows/tests.yml	push	2026-09-21T07:47:14Z	2026-09-21T07:47:14Z	2026-09-21T07:50:17Z	completed	success
35574320452	Tests	.github/workflows/tests.yml	pull_request	2026-09-21T07:43:37Z	2026-09-21T07:43:37Z	2026-09-21T07:46:54Z	completed	success
35573590950	Tests	.github/workflows/tests.yml	push	2026-09-21T07:34:24Z	2026-09-21T07:34:24Z	2026-09-21T07:37:11Z	completed	success
35573354123	Tests	.github/workflows/tests.yml	pull_request	2026-09-21T07:31:19Z	2026-09-21T07:31:19Z	2026-09-21T07:34:10Z	completed	success
35572961810	A/B S146: sin el Test 1 integrado en el ROI (tres brazos, once Tier A, tres sensores)	.github/workflows/reproc-s146-ab-sin-test1.yml	workflow_dispatch	2026-09-21T07:26:22Z	2026-09-21T07:26:22Z	2026-09-21T08:41:15Z	completed	success
35569590032	NRT Retry (NASA recovery)	.github/workflows/nrt-retry.yml	schedule	2026-09-21T06:41:57Z	2026-09-21T06:41:57Z	2026-09-21T06:42:03Z	completed	success
35568296957	Reproc watchdog — avisa si un reproceso muere o se cuelga	.github/workflows/reproc-watchdog.yml	schedule	2026-09-21T06:23:49Z	2026-09-21T06:23:49Z	2026-09-21T06:24:34Z	completed	success
35567894126	.github/workflows/sync-mirova-csv.yml	.github/workflows/sync-mirova-csv.yml	schedule	2026-09-21T06:18:28Z	2026-09-21T06:18:28Z	2026-09-21T06:19:35Z	completed	success
35564979968	Deploy GitHub Pages	.github/workflows/pages-deploy.yml	schedule	2026-09-21T05:33:44Z	2026-09-21T05:33:44Z	2026-09-21T05:35:23Z	completed	success
35564073476	NRT Monitor — alerta si fallan 3+ corridas	.github/workflows/nrt-monitor.yml	schedule	2026-09-21T05:17:59Z	2026-09-21T05:17:59Z	2026-09-21T05:18:06Z	completed	success
35563358538	Tests	.github/workflows/tests.yml	push	2026-09-21T05:06:38Z	2026-09-21T05:06:38Z	2026-09-21T05:09:12Z	completed	success
35563124432	Tests	.github/workflows/tests.yml	pull_request	2026-09-21T05:03:16Z	2026-09-21T05:03:16Z	2026-09-21T05:06:03Z	completed	success
35561342321	Tests	.github/workflows/tests.yml	push	2026-09-21T04:31:51Z	2026-09-21T04:31:51Z	2026-09-21T04:34:27Z	completed	success
35561135363	Tests	.github/workflows/tests.yml	pull_request	2026-09-21T04:28:47Z	2026-09-21T04:28:47Z	2026-09-21T04:31:28Z	completed	success
35560903108	Tests	.github/workflows/tests.yml	pull_request	2026-09-21T04:25:13Z	2026-09-21T04:25:13Z	2026-09-21T04:27:48Z	completed	failure
35560686714	Tests	.github/workflows/tests.yml	push	2026-09-21T04:21:48Z	2026-09-21T04:21:48Z	2026-09-21T04:24:24Z	completed	success
35560479862	Tests	.github/workflows/tests.yml	pull_request	2026-09-21T04:18:35Z	2026-09-21T04:18:35Z	2026-09-21T04:21:24Z	completed	success
35560388198	Tests	.github/workflows/tests.yml	push	2026-09-21T04:17:09Z	2026-09-21T04:17:09Z	2026-09-21T04:19:45Z	completed	success
35560191354	Tests	.github/workflows/tests.yml	pull_request	2026-09-21T04:14:00Z	2026-09-21T04:14:00Z	2026-09-21T04:16:45Z	completed	success
35559875930	Deploy GitHub Pages	.github/workflows/pages-deploy.yml	workflow_run	2026-09-21T04:08:26Z	2026-09-21T04:08:26Z	2026-09-21T04:10:03Z	completed	success
35558611711	Tests	.github/workflows/tests.yml	push	2026-09-21T03:45:41Z	2026-09-21T03:45:41Z	2026-09-21T03:47:59Z	completed	success
35558461379	Tests	.github/workflows/tests.yml	pull_request	2026-09-21T03:43:05Z	2026-09-21T03:43:05Z	2026-09-21T03:45:32Z	completed	success
35558196104	A/B S146: sin el Test 1 integrado en el ROI (tres brazos, once Tier A, tres sensores)	.github/workflows/reproc-s146-ab-sin-test1.yml	workflow_dispatch	2026-09-21T03:38:17Z	2026-09-21T03:38:17Z	2026-09-21T07:43:10Z	completed	failure
35557602206	NRT VRP Pipeline (both profiles)	.github/workflows/nrt.yml	schedule	2026-09-21T03:27:52Z	2026-09-21T03:27:52Z	2026-09-21T04:08:24Z	completed	success
35550503762	NRT Retry (NASA recovery)	.github/workflows/nrt-retry.yml	schedule	2026-09-21T01:18:58Z	2026-09-21T01:18:58Z	2026-09-21T01:19:05Z	completed	success
35550225134	Tests	.github/workflows/tests.yml	push	2026-09-21T01:13:59Z	2026-09-21T01:13:59Z	2026-09-21T01:16:27Z	completed	success
35550070903	Tests	.github/workflows/tests.yml	pull_request	2026-09-21T01:11:17Z	2026-09-21T01:11:17Z	2026-09-21T01:13:49Z	completed	success
35549920033	Reproc watchdog — avisa si un reproceso muere o se cuelga	.github/workflows/reproc-watchdog.yml	schedule	2026-09-21T01:08:40Z	2026-09-21T01:08:40Z	2026-09-21T01:08:49Z	completed	success
35549628757	.github/workflows/sync-mirova-csv.yml	.github/workflows/sync-mirova-csv.yml	schedule	2026-09-21T01:03:14Z	2026-09-21T01:03:14Z	2026-09-21T01:04:07Z	completed	success
35548881413	Tests	.github/workflows/tests.yml	push	2026-09-21T00:49:02Z	2026-09-21T00:49:02Z	2026-09-21T00:51:29Z	completed	success
35548739761	Tests	.github/workflows/tests.yml	pull_request	2026-09-21T00:46:09Z	2026-09-21T00:46:09Z	2026-09-21T00:48:54Z	completed	success
35548604513	A/B S146: sin el Test 1 integrado en el ROI (tres brazos, once Tier A, tres sensores)	.github/workflows/reproc-s146-ab-sin-test1.yml	workflow_dispatch	2026-09-21T00:43:38Z	2026-09-21T00:43:38Z	2026-09-21T06:42:21Z	completed	failure
35548593858	Tests	.github/workflows/tests.yml	push	2026-09-21T00:43:28Z	2026-09-21T00:43:28Z	2026-09-21T00:45:54Z	completed	success
35548471529	Tests	.github/workflows/tests.yml	pull_request	2026-09-21T00:41:08Z	2026-09-21T00:41:08Z	2026-09-21T00:43:20Z	completed	success
35548123745	Deploy GitHub Pages	.github/workflows/pages-deploy.yml	schedule	2026-09-21T00:34:25Z	2026-09-21T00:34:25Z	2026-09-21T00:35:37Z	completed	success
35548121381	A/B S146: sin el Test 1 integrado en el ROI (tres brazos, once Tier A, tres sensores)	.github/workflows/reproc-s146-ab-sin-test1.yml	workflow_dispatch	2026-09-21T00:34:22Z	2026-09-21T00:34:22Z	2026-09-21T03:34:36Z	completed	failure
35548111006	Tests	.github/workflows/tests.yml	push	2026-09-21T00:34:11Z	2026-09-21T00:34:11Z	2026-09-21T00:36:37Z	completed	success
35548023352	Deploy GitHub Pages	.github/workflows/pages-deploy.yml	workflow_run	2026-09-21T00:32:30Z	2026-09-21T00:32:30Z	2026-09-21T00:33:46Z	completed	success
35547985212	Tests	.github/workflows/tests.yml	pull_request	2026-09-21T00:31:45Z	2026-09-21T00:31:45Z	2026-09-21T00:34:06Z	completed	success
35545849794	NRT VRP Pipeline (both profiles)	.github/workflows/nrt.yml	schedule	2026-09-20T23:51:05Z	2026-09-20T23:51:05Z	2026-09-21T00:32:29Z	completed	success
35545606435	Tests	.github/workflows/tests.yml	push	2026-09-20T23:46:00Z	2026-09-20T23:46:00Z	2026-09-20T23:48:32Z	completed	success
35545477951	Tests	.github/workflows/tests.yml	pull_request	2026-09-20T23:43:20Z	2026-09-20T23:43:20Z	2026-09-20T23:45:49Z	completed	success
35544849008	Tests	.github/workflows/tests.yml	push	2026-09-20T23:30:31Z	2026-09-20T23:30:31Z	2026-09-20T23:32:54Z	completed	success
35544711939	Tests	.github/workflows/tests.yml	pull_request	2026-09-20T23:27:42Z	2026-09-20T23:27:42Z	2026-09-20T23:30:08Z	completed	success
35544333972	NRT Retry (NASA recovery)	.github/workflows/nrt-retry.yml	schedule	2026-09-20T23:20:07Z	2026-09-20T23:20:07Z	2026-09-20T23:20:14Z	completed	success
35542564291	Deploy GitHub Pages	.github/workflows/pages-deploy.yml	schedule	2026-09-20T22:44:12Z	2026-09-20T22:44:12Z	2026-09-20T22:45:28Z	completed	success
35541768164	Reproc watchdog — avisa si un reproceso muere o se cuelga	.github/workflows/reproc-watchdog.yml	schedule	2026-09-20T22:27:56Z	2026-09-20T22:27:56Z	2026-09-20T22:28:06Z	completed	success
35541629254	.github/workflows/sync-mirova-csv.yml	.github/workflows/sync-mirova-csv.yml	schedule	2026-09-20T22:25:12Z	2026-09-20T22:25:12Z	2026-09-20T22:26:00Z	completed	success
35537346653	Deploy GitHub Pages	.github/workflows/pages-deploy.yml	workflow_run	2026-09-20T21:00:53Z	2026-09-20T21:00:53Z	2026-09-20T21:02:29Z	completed	success
35537278875	NRT Monitor — alerta si fallan 3+ corridas	.github/workflows/nrt-monitor.yml	schedule	2026-09-20T20:59:44Z	2026-09-20T20:59:44Z	2026-09-20T20:59:52Z	completed	success
35537031238	Tests	.github/workflows/tests.yml	push	2026-09-20T20:54:37Z	2026-09-20T20:54:37Z	2026-09-20T20:57:08Z	completed	success
35536900487	Tests	.github/workflows/tests.yml	pull_request	2026-09-20T20:51:59Z	2026-09-20T20:51:59Z	2026-09-20T20:54:24Z	completed	success
35536752966	A/B S146: sin el Test 1 integrado en el ROI (tres brazos, once Tier A, tres sensores)	.github/workflows/reproc-s146-ab-sin-test1.yml	workflow_dispatch	2026-09-20T20:49:12Z	2026-09-20T20:49:12Z	2026-09-20T21:39:41Z	completed	failure
35536700253	Tests	.github/workflows/tests.yml	push	2026-09-20T20:48:12Z	2026-09-20T20:48:12Z	2026-09-20T20:50:42Z	completed	success
35536568257	Tests	.github/workflows/tests.yml	pull_request	2026-09-20T20:45:36Z	2026-09-20T20:45:36Z	2026-09-20T20:48:04Z	completed	success
35535299657	NRT VRP Pipeline (both profiles)	.github/workflows/nrt.yml	schedule	2026-09-20T20:21:47Z	2026-09-20T20:21:47Z	2026-09-20T21:00:51Z	completed	success
35532803930	NRT Retry (NASA recovery)	.github/workflows/nrt-retry.yml	schedule	2026-09-20T19:35:37Z	2026-09-20T19:35:37Z	2026-09-20T19:35:44Z	completed	success
35532387737	Reproc watchdog — avisa si un reproceso muere o se cuelga	.github/workflows/reproc-watchdog.yml	schedule	2026-09-20T19:28:00Z	2026-09-20T19:28:00Z	2026-09-20T19:28:43Z	completed	success
35532297457	.github/workflows/sync-mirova-csv.yml	.github/workflows/sync-mirova-csv.yml	schedule	2026-09-20T19:26:16Z	2026-09-20T19:26:16Z	2026-09-20T19:27:05Z	completed	success
35531137460	Deploy GitHub Pages	.github/workflows/pages-deploy.yml	schedule	2026-09-20T19:05:09Z	2026-09-20T19:05:09Z	2026-09-20T19:06:24Z	completed	success
35527804296	Deploy GitHub Pages	.github/workflows/pages-deploy.yml	workflow_run	2026-09-20T18:03:06Z	2026-09-20T18:03:06Z	2026-09-20T18:04:26Z	completed	success
35525564049	NRT VRP Pipeline (both profiles)	.github/workflows/nrt.yml	schedule	2026-09-20T17:20:43Z	2026-09-20T17:20:43Z	2026-09-20T18:03:04Z	completed	success
35524188702	NRT Retry (NASA recovery)	.github/workflows/nrt-retry.yml	schedule	2026-09-20T16:54:46Z	2026-09-20T16:54:46Z	2026-09-20T16:54:54Z	completed	success
35523917755	Reproc watchdog — avisa si un reproceso muere o se cuelga	.github/workflows/reproc-watchdog.yml	schedule	2026-09-20T16:49:30Z	2026-09-20T16:49:30Z	2026-09-20T16:49:40Z	completed	success
35523785323	.github/workflows/sync-mirova-csv.yml	.github/workflows/sync-mirova-csv.yml	schedule	2026-09-20T16:46:58Z	2026-09-20T16:46:58Z	2026-09-20T16:47:45Z	completed	success
35522966596	Deploy GitHub Pages	.github/workflows/pages-deploy.yml	schedule	2026-09-20T16:31:07Z	2026-09-20T16:31:07Z	2026-09-20T16:32:23Z	completed	success
35522559821	NRT Monitor — alerta si fallan 3+ corridas	.github/workflows/nrt-monitor.yml	schedule	2026-09-20T16:23:26Z	2026-09-20T16:23:26Z	2026-09-20T16:23:32Z	completed	success
35522098656	Deploy GitHub Pages	.github/workflows/pages-deploy.yml	push	2026-09-20T16:14:41Z	2026-09-20T16:14:41Z	2026-09-20T16:15:56Z	completed	success
35522098646	Tests	.github/workflows/tests.yml	push	2026-09-20T16:14:41Z	2026-09-20T16:14:41Z	2026-09-20T16:16:55Z	completed	success
35521965936	Tests	.github/workflows/tests.yml	pull_request	2026-09-20T16:12:12Z	2026-09-20T16:12:12Z	2026-09-20T16:14:23Z	completed	success
35521542153	A/B S146: sin el Test 1 integrado en el ROI (tres brazos, once Tier A, tres sensores)	.github/workflows/reproc-s146-ab-sin-test1.yml	workflow_dispatch	2026-09-20T16:04:19Z	2026-09-20T16:04:19Z	2026-09-20T20:44:30Z	completed	failure
35521505454	Tests	.github/workflows/tests.yml	push	2026-09-20T16:03:38Z	2026-09-20T16:03:38Z	2026-09-20T16:06:20Z	completed	success
35521316583	Tests	.github/workflows/tests.yml	pull_request	2026-09-20T16:00:14Z	2026-09-20T16:00:14Z	2026-09-20T16:03:18Z	completed	success
35518523090	Probe S146 bateria Apendice A (todos los brazos, cumulos y pixeles)	.github/workflows/probe-s146-bateria-apendice.yml	workflow_dispatch	2026-09-20T15:06:15Z	2026-09-20T15:06:15Z	2026-09-20T15:20:18Z	completed	success
35518292130	NRT Healthcheck (Tier A staleness)	.github/workflows/nrt-healthcheck.yml	schedule	2026-09-20T15:01:54Z	2026-09-20T15:01:54Z	2026-09-20T15:02:51Z	completed	success
35518142182	Tests	.github/workflows/tests.yml	push	2026-09-20T14:59:13Z	2026-09-20T14:59:13Z	2026-09-20T15:01:27Z	completed	success
35518036108	Tests	.github/workflows/tests.yml	pull_request	2026-09-20T14:57:00Z	2026-09-20T14:57:00Z	2026-09-20T14:59:05Z	completed	success
35517054678	Deploy GitHub Pages	.github/workflows/pages-deploy.yml	workflow_run	2026-09-20T14:37:28Z	2026-09-20T14:37:28Z	2026-09-20T14:38:43Z	completed	success
35514992723	NRT VRP Pipeline (both profiles)	.github/workflows/nrt.yml	schedule	2026-09-20T13:57:04Z	2026-09-20T13:57:04Z	2026-09-20T14:37:26Z	completed	success
35511176445	Tests	.github/workflows/tests.yml	push	2026-09-20T12:38:04Z	2026-09-20T12:38:04Z	2026-09-20T12:40:27Z	completed	success
35511057041	Tests	.github/workflows/tests.yml	pull_request	2026-09-20T12:35:32Z	2026-09-20T12:35:32Z	2026-09-20T12:37:46Z	completed	success
35510888454	Tests	.github/workflows/tests.yml	pull_request	2026-09-20T12:32:00Z	2026-09-20T12:32:00Z	2026-09-20T12:34:04Z	completed	failure
35510873860	NRT Retry (NASA recovery)	.github/workflows/nrt-retry.yml	schedule	2026-09-20T12:31:42Z	2026-09-20T12:31:42Z	2026-09-20T12:31:49Z	completed	success
35510528198	Reproc watchdog — avisa si un reproceso muere o se cuelga	.github/workflows/reproc-watchdog.yml	schedule	2026-09-20T12:24:37Z	2026-09-20T12:24:37Z	2026-09-20T12:24:45Z	completed	success
35510317061	.github/workflows/sync-mirova-csv.yml	.github/workflows/sync-mirova-csv.yml	schedule	2026-09-20T12:20:12Z	2026-09-20T12:20:12Z	2026-09-20T12:20:59Z	completed	success
35509906878	Tests	.github/workflows/tests.yml	push	2026-09-20T12:11:23Z	2026-09-20T12:11:23Z	2026-09-20T12:13:29Z	completed	success
35509249128	Tests	.github/workflows/tests.yml	pull_request	2026-09-20T11:57:20Z	2026-09-20T11:57:20Z	2026-09-20T11:59:43Z	completed	success
35509089641	Tests	.github/workflows/tests.yml	pull_request	2026-09-20T11:53:47Z	2026-09-20T11:53:47Z	2026-09-20T11:55:53Z	completed	success
35508983641	Deploy GitHub Pages	.github/workflows/pages-deploy.yml	schedule	2026-09-20T11:51:26Z	2026-09-20T11:51:26Z	2026-09-20T11:52:39Z	completed	success
35508766538	Tests	.github/workflows/tests.yml	push	2026-09-20T11:46:36Z	2026-09-20T11:46:36Z	2026-09-20T11:48:44Z	completed	success
35508646713	Tests	.github/workflows/tests.yml	pull_request	2026-09-20T11:44:02Z	2026-09-20T11:44:02Z	2026-09-20T11:46:22Z	completed	success
35508621832	NRT Monitor — alerta si fallan 3+ corridas	.github/workflows/nrt-monitor.yml	schedule	2026-09-20T11:43:28Z	2026-09-20T11:43:28Z	2026-09-20T11:43:34Z	completed	success
35507517910	.github/workflows/sync-mirova-csv.yml	.github/workflows/sync-mirova-csv.yml	workflow_dispatch	2026-09-20T11:19:46Z	2026-09-20T11:19:46Z	2026-09-20T11:20:32Z	completed	success
35507516244	Probe S146 bateria Apendice A (todos los brazos, cumulos y pixeles)	.github/workflows/probe-s146-bateria-apendice.yml	workflow_dispatch	2026-09-20T11:19:44Z	2026-09-20T11:19:44Z	2026-09-20T11:56:54Z	completed	cancelled
35507512490	Deploy GitHub Pages	.github/workflows/pages-deploy.yml	push	2026-09-20T11:19:38Z	2026-09-20T11:19:38Z	2026-09-20T11:21:00Z	completed	success
35507512495	Tests	.github/workflows/tests.yml	push	2026-09-20T11:19:38Z	2026-09-20T11:19:38Z	2026-09-20T11:22:09Z	completed	success
35507367338	Tests	.github/workflows/tests.yml	pull_request	2026-09-20T11:16:25Z	2026-09-20T11:16:25Z	2026-09-20T11:18:54Z	completed	success
35503356377	Tests	.github/workflows/tests.yml	push	2026-09-20T09:49:12Z	2026-09-20T09:49:12Z	2026-09-20T09:51:37Z	completed	success
35503254302	Deploy GitHub Pages	.github/workflows/pages-deploy.yml	workflow_run	2026-09-20T09:46:57Z	2026-09-20T09:46:57Z	2026-09-20T09:48:09Z	completed	success
35501776763	Deploy GitHub Pages	.github/workflows/pages-deploy.yml	push	2026-09-20T09:14:56Z	2026-09-20T09:14:56Z	2026-09-20T09:16:25Z	completed	success
35501776783	Tests	.github/workflows/tests.yml	push	2026-09-20T09:14:56Z	2026-09-20T09:14:56Z	2026-09-20T09:17:31Z	completed	success
35501623068	Tests	.github/workflows/tests.yml	pull_request	2026-09-20T09:11:34Z	2026-09-20T09:11:34Z	2026-09-20T09:14:23Z	completed	success
35501310002	NRT VRP Pipeline (both profiles)	.github/workflows/nrt.yml	schedule	2026-09-20T09:04:44Z	2026-09-20T09:04:44Z	2026-09-20T09:46:55Z	completed	success
35494621409	NRT Retry (NASA recovery)	.github/workflows/nrt-retry.yml	schedule	2026-09-20T06:35:22Z	2026-09-20T06:35:22Z	2026-09-20T06:35:30Z	completed	success
35493963357	Reproc watchdog — avisa si un reproceso muere o se cuelga	.github/workflows/reproc-watchdog.yml	schedule	2026-09-20T06:20:16Z	2026-09-20T06:20:16Z	2026-09-20T06:20:26Z	completed	success
35493906708	Tests	.github/workflows/tests.yml	push	2026-09-20T06:18:57Z	2026-09-20T06:18:57Z	2026-09-20T06:21:03Z	completed	success
35493658043	.github/workflows/sync-mirova-csv.yml	.github/workflows/sync-mirova-csv.yml	schedule	2026-09-20T06:13:17Z	2026-09-20T06:13:17Z	2026-09-20T06:14:15Z	completed	success
35493544242	Tests	.github/workflows/tests.yml	push	2026-09-20T06:10:34Z	2026-09-20T06:10:34Z	2026-09-20T06:13:01Z	completed	success
35493432677	Tests	.github/workflows/tests.yml	pull_request	2026-09-20T06:07:58Z	2026-09-20T06:07:58Z	2026-09-20T06:10:09Z	completed	success
35491765155	Deploy GitHub Pages	.github/workflows/pages-deploy.yml	schedule	2026-09-20T05:28:28Z	2026-09-20T05:28:28Z	2026-09-20T05:29:56Z	completed	success
35491188010	NRT Monitor — alerta si fallan 3+ corridas	.github/workflows/nrt-monitor.yml	schedule	2026-09-20T05:15:00Z	2026-09-20T05:15:00Z	2026-09-20T05:15:07Z	completed	success
35489965148	Tests	.github/workflows/tests.yml	push	2026-09-20T04:46:03Z	2026-09-20T04:46:03Z	2026-09-20T04:48:09Z	completed	success
35489843544	Tests	.github/workflows/tests.yml	pull_request	2026-09-20T04:43:09Z	2026-09-20T04:43:09Z	2026-09-20T04:45:36Z	completed	success
35488929923	Tests	.github/workflows/tests.yml	push	2026-09-20T04:21:19Z	2026-09-20T04:21:19Z	2026-09-20T04:24:01Z	completed	success
35488796370	Tests	.github/workflows/tests.yml	pull_request	2026-09-20T04:18:07Z	2026-09-20T04:18:07Z	2026-09-20T04:20:55Z	completed	success
35488753989	Tests	.github/workflows/tests.yml	pull_request	2026-09-20T04:17:05Z	2026-09-20T04:17:05Z	2026-09-20T04:18:23Z	completed	cancelled
35488511540	Deploy GitHub Pages	.github/workflows/pages-deploy.yml	workflow_run	2026-09-20T04:11:31Z	2026-09-20T04:11:31Z	2026-09-20T04:13:06Z	completed	success
35486868170	NRT VRP Pipeline (both profiles)	.github/workflows/nrt.yml	schedule	2026-09-20T03:33:09Z	2026-09-20T03:33:09Z	2026-09-20T04:11:29Z	completed	success
35485453565	Tests	.github/workflows/tests.yml	push	2026-09-20T03:00:34Z	2026-09-20T03:00:34Z	2026-09-20T03:03:04Z	completed	success
35482526916	Tests	.github/workflows/tests.yml	push	2026-09-20T01:52:55Z	2026-09-20T01:52:55Z	2026-09-20T01:55:36Z	completed	success
35482398791	Tests	.github/workflows/tests.yml	pull_request	2026-09-20T01:49:56Z	2026-09-20T01:49:56Z	2026-09-20T01:52:32Z	completed	success
35481137181	NRT Retry (NASA recovery)	.github/workflows/nrt-retry.yml	schedule	2026-09-20T01:20:24Z	2026-09-20T01:20:24Z	2026-09-20T01:20:33Z	completed	success
35480758830	Reproc watchdog — avisa si un reproceso muere o se cuelga	.github/workflows/reproc-watchdog.yml	schedule	2026-09-20T01:11:52Z	2026-09-20T01:11:52Z	2026-09-20T01:12:02Z	completed	success
35480510288	.github/workflows/sync-mirova-csv.yml	.github/workflows/sync-mirova-csv.yml	schedule	2026-09-20T01:06:12Z	2026-09-20T01:06:12Z	2026-09-20T01:07:12Z	completed	success
35479036450	Deploy GitHub Pages	.github/workflows/pages-deploy.yml	workflow_run	2026-09-20T00:32:20Z	2026-09-20T00:32:20Z	2026-09-20T00:33:37Z	completed	success
35478780944	Deploy GitHub Pages	.github/workflows/pages-deploy.yml	schedule	2026-09-20T00:26:35Z	2026-09-20T00:26:35Z	2026-09-20T00:28:00Z	completed	success
35477345366	NRT VRP Pipeline (both profiles)	.github/workflows/nrt.yml	schedule	2026-09-19T23:54:02Z	2026-09-19T23:54:02Z	2026-09-20T00:32:18Z	completed	success
35475290830	Reproc watchdog — avisa si un reproceso muere o se cuelga	.github/workflows/reproc-watchdog.yml	schedule	2026-09-19T23:08:47Z	2026-09-19T23:08:47Z	2026-09-19T23:08:59Z	completed	success
35474956034	.github/workflows/sync-mirova-csv.yml	.github/workflows/sync-mirova-csv.yml	schedule	2026-09-19T23:01:35Z	2026-09-19T23:01:35Z	2026-09-19T23:02:33Z	completed	success
35473577576	Deploy GitHub Pages	.github/workflows/pages-deploy.yml	schedule	2026-09-19T22:31:34Z	2026-09-19T22:31:34Z	2026-09-19T22:33:06Z	completed	success
35470874599	NRT Retry (NASA recovery)	.github/workflows/nrt-retry.yml	schedule	2026-09-19T21:35:39Z	2026-09-19T21:35:39Z	2026-09-19T21:35:44Z	completed	success
35468840771	NRT Monitor — alerta si fallan 3+ corridas	.github/workflows/nrt-monitor.yml	schedule	2026-09-19T20:55:00Z	2026-09-19T20:55:00Z	2026-09-19T20:55:09Z	completed	success
35468608886	Deploy GitHub Pages	.github/workflows/pages-deploy.yml	workflow_run	2026-09-19T20:50:17Z	2026-09-19T20:50:17Z	2026-09-19T20:51:49Z	completed	success
35468268321	Reproc watchdog — avisa si un reproceso muere o se cuelga	.github/workflows/reproc-watchdog.yml	schedule	2026-09-19T20:43:36Z	2026-09-19T20:43:36Z	2026-09-19T20:43:48Z	completed	success
35467948344	.github/workflows/sync-mirova-csv.yml	.github/workflows/sync-mirova-csv.yml	schedule	2026-09-19T20:37:17Z	2026-09-19T20:37:17Z	2026-09-19T20:51:21Z	completed	success
35466321310	NRT VRP Pipeline (both profiles)	.github/workflows/nrt.yml	schedule	2026-09-19T20:05:30Z	2026-09-19T20:05:30Z	2026-09-19T20:50:15Z	completed	success
35466132572	Tests	.github/workflows/tests.yml	push	2026-09-19T20:01:52Z	2026-09-19T20:01:52Z	2026-09-19T20:04:20Z	completed	success
35466001003	Tests	.github/workflows/tests.yml	pull_request	2026-09-19T19:59:24Z	2026-09-19T19:59:24Z	2026-09-19T20:01:30Z	completed	success
35464354378	NRT Retry (NASA recovery)	.github/workflows/nrt-retry.yml	schedule	2026-09-19T19:26:30Z	2026-09-19T19:26:30Z	2026-09-19T19:26:37Z	completed	success
35462937108	Deploy GitHub Pages	.github/workflows/pages-deploy.yml	schedule	2026-09-19T18:59:48Z	2026-09-19T18:59:48Z	2026-09-19T19:01:34Z	completed	success
35461153580	Tests	.github/workflows/tests.yml	push	2026-09-19T18:25:36Z	2026-09-19T18:25:36Z	2026-09-19T18:28:15Z	completed	success
35461007270	Tests	.github/workflows/tests.yml	pull_request	2026-09-19T18:22:53Z	2026-09-19T18:22:53Z	2026-09-19T18:25:28Z	completed	success
35459946877	Reproc watchdog — avisa si un reproceso muere o se cuelga	.github/workflows/reproc-watchdog.yml	schedule	2026-09-19T18:02:55Z	2026-09-19T18:02:55Z	2026-09-19T18:03:06Z	completed	success
35459754588	.github/workflows/sync-mirova-csv.yml	.github/workflows/sync-mirova-csv.yml	schedule	2026-09-19T17:59:25Z	2026-09-19T17:59:25Z	2026-09-19T18:00:29Z	completed	success
35458982748	Deploy GitHub Pages	.github/workflows/pages-deploy.yml	workflow_run	2026-09-19T17:43:48Z	2026-09-19T17:43:48Z	2026-09-19T17:45:22Z	completed	success
35456694029	NRT VRP Pipeline (both profiles)	.github/workflows/nrt.yml	schedule	2026-09-19T17:00:05Z	2026-09-19T17:00:05Z	2026-09-19T17:43:46Z	completed	success
35455872666	Tests	.github/workflows/tests.yml	push	2026-09-19T16:43:35Z	2026-09-19T16:43:35Z	2026-09-19T16:45:59Z	completed	success
35455733973	Tests	.github/workflows/tests.yml	pull_request	2026-09-19T16:40:52Z	2026-09-19T16:40:52Z	2026-09-19T16:43:21Z	completed	success
35455570831	NRT Retry (NASA recovery)	.github/workflows/nrt-retry.yml	schedule	2026-09-19T16:37:50Z	2026-09-19T16:37:50Z	2026-09-19T16:37:56Z	completed	success
35455100015	Tests	.github/workflows/tests.yml	push	2026-09-19T16:29:07Z	2026-09-19T16:29:07Z	2026-09-19T16:31:40Z	completed	success
35454955487	Tests	.github/workflows/tests.yml	pull_request	2026-09-19T16:26:23Z	2026-09-19T16:26:23Z	2026-09-19T16:29:00Z	completed	success
35453891881	Deploy GitHub Pages	.github/workflows/pages-deploy.yml	schedule	2026-09-19T16:06:31Z	2026-09-19T16:06:31Z	2026-09-19T16:08:03Z	completed	success
35453548415	NRT Monitor — alerta si fallan 3+ corridas	.github/workflows/nrt-monitor.yml	schedule	2026-09-19T16:00:14Z	2026-09-19T16:00:14Z	2026-09-19T16:00:22Z	completed	success
35450362196	NRT Healthcheck (Tier A staleness)	.github/workflows/nrt-healthcheck.yml	schedule	2026-09-19T14:58:45Z	2026-09-19T14:58:45Z	2026-09-19T14:59:52Z	completed	success
35449804356	A/B S143, D22 compuerta x D25 fondo por vecinos (VIIRS 375), literal + ablaciones	.github/workflows/reproc-s143-ab-d22d25.yml	workflow_dispatch	2026-09-19T14:47:25Z	2026-09-19T14:47:25Z	2026-09-19T16:10:32Z	completed	success
35448780335	Reproc watchdog — avisa si un reproceso muere o se cuelga	.github/workflows/reproc-watchdog.yml	schedule	2026-09-19T14:27:13Z	2026-09-19T14:27:13Z	2026-09-19T14:27:21Z	completed	success
35448634007	Deploy GitHub Pages	.github/workflows/pages-deploy.yml	workflow_run	2026-09-19T14:24:21Z	2026-09-19T14:24:21Z	2026-09-19T14:26:06Z	completed	success
35448581301	.github/workflows/sync-mirova-csv.yml	.github/workflows/sync-mirova-csv.yml	schedule	2026-09-19T14:23:18Z	2026-09-19T14:23:18Z	2026-09-19T14:25:24Z	completed	success
35446520303	NRT VRP Pipeline (both profiles)	.github/workflows/nrt.yml	schedule	2026-09-19T13:41:41Z	2026-09-19T13:41:41Z	2026-09-19T14:24:19Z	completed	success
35441567035	NRT Retry (NASA recovery)	.github/workflows/nrt-retry.yml	schedule	2026-09-19T11:58:56Z	2026-09-19T11:58:56Z	2026-09-19T11:59:03Z	completed	success
35440613485	Deploy GitHub Pages	.github/workflows/pages-deploy.yml	schedule	2026-09-19T11:37:20Z	2026-09-19T11:37:20Z	2026-09-19T11:38:43Z	completed	success
35439908609	NRT Monitor — alerta si fallan 3+ corridas	.github/workflows/nrt-monitor.yml	schedule	2026-09-19T11:21:54Z	2026-09-19T11:21:54Z	2026-09-19T11:22:02Z	completed	success
35439033791	Reproc watchdog — avisa si un reproceso muere o se cuelga	.github/workflows/reproc-watchdog.yml	schedule	2026-09-19T11:02:51Z	2026-09-19T11:02:51Z	2026-09-19T11:03:03Z	completed	success
35438705574	.github/workflows/sync-mirova-csv.yml	.github/workflows/sync-mirova-csv.yml	schedule	2026-09-19T10:55:25Z	2026-09-19T10:55:25Z	2026-09-19T10:56:18Z	completed	success
35434124295	Deploy GitHub Pages	.github/workflows/pages-deploy.yml	workflow_run	2026-09-19T09:13:54Z	2026-09-19T09:13:54Z	2026-09-19T09:15:11Z	completed	success
35432267929	NRT VRP Pipeline (both profiles)	.github/workflows/nrt.yml	schedule	2026-09-19T08:32:23Z	2026-09-19T08:32:23Z	2026-09-19T09:13:52Z	completed	success
35425951321	NRT Retry (NASA recovery)	.github/workflows/nrt-retry.yml	schedule	2026-09-19T06:11:50Z	2026-09-19T06:11:50Z	2026-09-19T06:11:55Z	completed	success
35425231228	Reproc watchdog — avisa si un reproceso muere o se cuelga	.github/workflows/reproc-watchdog.yml	schedule	2026-09-19T05:55:29Z	2026-09-19T05:55:29Z	2026-09-19T05:55:38Z	completed	success
35425054340	.github/workflows/sync-mirova-csv.yml	.github/workflows/sync-mirova-csv.yml	schedule	2026-09-19T05:51:14Z	2026-09-19T05:51:14Z	2026-09-19T05:52:21Z	completed	success
35423270729	Deploy GitHub Pages	.github/workflows/pages-deploy.yml	schedule	2026-09-19T05:11:05Z	2026-09-19T05:11:05Z	2026-09-19T05:12:25Z	completed	success
35422496963	NRT Monitor — alerta si fallan 3+ corridas	.github/workflows/nrt-monitor.yml	schedule	2026-09-19T04:53:35Z	2026-09-19T04:53:35Z	2026-09-19T04:53:41Z	completed	success
35419926961	Deploy GitHub Pages	.github/workflows/pages-deploy.yml	workflow_run	2026-09-19T03:56:00Z	2026-09-19T03:56:00Z	2026-09-19T03:57:30Z	completed	success
35418057393	NRT VRP Pipeline (both profiles)	.github/workflows/nrt.yml	schedule	2026-09-19T03:15:58Z	2026-09-19T03:15:58Z	2026-09-19T03:55:58Z	completed	success
35412444941	NRT Retry (NASA recovery)	.github/workflows/nrt-retry.yml	schedule	2026-09-19T01:22:22Z	2026-09-19T01:22:22Z	2026-09-19T01:22:31Z	completed	success
35409136094	Reproc watchdog — avisa si un reproceso muere o se cuelga	.github/workflows/reproc-watchdog.yml	schedule	2026-09-19T00:22:30Z	2026-09-19T00:22:30Z	2026-09-19T00:22:41Z	completed	success
35408930980	.github/workflows/sync-mirova-csv.yml	.github/workflows/sync-mirova-csv.yml	schedule	2026-09-19T00:18:57Z	2026-09-19T00:18:57Z	2026-09-19T00:19:58Z	completed	success
35405656299	NRT Retry (NASA recovery)	.github/workflows/nrt-retry.yml	schedule	2026-09-18T23:25:50Z	2026-09-18T23:25:50Z	2026-09-18T23:25:58Z	completed	success
35403836391	Deploy GitHub Pages	.github/workflows/pages-deploy.yml	workflow_run	2026-09-18T22:58:51Z	2026-09-18T22:58:51Z	2026-09-18T23:00:18Z	completed	success
35403362096	Deploy GitHub Pages	.github/workflows/pages-deploy.yml	schedule	2026-09-18T22:51:43Z	2026-09-18T22:51:43Z	2026-09-18T22:53:17Z	completed	success
35400985786	NRT VRP Pipeline (both profiles)	.github/workflows/nrt.yml	schedule	2026-09-18T22:18:51Z	2026-09-18T22:18:51Z	2026-09-18T22:58:49Z	completed	success
35398123395	Reproc watchdog — avisa si un reproceso muere o se cuelga	.github/workflows/reproc-watchdog.yml	schedule	2026-09-18T21:42:41Z	2026-09-18T21:42:41Z	2026-09-18T21:43:25Z	completed	success
35397885767	.github/workflows/sync-mirova-csv.yml	.github/workflows/sync-mirova-csv.yml	schedule	2026-09-18T21:39:44Z	2026-09-18T21:39:44Z	2026-09-18T21:40:45Z	completed	success
35395157663	NRT Monitor — alerta si fallan 3+ corridas	.github/workflows/nrt-monitor.yml	schedule	2026-09-18T21:07:48Z	2026-09-18T21:07:48Z	2026-09-18T21:07:56Z	completed	success
35388084854	NRT Retry (NASA recovery)	.github/workflows/nrt-retry.yml	schedule	2026-09-18T19:49:34Z	2026-09-18T19:49:34Z	2026-09-18T19:49:41Z	completed	success
35386803326	Deploy GitHub Pages	.github/workflows/pages-deploy.yml	workflow_run	2026-09-18T19:35:37Z	2026-09-18T19:35:37Z	2026-09-18T19:36:59Z	completed	success
35384842733	Deploy GitHub Pages	.github/workflows/pages-deploy.yml	schedule	2026-09-18T19:14:47Z	2026-09-18T19:14:47Z	2026-09-18T19:16:25Z	completed	success
35382752022	NRT VRP Pipeline (both profiles)	.github/workflows/nrt.yml	schedule	2026-09-18T18:53:00Z	2026-09-18T18:53:00Z	2026-09-18T19:35:35Z	completed	success
35380623183	Reproc watchdog — avisa si un reproceso muere o se cuelga	.github/workflows/reproc-watchdog.yml	schedule	2026-09-18T18:30:54Z	2026-09-18T18:30:54Z	2026-09-18T18:31:05Z	completed	success
35380191122	.github/workflows/sync-mirova-csv.yml	.github/workflows/sync-mirova-csv.yml	schedule	2026-09-18T18:26:29Z	2026-09-18T18:26:29Z	2026-09-18T18:27:34Z	completed	success
35372499105	NRT Retry (NASA recovery)	.github/workflows/nrt-retry.yml	schedule	2026-09-18T17:07:43Z	2026-09-18T17:07:43Z	2026-09-18T17:07:49Z	completed	success
35370294889	Deploy GitHub Pages	.github/workflows/pages-deploy.yml	schedule	2026-09-18T16:44:55Z	2026-09-18T16:44:55Z	2026-09-18T16:46:35Z	completed	success
35369671702	NRT Monitor — alerta si fallan 3+ corridas	.github/workflows/nrt-monitor.yml	schedule	2026-09-18T16:38:32Z	2026-09-18T16:38:32Z	2026-09-18T16:38:41Z	completed	success
35367503656	Tests	.github/workflows/tests.yml	push	2026-09-18T16:16:37Z	2026-09-18T16:16:37Z	2026-09-18T16:19:27Z	completed	success
35367175000	Tests	.github/workflows/tests.yml	pull_request	2026-09-18T16:13:23Z	2026-09-18T16:13:23Z	2026-09-18T16:16:16Z	completed	success
35362008391	NRT Healthcheck (Tier A staleness)	.github/workflows/nrt-healthcheck.yml	schedule	2026-09-18T15:22:22Z	2026-09-18T15:22:22Z	2026-09-18T15:23:41Z	completed	success
35359928801	Reproc watchdog — avisa si un reproceso muere o se cuelga	.github/workflows/reproc-watchdog.yml	schedule	2026-09-18T15:02:09Z	2026-09-18T15:02:09Z	2026-09-18T15:02:20Z	completed	success
35359682220	.github/workflows/sync-mirova-csv.yml	.github/workflows/sync-mirova-csv.yml	schedule	2026-09-18T14:59:53Z	2026-09-18T14:59:53Z	2026-09-18T15:01:01Z	completed	success
35358296737	Deploy GitHub Pages	.github/workflows/pages-deploy.yml	workflow_run	2026-09-18T14:46:18Z	2026-09-18T14:46:18Z	2026-09-18T14:48:08Z	completed	success
35354190846	NRT VRP Pipeline (both profiles)	.github/workflows/nrt.yml	schedule	2026-09-18T14:06:25Z	2026-09-18T14:06:25Z	2026-09-18T14:46:16Z	completed	success
35343919879	NRT Retry (NASA recovery)	.github/workflows/nrt-retry.yml	schedule	2026-09-18T12:17:56Z	2026-09-18T12:17:56Z	2026-09-18T12:18:03Z	completed	success
35341858052	Deploy GitHub Pages	.github/workflows/pages-deploy.yml	schedule	2026-09-18T11:53:27Z	2026-09-18T11:53:27Z	2026-09-18T11:55:37Z	completed	success
35341498458	Tests	.github/workflows/tests.yml	push	2026-09-18T11:49:06Z	2026-09-18T11:49:06Z	2026-09-18T11:51:39Z	completed	success
35341273533	Tests	.github/workflows/tests.yml	pull_request	2026-09-18T11:46:22Z	2026-09-18T11:46:22Z	2026-09-18T11:48:47Z	completed	success
35340956881	A/B S143, D22 compuerta x D25 fondo por vecinos (VIIRS 375), literal + ablaciones	.github/workflows/reproc-s143-ab-d22d25.yml	workflow_dispatch	2026-09-18T11:42:29Z	2026-09-18T11:42:29Z	2026-09-18T12:57:29Z	completed	success
35340922332	Tests	.github/workflows/tests.yml	push	2026-09-18T11:42:02Z	2026-09-18T11:42:02Z	2026-09-18T11:44:31Z	completed	success
35340714269	NRT Monitor — alerta si fallan 3+ corridas	.github/workflows/nrt-monitor.yml	schedule	2026-09-18T11:39:32Z	2026-09-18T11:39:32Z	2026-09-18T11:39:38Z	completed	success
35340695691	Tests	.github/workflows/tests.yml	pull_request	2026-09-18T11:39:17Z	2026-09-18T11:39:17Z	2026-09-18T11:41:42Z	completed	success
35340495262	A/B S143, D22 compuerta x D25 fondo por vecinos (VIIRS 375), literal + ablaciones	.github/workflows/reproc-s143-ab-d22d25.yml	workflow_dispatch	2026-09-18T11:36:50Z	2026-09-18T11:36:50Z	2026-09-19T02:43:33Z	completed	success
35339031125	Reproc watchdog — avisa si un reproceso muere o se cuelga	.github/workflows/reproc-watchdog.yml	schedule	2026-09-18T11:19:08Z	2026-09-18T11:19:08Z	2026-09-18T11:19:19Z	completed	success
35338324503	.github/workflows/sync-mirova-csv.yml	.github/workflows/sync-mirova-csv.yml	schedule	2026-09-18T11:10:37Z	2026-09-18T11:10:37Z	2026-09-18T11:11:37Z	completed	success
35329990225	Deploy GitHub Pages	.github/workflows/pages-deploy.yml	workflow_run	2026-09-18T09:31:39Z	2026-09-18T09:31:39Z	2026-09-18T09:33:13Z	completed	success
35326056830	NRT VRP Pipeline (both profiles)	.github/workflows/nrt.yml	schedule	2026-09-18T08:46:09Z	2026-09-18T08:46:09Z	2026-09-18T09:31:37Z	completed	success
35313919808	NRT Retry (NASA recovery)	.github/workflows/nrt-retry.yml	schedule	2026-09-18T06:12:48Z	2026-09-18T06:12:48Z	2026-09-18T06:12:57Z	completed	success
35312833034	Reproc watchdog — avisa si un reproceso muere o se cuelga	.github/workflows/reproc-watchdog.yml	schedule	2026-09-18T05:57:09Z	2026-09-18T05:57:09Z	2026-09-18T05:57:19Z	completed	success
35312620078	.github/workflows/sync-mirova-csv.yml	.github/workflows/sync-mirova-csv.yml	schedule	2026-09-18T05:53:55Z	2026-09-18T05:53:55Z	2026-09-18T05:54:56Z	completed	success
35311859953	Tests	.github/workflows/tests.yml	push	2026-09-18T05:42:30Z	2026-09-18T05:42:30Z	2026-09-18T05:44:55Z	completed	success
35311678676	Tests	.github/workflows/tests.yml	pull_request	2026-09-18T05:39:46Z	2026-09-18T05:39:46Z	2026-09-18T05:41:57Z	completed	success
35311560556	Tests	.github/workflows/tests.yml	push	2026-09-18T05:37:56Z	2026-09-18T05:37:56Z	2026-09-18T05:40:23Z	completed	success
35311382022	Tests	.github/workflows/tests.yml	pull_request	2026-09-18T05:35:10Z	2026-09-18T05:35:10Z	2026-09-18T05:37:42Z	completed	success
35310659335	Deploy GitHub Pages	.github/workflows/pages-deploy.yml	schedule	2026-09-18T05:24:12Z	2026-09-18T05:24:12Z	2026-09-18T05:25:34Z	completed	success
35309217932	NRT Monitor — alerta si fallan 3+ corridas	.github/workflows/nrt-monitor.yml	schedule	2026-09-18T05:01:56Z	2026-09-18T05:01:56Z	2026-09-18T05:02:02Z	completed	success
35305087527	Deploy GitHub Pages	.github/workflows/pages-deploy.yml	workflow_run	2026-09-18T03:56:46Z	2026-09-18T03:56:46Z	2026-09-18T03:58:19Z	completed	success
35302777699	NRT VRP Pipeline (both profiles)	.github/workflows/nrt.yml	schedule	2026-09-18T03:19:36Z	2026-09-18T03:19:36Z	2026-09-18T03:56:44Z	completed	success
35294970187	NRT Retry (NASA recovery)	.github/workflows/nrt-retry.yml	schedule	2026-09-18T01:21:13Z	2026-09-18T01:21:13Z	2026-09-18T01:21:20Z	completed	success
35292784332	Deploy GitHub Pages	.github/workflows/pages-deploy.yml	schedule	2026-09-18T00:49:23Z	2026-09-18T00:49:23Z	2026-09-18T00:51:02Z	completed	success
35292205503	Deploy GitHub Pages	.github/workflows/pages-deploy.yml	workflow_run	2026-09-18T00:40:57Z	2026-09-18T00:40:57Z	2026-09-18T00:42:30Z	completed	success
35290871664	Reproc watchdog — avisa si un reproceso muere o se cuelga	.github/workflows/reproc-watchdog.yml	schedule	2026-09-18T00:21:54Z	2026-09-18T00:21:54Z	2026-09-18T00:22:04Z	completed	success
35290394366	.github/workflows/sync-mirova-csv.yml	.github/workflows/sync-mirova-csv.yml	schedule	2026-09-18T00:15:14Z	2026-09-18T00:15:14Z	2026-09-18T00:42:00Z	completed	success
35288900872	NRT VRP Pipeline (both profiles)	.github/workflows/nrt.yml	schedule	2026-09-17T23:54:36Z	2026-09-17T23:54:36Z	2026-09-18T00:40:55Z	completed	success
35287579753	Tests	.github/workflows/tests.yml	push	2026-09-17T23:36:17Z	2026-09-17T23:36:17Z	2026-09-17T23:38:57Z	completed	success
35287372357	Tests	.github/workflows/tests.yml	pull_request	2026-09-17T23:33:31Z	2026-09-17T23:33:31Z	2026-09-17T23:36:00Z	completed	success
35285520889	Tests	.github/workflows/tests.yml	push	2026-09-17T23:09:25Z	2026-09-17T23:09:25Z	2026-09-17T23:12:00Z	completed	success
35285311195	Tests	.github/workflows/tests.yml	pull_request	2026-09-17T23:06:42Z	2026-09-17T23:06:42Z	2026-09-17T23:09:03Z	completed	success
35281596994	Tests	.github/workflows/tests.yml	push	2026-09-17T22:21:22Z	2026-09-17T22:21:22Z	2026-09-17T22:23:38Z	completed	success
35281385700	NRT Retry (NASA recovery)	.github/workflows/nrt-retry.yml	schedule	2026-09-17T22:18:54Z	2026-09-17T22:18:54Z	2026-09-17T22:19:00Z	completed	success
35281361052	Tests	.github/workflows/tests.yml	pull_request	2026-09-17T22:18:35Z	2026-09-17T22:18:35Z	2026-09-17T22:21:01Z	completed	success
35278828530	Deploy GitHub Pages	.github/workflows/pages-deploy.yml	workflow_run	2026-09-17T21:49:54Z	2026-09-17T21:49:54Z	2026-09-17T21:51:24Z	completed	success
35278683556	Deploy GitHub Pages	.github/workflows/pages-deploy.yml	schedule	2026-09-17T21:48:16Z	2026-09-17T21:48:16Z	2026-09-17T21:49:44Z	completed	success
35277687936	NRT Monitor — alerta si fallan 3+ corridas	.github/workflows/nrt-monitor.yml	schedule	2026-09-17T21:37:13Z	2026-09-17T21:37:13Z	2026-09-17T21:37:21Z	completed	success
35276659054	Reproc watchdog — avisa si un reproceso muere o se cuelga	.github/workflows/reproc-watchdog.yml	schedule	2026-09-17T21:26:19Z	2026-09-17T21:26:19Z	2026-09-17T21:26:27Z	completed	success
35276576220	.github/workflows/sync-mirova-csv.yml	.github/workflows/sync-mirova-csv.yml	schedule	2026-09-17T21:25:26Z	2026-09-17T21:25:26Z	2026-09-17T21:50:57Z	completed	success
35274190049	NRT VRP Pipeline (both profiles)	.github/workflows/nrt.yml	schedule	2026-09-17T21:00:37Z	2026-09-17T21:00:37Z	2026-09-17T21:49:52Z	completed	success
35270235076	Tests	.github/workflows/tests.yml	push	2026-09-17T20:20:42Z	2026-09-17T20:20:42Z	2026-09-17T20:23:38Z	completed	success
35269910741	Tests	.github/workflows/tests.yml	pull_request	2026-09-17T20:17:27Z	2026-09-17T20:17:27Z	2026-09-17T20:20:16Z	completed	success
35269762549	Tests	.github/workflows/tests.yml	push	2026-09-17T20:16:00Z	2026-09-17T20:16:00Z	2026-09-17T20:18:24Z	completed	success
35269437069	Tests	.github/workflows/tests.yml	pull_request	2026-09-17T20:12:46Z	2026-09-17T20:12:46Z	2026-09-17T20:15:25Z	completed	success
35267729980	Tests	.github/workflows/tests.yml	push	2026-09-17T19:55:23Z	2026-09-17T19:55:23Z	2026-09-17T19:58:17Z	completed	success
35267390819	Tests	.github/workflows/tests.yml	pull_request	2026-09-17T19:51:53Z	2026-09-17T19:51:53Z	2026-09-17T19:55:06Z	completed	success
35266704955	A/B S143, D22 compuerta x D25 fondo por vecinos (VIIRS 375), literal + ablaciones	.github/workflows/reproc-s143-ab-d22d25.yml	workflow_dispatch	2026-09-17T19:44:56Z	2026-09-17T19:44:56Z	2026-09-18T09:32:59Z	completed	success
35266677868	Tests	.github/workflows/tests.yml	push	2026-09-17T19:44:38Z	2026-09-17T19:44:38Z	2026-09-17T19:47:16Z	completed	success
35266370309	Tests	.github/workflows/tests.yml	pull_request	2026-09-17T19:41:26Z	2026-09-17T19:41:26Z	2026-09-17T19:44:06Z	completed	success
35264597890	Tests	.github/workflows/tests.yml	push	2026-09-17T19:23:28Z	2026-09-17T19:23:28Z	2026-09-17T19:26:21Z	completed	success
35264306107	Tests	.github/workflows/tests.yml	pull_request	2026-09-17T19:20:32Z	2026-09-17T19:20:32Z	2026-09-17T19:23:08Z	completed	success
35264196206	Tests	.github/workflows/tests.yml	push	2026-09-17T19:19:25Z	2026-09-17T19:19:25Z	2026-09-17T19:22:05Z	completed	success
35263923035	Tests	.github/workflows/tests.yml	pull_request	2026-09-17T19:16:43Z	2026-09-17T19:16:43Z	2026-09-17T19:19:15Z	completed	success
35263136578	NRT Retry (NASA recovery)	.github/workflows/nrt-retry.yml	schedule	2026-09-17T19:08:55Z	2026-09-17T19:08:55Z	2026-09-17T19:09:01Z	completed	success
35262077055	Tests	.github/workflows/tests.yml	push	2026-09-17T18:58:34Z	2026-09-17T18:58:34Z	2026-09-17T19:00:45Z	completed	success
35261806527	Tests	.github/workflows/tests.yml	pull_request	2026-09-17T18:55:51Z	2026-09-17T18:55:51Z	2026-09-17T18:58:23Z	completed	success
35261705572	Tests	.github/workflows/tests.yml	push	2026-09-17T18:54:53Z	2026-09-17T18:54:53Z	2026-09-17T18:57:20Z	completed	success
35261404899	Tests	.github/workflows/tests.yml	pull_request	2026-09-17T18:51:51Z	2026-09-17T18:51:51Z	2026-09-17T18:54:19Z	completed	success
35260023218	Probe S143, 12 noches perdidas por S135 (VIIRS 375, seis variantes)	.github/workflows/probe-s143-12-noches.yml	workflow_dispatch	2026-09-17T18:38:09Z	2026-09-17T18:38:09Z	2026-09-17T19:19:23Z	completed	success
35259948821	Deploy GitHub Pages	.github/workflows/pages-deploy.yml	workflow_run	2026-09-17T18:37:25Z	2026-09-17T18:37:25Z	2026-09-17T18:40:02Z	completed	success
35259916663	Deploy GitHub Pages	.github/workflows/pages-deploy.yml	schedule	2026-09-17T18:37:07Z	2026-09-17T18:37:07Z	2026-09-17T18:38:25Z	completed	cancelled
35257795113	Reproc watchdog — avisa si un reproceso muere o se cuelga	.github/workflows/reproc-watchdog.yml	schedule	2026-09-17T18:16:14Z	2026-09-17T18:16:14Z	2026-09-17T18:16:24Z	completed	success
35257515864	Probe S143, 12 noches perdidas por S135 (VIIRS 375, seis variantes)	.github/workflows/probe-s143-12-noches.yml	workflow_dispatch	2026-09-17T18:13:33Z	2026-09-17T18:13:33Z	2026-09-17T18:37:19Z	completed	success
35257505961	Tests	.github/workflows/tests.yml	push	2026-09-17T18:13:27Z	2026-09-17T18:13:27Z	2026-09-17T18:15:56Z	completed	success
35257323370	Tests	.github/workflows/tests.yml	pull_request	2026-09-17T18:11:42Z	2026-09-17T18:11:42Z	2026-09-17T18:13:55Z	completed	success
35257311970	.github/workflows/sync-mirova-csv.yml	.github/workflows/sync-mirova-csv.yml	schedule	2026-09-17T18:11:36Z	2026-09-17T18:11:36Z	2026-09-17T18:38:27Z	completed	success
35257201586	Tests	.github/workflows/tests.yml	pull_request	2026-09-17T18:10:31Z	2026-09-17T18:10:31Z	2026-09-17T18:13:00Z	completed	success
35255700553	NRT VRP Pipeline (both profiles)	.github/workflows/nrt.yml	schedule	2026-09-17T17:55:43Z	2026-09-17T17:55:43Z	2026-09-17T18:37:23Z	completed	success
35251268967	NRT Monitor — alerta si fallan 3+ corridas	.github/workflows/nrt-monitor.yml	schedule	2026-09-17T17:12:07Z	2026-09-17T17:12:07Z	2026-09-17T17:12:14Z	completed	success
35242680771	NRT Healthcheck (Tier A staleness)	.github/workflows/nrt-healthcheck.yml	schedule	2026-09-17T15:49:01Z	2026-09-17T15:49:01Z	2026-09-17T15:50:18Z	completed	success
35238192980	Tests	.github/workflows/tests.yml	push	2026-09-17T15:07:48Z	2026-09-17T15:07:48Z	2026-09-17T15:10:15Z	completed	success
35237853458	Tests	.github/workflows/tests.yml	pull_request	2026-09-17T15:04:43Z	2026-09-17T15:04:43Z	2026-09-17T15:07:16Z	completed	success
35236259589	Tests	.github/workflows/tests.yml	push	2026-09-17T14:50:23Z	2026-09-17T14:50:23Z	2026-09-17T14:53:04Z	completed	success
35235819850	Tests	.github/workflows/tests.yml	pull_request	2026-09-17T14:46:22Z	2026-09-17T14:46:22Z	2026-09-17T14:48:58Z	completed	success
35233070900	NRT Retry (NASA recovery)	.github/workflows/nrt-retry.yml	schedule	2026-09-17T14:22:01Z	2026-09-17T14:22:01Z	2026-09-17T14:22:06Z	completed	success
35229453133	Deploy GitHub Pages	.github/workflows/pages-deploy.yml	schedule	2026-09-17T13:48:42Z	2026-09-17T13:48:42Z	2026-09-17T13:50:27Z	completed	success
35229061382	Deploy GitHub Pages	.github/workflows/pages-deploy.yml	workflow_run	2026-09-17T13:45:04Z	2026-09-17T13:45:04Z	2026-09-17T13:46:54Z	completed	success
35227494527	Reproc watchdog — avisa si un reproceso muere o se cuelga	.github/workflows/reproc-watchdog.yml	schedule	2026-09-17T13:30:26Z	2026-09-17T13:30:26Z	2026-09-17T13:30:35Z	completed	success
35226924912	.github/workflows/sync-mirova-csv.yml	.github/workflows/sync-mirova-csv.yml	schedule	2026-09-17T13:24:59Z	2026-09-17T13:24:59Z	2026-09-17T13:46:11Z	completed	success
35224700557	NRT VRP Pipeline (both profiles)	.github/workflows/nrt.yml	schedule	2026-09-17T13:03:17Z	2026-09-17T13:03:17Z	2026-09-17T13:45:02Z	completed	success
35218502109	NRT Monitor — alerta si fallan 3+ corridas	.github/workflows/nrt-monitor.yml	schedule	2026-09-17T11:58:15Z	2026-09-17T11:58:15Z	2026-09-17T11:58:23Z	completed	success
35201650572	NRT Retry (NASA recovery)	.github/workflows/nrt-retry.yml	schedule	2026-09-17T08:48:07Z	2026-09-17T08:48:07Z	2026-09-17T08:48:16Z	completed	success
35197305637	Deploy GitHub Pages	.github/workflows/pages-deploy.yml	schedule	2026-09-17T07:59:35Z	2026-09-17T07:59:35Z	2026-09-17T08:01:17Z	completed	success
35196744014	Deploy GitHub Pages	.github/workflows/pages-deploy.yml	workflow_run	2026-09-17T07:52:45Z	2026-09-17T07:52:45Z	2026-09-17T07:54:19Z	completed	success
35195902260	Reproc watchdog — avisa si un reproceso muere o se cuelga	.github/workflows/reproc-watchdog.yml	schedule	2026-09-17T07:42:44Z	2026-09-17T07:42:44Z	2026-09-17T07:42:52Z	completed	success
35195392546	.github/workflows/sync-mirova-csv.yml	.github/workflows/sync-mirova-csv.yml	schedule	2026-09-17T07:36:39Z	2026-09-17T07:36:39Z	2026-09-17T07:53:49Z	completed	success
35193287829	NRT VRP Pipeline (both profiles)	.github/workflows/nrt.yml	schedule	2026-09-17T07:11:11Z	2026-09-17T07:11:11Z	2026-09-17T07:52:43Z	completed	success
35184571090	NRT Monitor — alerta si fallan 3+ corridas	.github/workflows/nrt-monitor.yml	schedule	2026-09-17T05:08:28Z	2026-09-17T05:08:28Z	2026-09-17T05:08:37Z	completed	success
35171066723	NRT Retry (NASA recovery)	.github/workflows/nrt-retry.yml	schedule	2026-09-17T01:34:13Z	2026-09-17T01:34:13Z	2026-09-17T01:34:23Z	completed	success
35170628162	Reproc watchdog — avisa si un reproceso muere o se cuelga	.github/workflows/reproc-watchdog.yml	schedule	2026-09-17T01:27:31Z	2026-09-17T01:27:31Z	2026-09-17T01:27:39Z	completed	success
35170355761	.github/workflows/sync-mirova-csv.yml	.github/workflows/sync-mirova-csv.yml	schedule	2026-09-17T01:23:22Z	2026-09-17T01:23:22Z	2026-09-17T01:24:17Z	completed	success
35168443727	Deploy GitHub Pages	.github/workflows/pages-deploy.yml	schedule	2026-09-17T00:54:38Z	2026-09-17T00:54:38Z	2026-09-17T00:56:07Z	completed	success
35167760578	Deploy GitHub Pages	.github/workflows/pages-deploy.yml	workflow_run	2026-09-17T00:44:13Z	2026-09-17T00:44:13Z	2026-09-17T00:46:40Z	completed	success
35165154311	NRT VRP Pipeline (both profiles)	.github/workflows/nrt.yml	schedule	2026-09-17T00:06:21Z	2026-09-17T00:06:21Z	2026-09-17T00:44:11Z	completed	success
35160152062	Reproc watchdog — avisa si un reproceso muere o se cuelga	.github/workflows/reproc-watchdog.yml	schedule	2026-09-16T22:57:58Z	2026-09-16T22:57:58Z	2026-09-16T22:58:07Z	completed	success
35159912114	.github/workflows/sync-mirova-csv.yml	.github/workflows/sync-mirova-csv.yml	schedule	2026-09-16T22:54:44Z	2026-09-16T22:54:44Z	2026-09-16T22:55:49Z	completed	success
35156658626	NRT Retry (NASA recovery)	.github/workflows/nrt-retry.yml	schedule	2026-09-16T22:14:26Z	2026-09-16T22:14:26Z	2026-09-16T22:14:33Z	completed	success
35154126514	Deploy GitHub Pages	.github/workflows/pages-deploy.yml	schedule	2026-09-16T21:45:30Z	2026-09-16T21:45:30Z	2026-09-16T21:47:04Z	completed	success
35153420359	Deploy GitHub Pages	.github/workflows/pages-deploy.yml	workflow_run	2026-09-16T21:37:39Z	2026-09-16T21:37:39Z	2026-09-16T21:39:20Z	completed	success
35153038979	NRT Monitor — alerta si fallan 3+ corridas	.github/workflows/nrt-monitor.yml	schedule	2026-09-16T21:33:27Z	2026-09-16T21:33:27Z	2026-09-16T21:33:33Z	completed	success
35149253181	NRT VRP Pipeline (both profiles)	.github/workflows/nrt.yml	schedule	2026-09-16T20:53:45Z	2026-09-16T20:53:45Z	2026-09-16T21:37:37Z	completed	success
35144857176	Reproc watchdog — avisa si un reproceso muere o se cuelga	.github/workflows/reproc-watchdog.yml	schedule	2026-09-16T20:09:36Z	2026-09-16T20:09:36Z	2026-09-16T20:09:47Z	completed	success
35144484431	.github/workflows/sync-mirova-csv.yml	.github/workflows/sync-mirova-csv.yml	schedule	2026-09-16T20:05:52Z	2026-09-16T20:05:52Z	2026-09-16T20:07:02Z	completed	success
35137822931	NRT Retry (NASA recovery)	.github/workflows/nrt-retry.yml	schedule	2026-09-16T18:59:33Z	2026-09-16T18:59:33Z	2026-09-16T18:59:44Z	completed	success
35134643522	Deploy GitHub Pages	.github/workflows/pages-deploy.yml	schedule	2026-09-16T18:28:43Z	2026-09-16T18:28:43Z	2026-09-16T18:30:14Z	completed	success
35126794100	NRT Monitor — alerta si fallan 3+ corridas	.github/workflows/nrt-monitor.yml	schedule	2026-09-16T17:13:04Z	2026-09-16T17:13:04Z	2026-09-16T17:13:10Z	completed	success
35125421326	Reproc watchdog — avisa si un reproceso muere o se cuelga	.github/workflows/reproc-watchdog.yml	schedule	2026-09-16T17:00:02Z	2026-09-16T17:00:02Z	2026-09-16T17:00:14Z	completed	success
35124581294	.github/workflows/sync-mirova-csv.yml	.github/workflows/sync-mirova-csv.yml	schedule	2026-09-16T16:51:50Z	2026-09-16T16:51:50Z	2026-09-16T16:52:57Z	completed	success
35124542233	Deploy GitHub Pages	.github/workflows/pages-deploy.yml	workflow_run	2026-09-16T16:51:29Z	2026-09-16T16:51:29Z	2026-09-16T16:53:14Z	completed	success
35120258286	NRT VRP Pipeline (both profiles)	.github/workflows/nrt.yml	schedule	2026-09-16T16:11:08Z	2026-09-16T16:11:08Z	2026-09-16T16:51:26Z	completed	success
35117155968	NRT Healthcheck (Tier A staleness)	.github/workflows/nrt-healthcheck.yml	schedule	2026-09-16T15:42:32Z	2026-09-16T15:42:32Z	2026-09-16T15:44:00Z	completed	success
35107310639	NRT Retry (NASA recovery)	.github/workflows/nrt-retry.yml	schedule	2026-09-16T14:15:43Z	2026-09-16T14:15:43Z	2026-09-16T14:15:49Z	completed	success
35104007962	Deploy GitHub Pages	.github/workflows/pages-deploy.yml	schedule	2026-09-16T13:45:46Z	2026-09-16T13:45:46Z	2026-09-16T13:47:45Z	completed	success
35093034965	NRT Monitor — alerta si fallan 3+ corridas	.github/workflows/nrt-monitor.yml	schedule	2026-09-16T11:56:37Z	2026-09-16T11:56:37Z	2026-09-16T11:56:44Z	completed	success
35091423202	Reproc watchdog — avisa si un reproceso muere o se cuelga	.github/workflows/reproc-watchdog.yml	schedule	2026-09-16T11:38:45Z	2026-09-16T11:38:45Z	2026-09-16T11:38:53Z	completed	success
35090941800	Deploy GitHub Pages	.github/workflows/pages-deploy.yml	workflow_run	2026-09-16T11:33:19Z	2026-09-16T11:33:19Z	2026-09-16T11:34:50Z	completed	success
35090516667	.github/workflows/sync-mirova-csv.yml	.github/workflows/sync-mirova-csv.yml	schedule	2026-09-16T11:28:39Z	2026-09-16T11:28:39Z	2026-09-16T11:34:32Z	completed	success
35087364518	NRT VRP Pipeline (both profiles)	.github/workflows/nrt.yml	schedule	2026-09-16T10:53:06Z	2026-09-16T10:53:06Z	2026-09-16T11:33:16Z	completed	success
35075437734	NRT Retry (NASA recovery)	.github/workflows/nrt-retry.yml	schedule	2026-09-16T08:44:24Z	2026-09-16T08:44:24Z	2026-09-16T08:44:29Z	completed	success
35071055779	Deploy GitHub Pages	.github/workflows/pages-deploy.yml	schedule	2026-09-16T07:55:55Z	2026-09-16T07:55:55Z	2026-09-16T07:57:30Z	completed	success
35062069634	Reproc watchdog — avisa si un reproceso muere o se cuelga	.github/workflows/reproc-watchdog.yml	schedule	2026-09-16T06:04:03Z	2026-09-16T06:04:03Z	2026-09-16T06:04:11Z	completed	success
35061690761	.github/workflows/sync-mirova-csv.yml	.github/workflows/sync-mirova-csv.yml	schedule	2026-09-16T05:58:47Z	2026-09-16T05:58:47Z	2026-09-16T05:59:55Z	completed	success
35058737021	Deploy GitHub Pages	.github/workflows/pages-deploy.yml	workflow_run	2026-09-16T05:14:40Z	2026-09-16T05:14:40Z	2026-09-16T05:16:09Z	completed	success
35058148895	NRT Monitor — alerta si fallan 3+ corridas	.github/workflows/nrt-monitor.yml	schedule	2026-09-16T05:05:46Z	2026-09-16T05:05:46Z	2026-09-16T05:05:55Z	completed	success
35056128313	NRT VRP Pipeline (both profiles)	.github/workflows/nrt.yml	schedule	2026-09-16T04:34:30Z	2026-09-16T04:34:30Z	2026-09-16T05:14:38Z	completed	success
35044344065	NRT Retry (NASA recovery)	.github/workflows/nrt-retry.yml	schedule	2026-09-16T01:30:18Z	2026-09-16T01:30:18Z	2026-09-16T01:30:27Z	completed	success
35041671368	Deploy GitHub Pages	.github/workflows/pages-deploy.yml	schedule	2026-09-16T00:50:39Z	2026-09-16T00:50:39Z	2026-09-16T00:52:10Z	completed	success
35040893562	Deploy GitHub Pages	.github/workflows/pages-deploy.yml	workflow_run	2026-09-16T00:39:14Z	2026-09-16T00:39:14Z	2026-09-16T00:40:44Z	completed	success
35040834690	Tests	.github/workflows/tests.yml	push	2026-09-16T00:38:22Z	2026-09-16T00:38:22Z	2026-09-16T00:40:45Z	completed	success
35040607353	Tests	.github/workflows/tests.yml	pull_request	2026-09-16T00:35:00Z	2026-09-16T00:35:00Z	2026-09-16T00:37:46Z	completed	success
35040341813	Tests	.github/workflows/tests.yml	push	2026-09-16T00:31:11Z	2026-09-16T00:31:11Z	2026-09-16T00:33:31Z	completed	success
35040125711	Tests	.github/workflows/tests.yml	pull_request	2026-09-16T00:28:11Z	2026-09-16T00:28:11Z	2026-09-16T00:30:46Z	completed	success
35039812101	Reproc watchdog — avisa si un reproceso muere o se cuelga	.github/workflows/reproc-watchdog.yml	schedule	2026-09-16T00:23:42Z	2026-09-16T00:23:42Z	2026-09-16T00:23:52Z	completed	success
35039789555	Tests	.github/workflows/tests.yml	pull_request	2026-09-16T00:23:23Z	2026-09-16T00:23:23Z	2026-09-16T00:25:42Z	completed	failure
35039361897	.github/workflows/sync-mirova-csv.yml	.github/workflows/sync-mirova-csv.yml	schedule	2026-09-16T00:17:17Z	2026-09-16T00:17:17Z	2026-09-16T00:40:14Z	completed	success
35038883973	Tests	.github/workflows/tests.yml	pull_request	2026-09-16T00:10:42Z	2026-09-16T00:10:42Z	2026-09-16T00:12:44Z	completed	failure
35037969422	NRT VRP Pipeline (both profiles)	.github/workflows/nrt.yml	schedule	2026-09-15T23:58:14Z	2026-09-15T23:58:14Z	2026-09-16T00:39:12Z	completed	success
35036226441	Tests	.github/workflows/tests.yml	push	2026-09-15T23:33:53Z	2026-09-15T23:33:53Z	2026-09-15T23:36:14Z	completed	success
35033683099	Tests	.github/workflows/tests.yml	pull_request	2026-09-15T23:00:31Z	2026-09-15T23:00:31Z	2026-09-15T23:02:52Z	completed	success
35030669111	NRT Retry (NASA recovery)	.github/workflows/nrt-retry.yml	schedule	2026-09-15T22:22:53Z	2026-09-15T22:22:53Z	2026-09-15T22:23:01Z	completed	success
35030286449	Tests	.github/workflows/tests.yml	push	2026-09-15T22:18:24Z	2026-09-15T22:18:24Z	2026-09-15T22:20:50Z	completed	success
35030063717	Tests	.github/workflows/tests.yml	pull_request	2026-09-15T22:15:48Z	2026-09-15T22:15:48Z	2026-09-15T22:18:00Z	completed	success
35027566921	Deploy GitHub Pages	.github/workflows/pages-deploy.yml	schedule	2026-09-15T21:47:26Z	2026-09-15T21:47:26Z	2026-09-15T21:49:01Z	completed	success
35026995683	Deploy GitHub Pages	.github/workflows/pages-deploy.yml	workflow_run	2026-09-15T21:41:06Z	2026-09-15T21:41:06Z	2026-09-15T21:42:44Z	completed	success
35026808356	NRT Monitor — alerta si fallan 3+ corridas	.github/workflows/nrt-monitor.yml	schedule	2026-09-15T21:39:03Z	2026-09-15T21:39:03Z	2026-09-15T21:39:11Z	completed	success
35025337400	Reproc watchdog — avisa si un reproceso muere o se cuelga	.github/workflows/reproc-watchdog.yml	schedule	2026-09-15T21:23:29Z	2026-09-15T21:23:29Z	2026-09-15T21:23:41Z	completed	success
35025212975	.github/workflows/sync-mirova-csv.yml	.github/workflows/sync-mirova-csv.yml	schedule	2026-09-15T21:22:15Z	2026-09-15T21:22:15Z	2026-09-15T21:42:13Z	completed	success
35022603842	NRT VRP Pipeline (both profiles)	.github/workflows/nrt.yml	schedule	2026-09-15T20:55:54Z	2026-09-15T20:55:54Z	2026-09-15T21:41:04Z	completed	success
35009682217	Deploy GitHub Pages	.github/workflows/pages-deploy.yml	workflow_run	2026-09-15T18:47:42Z	2026-09-15T18:47:42Z	2026-09-15T18:49:22Z	completed	success
35006139935	Reproc watchdog — avisa si un reproceso muere o se cuelga	.github/workflows/reproc-watchdog.yml	schedule	2026-09-15T18:13:34Z	2026-09-15T18:13:34Z	2026-09-15T18:13:45Z	completed	success
35005777283	.github/workflows/sync-mirova-csv.yml	.github/workflows/sync-mirova-csv.yml	schedule	2026-09-15T18:10:07Z	2026-09-15T18:10:07Z	2026-09-15T18:48:30Z	completed	success
35004289224	NRT VRP Pipeline (both profiles)	.github/workflows/nrt.yml	schedule	2026-09-15T17:55:44Z	2026-09-15T17:55:44Z	2026-09-15T18:47:40Z	completed	success
35002940661	NRT Retry (NASA recovery)	.github/workflows/nrt-retry.yml	schedule	2026-09-15T17:42:29Z	2026-09-15T17:42:29Z	2026-09-15T17:42:37Z	completed	success
35000490799	Deploy GitHub Pages	.github/workflows/pages-deploy.yml	schedule	2026-09-15T17:19:00Z	2026-09-15T17:19:00Z	2026-09-15T17:20:36Z	completed	success
34999784681	NRT Monitor — alerta si fallan 3+ corridas	.github/workflows/nrt-monitor.yml	schedule	2026-09-15T17:12:20Z	2026-09-15T17:12:20Z	2026-09-15T17:12:28Z	completed	success
34991189528	NRT Healthcheck (Tier A staleness)	.github/workflows/nrt-healthcheck.yml	schedule	2026-09-15T15:51:06Z	2026-09-15T15:51:06Z	2026-09-15T15:52:19Z	completed	success
34978021536	Deploy GitHub Pages	.github/workflows/pages-deploy.yml	workflow_run	2026-09-15T13:54:04Z	2026-09-15T13:54:04Z	2026-09-15T13:55:41Z	completed	success
34976510968	Tests	.github/workflows/tests.yml	push	2026-09-15T13:40:22Z	2026-09-15T13:40:22Z	2026-09-15T13:42:50Z	completed	success
34976197342	Tests	.github/workflows/tests.yml	pull_request	2026-09-15T13:37:30Z	2026-09-15T13:37:30Z	2026-09-15T13:39:54Z	completed	success
34975996147	Reproc watchdog — avisa si un reproceso muere o se cuelga	.github/workflows/reproc-watchdog.yml	schedule	2026-09-15T13:35:39Z	2026-09-15T13:35:39Z	2026-09-15T13:35:48Z	completed	success
34975733581	Tests	.github/workflows/tests.yml	push	2026-09-15T13:33:14Z	2026-09-15T13:33:14Z	2026-09-15T13:35:29Z	completed	success
34975506047	.github/workflows/sync-mirova-csv.yml	.github/workflows/sync-mirova-csv.yml	schedule	2026-09-15T13:31:07Z	2026-09-15T13:31:07Z	2026-09-15T13:55:10Z	completed	success
34975458173	Tests	.github/workflows/tests.yml	pull_request	2026-09-15T13:30:40Z	2026-09-15T13:30:40Z	2026-09-15T13:32:51Z	completed	success
34973282761	Tests	.github/workflows/tests.yml	push	2026-09-15T13:10:09Z	2026-09-15T13:10:09Z	2026-09-15T13:12:11Z	completed	failure
34973244968	Tests	.github/workflows/tests.yml	pull_request	2026-09-15T13:09:47Z	2026-09-15T13:09:47Z	2026-09-15T13:12:04Z	completed	failure
34973127957	NRT VRP Pipeline (both profiles)	.github/workflows/nrt.yml	schedule	2026-09-15T13:08:38Z	2026-09-15T13:08:38Z	2026-09-15T13:54:02Z	completed	success
34970804917	NRT Retry (NASA recovery)	.github/workflows/nrt-retry.yml	schedule	2026-09-15T12:46:05Z	2026-09-15T12:46:05Z	2026-09-15T12:46:14Z	completed	success
34969674961	Tests	.github/workflows/tests.yml	push	2026-09-15T12:34:46Z	2026-09-15T12:34:46Z	2026-09-15T12:36:47Z	completed	success
34967638863	Deploy GitHub Pages	.github/workflows/pages-deploy.yml	schedule	2026-09-15T12:13:41Z	2026-09-15T12:13:41Z	2026-09-15T12:15:17Z	completed	success
34967596160	Probe S141 vecinos del foco v2 (Fase 1, VIIRS 375)	.github/workflows/probe-s141-vecinos-v2.yml	workflow_dispatch	2026-09-15T12:13:14Z	2026-09-15T12:13:14Z	2026-09-15T12:27:30Z	completed	success
34967579744	Tests	.github/workflows/tests.yml	push	2026-09-15T12:13:04Z	2026-09-15T12:13:04Z	2026-09-15T12:15:21Z	completed	success
34967316455	Tests	.github/workflows/tests.yml	pull_request	2026-09-15T12:10:19Z	2026-09-15T12:10:19Z	2026-09-15T12:12:39Z	completed	success
34966305266	NRT Monitor — alerta si fallan 3+ corridas	.github/workflows/nrt-monitor.yml	schedule	2026-09-15T11:59:38Z	2026-09-15T11:59:38Z	2026-09-15T11:59:47Z	completed	success
34964340603	Tests	.github/workflows/tests.yml	pull_request	2026-09-15T11:38:07Z	2026-09-15T11:38:07Z	2026-09-15T11:40:26Z	completed	success
34964317780	Tests	.github/workflows/tests.yml	push	2026-09-15T11:37:52Z	2026-09-15T11:37:52Z	2026-09-15T11:40:09Z	completed	success
34964119463	Tests	.github/workflows/tests.yml	pull_request	2026-09-15T11:35:37Z	2026-09-15T11:35:37Z	2026-09-15T11:37:38Z	completed	success
34944058089	Deploy GitHub Pages	.github/workflows/pages-deploy.yml	workflow_run	2026-09-15T07:53:51Z	2026-09-15T07:53:51Z	2026-09-15T07:55:26Z	completed	success
34943470146	Reproc watchdog — avisa si un reproceso muere o se cuelga	.github/workflows/reproc-watchdog.yml	schedule	2026-09-15T07:47:01Z	2026-09-15T07:47:01Z	2026-09-15T07:47:11Z	completed	success
34943045209	.github/workflows/sync-mirova-csv.yml	.github/workflows/sync-mirova-csv.yml	schedule	2026-09-15T07:42:08Z	2026-09-15T07:42:08Z	2026-09-15T07:54:50Z	completed	success
34940576587	NRT VRP Pipeline (both profiles)	.github/workflows/nrt.yml	schedule	2026-09-15T07:12:58Z	2026-09-15T07:12:58Z	2026-09-15T07:53:49Z	completed	success
34937746669	Tests	.github/workflows/tests.yml	push	2026-09-15T06:37:07Z	2026-09-15T06:37:07Z	2026-09-15T06:39:28Z	completed	success
34937543519	Tests	.github/workflows/tests.yml	pull_request	2026-09-15T06:34:25Z	2026-09-15T06:34:25Z	2026-09-15T06:36:47Z	completed	success
34936611244	NRT Retry (NASA recovery)	.github/workflows/nrt-retry.yml	schedule	2026-09-15T06:22:02Z	2026-09-15T06:22:02Z	2026-09-15T06:22:08Z	completed	success
34932883308	Deploy GitHub Pages	.github/workflows/pages-deploy.yml	schedule	2026-09-15T05:28:34Z	2026-09-15T05:28:34Z	2026-09-15T05:30:05Z	completed	success
34931641454	NRT Monitor — alerta si fallan 3+ corridas	.github/workflows/nrt-monitor.yml	schedule	2026-09-15T05:10:03Z	2026-09-15T05:10:03Z	2026-09-15T05:10:10Z	completed	success
34929024703	Probe S141 vecinos del foco (Fase 1, VIIRS 375)	.github/workflows/probe-s141-vecinos.yml	workflow_dispatch	2026-09-15T04:29:28Z	2026-09-15T04:29:28Z	2026-09-15T04:38:32Z	completed	success
34929014164	Tests	.github/workflows/tests.yml	push	2026-09-15T04:29:17Z	2026-09-15T04:29:17Z	2026-09-15T04:31:38Z	completed	success
34928849002	Tests	.github/workflows/tests.yml	pull_request	2026-09-15T04:26:42Z	2026-09-15T04:26:42Z	2026-09-15T04:28:56Z	completed	success
34928488409	Probe S141 vecinos del foco (Fase 1, VIIRS 375)	.github/workflows/probe-s141-vecinos.yml	workflow_dispatch	2026-09-15T04:21:06Z	2026-09-15T04:21:06Z	2026-09-15T04:23:37Z	completed	success
34928476577	Tests	.github/workflows/tests.yml	push	2026-09-15T04:20:56Z	2026-09-15T04:20:56Z	2026-09-15T04:23:36Z	completed	success
34928319258	Tests	.github/workflows/tests.yml	pull_request	2026-09-15T04:18:26Z	2026-09-15T04:18:26Z	2026-09-15T04:20:45Z	completed	success
34917506677	Reproc watchdog — avisa si un reproceso muere o se cuelga	.github/workflows/reproc-watchdog.yml	schedule	2026-09-15T01:30:05Z	2026-09-15T01:30:05Z	2026-09-15T01:30:14Z	completed	success
34917243527	.github/workflows/sync-mirova-csv.yml	.github/workflows/sync-mirova-csv.yml	schedule	2026-09-15T01:26:07Z	2026-09-15T01:26:07Z	2026-09-15T01:27:14Z	completed	success
34915237547	Deploy GitHub Pages	.github/workflows/pages-deploy.yml	workflow_run	2026-09-15T00:56:33Z	2026-09-15T00:56:33Z	2026-09-15T00:57:55Z	completed	success
34912616206	NRT VRP Pipeline (both profiles)	.github/workflows/nrt.yml	schedule	2026-09-15T00:18:10Z	2026-09-15T00:18:10Z	2026-09-15T00:56:31Z	completed	success
34910951319	NRT Retry (NASA recovery)	.github/workflows/nrt-retry.yml	schedule	2026-09-14T23:54:58Z	2026-09-14T23:54:58Z	2026-09-14T23:55:06Z	completed	success
34909273544	Deploy GitHub Pages	.github/workflows/pages-deploy.yml	schedule	2026-09-14T23:31:48Z	2026-09-14T23:31:48Z	2026-09-14T23:33:36Z	completed	success
34907521677	Reproc watchdog — avisa si un reproceso muere o se cuelga	.github/workflows/reproc-watchdog.yml	schedule	2026-09-14T23:09:20Z	2026-09-14T23:09:20Z	2026-09-14T23:09:30Z	completed	success
34907314427	.github/workflows/sync-mirova-csv.yml	.github/workflows/sync-mirova-csv.yml	schedule	2026-09-14T23:06:45Z	2026-09-14T23:06:45Z	2026-09-14T23:07:48Z	completed	success
34903003525	Deploy GitHub Pages	.github/workflows/pages-deploy.yml	workflow_run	2026-09-14T22:13:22Z	2026-09-14T22:13:22Z	2026-09-14T22:14:57Z	completed	success
34901582547	NRT Monitor — alerta si fallan 3+ corridas	.github/workflows/nrt-monitor.yml	schedule	2026-09-14T21:57:09Z	2026-09-14T21:57:09Z	2026-09-14T21:57:15Z	completed	success
34899242283	NRT VRP Pipeline (both profiles)	.github/workflows/nrt.yml	schedule	2026-09-14T21:31:02Z	2026-09-14T21:31:02Z	2026-09-14T22:13:20Z	completed	success
34889786877	Tests	.github/workflows/tests.yml	push	2026-09-14T19:55:14Z	2026-09-14T19:55:14Z	2026-09-14T19:57:24Z	completed	success
